episode_id;timestamp_start;timestamp_end;league;match;matchup_id;market;side;points;start_odd;end_odd;movement_pct;duration_minutes;hours_until_match_start;hours_until_match_end;observations
1635980522-spread-home-0.0-1789813138;2026-09-19T10:18:58.538687+00:00;2026-09-19T10:18:58.538687+00:00;Italy - Serie A;Roma vs Internazionale;1635980522;spread;home;0.0;1.98;1.84;7.071;0;5.68;5.3;1
1635980522-spread-away--0.0-1789813138;2026-09-19T10:18:58.538687+00:00;2026-09-19T10:18:58.538687+00:00;Italy - Serie A;Roma vs Internazionale;1635980522;spread;away;-0.0;1.943;1.68;13.536;0;5.68;5.3;2
1635980523-spread-home-0.5-1789813138;2026-09-19T10:18:58.538687+00:00;2026-09-19T10:18:58.538687+00:00;Italy - Serie A;Venezia vs Lazio;1635980523;spread;home;0.5;1.885;1.862;1.22;0;8.43;8.05;1
1635980523-spread-away--0.5-1789813138;2026-09-19T10:18:58.538687+00:00;2026-09-19T10:18:58.538687+00:00;Italy - Serie A;Venezia vs Lazio;1635980523;spread;away;-0.5;2.04;1.935;5.147;0;8.43;8.05;1
1635980523-spread-home-0.0-1789813138;2026-09-19T10:18:58.538687+00:00;2026-09-19T10:18:58.538687+00:00;Italy - Serie A;Venezia vs Lazio;1635980523;spread;home;0.0;2.05;1.926;6.049;0;8.43;8.05;1
1635984813-spread-away--0.0-1789813138;2026-09-19T10:18:58.538687+00:00;2026-09-19T10:18:58.538687+00:00;Italy - Serie A;Udinese vs Cagliari;1635984813;spread;away;-0.0;2.26;1.671;26.062;0;2.68;2.3;1
1636480676-spread-home--0.5-1789813138;2026-09-19T10:18:58.538687+00:00;2026-09-19T10:18:58.538687+00:00;Portugal - Primeira Liga;Gil Vicente vs Maritimo;1636480676;spread;home;-0.5;2.02;1.8;10.891;0;4.18;3.8;1
1636463924-spread-away--0.5-1789813138;2026-09-19T10:18:58.538687+00:00;2026-09-19T10:18:58.538687+00:00;Portugal - Primeira Liga;Nacional da Madeira vs Famalicao;1636463924;spread;away;-0.5;2.1;1.901;9.476;0;4.18;3.8;1
1636007230-spread-home-0.0-1789813138;2026-09-19T10:18:58.538687+00:00;2026-09-19T10:18:58.538687+00:00;Argentina - Liga Pro;Union de Santa Fe vs CA Independiente;1636007230;spread;home;0.0;1.746;1.714;1.833;0;9.43;9.05;1
1636007230-spread-away--0.0-1789813138;2026-09-19T10:18:58.538687+00:00;2026-09-19T10:18:58.538687+00:00;Argentina - Liga Pro;Union de Santa Fe vs CA Independiente;1636007230;spread;away;-0.0;2.17;2.0;7.834;0;9.43;9.05;1
1636004905-spread-home--1.0-1789813138;2026-09-19T10:18:58.538687+00:00;2026-09-19T10:18:58.538687+00:00;Argentina - Liga Pro;River Plate vs Huracan;1636004905;spread;home;-1.0;1.952;1.806;7.48;0;11.68;11.3;1
1636004905-spread-away-1.0-1789813138;2026-09-19T10:18:58.538687+00:00;2026-09-19T10:18:58.538687+00:00;Argentina - Liga Pro;River Plate vs Huracan;1636004905;spread;away;1.0;1.952;1.909;2.203;0;11.68;11.3;1
1636498154-spread-home-0.0-1789813138;2026-09-19T10:18:58.538687+00:00;2026-09-19T10:18:58.538687+00:00;South Africa - PSL;Kruger United vs Stellenbosch;1636498154;spread;home;0.0;1.909;1.885;1.257;0;7.68;7.3;1
1636498154-spread-away--0.0-1789813138;2026-09-19T10:18:58.538687+00:00;2026-09-19T10:18:58.538687+00:00;South Africa - PSL;Kruger United vs Stellenbosch;1636498154;spread;away;-0.0;1.909;1.8;5.71;0;7.68;7.3;2
1636463957-spread-home-0.0-1789813138;2026-09-19T10:18:58.538687+00:00;2026-09-19T10:18:58.538687+00:00;South Africa - PSL;Polokwane City vs AmaZulu;1636463957;spread;home;0.0;2.11;1.84;12.796;0;5.18;4.8;1
1636048887-spread-home-0.0-1789813138;2026-09-19T10:18:58.538687+00:00;2026-09-19T10:18:58.538687+00:00;Brazil - Serie A;Remo vs Santos;1636048887;spread;home;0.0;2.11;1.794;14.976;0;11.18;10.8;3
1636048886-spread-home--0.5-1789813138;2026-09-19T10:18:58.538687+00:00;2026-09-19T10:18:58.538687+00:00;Brazil - Serie A;Mirassol vs Botafogo FR RJ;1636048886;spread;home;-0.5;2.08;1.769;14.952;0;9.68;9.3;1
1636689362-spread-away--0.0-1789813138;2026-09-19T10:18:58.538687+00:00;2026-09-19T10:18:58.538687+00:00;Ecuador - Serie A;Guayaquil City vs Leones del Norte;1636689362;spread;away;-0.0;2.28;1.862;18.333;0;11.18;10.8;2
1635980512-spread-away-0.5-1789813138;2026-09-19T10:18:58.538687+00:00;2026-09-19T10:18:58.538687+00:00;France - Ligue 1;Paris FC vs Strasbourg;1635980512;spread;away;0.5;2.06;1.84;10.68;0;4.93;4.55;1
1635980513-spread-home-0.0-1789813138;2026-09-19T10:18:58.538687+00:00;2026-09-19T10:18:58.538687+00:00;France - Ligue 1;Le Mans vs Lorient;1635980513;spread;home;0.0;2.06;1.787;13.252;0;8.43;8.05;2
1635985152-spread-home--0.5-1789813138;2026-09-19T10:18:58.538687+00:00;2026-09-19T10:18:58.538687+00:00;France - Ligue 1;Angers vs Troyes;1635985152;spread;home;-0.5;2.11;1.87;11.374;0;8.43;8.05;2
1635985152-spread-away-0.5-1789813138;2026-09-19T10:18:58.538687+00:00;2026-09-19T10:18:58.538687+00:00;France - Ligue 1;Angers vs Troyes;1635985152;spread;away;0.5;1.826;1.775;2.793;0;8.43;8.05;1
1636483889-spread-away--0.0-1789813138;2026-09-19T10:18:58.538687+00:00;2026-09-19T10:18:58.538687+00:00;Poland - Ekstraklasa;GKS Katowice vs Cracovia Krakow;1636483889;spread;away;-0.0;2.2;1.917;12.864;0;5.18;4.8;1
1636442668-spread-away--0.0-1789813138;2026-09-19T10:18:58.538687+00:00;2026-09-19T10:18:58.538687+00:00;Poland - Ekstraklasa;Korona Kielce vs Rakow Czestochowa;1636442668;spread;away;-0.0;2.18;2.01;7.798;0;2.43;2.05;1
1636439247-spread-away--0.0-1789813138;2026-09-19T10:18:58.538687+00:00;2026-09-19T10:18:58.538687+00:00;England - League 2;Walsall vs Port Vale;1636439247;spread;away;-0.0;2.13;1.909;10.376;0;1.18;0.8;1
1636463909-spread-home--0.5-1789813138;2026-09-19T10:18:58.538687+00:00;2026-09-19T10:18:58.538687+00:00;England - League 2;Crewe Alexandra vs Shrewsbury Town;1636463909;spread;home;-0.5;1.935;1.769;8.579;0;3.68;3.3;1
1636480665-spread-home-0.0-1789813138;2026-09-19T10:18:58.538687+00:00;2026-09-19T10:18:58.538687+00:00;England - League 2;Chesterfield vs York City;1636480665;spread;home;0.0;1.917;1.769;7.72;0;3.68;3.3;2
1636463850-spread-home--1.0-1789813138;2026-09-19T10:18:58.538687+00:00;2026-09-19T10:18:58.538687+00:00;England - League 2;Salford City vs Swindon Town;1636463850;spread;home;-1.0;1.813;1.714;5.461;0;3.68;3.3;1
1636463850-spread-away-1.0-1789813138;2026-09-19T10:18:58.538687+00:00;2026-09-19T10:18:58.538687+00:00;England - League 2;Salford City vs Swindon Town;1636463850;spread;away;1.0;2.05;2.01;1.951;0;3.68;3.3;1
1636463847-spread-home-0.0-1789813138;2026-09-19T10:18:58.538687+00:00;2026-09-19T10:18:58.538687+00:00;England - League 2;Northampton Town vs Rotherham United;1636463847;spread;home;0.0;1.926;1.862;3.323;0;3.68;3.3;1
1636463911-spread-away--0.5-1789813138;2026-09-19T10:18:58.538687+00:00;2026-09-19T10:18:58.538687+00:00;England - League 2;Gillingham vs Bristol Rovers;1636463911;spread;away;-0.5;2.04;1.781;12.696;0;3.68;3.3;1
1636463911-spread-home-0.5-1789813138;2026-09-19T10:18:58.538687+00:00;2026-09-19T10:18:58.538687+00:00;England - League 2;Gillingham vs Bristol Rovers;1636463911;spread;home;0.5;1.935;1.781;7.959;0;3.68;3.3;1
1636480663-spread-home--1.0-1789813138;2026-09-19T10:18:58.538687+00:00;2026-09-19T10:18:58.538687+00:00;England - League 2;Barnet vs Fleetwood Town;1636480663;spread;home;-1.0;2.06;1.775;13.835;0;3.68;3.3;1
1636734413-spread-home-0.0-1789813138;2026-09-19T10:18:58.538687+00:00;2026-09-19T10:18:58.538687+00:00;Brazil - Copa Parana;Sao Joseense vs Foz do Iguacu;1636734413;spread;home;0.0;1.971;1.935;1.826;0;8.18;7.8;1
1636463846-spread-home-0.0-1789813138;2026-09-19T10:18:58.538687+00:00;2026-09-19T10:18:58.538687+00:00;England - Championship;Lincoln City vs Swansea City;1636463846;spread;home;0.0;2.07;1.855;10.386;0;3.68;3.3;1
1636442637-spread-away--0.0-1789813138;2026-09-19T10:18:58.538687+00:00;2026-09-19T10:18:58.538687+00:00;England - Championship;Stoke City vs Sheffield United;1636442637;spread;away;-0.0;2.26;1.752;22.478;0;1.18;0.8;1
1636463908-spread-home-0.0-1789813138;2026-09-19T10:18:58.538687+00:00;2026-09-19T10:18:58.538687+00:00;England - Championship;Wrexham vs Southampton;1636463908;spread;home;0.0;2.06;1.794;12.913;0;3.68;3.3;2
1636463908-spread-away--0.0-1789813138;2026-09-19T10:18:58.538687+00:00;2026-09-19T10:18:58.538687+00:00;England - Championship;Wrexham vs Southampton;1636463908;spread;away;-0.0;2.01;1.794;10.746;0;3.68;3.3;1
1636480666-spread-home-0.0-1789813138;2026-09-19T10:18:58.538687+00:00;2026-09-19T10:18:58.538687+00:00;England - Championship;Birmingham City vs Middlesbrough;1636480666;spread;home;0.0;2.05;1.826;10.927;0;3.68;3.3;4
1636480666-spread-away--0.0-1789813138;2026-09-19T10:18:58.538687+00:00;2026-09-19T10:18:58.538687+00:00;England - Championship;Birmingham City vs Middlesbrough;1636480666;spread;away;-0.0;1.862;1.84;1.182;0;3.68;3.3;2
1636480699-spread-home--0.5-1789813138;2026-09-19T10:18:58.538687+00:00;2026-09-19T10:18:58.538687+00:00;Italy - Serie B;Sampdoria vs Catanzaro;1636480699;spread;home;-0.5;2.09;1.847;11.627;0;4.93;4.55;1
1636454968-spread-away--0.5-1789813138;2026-09-19T10:18:58.538687+00:00;2026-09-19T10:18:58.538687+00:00;Italy - Serie B;Carrarese vs Benevento;1636454968;spread;away;-0.5;1.99;1.926;3.216;0;2.68;2.3;1
1636442679-spread-home--0.5-1789813138;2026-09-19T10:18:58.538687+00:00;2026-09-19T10:18:58.538687+00:00;Italy - Serie B;Cremonese vs Virtus Entella;1636442679;spread;home;-0.5;2.11;1.952;7.488;0;2.68;2.3;1
1636506174-spread-home-0.0-1789813138;2026-09-19T10:18:58.538687+00:00;2026-09-19T10:18:58.538687+00:00;Brazil - Gaucho 2;EC Guarani vs Santa Cruz RS;1636506174;spread;home;0.0;2.0;1.962;1.9;0;7.68;7.3;1
1636531241-spread-away--0.0-1789813138;2026-09-19T10:18:58.538687+00:00;2026-09-19T10:18:58.538687+00:00;Brazil - Gaucho 2;Veranopolis vs Esportvo Bento Goncalves;1636531241;spread;away;-0.0;2.04;2.0;1.961;0;7.68;7.3;1
1636486543-spread-away--0.5-1789813138;2026-09-19T10:18:58.538687+00:00;2026-09-19T10:18:58.538687+00:00;Spain - Segunda Division;Cadiz vs Girona;1636486543;spread;away;-0.5;2.1;1.855;11.667;0;8.68;8.3;1
1636486482-spread-home-0.0-1789813138;2026-09-19T10:18:58.538687+00:00;2026-09-19T10:18:58.538687+00:00;Spain - Segunda Division;Eldense vs Eibar;1636486482;spread;home;0.0;2.14;1.847;13.692;0;6.18;5.8;2
1636486482-spread-away-0.5-1789813138;2026-09-19T10:18:58.538687+00:00;2026-09-19T10:18:58.538687+00:00;Spain - Segunda Division;Eldense vs Eibar;1636486482;spread;away;0.5;1.99;1.725;13.317;0;6.18;5.8;1
1636486482-total-over-4.5-1789813138;2026-09-19T10:18:58.538687+00:00;2026-09-19T10:18:58.538687+00:00;Spain - Segunda Division;Eldense vs Eibar;1636486482;total;over;4.5;1.98;1.752;11.515;0;6.18;5.8;1
1636442645-spread-home-0.5-1789813138;2026-09-19T10:18:58.538687+00:00;2026-09-19T10:18:58.538687+00:00;Spain - Segunda Division;Real Sociedad II vs Mallorca;1636442645;spread;home;0.5;1.917;1.781;7.094;0;1.68;1.3;1
1636442645-spread-away--0.5-1789813138;2026-09-19T10:18:58.538687+00:00;2026-09-19T10:18:58.538687+00:00;Spain - Segunda Division;Real Sociedad II vs Mallorca;1636442645;spread;away;-0.5;2.0;1.82;9.0;0;1.68;1.3;1
1636463906-spread-home-0.0-1789813138;2026-09-19T10:18:58.538687+00:00;2026-09-19T10:18:58.538687+00:00;Scotland - League Two;Kelty Hearts vs Edinburgh City;1636463906;spread;home;0.0;1.877;1.806;3.783;0;3.68;3.3;1
1636498747-spread-away--0.0-1789813138;2026-09-19T10:18:58.538687+00:00;2026-09-19T10:18:58.538687+00:00;Honduras - Liga Nacional;Genesis vs Olancho;1636498747;spread;away;-0.0;1.926;1.901;1.298;0;10.68;10.3;1
1636498734-spread-away-0.5-1789813138;2026-09-19T10:18:58.538687+00:00;2026-09-19T10:18:58.538687+00:00;Brazil - Serie B;Sport Recife vs Juventude;1636498734;spread;away;0.5;1.84;1.719;6.576;0;9.18;8.8;1
1636498179-spread-away--0.0-1789813138;2026-09-19T10:18:58.538687+00:00;2026-09-19T10:18:58.538687+00:00;Argentina - Primera B Nacional;Atletico de Rafaela vs San Martin de Tucuman;1636498179;spread;away;-0.0;2.13;2.08;2.347;0;8.68;8.3;1
1636498727-spread-home-0.0-1789813138;2026-09-19T10:18:58.538687+00:00;2026-09-19T10:18:58.538687+00:00;Argentina - Primera B Nacional;San Telmo vs Estudiantes de Caseros;1636498727;spread;home;0.0;2.06;1.73;16.019;0;8.18;7.8;2
1635957957-spread-away--0.5-1789813138;2026-09-19T10:18:58.538687+00:00;2026-09-19T10:18:58.538687+00:00;Austria - Bundesliga;Austria Lustenau vs SCR Altach;1635957957;spread;away;-0.5;1.935;1.763;8.889;0;4.68;4.3;1
1635984749-spread-home-0.0-1789813138;2026-09-19T10:18:58.538687+00:00;2026-09-19T10:18:58.538687+00:00;Austria - Bundesliga;Grazer AK vs Austria Vienna;1635984749;spread;home;0.0;2.0;1.943;2.85;0;7.18;6.8;1
1636486498-spread-home-0.5-1789813138;2026-09-19T10:18:58.538687+00:00;2026-09-19T10:18:58.538687+00:00;Turkey - Super League;Trabzonspor vs Galatasaray;1636486498;spread;home;0.5;1.855;1.73;6.739;0;6.68;6.3;1
1636480667-spread-away--0.0-1789813138;2026-09-19T10:18:58.538687+00:00;2026-09-19T10:18:58.538687+00:00;Turkey - Super League;Kocaelispor vs Gaziantep;1636480667;spread;away;-0.0;2.15;2.1;2.326;0;3.68;3.3;1
1636463798-spread-away--0.0-1789813138;2026-09-19T10:18:58.538687+00:00;2026-09-19T10:18:58.538687+00:00;Austria - 2. Liga;Sturm Graz II vs Wacker Innsbruck;1636463798;spread;away;-0.0;2.05;1.73;15.61;0;3.18;2.8;2
1636531382-spread-home--0.5-1789813138;2026-09-19T10:18:58.538687+00:00;2026-09-19T10:18:58.538687+00:00;Austria - 2. Liga;Voitsberg vs Austria Salzburg;1636531382;spread;home;-0.5;1.962;1.813;7.594;0;3.18;2.8;1
1636886985-spread-home-0.0-1789813138;2026-09-19T10:18:58.538687+00:00;2026-09-19T10:18:58.538687+00:00;Argentina - Primera C Metropolitana;Juventud Unida San Miguel vs Centro Espanol;1636886985;spread;home;0.0;2.08;2.03;2.404;0;7.68;7.3;1
1636463942-spread-away--0.0-1789813138;2026-09-19T10:18:58.538687+00:00;2026-09-19T10:18:58.538687+00:00;Bosnia and Herzegovina - Premier Liga;BSK Banja Luka vs Radnik Bijeljina;1636463942;spread;away;-0.0;2.04;2.01;1.471;0;3.68;3.3;1
1636463841-spread-home-1.0-1789813138;2026-09-19T10:18:58.538687+00:00;2026-09-19T10:18:58.538687+00:00;Norway - Eliteserien;Kristiansund vs Rosenborg;1636463841;spread;home;1.0;2.04;1.909;6.422;0;3.67;3.29;1
1636439282-spread-home-0.0-1789813138;2026-09-19T10:18:58.538687+00:00;2026-09-19T10:18:58.538687+00:00;Italy - Serie C Group C;Sorrento vs Bari;1636439282;spread;home;0.0;2.06;2.02;1.942;0;2.17;1.79;1
1636463956-spread-home-0.0-1789813138;2026-09-19T10:18:58.538687+00:00;2026-09-19T10:18:58.538687+00:00;Italy - Serie C Group C;Savoia vs Casarano;1636463956;spread;home;0.0;2.08;2.02;2.885;0;5.17;4.79;1
1636486533-spread-home-0.0-1789813138;2026-09-19T10:18:58.538687+00:00;2026-09-19T10:18:58.538687+00:00;Italy - Serie C Group C;Team Altamura vs Picerno;1636486533;spread;home;0.0;2.02;1.98;1.98;0;8.17;7.79;1
1636463837-spread-home-0.5-1789813138;2026-09-19T10:18:58.538687+00:00;2026-09-19T10:18:58.538687+00:00;Finland - Veikkausliiga;VPS vs KuPS;1636463837;spread;home;0.5;1.909;1.741;8.8;0;3.67;3.29;1
1636439257-spread-home-0.0-1789813138;2026-09-19T10:18:58.538687+00:00;2026-09-19T10:18:58.538687+00:00;Finland - Veikkausliiga;TPS vs Ilves;1636439257;spread;home;0.0;2.08;1.98;4.808;0;1.67;1.29;2
1636439257-spread-away--0.0-1789813138;2026-09-19T10:18:58.538687+00:00;2026-09-19T10:18:58.538687+00:00;Finland - Veikkausliiga;TPS vs Ilves;1636439257;spread;away;-0.0;1.847;1.787;3.249;0;1.67;1.29;2
1636486465-spread-home--0.5-1789813138;2026-09-19T10:18:58.538687+00:00;2026-09-19T10:18:58.538687+00:00;Switzerland - Super League;Young Boys vs Servette;1636486465;spread;home;-0.5;2.0;1.719;14.05;0;5.67;5.29;1
1636463842-spread-home-0.0-1789813138;2026-09-19T10:18:58.538687+00:00;2026-09-19T10:18:58.538687+00:00;Finland - Ykkosliiga;PK-35 vs KTP;1636463842;spread;home;0.0;2.18;1.893;13.165;0;3.67;3.29;1
1635980520-spread-home-0.0-1789813138;2026-09-19T10:18:58.538687+00:00;2026-09-19T10:18:58.538687+00:00;Germany - Bundesliga;Borussia Monchengladbach vs Mainz 05;1635980520;spread;home;0.0;1.98;1.943;1.869;0;3.17;2.79;1
1635957949-spread-away--0.0-1789813138;2026-09-19T10:18:58.538687+00:00;2026-09-19T10:18:58.538687+00:00;Germany - Bundesliga;Werder Bremen vs Augsburg;1635957949;spread;away;-0.0;2.13;1.769;16.948;0;3.17;2.79;1
1635980439-spread-away--0.0-1789813138;2026-09-19T10:18:58.538687+00:00;2026-09-19T10:18:58.538687+00:00;Germany - Bundesliga;Stuttgart vs Borussia Dortmund;1635980439;spread;away;-0.0;2.06;1.714;16.796;0;6.17;5.79;2
1635980439-total-under-3.5-1789813138;2026-09-19T10:18:58.538687+00:00;2026-09-19T10:18:58.538687+00:00;Germany - Bundesliga;Stuttgart vs Borussia Dortmund;1635980439;total;under;3.5;1.952;1.833;6.096;0;6.17;5.79;1
1635980521-spread-home--0.5-1789813138;2026-09-19T10:18:58.538687+00:00;2026-09-19T10:18:58.538687+00:00;Germany - Bundesliga;Eintracht Frankfurt vs Freiburg;1635980521;spread;home;-0.5;1.971;1.82;7.661;0;3.17;2.79;1
1635980521-spread-away-0.5-1789813138;2026-09-19T10:18:58.538687+00:00;2026-09-19T10:18:58.538687+00:00;Germany - Bundesliga;Eintracht Frankfurt vs Freiburg;1635980521;spread;away;0.5;1.971;1.741;11.669;0;3.17;2.79;1
1635984810-spread-home-0.0-1789813138;2026-09-19T10:18:58.538687+00:00;2026-09-19T10:18:58.538687+00:00;Germany - Bundesliga;Hamburger SV vs FC Koln;1635984810;spread;home;0.0;2.04;1.962;3.824;0;3.17;2.79;2
1635984810-spread-away--0.0-1789813138;2026-09-19T10:18:58.538687+00:00;2026-09-19T10:18:58.538687+00:00;Germany - Bundesliga;Hamburger SV vs FC Koln;1635984810;spread;away;-0.0;1.885;1.813;3.82;0;3.17;2.79;1
1635984810-total-under-4.5-1789813138;2026-09-19T10:18:58.538687+00:00;2026-09-19T10:18:58.538687+00:00;Germany - Bundesliga;Hamburger SV vs FC Koln;1635984810;total;under;4.5;1.901;1.769;6.944;0;3.17;2.79;1
1636454966-spread-away--0.0-1789813138;2026-09-19T10:18:58.538687+00:00;2026-09-19T10:18:58.538687+00:00;Finland - Ykkonen;SalPa vs Tampere United;1636454966;spread;away;-0.0;2.05;1.926;6.049;0;2.67;2.29;1
1636506215-spread-away--0.0-1789813138;2026-09-19T10:18:58.538687+00:00;2026-09-19T10:18:58.538687+00:00;Finland - Ykkonen;Jazz vs VJS;1636506215;spread;away;-0.0;1.971;1.935;1.826;0;1.67;1.29;1
1636498818-spread-home-0.0-1789813138;2026-09-19T10:18:58.538687+00:00;2026-09-19T10:18:58.538687+00:00;Finland - Ykkonen;PK Keski-Uusimaa vs RoPS;1636498818;spread;home;0.0;1.935;1.862;3.773;0;2.67;2.29;2
1636498818-spread-away--0.0-1789813138;2026-09-19T10:18:58.538687+00:00;2026-09-19T10:18:58.538687+00:00;Finland - Ykkonen;PK Keski-Uusimaa vs RoPS;1636498818;spread;away;-0.0;1.893;1.862;1.638;0;2.67;2.29;1
1636498235-spread-home-0.0-1789813138;2026-09-19T10:18:58.538687+00:00;2026-09-19T10:18:58.538687+00:00;Saudi Arabia - Division 1;Al-Anwar vs Al-Najma;1636498235;spread;home;0.0;2.02;1.99;1.485;0;5.25;4.87;1
1636611976-spread-home-0.0-1789813138;2026-09-19T10:18:58.538687+00:00;2026-09-19T10:18:58.538687+00:00;Armenia - Premier League;BKMA Yerevan vs Sardarapat;1636611976;spread;home;0.0;2.0;1.962;1.9;0;4.67;4.29;1
1635985126-spread-home-0.0-1789813138;2026-09-19T10:18:58.538687+00:00;2026-09-19T10:18:58.538687+00:00;Germany - Bundesliga 2;Dynamo Dresden vs Hertha BSC;1635985126;spread;home;0.0;1.99;1.952;1.91;0;8.17;7.79;1
1636836573-spread-home-0.0-1789813138;2026-09-19T10:18:58.538687+00:00;2026-09-19T10:18:58.538687+00:00;Switzerland - 1. Liga Classic;Stade Payerne vs Lancy;1636836573;spread;home;0.0;2.02;1.971;2.426;0;4.67;4.29;1
1635113774-spread-home-0.0-1789813138;2026-09-19T10:18:58.538687+00:00;2026-09-19T10:18:58.538687+00:00;England - League 1;Peterborough United vs Doncaster Rovers;1635113774;spread;home;0.0;1.971;1.943;1.421;0;3.67;3.29;1
1635113774-spread-away-0.5-1789813138;2026-09-19T10:18:58.538687+00:00;2026-09-19T10:18:58.538687+00:00;England - League 1;Peterborough United vs Doncaster Rovers;1635113774;spread;away;0.5;1.935;1.763;8.889;0;3.67;3.29;1
1635113877-spread-away--0.0-1789813138;2026-09-19T10:18:58.538687+00:00;2026-09-19T10:18:58.538687+00:00;England - League 1;Leyton Orient vs Stevenage;1635113877;spread;away;-0.0;2.11;2.05;2.844;0;3.67;3.29;1
1635113877-spread-home--0.5-1789813138;2026-09-19T10:18:58.538687+00:00;2026-09-19T10:18:58.538687+00:00;England - League 1;Leyton Orient vs Stevenage;1635113877;spread;home;-0.5;2.01;1.855;7.711;0;3.67;3.29;1
1635113773-spread-home-0.0-1789813138;2026-09-19T10:18:58.538687+00:00;2026-09-19T10:18:58.538687+00:00;England - League 1;Blackpool vs Plymouth Argyle;1635113773;spread;home;0.0;2.19;1.935;11.644;0;3.67;3.29;2
1635098693-spread-away--0.0-1789813138;2026-09-19T10:18:58.538687+00:00;2026-09-19T10:18:58.538687+00:00;England - League 1;Burton Albion vs Mansfield Town;1635098693;spread;away;-0.0;2.07;2.04;1.449;0;1.17;0.79;1
1635098693-spread-away-0.5-1789813138;2026-09-19T10:18:58.538687+00:00;2026-09-19T10:18:58.538687+00:00;England - League 1;Burton Albion vs Mansfield Town;1635098693;spread;away;0.5;1.926;1.741;9.605;0;1.17;0.79;1
1635103356-spread-home-0.0-1789813138;2026-09-19T10:18:58.538687+00:00;2026-09-19T10:18:58.538687+00:00;England - League 1;Wigan Athletic vs Wycombe Wanderers;1635103356;spread;home;0.0;1.781;1.741;2.246;0;3.67;3.29;1
1635103356-spread-away--0.0-1789813138;2026-09-19T10:18:58.538687+00:00;2026-09-19T10:18:58.538687+00:00;England - League 1;Wigan Athletic vs Wycombe Wanderers;1635103356;spread;away;-0.0;2.1;1.99;5.238;0;3.67;3.29;1
1635103358-spread-home-0.0-1789813138;2026-09-19T10:18:58.538687+00:00;2026-09-19T10:18:58.538687+00:00;England - League 1;Oxford United vs Cambridge United;1635103358;spread;home;0.0;1.84;1.787;2.88;0;3.67;3.29;1
1635103357-spread-home-0.5-1789813138;2026-09-19T10:18:58.538687+00:00;2026-09-19T10:18:58.538687+00:00;England - League 1;Sheffield Wednesday vs Stockport County;1635103357;spread;home;0.5;1.926;1.8;6.542;0;3.67;3.29;1
1635101492-spread-home-0.5-1789813138;2026-09-19T10:18:58.538687+00:00;2026-09-19T10:18:58.538687+00:00;England - League 1;Barnsley vs Leicester City;1635101492;spread;home;0.5;1.862;1.787;4.028;0;1.17;0.79;1
1635101492-spread-away--0.5-1789813138;2026-09-19T10:18:58.538687+00:00;2026-09-19T10:18:58.538687+00:00;England - League 1;Barnsley vs Leicester City;1635101492;spread;away;-0.5;2.04;1.952;4.314;0;1.17;0.79;1
1636486469-spread-home-0.0-1789813138;2026-09-19T10:18:58.538687+00:00;2026-09-19T10:18:58.538687+00:00;Lithuania - 1 Lyga;Kauno Zalgiris II vs Garliava;1636486469;spread;home;0.0;1.885;1.862;1.22;0;5.67;5.29;1
1635909035-spread-home--0.5-1789813138;2026-09-19T10:18:58.538687+00:00;2026-09-19T10:18:58.538687+00:00;Poland - 1st Liga;Nieciecza vs Odra Opole;1635909035;spread;home;-0.5;1.962;1.794;8.563;0;3.17;2.79;2
1635909035-spread-away-0.5-1789813138;2026-09-19T10:18:58.538687+00:00;2026-09-19T10:18:58.538687+00:00;Poland - 1st Liga;Nieciecza vs Odra Opole;1635909035;spread;away;0.5;1.885;1.8;4.509;0;3.17;2.79;1
1635909036-spread-home--0.5-1789813138;2026-09-19T10:18:58.538687+00:00;2026-09-19T10:18:58.538687+00:00;Poland - 1st Liga;Polonia Warsaw vs Chrobry Glogow;1635909036;spread;home;-0.5;1.926;1.714;11.007;0;3.17;2.79;1
1636463901-spread-home--0.5-1789813138;2026-09-19T10:18:58.538687+00:00;2026-09-19T10:18:58.538687+00:00;Scotland - Championship;Partick Thistle vs Raith Rovers;1636463901;spread;home;-0.5;1.971;1.775;9.944;0;3.67;3.29;1
1636463900-spread-home--0.5-1789813138;2026-09-19T10:18:58.538687+00:00;2026-09-19T10:18:58.538687+00:00;Scotland - Championship;Stenhousemuir vs Arbroath;1636463900;spread;home;-0.5;1.99;1.893;4.874;0;3.67;3.29;2
1636463900-spread-away-0.5-1789813138;2026-09-19T10:18:58.538687+00:00;2026-09-19T10:18:58.538687+00:00;Scotland - Championship;Stenhousemuir vs Arbroath;1636463900;spread;away;0.5;1.862;1.752;5.908;0;3.67;3.29;1
1636480656-spread-home--0.5-1789813138;2026-09-19T10:18:58.538687+00:00;2026-09-19T10:18:58.538687+00:00;Scotland - Championship;Livingston vs Inverness CT;1636480656;spread;home;-0.5;1.901;1.714;9.837;0;3.67;3.29;1
1636463925-spread-home-0.0-1789813138;2026-09-19T10:18:58.538687+00:00;2026-09-19T10:18:58.538687+00:00;Spain - Tercera Division;Touring vs Beasain;1636463925;spread;home;0.0;2.02;1.99;1.485;0;4.17;3.79;1
1636007475-spread-home--2.0-1789813138;2026-09-19T10:18:58.538687+00:00;2026-09-19T10:18:58.538687+00:00;Netherlands - Eredivisie;Ajax vs Excelsior;1636007475;spread;home;-2.0;1.98;1.877;5.202;0;7.67;7.29;1
1636007476-spread-away--0.0-1789813138;2026-09-19T10:18:58.538687+00:00;2026-09-19T10:18:58.538687+00:00;Netherlands - Eredivisie;Sparta Rotterdam vs Heerenveen;1636007476;spread;away;-0.0;2.1;1.962;6.571;0;6.42;6.04;2
1636007476-spread-home-0.0-1789813138;2026-09-19T10:18:58.538687+00:00;2026-09-19T10:18:58.538687+00:00;Netherlands - Eredivisie;Sparta Rotterdam vs Heerenveen;1636007476;spread;home;0.0;1.862;1.8;3.33;0;6.42;6.04;1
1636007477-spread-home-0.0-1789813138;2026-09-19T10:18:58.538687+00:00;2026-09-19T10:18:58.538687+00:00;Netherlands - Eredivisie;Willem II vs Fortuna Sittard;1636007477;spread;home;0.0;1.926;1.826;5.192;0;8.67;8.29;2
1636007477-spread-away--0.0-1789813138;2026-09-19T10:18:58.538687+00:00;2026-09-19T10:18:58.538687+00:00;Netherlands - Eredivisie;Willem II vs Fortuna Sittard;1636007477;spread;away;-0.0;1.98;1.935;2.273;0;8.67;8.29;2
1636463774-spread-home-0.0-1789813138;2026-09-19T10:18:58.538687+00:00;2026-09-19T10:18:58.538687+00:00;Sweden - Allsvenskan;Brommapojkarna vs IFK Goteborg;1636463774;spread;home;0.0;2.08;2.04;1.923;0;2.67;2.29;1
1636439286-spread-home-0.0-1789813138;2026-09-19T10:18:58.538687+00:00;2026-09-19T10:18:58.538687+00:00;France - Ligue 3;Concarneau vs Caen;1636439286;spread;home;0.0;1.787;1.725;3.47;0;2.42;2.04;2
1636439286-spread-away--0.0-1789813138;2026-09-19T10:18:58.538687+00:00;2026-09-19T10:18:58.538687+00:00;France - Ligue 3;Concarneau vs Caen;1636439286;spread;away;-0.0;2.09;1.99;4.785;0;2.42;2.04;2
1636442669-spread-home--0.5-1789813138;2026-09-19T10:18:58.538687+00:00;2026-09-19T10:18:58.538687+00:00;France - Ligue 3;Paris 13 Atletico vs Bourg-en-Bresse;1636442669;spread;home;-0.5;2.03;1.952;3.842;0;2.42;2.04;1
1636442669-spread-away-0.5-1789813138;2026-09-19T10:18:58.538687+00:00;2026-09-19T10:18:58.538687+00:00;France - Ligue 3;Paris 13 Atletico vs Bourg-en-Bresse;1636442669;spread;away;0.5;1.833;1.758;4.092;0;2.42;2.04;1
1636518754-spread-away--0.5-1789813138;2026-09-19T10:18:58.538687+00:00;2026-09-19T10:18:58.538687+00:00;Turkey - 1st League;Batman Petrolspor vs Bursaspor;1636518754;spread;away;-0.5;2.01;1.758;12.537;0;6.66;6.28;1
1636498798-spread-away-0.5-1789813138;2026-09-19T10:18:58.538687+00:00;2026-09-19T10:18:58.538687+00:00;Turkey - 1st League;Keciorengucu vs Sivasspor;1636498798;spread;away;0.5;2.0;1.735;13.25;0;3.66;3.28;1
1636498798-spread-home--0.5-1789813138;2026-09-19T10:18:58.538687+00:00;2026-09-19T10:18:58.538687+00:00;Turkey - 1st League;Keciorengucu vs Sivasspor;1636498798;spread;home;-0.5;1.98;1.763;10.96;0;3.66;3.28;1
1636483870-spread-home-0.0-1789813138;2026-09-19T10:18:58.538687+00:00;2026-09-19T10:18:58.538687+00:00;Croatia - HNL;Varazdin vs Osijek;1636483870;spread;home;0.0;1.893;1.752;7.448;0;4.66;4.28;1
1636486523-spread-home--0.5-1789813138;2026-09-19T10:18:58.538687+00:00;2026-09-19T10:18:58.538687+00:00;Croatia - HNL;Istra 1961 vs HNK Gorica;1636486523;spread;home;-0.5;1.862;1.787;4.028;0;7.66;7.28;1
1636486523-spread-away-0.5-1789813138;2026-09-19T10:18:58.538687+00:00;2026-09-19T10:18:58.538687+00:00;Croatia - HNL;Istra 1961 vs HNK Gorica;1636486523;spread;away;0.5;2.0;1.935;3.25;0;7.66;7.28;1
1636640783-spread-home-0.0-1789813138;2026-09-19T10:18:58.538687+00:00;2026-09-19T10:18:58.538687+00:00;Faroe Islands - Premier League;B68 Toftir vs Eb/Streymur;1636640783;spread;home;0.0;2.04;1.99;2.451;0;4.16;3.78;1
1635909174-total-under-4.5-1789813138;2026-09-19T10:18:58.538687+00:00;2026-09-19T10:18:58.538687+00:00;England - Premier League;Tottenham Hotspur vs Aston Villa;1635909174;total;under;4.5;2.0;1.813;9.35;0;1.16;0.78;1
1635909172-spread-home-0.5-1789813138;2026-09-19T10:18:58.538687+00:00;2026-09-19T10:18:58.538687+00:00;England - Premier League;Brighton vs Arsenal;1635909172;spread;home;0.5;1.87;1.741;6.898;0;3.66;3.28;1
1635909150-spread-home-0.0-1789813138;2026-09-19T10:18:58.538687+00:00;2026-09-19T10:18:58.538687+00:00;Cyprus - 1st Division;Nea Salamis vs Anorthosis Famagusta;1635909150;spread;home;0.0;1.962;1.926;1.835;0;5.66;5.28;1
1636454935-spread-away--0.0-1789813138;2026-09-19T10:18:58.538687+00:00;2026-09-19T10:18:58.538687+00:00;France - Ligue 2;Guingamp vs Red Star;1636454935;spread;away;-0.0;2.08;1.885;9.375;0;1.66;1.28;1
1636486521-spread-home-0.5-1789813138;2026-09-19T10:18:58.538687+00:00;2026-09-19T10:18:58.538687+00:00;France - Ligue 2;Metz vs Saint-Etienne;1636486521;spread;home;0.5;1.901;1.752;7.838;0;7.66;7.28;2
1636486521-spread-away--0.5-1789813138;2026-09-19T10:18:58.538687+00:00;2026-09-19T10:18:58.538687+00:00;France - Ligue 2;Metz vs Saint-Etienne;1636486521;spread;away;-0.5;1.99;1.87;6.03;0;7.66;7.28;1
1636454934-spread-away--0.5-1789813138;2026-09-19T10:18:58.538687+00:00;2026-09-19T10:18:58.538687+00:00;France - Ligue 2;Boulogne vs Nantes;1636454934;spread;away;-0.5;1.877;1.826;2.717;0;1.66;1.28;1
1636442695-spread-home-0.5-1789813138;2026-09-19T10:18:58.538687+00:00;2026-09-19T10:18:58.538687+00:00;Bulgaria - First League;Septemvri Sofia vs Botev Plovdiv;1636442695;spread;home;0.5;1.943;1.909;1.75;0;3.16;2.78;1
1636442695-spread-away--0.5-1789813138;2026-09-19T10:18:58.538687+00:00;2026-09-19T10:18:58.538687+00:00;Bulgaria - First League;Septemvri Sofia vs Botev Plovdiv;1636442695;spread;away;-0.5;1.909;1.813;5.029;0;3.16;2.78;1
1636434678-spread-away-0.5-1789813138;2026-09-19T10:18:58.538687+00:00;2026-09-19T10:18:58.538687+00:00;Sweden - Superettan;Nordic United vs Landskrona;1636434678;spread;away;0.5;1.952;1.758;9.939;0;0.66;0.28;1
1636480694-spread-home--0.5-1789813138;2026-09-19T10:18:58.538687+00:00;2026-09-19T10:18:58.538687+00:00;Sweden - Superettan;Sandvikens IF vs Orebro SK;1636480694;spread;home;-0.5;2.0;1.806;9.7;0;4.66;4.28;1
1637040381-spread-away--0.0-1789813138;2026-09-19T10:18:58.538687+00:00;2026-09-19T10:18:58.538687+00:00;Denmark - Denmark Series;Viby vs Vorup FB;1637040381;spread;away;-0.0;1.926;1.885;2.129;0;0.66;0.28;1
1636439249-spread-home-0.0-1789813138;2026-09-19T10:18:58.538687+00:00;2026-09-19T10:18:58.538687+00:00;China - League Two;Chengdu Rongcheng II vs Taian Tiankuang;1636439249;spread;home;0.0;2.06;2.02;1.942;0;1.24;0.86;1
1636439256-spread-away--0.0-1789813138;2026-09-19T10:18:58.538687+00:00;2026-09-19T10:18:58.538687+00:00;Czech Republic - 3. Liga;Vsetin vs Vrchovina;1636439256;spread;away;-0.0;2.0;1.98;1.0;0;1.66;1.28;1
1635870506-spread-away--0.0-1789813138;2026-09-19T10:18:58.538687+00:00;2026-09-19T10:18:58.538687+00:00;Germany - 3. Liga;Alemannia Aachen vs Fortuna Dusseldorf;1635870506;spread;away;-0.0;1.926;1.885;2.129;0;1.66;1.28;1
1635870504-spread-home-0.0-1789813138;2026-09-19T10:18:58.538687+00:00;2026-09-19T10:18:58.538687+00:00;Germany - 3. Liga;Stuttgart II vs Jahn Regensburg;1635870504;spread;home;0.0;1.847;1.752;5.143;0;1.66;1.28;2
1635859940-spread-home--0.5-1789813138;2026-09-19T10:18:58.538687+00:00;2026-09-19T10:18:58.538687+00:00;Germany - 3. Liga;Viktoria Koln vs Ingolstadt;1635859940;spread;home;-0.5;1.935;1.794;7.287;0;1.66;1.28;1
1636216688-spread-away-1.5-1789813138;2026-09-19T10:18:58.538687+00:00;2026-09-19T10:18:58.538687+00:00;Colombia - Primera A;Millonarios vs Boyaca Chico;1636216688;spread;away;1.5;2.03;1.901;6.355;0;8.66;8.28;1
1636216729-spread-home-0.0-1789813138;2026-09-19T10:18:58.538687+00:00;2026-09-19T10:18:58.538687+00:00;Colombia - Primera A;Alianza Valledupar vs Independiente Santa Fe;1636216729;spread;home;0.0;2.02;1.769;12.426;0;10.74;10.36;1
1636642421-spread-away--0.0-1789813138;2026-09-19T10:18:58.538687+00:00;2026-09-19T10:18:58.538687+00:00;England - FA Cup Qualification;Needham Market vs Braintree Town;1636642421;spread;away;-0.0;1.901;1.877;1.262;0;3.66;3.28;1
1635870505-spread-away-0.5-1789813138;2026-09-19T10:18:58.538687+00:00;2026-09-19T10:18:58.538687+00:00;Denmark - Division 1;Akademisk Boldklub vs Esbjerg fB;1635870505;spread;away;0.5;2.02;1.725;14.604;0;1.66;1.28;2
1635855505-spread-away--0.0-1789813138;2026-09-19T10:18:58.538687+00:00;2026-09-19T10:18:58.538687+00:00;Denmark - Division 1;Aarhus Fremad vs Hvidovre;1635855505;spread;away;-0.0;2.09;1.806;13.589;0;1.66;1.28;2
1635918931-total-under-4.5-1789813138;2026-09-19T10:18:58.538687+00:00;2026-09-19T10:18:58.538687+00:00;Spain - La Liga;Celta Vigo vs Racing Santander;1635918931;total;under;4.5;1.826;1.781;2.464;0;6.15;5.77;1
1635870527-spread-away--0.0-1789813138;2026-09-19T10:18:58.538687+00:00;2026-09-19T10:18:58.538687+00:00;Spain - La Liga;Osasuna vs Rayo Vallecano;1635870527;spread;away;-0.0;2.1;1.99;5.238;0;1.65;1.27;1
1636681724-spread-home--0.5-1789813138;2026-09-19T10:18:58.538687+00:00;2026-09-19T10:18:58.538687+00:00;Uruguay - Primera Division;Boston River vs CA Progreso;1636681724;spread;home;-0.5;1.952;1.885;3.432;0;4.65;4.27;1
1636681724-spread-away-0.5-1789813138;2026-09-19T10:18:58.538687+00:00;2026-09-19T10:18:58.538687+00:00;Uruguay - Primera Division;Boston River vs CA Progreso;1636681724;spread;away;0.5;1.901;1.826;3.945;0;4.65;4.27;1
1636463922-spread-home--1.0-1789813138;2026-09-19T10:18:58.538687+00:00;2026-09-19T10:18:58.538687+00:00;Netherlands - Eerste Divisie;Vitesse Arnhem vs Jong PSV;1636463922;spread;home;-1.0;1.926;1.826;5.192;0;4.15;3.77;1
1636463922-spread-away-1.0-1789813138;2026-09-19T10:18:58.538687+00:00;2026-09-19T10:18:58.538687+00:00;Netherlands - Eerste Divisie;Vitesse Arnhem vs Jong PSV;1636463922;spread;away;1.0;1.926;1.893;1.713;0;4.15;3.77;1
1636486485-spread-away--0.0-1789813138;2026-09-19T10:18:58.538687+00:00;2026-09-19T10:18:58.538687+00:00;Israel - Premier League;Maccabi Petah Tikva vs Hapoel Jerusalem;1636486485;spread;away;-0.0;2.12;1.901;10.33;0;6.15;5.77;2
1636480734-spread-away--0.0-1789813138;2026-09-19T10:18:58.538687+00:00;2026-09-19T10:18:58.538687+00:00;Israel - Premier League;Bnei Sakhnin vs Hapoel Ramat Gan;1636480734;spread;away;-0.0;2.04;1.885;7.598;0;6.15;5.77;2
1636480734-spread-home-0.0-1789813138;2026-09-19T10:18:58.538687+00:00;2026-09-19T10:18:58.538687+00:00;Israel - Premier League;Bnei Sakhnin vs Hapoel Ramat Gan;1636480734;spread;home;0.0;1.84;1.82;1.087;0;6.15;5.77;2
1636486497-spread-home--1.5-1789813138;2026-09-19T10:18:58.538687+00:00;2026-09-19T10:18:58.538687+00:00;Israel - Premier League;Maccabi Haifa vs Ironi Tiberias;1636486497;spread;home;-1.5;1.862;1.763;5.317;0;6.65;6.27;1
1636486497-spread-away-1.5-1789813138;2026-09-19T10:18:58.538687+00:00;2026-09-19T10:18:58.538687+00:00;Israel - Premier League;Maccabi Haifa vs Ironi Tiberias;1636486497;spread;away;1.5;2.0;1.952;2.4;0;6.65;6.27;1
1636483934-spread-home-1.0-1789813138;2026-09-19T10:18:58.538687+00:00;2026-09-19T10:18:58.538687+00:00;Israel - Premier League;Maccabi Netanya vs Maccabi Tel Aviv;1636483934;spread;home;1.0;1.87;1.813;3.048;0;6.65;6.27;1
1636483934-spread-away--1.0-1789813138;2026-09-19T10:18:58.538687+00:00;2026-09-19T10:18:58.538687+00:00;Israel - Premier League;Maccabi Netanya vs Maccabi Tel Aviv;1636483934;spread;away;-1.0;1.99;1.901;4.472;0;6.65;6.27;1
1636531197-spread-home-0.0-1789813138;2026-09-19T10:18:58.538687+00:00;2026-09-19T10:18:58.538687+00:00;Iceland - Premier League;KR Reykjavik vs Vikingur Reykjavik;1636531197;spread;home;0.0;2.07;1.901;8.164;0;3.65;3.27;1
1636463954-spread-home--1.0-1789813138;2026-09-19T10:18:58.538687+00:00;2026-09-19T10:18:58.538687+00:00;Slovenia - Prva Liga;Koper vs Nafta;1636463954;spread;home;-1.0;2.06;1.84;10.68;0;5.15;4.77;1
1636498141-spread-home-0.0-1789813138;2026-09-19T10:18:58.538687+00:00;2026-09-19T10:18:58.538687+00:00;Spain - Segunda Federacion;Club Portugalete vs Coruxo;1636498141;spread;home;0.0;1.787;1.752;1.959;0;7.15;6.77;1
1636463835-spread-away--0.0-1789813138;2026-09-19T10:18:58.538687+00:00;2026-09-19T10:18:58.538687+00:00;Belgium - Challenger Pro League;Genk II vs RFC Seraing;1636463835;spread;away;-0.0;2.01;1.98;1.493;0;3.65;3.27;1
1636439255-spread-home--1.5-1789813138;2026-09-19T10:18:58.538687+00:00;2026-09-19T10:18:58.538687+00:00;Indonesia - Super League;Persija Jakarta vs Java United;1636439255;spread;home;-1.5;2.01;1.909;5.025;0;1.65;1.27;1
1636439255-spread-away-1.5-1789813138;2026-09-19T10:18:58.538687+00:00;2026-09-19T10:18:58.538687+00:00;Indonesia - Super League;Persija Jakarta vs Java United;1636439255;spread;away;1.5;1.855;1.82;1.887;0;1.65;1.27;1
1636768968-spread-away--0.0-1789813138;2026-09-19T10:18:58.538687+00:00;2026-09-19T10:18:58.538687+00:00;France - National 1;Racing Club de France vs Lusitanos Saint Maur;1636768968;spread;away;-0.0;2.03;1.99;1.97;0;5.65;5.27;1
1635920654-spread-home-1.0-1789813138;2026-09-19T10:18:58.538687+00:00;2026-09-19T10:18:58.538687+00:00;Slovakia - Super Liga;Komarno vs Slovan Bratislava;1635920654;spread;home;1.0;1.926;1.758;8.723;0;8.15;7.77;1
1635909153-spread-home--0.5-1789813138;2026-09-19T10:18:58.538687+00:00;2026-09-19T10:18:58.538687+00:00;Slovakia - Super Liga;FC Kosice vs Ruzomberok;1635909153;spread;home;-0.5;1.99;1.758;11.658;0;5.65;5.27;1
1635909152-spread-away-1.5-1789813138;2026-09-19T10:18:58.538687+00:00;2026-09-19T10:18:58.538687+00:00;Slovakia - Super Liga;Zilina vs Trencin;1635909152;spread;away;1.5;1.862;1.725;7.358;0;5.65;5.27;1
1635910286-spread-home-0.0-1789813138;2026-09-19T10:18:58.538687+00:00;2026-09-19T10:18:58.538687+00:00;FIFA - Intercontinental Cup;Mamelodi Sundowns vs Al-Ahli;1635910286;spread;home;0.0;2.03;1.847;9.015;0;2.65;2.27;3
1635910286-spread-away--0.0-1789813138;2026-09-19T10:18:58.538687+00:00;2026-09-19T10:18:58.538687+00:00;FIFA - Intercontinental Cup;Mamelodi Sundowns vs Al-Ahli;1635910286;spread;away;-0.0;1.855;1.758;5.229;0;2.65;2.27;1
1635920612-spread-home--2.0-1789813138;2026-09-19T10:18:58.538687+00:00;2026-09-19T10:18:58.538687+00:00;Northern Ireland - Premiership;Coleraine vs Limavady United;1635920612;spread;home;-2.0;1.926;1.787;7.217;0;6.65;6.27;1
1635886171-spread-home-0.0-1789813138;2026-09-19T10:18:58.538687+00:00;2026-09-19T10:18:58.538687+00:00;Northern Ireland - Premiership;Bangor vs Portadown;1635886171;spread;home;0.0;2.04;1.763;13.578;0;3.65;3.27;2
1636463834-spread-away-0.5-1789813138;2026-09-19T10:18:58.538687+00:00;2026-09-19T10:18:58.538687+00:00;Belgium - Pro League;Oud-Heverlee Leuven vs RAAL La Louviere;1636463834;spread;away;0.5;1.952;1.752;10.246;0;3.65;3.27;1
1636311209-spread-away--0.0-1789813138;2026-09-19T10:18:58.538687+00:00;2026-09-19T10:18:58.538687+00:00;Czech Republic - First Liga;Slovacko vs Banik Ostrava;1636311209;spread;away;-0.0;2.09;2.01;3.828;0;5.65;5.27;2
1636311209-spread-home-0.0-1789813138;2026-09-19T10:18:58.538687+00:00;2026-09-19T10:18:58.538687+00:00;Czech Republic - First Liga;Slovacko vs Banik Ostrava;1636311209;spread;home;0.0;1.794;1.714;4.459;0;5.65;5.27;1
1636316316-spread-home--0.5-1789813138;2026-09-19T10:18:58.538687+00:00;2026-09-19T10:18:58.538687+00:00;Czech Republic - First Liga;Mlada Boleslav vs Zbrojovka Brno;1636316316;spread;home;-0.5;2.03;1.855;8.621;0;2.65;2.27;1
1635980513-spread-away-0.5-1789813138;2026-09-19T10:18:58.538687+00:00;2026-09-19T10:27:26.292666+00:00;France - Ligue 1;Le Mans vs Lorient;1635980513;spread;away;0.5;1.917;1.781;7.094;8.46;8.43;8.06;2
1636480665-spread-away--0.0-1789813138;2026-09-19T10:18:58.538687+00:00;2026-09-19T10:27:26.292666+00:00;England - League 2;Chesterfield vs York City;1636480665;spread;away;-0.0;1.962;1.935;1.376;8.46;3.68;3.31;2
1636463846-spread-away--0.0-1789813138;2026-09-19T10:18:58.538687+00:00;2026-09-19T10:27:26.292666+00:00;England - Championship;Lincoln City vs Swansea City;1636463846;spread;away;-0.0;1.935;1.813;6.305;8.46;3.68;3.3;2
1635984749-spread-away-0.5-1789813138;2026-09-19T10:18:58.538687+00:00;2026-09-19T10:27:26.292666+00:00;Austria - Bundesliga;Grazer AK vs Austria Vienna;1635984749;spread;away;0.5;1.943;1.714;11.786;8.46;7.18;6.8;2
1636463842-spread-away--0.0-1789813138;2026-09-19T10:18:58.538687+00:00;2026-09-19T10:27:26.292666+00:00;Finland - Ykkosliiga;PK-35 vs KTP;1636463842;spread;away;-0.0;1.833;1.699;7.31;8.46;3.67;3.3;2
1636920045-spread-away--0.0-1789813138;2026-09-19T10:18:58.538687+00:00;2026-09-19T10:27:26.292666+00:00;Spain - Tercera Division;Eibar III vs SD Erandio Club;1636920045;spread;away;-0.0;1.971;1.84;6.646;8.46;3.67;3.29;2
1635909174-spread-home--0.5-1789813138;2026-09-19T10:18:58.538687+00:00;2026-09-19T10:27:26.292666+00:00;England - Premier League;Tottenham Hotspur vs Aston Villa;1635909174;spread;home;-0.5;1.971;1.8;8.676;8.46;1.16;0.79;2
1636454935-spread-home-0.0-1789813138;2026-09-19T10:18:58.538687+00:00;2026-09-19T10:27:26.292666+00:00;France - Ligue 2;Guingamp vs Red Star;1636454935;spread;home;0.0;1.855;1.794;3.288;8.46;1.66;1.29;2
1636434670-spread-home--0.5-1789813138;2026-09-19T10:18:58.538687+00:00;2026-09-19T10:27:26.292666+00:00;Japan - J League;Yokohama F. Marinos vs Mito HollyHock;1636434670;spread;home;-0.5;2.06;1.8;12.621;8.46;0.16;0;2
1635870504-spread-away--0.0-1789813138;2026-09-19T10:18:58.538687+00:00;2026-09-19T10:27:26.292666+00:00;Germany - 3. Liga;Stuttgart II vs Jahn Regensburg;1635870504;spread;away;-0.0;2.02;1.971;2.426;8.46;1.66;1.28;2
1636216729-spread-away--0.0-1789813138;2026-09-19T10:18:58.538687+00:00;2026-09-19T10:27:26.292666+00:00;Colombia - Primera A;Alianza Valledupar vs Independiente Santa Fe;1636216729;spread;away;-0.0;1.952;1.794;8.094;8.46;10.74;10.37;2
1636531197-spread-away--0.0-1789813138;2026-09-19T10:18:58.538687+00:00;2026-09-19T10:27:26.292666+00:00;Iceland - Premier League;KR Reykjavik vs Vikingur Reykjavik;1636531197;spread;away;-0.0;1.82;1.775;2.473;8.46;3.65;3.28;2
1635886171-spread-away--0.0-1789813138;2026-09-19T10:18:58.538687+00:00;2026-09-19T10:27:26.292666+00:00;Northern Ireland - Premiership;Bangor vs Portadown;1635886171;spread;away;-0.0;1.952;1.826;6.455;8.46;3.65;3.27;2
1635980523-spread-away--0.0-1789813646;2026-09-19T10:27:26.292666+00:00;2026-09-19T10:27:26.292666+00:00;Italy - Serie A;Venezia vs Lazio;1635980523;spread;away;-0.0;1.82;1.719;5.549;0;8.29;7.92;1
1635984813-spread-home-0.0-1789813646;2026-09-19T10:27:26.292666+00:00;2026-09-19T10:27:26.292666+00:00;Italy - Serie A;Udinese vs Cagliari;1635984813;spread;home;0.0;2.12;1.68;20.755;0;2.54;2.17;1
1636486546-spread-away-2.0-1789813646;2026-09-19T10:27:26.292666+00:00;2026-09-19T10:27:26.292666+00:00;Portugal - Primeira Liga;Sporting CP vs Arouca;1636486546;spread;away;2.0;2.02;1.794;11.188;0;9.04;8.67;1
1636486546-total-over-4.5-1789813646;2026-09-19T10:27:26.292666+00:00;2026-09-19T10:27:26.292666+00:00;Portugal - Primeira Liga;Sporting CP vs Arouca;1636486546;total;over;4.5;2.0;1.943;2.85;0;9.04;8.67;1
1636480676-spread-away-0.5-1789813646;2026-09-19T10:27:26.292666+00:00;2026-09-19T10:27:26.292666+00:00;Portugal - Primeira Liga;Gil Vicente vs Maritimo;1636480676;spread;away;0.5;1.962;1.893;3.517;0;4.04;3.67;1
1636463924-spread-home-0.5-1789813646;2026-09-19T10:27:26.292666+00:00;2026-09-19T10:27:26.292666+00:00;Portugal - Primeira Liga;Nacional da Madeira vs Famalicao;1636463924;spread;home;0.5;1.87;1.826;2.353;0;4.04;3.67;1
1636463957-spread-away--0.0-1789813646;2026-09-19T10:27:26.292666+00:00;2026-09-19T10:27:26.292666+00:00;South Africa - PSL;Polokwane City vs AmaZulu;1636463957;spread;away;-0.0;1.877;1.714;8.684;0;5.04;4.67;1
1636048887-spread-away--0.0-1789813646;2026-09-19T10:27:26.292666+00:00;2026-09-19T10:27:26.292666+00:00;Brazil - Serie A;Remo vs Santos;1636048887;spread;away;-0.0;1.962;1.806;7.951;0;11.04;10.67;1
1636048886-spread-away-0.5-1789813646;2026-09-19T10:27:26.292666+00:00;2026-09-19T10:27:26.292666+00:00;Brazil - Serie A;Mirassol vs Botafogo FR RJ;1636048886;spread;away;0.5;1.98;1.826;7.778;0;9.54;9.17;1
1636555303-spread-home-0.0-1789813646;2026-09-19T10:27:26.292666+00:00;2026-09-19T10:27:26.292666+00:00;England - Southern Premier League Central;Stamford vs Bishops Stortford;1636555303;spread;home;0.0;1.901;1.877;1.262;0;3.54;3.17;1
1636689362-spread-home-0.0-1789813646;2026-09-19T10:27:26.292666+00:00;2026-09-19T10:27:26.292666+00:00;Ecuador - Serie A;Guayaquil City vs Leones del Norte;1636689362;spread;home;0.0;1.862;1.641;11.869;0;11.04;10.66;1
1635980512-spread-home--0.5-1789813646;2026-09-19T10:27:26.292666+00:00;2026-09-19T10:27:26.292666+00:00;France - Ligue 1;Paris FC vs Strasbourg;1635980512;spread;home;-0.5;1.943;1.87;3.757;0;4.79;4.41;1
1635980513-spread-away--0.0-1789813646;2026-09-19T10:27:26.292666+00:00;2026-09-19T10:27:26.292666+00:00;France - Ligue 1;Le Mans vs Lorient;1635980513;spread;away;-0.0;1.98;1.877;5.202;0;8.29;7.91;1
1635980513-spread-home--0.5-1789813646;2026-09-19T10:27:26.292666+00:00;2026-09-19T10:27:26.292666+00:00;France - Ligue 1;Le Mans vs Lorient;1635980513;spread;home;-0.5;1.952;1.862;4.611;0;8.29;7.91;1
1636483889-spread-home-0.0-1789813646;2026-09-19T10:27:26.292666+00:00;2026-09-19T10:27:26.292666+00:00;Poland - Ekstraklasa;GKS Katowice vs Cracovia Krakow;1636483889;spread;home;0.0;1.8;1.709;5.056;0;5.04;4.66;1
1636439247-spread-home-0.0-1789813646;2026-09-19T10:27:26.292666+00:00;2026-09-19T10:27:26.292666+00:00;England - League 2;Walsall vs Port Vale;1636439247;spread;home;0.0;1.82;1.73;4.945;0;1.04;0.66;1
1636463909-spread-away-0.5-1789813646;2026-09-19T10:27:26.292666+00:00;2026-09-19T10:27:26.292666+00:00;England - League 2;Crewe Alexandra vs Shrewsbury Town;1636463909;spread;away;0.5;1.952;1.917;1.793;0;3.54;3.16;1
1636463847-spread-away--0.0-1789813646;2026-09-19T10:27:26.292666+00:00;2026-09-19T10:27:26.292666+00:00;England - League 2;Northampton Town vs Rotherham United;1636463847;spread;away;-0.0;1.952;1.926;1.332;0;3.54;3.16;1
1636480663-spread-away-1.0-1789813646;2026-09-19T10:27:26.292666+00:00;2026-09-19T10:27:26.292666+00:00;England - League 2;Barnet vs Fleetwood Town;1636480663;spread;away;1.0;1.943;1.813;6.691;0;3.54;3.16;1
1636442638-spread-home-0.0-1789813646;2026-09-19T10:27:26.292666+00:00;2026-09-19T10:27:26.292666+00:00;England - League 2;Rochdale vs Oldham Athletic;1636442638;spread;home;0.0;1.901;1.877;1.262;0;1.04;0.66;1
1636442637-spread-home-0.0-1789813646;2026-09-19T10:27:26.292666+00:00;2026-09-19T10:27:26.292666+00:00;England - Championship;Stoke City vs Sheffield United;1636442637;spread;home;0.0;2.0;1.69;15.5;0;1.04;0.66;1
1636480699-spread-away-0.5-1789813646;2026-09-19T10:27:26.292666+00:00;2026-09-19T10:27:26.292666+00:00;Italy - Serie B;Sampdoria vs Catanzaro;1636480699;spread;away;0.5;1.917;1.833;4.382;0;4.79;4.41;1
1636454968-spread-home-0.5-1789813646;2026-09-19T10:27:26.292666+00:00;2026-09-19T10:27:26.292666+00:00;Italy - Serie B;Carrarese vs Benevento;1636454968;spread;home;0.5;1.84;1.775;3.533;0;2.54;2.16;1
1636618658-spread-away--0.0-1789813646;2026-09-19T10:27:26.292666+00:00;2026-09-19T10:27:26.292666+00:00;Brazil - Gaucho 2;APAFUT vs Uniao Frederiquense;1636618658;spread;away;-0.0;2.0;1.971;1.45;0;7.54;7.16;1
1636486543-spread-home-0.5-1789813646;2026-09-19T10:27:26.292666+00:00;2026-09-19T10:27:26.292666+00:00;Spain - Segunda Division;Cadiz vs Girona;1636486543;spread;home;0.5;1.909;1.826;4.348;0;8.54;8.16;1
1636463906-spread-away--0.0-1789813646;2026-09-19T10:27:26.292666+00:00;2026-09-19T10:27:26.292666+00:00;Scotland - League Two;Kelty Hearts vs Edinburgh City;1636463906;spread;away;-0.0;1.971;1.909;3.146;0;3.54;3.16;1
1636498734-spread-home--0.5-1789813646;2026-09-19T10:27:26.292666+00:00;2026-09-19T10:27:26.292666+00:00;Brazil - Serie B;Sport Recife vs Juventude;1636498734;spread;home;-0.5;2.01;1.885;6.219;0;9.04;8.66;1
1636498727-spread-away--0.0-1789813646;2026-09-19T10:27:26.292666+00:00;2026-09-19T10:27:26.292666+00:00;Argentina - Primera B Nacional;San Telmo vs Estudiantes de Caseros;1636498727;spread;away;-0.0;1.99;1.806;9.246;0;8.04;7.66;1
1635957957-spread-home-0.5-1789813646;2026-09-19T10:27:26.292666+00:00;2026-09-19T10:27:26.292666+00:00;Austria - Bundesliga;Austria Lustenau vs SCR Altach;1635957957;spread;home;0.5;1.952;1.775;9.068;0;4.54;4.16;1
1635984749-spread-away--0.0-1789813646;2026-09-19T10:27:26.292666+00:00;2026-09-19T10:27:26.292666+00:00;Austria - Bundesliga;Grazer AK vs Austria Vienna;1635984749;spread;away;-0.0;1.926;1.901;1.298;0;7.04;6.66;1
1635984749-spread-home--0.5-1789813646;2026-09-19T10:27:26.292666+00:00;2026-09-19T10:27:26.292666+00:00;Austria - Bundesliga;Grazer AK vs Austria Vienna;1635984749;spread;home;-0.5;2.01;1.84;8.458;0;7.04;6.66;1
1636886985-spread-away--0.0-1789813646;2026-09-19T10:27:26.292666+00:00;2026-09-19T10:27:26.292666+00:00;Argentina - Primera C Metropolitana;Juventud Unida San Miguel vs Centro Espanol;1636886985;spread;away;-0.0;1.694;1.676;1.063;0;7.53;7.16;1
1636463837-spread-away--0.5-1789813646;2026-09-19T10:27:26.292666+00:00;2026-09-19T10:27:26.292666+00:00;Finland - Veikkausliiga;VPS vs KuPS;1636463837;spread;away;-0.5;2.03;1.855;8.621;0;3.53;3.16;1
1636486465-spread-away-0.5-1789813646;2026-09-19T10:27:26.292666+00:00;2026-09-19T10:27:26.292666+00:00;Switzerland - Super League;Young Boys vs Servette;1636486465;spread;away;0.5;2.0;1.862;6.9;0;5.53;5.16;1
1636480718-spread-home--1.0-1789813646;2026-09-19T10:27:26.292666+00:00;2026-09-19T10:27:26.292666+00:00;Switzerland - Super League;FC Luzern vs Grasshopper Club Zurich;1636480718;spread;home;-1.0;2.07;1.909;7.778;0;5.53;5.16;1
1636480718-spread-away-1.0-1789813646;2026-09-19T10:27:26.292666+00:00;2026-09-19T10:27:26.292666+00:00;Switzerland - Super League;FC Luzern vs Grasshopper Club Zurich;1636480718;spread;away;1.0;1.84;1.806;1.848;0;5.53;5.16;1
1636581425-spread-home-1.0-1789813646;2026-09-19T10:27:26.292666+00:00;2026-09-19T10:27:26.292666+00:00;Finland - Ykkosliiga;Mikkelin Palloilijat vs JIPPO;1636581425;spread;home;1.0;1.847;1.813;1.841;0;2.53;2.16;1
1636581425-spread-home-2.0-1789813646;2026-09-19T10:27:26.292666+00:00;2026-09-19T10:27:26.292666+00:00;Finland - Ykkosliiga;Mikkelin Palloilijat vs JIPPO;1636581425;spread;home;2.0;1.84;1.781;3.207;0;2.53;2.16;1
1636483868-spread-home-0.0-1789813646;2026-09-19T10:27:26.292666+00:00;2026-09-19T10:27:26.292666+00:00;Finland - Ykkosliiga;SJK Akatemia vs KaPa;1636483868;spread;home;0.0;2.04;1.769;13.284;0;4.53;4.16;2
1635957949-spread-home-0.0-1789813646;2026-09-19T10:27:26.292666+00:00;2026-09-19T10:27:26.292666+00:00;Germany - Bundesliga;Werder Bremen vs Augsburg;1635957949;spread;home;0.0;1.98;1.787;9.747;0;3.03;2.66;1
1635980439-spread-home-0.0-1789813646;2026-09-19T10:27:26.292666+00:00;2026-09-19T10:27:26.292666+00:00;Germany - Bundesliga;Stuttgart vs Borussia Dortmund;1635980439;spread;home;0.0;2.06;1.87;9.223;0;6.03;5.66;1
1635980439-total-over-3.5-1789813646;2026-09-19T10:27:26.292666+00:00;2026-09-19T10:27:26.292666+00:00;Germany - Bundesliga;Stuttgart vs Borussia Dortmund;1635980439;total;over;3.5;2.0;1.952;2.4;0;6.03;5.66;1
1635984810-total-over-4.5-1789813646;2026-09-19T10:27:26.292666+00:00;2026-09-19T10:27:26.292666+00:00;Germany - Bundesliga;Hamburger SV vs FC Koln;1635984810;total;over;4.5;2.08;1.877;9.76;0;3.03;2.66;1
1636454966-spread-home-0.0-1789813646;2026-09-19T10:27:26.292666+00:00;2026-09-19T10:27:26.292666+00:00;Finland - Ykkonen;SalPa vs Tampere United;1636454966;spread;home;0.0;1.794;1.758;2.007;0;2.53;2.16;1
1635919015-spread-away--0.0-1789813646;2026-09-19T10:27:26.292666+00:00;2026-09-19T10:27:26.292666+00:00;England - National League;Hornchurch vs Scunthorpe United;1635919015;spread;away;-0.0;2.04;1.877;7.99;0;6.03;5.66;2
1635870493-spread-away--0.0-1789813646;2026-09-19T10:27:26.292666+00:00;2026-09-19T10:27:26.292666+00:00;England - National League;Hartlepool United vs Worthing;1635870493;spread;away;-0.0;2.1;1.909;9.095;0;1.03;0.66;1
1635855495-spread-home--0.5-1789813646;2026-09-19T10:27:26.292666+00:00;2026-09-19T10:27:26.292666+00:00;England - National League;Tamworth vs Wealdstone;1635855495;spread;home;-0.5;1.952;1.926;1.332;0;1.03;0.66;1
1635855495-spread-away-0.5-1789813646;2026-09-19T10:27:26.292666+00:00;2026-09-19T10:27:26.292666+00:00;England - National League;Tamworth vs Wealdstone;1635855495;spread;away;0.5;1.901;1.806;4.997;0;1.03;0.66;1
1636611976-spread-away--0.0-1789813646;2026-09-19T10:27:26.292666+00:00;2026-09-19T10:27:26.292666+00:00;Armenia - Premier League;BKMA Yerevan vs Sardarapat;1636611976;spread;away;-0.0;1.82;1.8;1.099;0;4.53;4.16;1
1636681671-spread-home-0.0-1789813646;2026-09-19T10:27:26.292666+00:00;2026-09-19T10:27:26.292666+00:00;Argentina - Primera B Metropolitana;Real Pilar vs Arsenal de Sarandi;1636681671;spread;home;0.0;2.06;2.02;1.942;0;7.53;7.15;1
1635113774-spread-home--0.5-1789813646;2026-09-19T10:27:26.292666+00:00;2026-09-19T10:27:26.292666+00:00;England - League 1;Peterborough United vs Doncaster Rovers;1635113774;spread;home;-0.5;1.962;1.787;8.919;0;3.53;3.15;1
1635113877-spread-home-0.0-1789813646;2026-09-19T10:27:26.292666+00:00;2026-09-19T10:27:26.292666+00:00;England - League 1;Leyton Orient vs Stevenage;1635113877;spread;home;0.0;1.82;1.8;1.099;0;3.53;3.15;1
1635113877-spread-away-0.5-1789813646;2026-09-19T10:27:26.292666+00:00;2026-09-19T10:27:26.292666+00:00;England - League 1;Leyton Orient vs Stevenage;1635113877;spread;away;0.5;1.87;1.714;8.342;0;3.53;3.15;1
1635113773-spread-away--0.0-1789813646;2026-09-19T10:27:26.292666+00:00;2026-09-19T10:27:26.292666+00:00;England - League 1;Blackpool vs Plymouth Argyle;1635113773;spread;away;-0.0;1.787;1.719;3.805;0;3.53;3.15;1
1635098693-spread-home--0.5-1789813646;2026-09-19T10:27:26.292666+00:00;2026-09-19T10:27:26.292666+00:00;England - League 1;Burton Albion vs Mansfield Town;1635098693;spread;home;-0.5;2.0;1.813;9.35;0;1.03;0.65;1
1635103358-spread-away--0.0-1789813646;2026-09-19T10:27:26.292666+00:00;2026-09-19T10:27:26.292666+00:00;England - League 1;Oxford United vs Cambridge United;1635103358;spread;away;-0.0;1.935;1.877;2.997;0;3.53;3.15;1
1635103357-spread-away--0.5-1789813646;2026-09-19T10:27:26.292666+00:00;2026-09-19T10:27:26.292666+00:00;England - League 1;Sheffield Wednesday vs Stockport County;1635103357;spread;away;-0.5;1.917;1.794;6.416;0;3.53;3.15;1
1635909036-spread-away-0.5-1789813646;2026-09-19T10:27:26.292666+00:00;2026-09-19T10:27:26.292666+00:00;Poland - 1st Liga;Polonia Warsaw vs Chrobry Glogow;1635909036;spread;away;0.5;2.0;1.926;3.7;0;3.03;2.65;1
1636480656-spread-away-0.5-1789813646;2026-09-19T10:27:26.292666+00:00;2026-09-19T10:27:26.292666+00:00;Scotland - Championship;Livingston vs Inverness CT;1636480656;spread;away;0.5;2.01;1.952;2.886;0;3.53;3.15;1
1636463901-spread-away-0.5-1789813646;2026-09-19T10:27:26.292666+00:00;2026-09-19T10:27:26.292666+00:00;Scotland - Championship;Partick Thistle vs Raith Rovers;1636463901;spread;away;0.5;1.943;1.877;3.397;0;3.53;3.15;1
1636483904-total-under-2.5-1789813646;2026-09-19T10:27:26.292666+00:00;2026-09-19T10:27:26.292666+00:00;Spain - Tercera Division;Las Palmas III vs Union Sur Yaiza;1636483904;total;under;2.5;1.885;1.763;6.472;0;5.53;5.15;1
1636642422-spread-away--0.0-1789813646;2026-09-19T10:27:26.292666+00:00;2026-09-19T10:27:26.292666+00:00;Spain - Tercera Division;CD Llosetense vs Formentera;1636642422;spread;away;-0.0;1.99;1.962;1.407;0;3.53;3.15;1
1637050751-spread-away--0.0-1789813646;2026-09-19T10:27:26.292666+00:00;2026-09-19T10:27:26.292666+00:00;Spain - Tercera Division;Recreativo Huelva II vs Real Betis III;1637050751;spread;away;-0.0;1.99;1.962;1.407;0;5.53;5.15;1
1636612004-spread-away--0.0-1789813646;2026-09-19T10:27:26.292666+00:00;2026-09-19T10:27:26.292666+00:00;Uruguay - Segunda Division;Miramar Misiones vs Uruguay Montevideo;1636612004;spread;away;-0.0;2.04;2.0;1.961;0;5.53;5.15;1
1636439281-spread-away--0.0-1789813646;2026-09-19T10:27:26.292666+00:00;2026-09-19T10:27:26.292666+00:00;Netherlands - Tweede Divisie;HHC Hardenberg vs Kozakken Boys;1636439281;spread;away;-0.0;2.02;1.99;1.485;0;2.03;1.65;1
1636518754-spread-home-0.5-1789813646;2026-09-19T10:27:26.292666+00:00;2026-09-19T10:27:26.292666+00:00;Turkey - 1st League;Batman Petrolspor vs Bursaspor;1636518754;spread;home;0.5;1.962;1.709;12.895;0;6.52;6.15;1
1636483870-spread-away--0.0-1789813646;2026-09-19T10:27:26.292666+00:00;2026-09-19T10:27:26.292666+00:00;Croatia - HNL;Varazdin vs Osijek;1636483870;spread;away;-0.0;1.971;1.826;7.357;0;4.52;4.15;1
1636640783-spread-away--0.0-1789813646;2026-09-19T10:27:26.292666+00:00;2026-09-19T10:27:26.292666+00:00;Faroe Islands - Premier League;B68 Toftir vs Eb/Streymur;1636640783;spread;away;-0.0;1.787;1.769;1.007;0;4.02;3.65;1
1635909172-spread-away--0.5-1789813646;2026-09-19T10:27:26.292666+00:00;2026-09-19T10:27:26.292666+00:00;England - Premier League;Brighton vs Arsenal;1635909172;spread;away;-0.5;2.04;1.952;4.314;0;3.52;3.15;1
1635909174-total-over-4.5-1789813646;2026-09-19T10:27:26.292666+00:00;2026-09-19T10:27:26.292666+00:00;England - Premier League;Tottenham Hotspur vs Aston Villa;1635909174;total;over;4.5;2.01;1.813;9.801;0;1.02;0.65;1
1636454934-spread-home-0.5-1789813646;2026-09-19T10:27:26.292666+00:00;2026-09-19T10:27:26.292666+00:00;France - Ligue 2;Boulogne vs Nantes;1636454934;spread;home;0.5;1.909;1.862;2.462;0;1.52;1.15;1
1636442626-spread-home-0.0-1789813646;2026-09-19T10:27:26.292666+00:00;2026-09-19T10:27:26.292666+00:00;Bulgaria - First League;Dunav Ruse vs Botev Vratsa;1636442626;spread;home;0.0;2.15;2.01;6.512;0;0.52;0.15;1
1636434678-spread-away--0.0-1789813646;2026-09-19T10:27:26.292666+00:00;2026-09-19T10:27:26.292666+00:00;Sweden - Superettan;Nordic United vs Landskrona;1636434678;spread;away;-0.0;2.02;1.962;2.871;0;0.52;0.15;1
1636434678-spread-home--0.5-1789813646;2026-09-19T10:27:26.292666+00:00;2026-09-19T10:27:26.292666+00:00;Sweden - Superettan;Nordic United vs Landskrona;1636434678;spread;home;-0.5;1.971;1.775;9.944;0;0.52;0.15;1
1636434677-spread-home-1.5-1789813646;2026-09-19T10:27:26.292666+00:00;2026-09-19T10:27:26.292666+00:00;Sweden - Superettan;Osters vs Norrkoping;1636434677;spread;home;1.5;1.862;1.84;1.182;0;0.52;0.15;1
1636434670-spread-away-0.5-1789813646;2026-09-19T10:27:26.292666+00:00;2026-09-19T10:27:26.292666+00:00;Japan - J League;Yokohama F. Marinos vs Mito HollyHock;1636434670;spread;away;0.5;1.962;1.758;10.398;0;0.02;0;1
1636434670-total-over-2.5-1789813646;2026-09-19T10:27:26.292666+00:00;2026-09-19T10:27:26.292666+00:00;Japan - J League;Yokohama F. Marinos vs Mito HollyHock;1636434670;total;over;2.5;1.98;1.952;1.414;0;0.02;0;1
1637040381-spread-home-0.0-1789813646;2026-09-19T10:27:26.292666+00:00;2026-09-19T10:27:26.292666+00:00;Denmark - Denmark Series;Viby vs Vorup FB;1637040381;spread;home;0.0;1.84;1.82;1.087;0;0.52;0.15;1
1636439246-spread-home-0.0-1789813646;2026-09-19T10:27:26.292666+00:00;2026-09-19T10:27:26.292666+00:00;China - League Two;Hangzhou Linping Wuyue vs Shanghai Port II;1636439246;spread;home;0.0;2.06;2.02;1.942;0;1.02;0.65;1
1636454965-spread-away--0.0-1789813646;2026-09-19T10:27:26.292666+00:00;2026-09-19T10:27:26.292666+00:00;Czech Republic - 3. Liga;Pribram II vs Dukla Prague II;1636454965;spread;away;-0.0;2.0;1.971;1.45;0;2.52;2.14;1
1636531169-total-over-3.5-1789813646;2026-09-19T10:27:26.292666+00:00;2026-09-19T10:27:26.292666+00:00;Norway - 2nd Division;Sandviken vs Vidar;1636531169;total;over;3.5;1.855;1.82;1.887;0;2.52;2.14;1
1636555318-spread-away--0.0-1789813646;2026-09-19T10:27:26.292666+00:00;2026-09-19T10:27:26.292666+00:00;England - Southern Premier League South;Bracknell Town vs Havant and Waterlooville;1636555318;spread;away;-0.0;2.03;2.0;1.478;0;3.52;3.14;1
1636486488-total-over-2.5-1789813646;2026-09-19T10:27:26.292666+00:00;2026-09-19T10:27:26.292666+00:00;Spain - Primera Federacion;Coria vs Real Aviles;1636486488;total;over;2.5;2.0;1.971;1.45;0;6.27;5.89;1
1636498219-spread-home-0.0-1789813646;2026-09-19T10:27:26.292666+00:00;2026-09-19T10:27:26.292666+00:00;South Africa - 1st Division;The Bees vs Lerumo Lions;1636498219;spread;home;0.0;1.971;1.943;1.421;0;2.52;2.14;1
1635870505-spread-home--0.5-1789813646;2026-09-19T10:27:26.292666+00:00;2026-09-19T10:27:26.292666+00:00;Denmark - Division 1;Akademisk Boldklub vs Esbjerg fB;1635870505;spread;home;-0.5;2.02;1.84;8.911;0;1.52;1.14;1
1635855505-spread-home-0.0-1789813646;2026-09-19T10:27:26.292666+00:00;2026-09-19T10:27:26.292666+00:00;Denmark - Division 1;Aarhus Fremad vs Hvidovre;1635855505;spread;home;0.0;1.909;1.758;7.91;0;1.52;1.14;1
1635918931-total-over-4.5-1789813646;2026-09-19T10:27:26.292666+00:00;2026-09-19T10:27:26.292666+00:00;Spain - La Liga;Celta Vigo vs Racing Santander;1635918931;total;over;4.5;2.06;1.952;5.243;0;6.01;5.64;1
1636486485-spread-home-0.0-1789813646;2026-09-19T10:27:26.292666+00:00;2026-09-19T10:27:26.292666+00:00;Israel - Premier League;Maccabi Petah Tikva vs Hapoel Jerusalem;1636486485;spread;home;0.0;1.813;1.735;4.302;0;6.01;5.64;1
1636463954-spread-away-1.0-1789813646;2026-09-19T10:27:26.292666+00:00;2026-09-19T10:27:26.292666+00:00;Slovenia - Prva Liga;Koper vs Nafta;1636463954;spread;away;1.0;1.877;1.806;3.783;0;5.01;4.64;1
1636498141-spread-away--0.0-1789813646;2026-09-19T10:27:26.292666+00:00;2026-09-19T10:27:26.292666+00:00;Spain - Segunda Federacion;Club Portugalete vs Coruxo;1636498141;spread;away;-0.0;2.06;2.0;2.913;0;7.01;6.64;1
1636531231-spread-away--0.0-1789813646;2026-09-19T10:27:26.292666+00:00;2026-09-19T10:27:26.292666+00:00;Spain - Segunda Federacion;Atletico Astorga vs Marino de Luanco;1636531231;spread;away;-0.0;2.07;2.04;1.449;0;4.51;4.14;1
1636531193-spread-away--0.0-1789813646;2026-09-19T10:27:26.292666+00:00;2026-09-19T10:27:26.292666+00:00;Spain - Segunda Federacion;Castellonense vs Cieza;1636531193;spread;away;-0.0;1.98;1.952;1.414;0;6.76;6.39;1
1636531366-spread-home--0.5-1789813646;2026-09-19T10:27:26.292666+00:00;2026-09-19T10:27:26.292666+00:00;Spain - Segunda Federacion;Atletico Paso vs Atletico Madrid III;1636531366;spread;home;-0.5;2.01;1.971;1.94;0;7.01;6.64;1
1636618575-total-over-1.5-1789813646;2026-09-19T10:27:26.292666+00:00;2026-09-19T10:27:26.292666+00:00;Israel - Liga Bet;Shefaram vs Maccabi Bnei Abu Snan;1636618575;total;over;1.5;1.794;1.746;2.676;0;3.01;2.64;1
1635920654-spread-away--0.5-1789813646;2026-09-19T10:27:26.292666+00:00;2026-09-19T10:27:26.292666+00:00;Slovakia - Super Liga;Komarno vs Slovan Bratislava;1635920654;spread;away;-0.5;2.04;1.962;3.824;0;8.01;7.64;1
1635909153-spread-away-0.5-1789813646;2026-09-19T10:27:26.292666+00:00;2026-09-19T10:27:26.292666+00:00;Slovakia - Super Liga;FC Kosice vs Ruzomberok;1635909153;spread;away;0.5;1.952;1.833;6.096;0;5.51;5.14;1
1636463834-spread-home--0.5-1789813646;2026-09-19T10:27:26.292666+00:00;2026-09-19T10:27:26.292666+00:00;Belgium - Pro League;Oud-Heverlee Leuven vs RAAL La Louviere;1636463834;spread;home;-0.5;1.962;1.769;9.837;0;3.51;3.13;1
1636486539-spread-home-0.5-1789813646;2026-09-19T10:27:26.292666+00:00;2026-09-19T10:27:26.292666+00:00;Belgium - Pro League;Lommel vs Mechelen;1636486539;spread;home;0.5;1.806;1.719;4.817;0;8.26;7.88;1
1636316316-spread-away-0.5-1789813646;2026-09-19T10:27:26.292666+00:00;2026-09-19T10:27:26.292666+00:00;Czech Republic - First Liga;Mlada Boleslav vs Zbrojovka Brno;1636316316;spread;away;0.5;1.855;1.704;8.14;0;2.51;2.13;1
1635919015-spread-away--0.0-1789815615;2026-09-19T11:00:15.349689+00:00;2026-09-19T11:00:15.349689+00:00;England - National League;Hornchurch vs Scunthorpe United;1635919015;spread;away;-0.0;2.04;1.877;7.99;0;5.49;5.12;1
1635855495-spread-home--0.5-1789815615;2026-09-19T11:00:15.349689+00:00;2026-09-19T11:00:15.349689+00:00;England - National League;Tamworth vs Wealdstone;1635855495;spread;home;-0.5;1.952;1.926;1.332;0;0.49;0.12;1
1635855495-spread-away-0.5-1789815615;2026-09-19T11:00:15.349689+00:00;2026-09-19T11:00:15.349689+00:00;England - National League;Tamworth vs Wealdstone;1635855495;spread;away;0.5;1.901;1.806;4.997;0;0.49;0.12;1
1636498798-spread-home--0.5-1789815615;2026-09-19T11:00:15.349689+00:00;2026-09-19T11:00:15.349689+00:00;Turkey - 1st League;Keciorengucu vs Sivasspor;1636498798;spread;home;-0.5;1.935;1.763;8.889;0;2.99;2.61;1
1635980522-spread-away--0.0-1789815615;2026-09-19T11:00:15.349689+00:00;2026-09-19T11:00:15.349689+00:00;Italy - Serie A;Roma vs Internazionale;1635980522;spread;away;-0.0;1.943;1.68;13.536;0;4.99;4.61;1
1635980523-spread-away--0.5-1789815615;2026-09-19T11:00:15.349689+00:00;2026-09-19T11:00:15.349689+00:00;Italy - Serie A;Venezia vs Lazio;1635980523;spread;away;-0.5;2.1;1.943;7.476;0;7.74;7.36;1
1636486521-spread-home-0.5-1789815615;2026-09-19T11:00:15.349689+00:00;2026-09-19T11:00:15.349689+00:00;France - Ligue 2;Metz vs Saint-Etienne;1636486521;spread;home;0.5;1.885;1.855;1.592;0;6.99;6.61;1
1636486521-spread-away--0.5-1789815615;2026-09-19T11:00:15.349689+00:00;2026-09-19T11:00:15.349689+00:00;France - Ligue 2;Metz vs Saint-Etienne;1636486521;spread;away;-0.5;2.01;1.87;6.965;0;6.99;6.61;1
1636463798-spread-away--0.0-1789815615;2026-09-19T11:00:15.349689+00:00;2026-09-19T11:00:15.349689+00:00;Austria - 2. Liga;Sturm Graz II vs Wacker Innsbruck;1636463798;spread;away;-0.0;2.07;1.769;14.541;0;2.49;2.11;1
1636442695-spread-home-0.5-1789815615;2026-09-19T11:00:15.349689+00:00;2026-09-19T11:00:15.349689+00:00;Bulgaria - First League;Septemvri Sofia vs Botev Plovdiv;1636442695;spread;home;0.5;1.943;1.909;1.75;0;2.49;2.11;1
1636442695-spread-away--0.5-1789815615;2026-09-19T11:00:15.349689+00:00;2026-09-19T11:00:15.349689+00:00;Bulgaria - First League;Septemvri Sofia vs Botev Plovdiv;1636442695;spread;away;-0.5;1.909;1.813;5.029;0;2.49;2.11;1
1636439257-spread-home-0.0-1789815615;2026-09-19T11:00:15.349689+00:00;2026-09-19T11:00:15.349689+00:00;Finland - Veikkausliiga;TPS vs Ilves;1636439257;spread;home;0.0;2.08;1.98;4.808;0;0.98;0.61;1
1636439257-spread-away--0.0-1789815615;2026-09-19T11:00:15.349689+00:00;2026-09-19T11:00:15.349689+00:00;Finland - Veikkausliiga;TPS vs Ilves;1636439257;spread;away;-0.0;1.84;1.8;2.174;0;0.98;0.61;1
1636442669-spread-home--0.5-1789815615;2026-09-19T11:00:15.349689+00:00;2026-09-19T11:00:15.349689+00:00;France - Ligue 3;Paris 13 Atletico vs Bourg-en-Bresse;1636442669;spread;home;-0.5;2.03;1.962;3.35;0;1.73;1.36;1
1636442669-spread-away-0.5-1789815615;2026-09-19T11:00:15.349689+00:00;2026-09-19T11:00:15.349689+00:00;France - Ligue 3;Paris 13 Atletico vs Bourg-en-Bresse;1636442669;spread;away;0.5;1.833;1.769;3.492;0;1.73;1.36;1
1635910286-spread-home-0.0-1789815615;2026-09-19T11:00:15.349689+00:00;2026-09-19T11:00:15.349689+00:00;FIFA - Intercontinental Cup;Mamelodi Sundowns vs Al-Ahli;1635910286;spread;home;0.0;2.03;1.847;9.015;0;1.98;1.6;1
1636480734-spread-away--0.0-1789815615;2026-09-19T11:00:15.349689+00:00;2026-09-19T11:00:15.349689+00:00;Israel - Premier League;Bnei Sakhnin vs Hapoel Ramat Gan;1636480734;spread;away;-0.0;2.04;1.885;7.598;0;5.48;5.1;1
1635980521-spread-away-0.5-1789815615;2026-09-19T11:00:15.349689+00:00;2026-09-19T11:00:15.349689+00:00;Germany - Bundesliga;Eintracht Frankfurt vs Freiburg;1635980521;spread;away;0.5;1.971;1.741;11.669;0;2.47;2.1;1
1635984810-spread-home-0.0-1789815615;2026-09-19T11:00:15.349689+00:00;2026-09-19T11:00:15.349689+00:00;Germany - Bundesliga;Hamburger SV vs FC Koln;1635984810;spread;home;0.0;2.04;1.971;3.382;0;2.47;2.1;1
1635984810-spread-away--0.0-1789815615;2026-09-19T11:00:15.349689+00:00;2026-09-19T11:00:15.349689+00:00;Germany - Bundesliga;Hamburger SV vs FC Koln;1635984810;spread;away;-0.0;1.893;1.826;3.539;0;2.47;2.1;1
1635980439-spread-away--0.0-1789815615;2026-09-19T11:00:15.349689+00:00;2026-09-19T11:00:15.349689+00:00;Germany - Bundesliga;Stuttgart vs Borussia Dortmund;1635980439;spread;away;-0.0;2.06;1.714;16.796;0;5.47;5.1;1
1635980513-spread-away-0.5-1789815615;2026-09-19T11:00:15.349689+00:00;2026-09-19T11:00:15.349689+00:00;France - Ligue 1;Le Mans vs Lorient;1635980513;spread;away;0.5;1.926;1.746;9.346;0;7.72;7.35;1
1635985152-spread-home--0.5-1789815615;2026-09-19T11:00:15.349689+00:00;2026-09-19T11:00:15.349689+00:00;France - Ligue 1;Angers vs Troyes;1635985152;spread;home;-0.5;2.12;1.87;11.792;0;7.72;7.35;1
1636048887-spread-home-0.0-1789815615;2026-09-19T11:00:15.349689+00:00;2026-09-19T11:00:15.349689+00:00;Brazil - Serie A;Remo vs Santos;1636048887;spread;home;0.0;2.11;1.8;14.692;0;10.47;10.09;1
1635886171-spread-home-0.0-1789815615;2026-09-19T11:00:15.349689+00:00;2026-09-19T11:00:15.349689+00:00;Northern Ireland - Premiership;Bangor vs Portadown;1635886171;spread;home;0.0;2.04;1.763;13.578;0;2.97;2.59;1
1636486482-spread-home-0.0-1789815615;2026-09-19T11:00:15.349689+00:00;2026-09-19T11:00:15.349689+00:00;Spain - Segunda Division;Eldense vs Eibar;1636486482;spread;home;0.0;2.14;1.847;13.692;0;5.47;5.09;1
1636442645-spread-away--0.5-1789815615;2026-09-19T11:00:15.349689+00:00;2026-09-19T11:00:15.349689+00:00;Spain - Segunda Division;Real Sociedad II vs Mallorca;1636442645;spread;away;-0.5;2.1;1.847;12.048;0;0.97;0.59;1
1636463900-spread-home--0.5-1789815615;2026-09-19T11:00:15.349689+00:00;2026-09-19T11:00:15.349689+00:00;Scotland - Championship;Stenhousemuir vs Arbroath;1636463900;spread;home;-0.5;1.99;1.893;4.874;0;2.97;2.59;1
1636463900-spread-away-0.5-1789815615;2026-09-19T11:00:15.349689+00:00;2026-09-19T11:00:15.349689+00:00;Scotland - Championship;Stenhousemuir vs Arbroath;1636463900;spread;away;0.5;1.862;1.826;1.933;0;2.97;2.59;1
1636463911-spread-away--0.5-1789815615;2026-09-19T11:00:15.349689+00:00;2026-09-19T11:00:15.349689+00:00;England - League 2;Gillingham vs Bristol Rovers;1636463911;spread;away;-0.5;2.06;1.781;13.544;0;2.97;2.59;1
1636498154-spread-away--0.0-1789815615;2026-09-19T11:00:15.349689+00:00;2026-09-19T11:00:15.349689+00:00;South Africa - PSL;Kruger United vs Stellenbosch;1636498154;spread;away;-0.0;1.909;1.8;5.71;0;6.97;6.59;1
1636216729-spread-home-0.0-1789815615;2026-09-19T11:00:15.349689+00:00;2026-09-19T11:00:15.349689+00:00;Colombia - Primera A;Alianza Valledupar vs Independiente Santa Fe;1636216729;spread;home;0.0;2.02;1.769;12.426;0;10.05;9.67;1
1636498818-spread-home-0.0-1789815615;2026-09-19T11:00:15.349689+00:00;2026-09-19T11:00:15.349689+00:00;Finland - Ykkonen;PK Keski-Uusimaa vs RoPS;1636498818;spread;home;0.0;1.935;1.862;3.773;0;1.97;1.59;1
1636498818-spread-away--0.0-1789815615;2026-09-19T11:00:15.349689+00:00;2026-09-19T11:00:15.349689+00:00;Finland - Ykkonen;PK Keski-Uusimaa vs RoPS;1636498818;spread;away;-0.0;1.885;1.862;1.22;0;1.97;1.59;1
1635870505-spread-away-0.5-1789815615;2026-09-19T11:00:15.349689+00:00;2026-09-19T11:00:15.349689+00:00;Denmark - Division 1;Akademisk Boldklub vs Esbjerg fB;1635870505;spread;away;0.5;1.99;1.833;7.889;0;0.97;0.59;1
1635909035-spread-home--0.5-1789815615;2026-09-19T11:00:15.349689+00:00;2026-09-19T11:00:15.349689+00:00;Poland - 1st Liga;Nieciecza vs Odra Opole;1635909035;spread;home;-0.5;1.962;1.794;8.563;0;2.46;2.09;1
1636463908-spread-home-0.0-1789815615;2026-09-19T11:00:15.349689+00:00;2026-09-19T11:00:15.349689+00:00;England - Championship;Wrexham vs Southampton;1636463908;spread;home;0.0;2.08;1.952;6.154;0;2.96;2.59;1
1636463908-spread-away--0.0-1789815615;2026-09-19T11:00:15.349689+00:00;2026-09-19T11:00:15.349689+00:00;England - Championship;Wrexham vs Southampton;1636463908;spread;away;-0.0;1.84;1.794;2.5;0;2.96;2.59;1
1636480666-spread-home-0.0-1789815615;2026-09-19T11:00:15.349689+00:00;2026-09-19T11:00:15.349689+00:00;England - Championship;Birmingham City vs Middlesbrough;1636480666;spread;home;0.0;2.05;1.826;10.927;0;2.96;2.59;2
1636480666-spread-away--0.0-1789816108;2026-09-19T11:08:28.993555+00:00;2026-09-19T11:08:28.993555+00:00;England - Championship;Birmingham City vs Middlesbrough;1636480666;spread;away;-0.0;1.917;1.87;2.452;0;2.86;2.48;1
1636463775-spread-home-0.5-1789816108;2026-09-19T11:08:28.993555+00:00;2026-09-19T11:08:28.993555+00:00;Sweden - Allsvenskan;Vasteras vs Malmo;1636463775;spread;home;0.5;1.855;1.82;1.887;0;1.86;1.48;1
1636463775-spread-away--0.5-1789816108;2026-09-19T11:08:28.993555+00:00;2026-09-19T11:08:28.993555+00:00;Sweden - Allsvenskan;Vasteras vs Malmo;1636463775;spread;away;-0.5;2.06;1.909;7.33;0;1.86;1.48;1
1636598057-spread-away--2.0-1789816108;2026-09-19T11:08:28.993555+00:00;2026-09-19T11:08:28.993555+00:00;Sweden - Damallsvenskan;Eskilstuna United vs Hacken;1636598057;spread;away;-2.0;1.99;1.877;5.678;0;1.86;1.48;1
1636216729-spread-away--0.0-1789816108;2026-09-19T11:08:28.993555+00:00;2026-09-19T11:08:28.993555+00:00;Colombia - Primera A;Alianza Valledupar vs Independiente Santa Fe;1636216729;spread;away;-0.0;1.952;1.84;5.738;0;9.94;9.56;1
1635980521-spread-home--0.5-1789816108;2026-09-19T11:08:28.993555+00:00;2026-09-19T11:08:28.993555+00:00;Germany - Bundesliga;Eintracht Frankfurt vs Freiburg;1635980521;spread;home;-0.5;2.02;1.82;9.901;0;2.35;1.97;1
1635980439-spread-home-0.0-1789816108;2026-09-19T11:08:28.993555+00:00;2026-09-19T11:08:28.993555+00:00;Germany - Bundesliga;Stuttgart vs Borussia Dortmund;1635980439;spread;home;0.0;2.06;1.87;9.223;0;5.35;4.97;1
1635098693-spread-away--0.0-1789816108;2026-09-19T11:08:28.993555+00:00;2026-09-19T11:08:28.993555+00:00;England - League 1;Burton Albion vs Mansfield Town;1635098693;spread;away;-0.0;2.07;1.917;7.391;0;0.35;0;1
1635919015-spread-home-0.0-1789816108;2026-09-19T11:08:28.993555+00:00;2026-09-19T11:08:28.993555+00:00;England - National League;Hornchurch vs Scunthorpe United;1635919015;spread;home;0.0;1.84;1.82;1.087;0;5.35;4.97;1
1636048887-spread-away--0.0-1789816108;2026-09-19T11:08:28.993555+00:00;2026-09-19T11:08:28.993555+00:00;Brazil - Serie A;Remo vs Santos;1636048887;spread;away;-0.0;1.952;1.806;7.48;0;10.34;9.97;1
1635980513-spread-home--0.5-1789816108;2026-09-19T11:08:28.993555+00:00;2026-09-19T11:08:28.993555+00:00;France - Ligue 1;Le Mans vs Lorient;1635980513;spread;home;-0.5;2.01;1.87;6.965;0;7.59;7.22;1
1636486528-spread-home-0.0-1789816108;2026-09-19T11:08:28.993555+00:00;2026-09-19T11:08:28.993555+00:00;Peru - Liga 1;FC Cajamarca vs Cusco;1636486528;spread;home;0.0;1.99;1.926;3.216;0;6.84;6.46;1
1636486528-spread-away--0.0-1789816108;2026-09-19T11:08:28.993555+00:00;2026-09-19T11:08:28.993555+00:00;Peru - Liga 1;FC Cajamarca vs Cusco;1636486528;spread;away;-0.0;1.833;1.787;2.51;0;6.84;6.46;1
1635910286-spread-away--0.0-1789816108;2026-09-19T11:08:28.993555+00:00;2026-09-19T11:08:28.993555+00:00;FIFA - Intercontinental Cup;Mamelodi Sundowns vs Al-Ahli;1635910286;spread;away;-0.0;1.877;1.826;2.717;0;1.84;1.46;1
1635870527-spread-away--0.0-1789816108;2026-09-19T11:08:28.993555+00:00;2026-09-19T11:08:28.993555+00:00;Spain - La Liga;Osasuna vs Rayo Vallecano;1635870527;spread;away;-0.0;1.98;1.847;6.717;0;0.84;0.46;1
1635909035-spread-away-0.5-1789816108;2026-09-19T11:08:28.993555+00:00;2026-09-19T11:08:28.993555+00:00;Poland - 1st Liga;Nieciecza vs Odra Opole;1635909035;spread;away;0.5;1.917;1.885;1.669;0;2.34;1.96;1
1636439245-spread-home-0.5-1789816108;2026-09-19T11:08:28.993555+00:00;2026-09-19T11:08:28.993555+00:00;China - League One;Meizhou Hakka vs Shijiazhuang Gongfu;1636439245;spread;home;0.5;1.885;1.82;3.448;0;0.34;0;1
1636434693-spread-away--1.0-1789816108;2026-09-19T11:08:28.993555+00:00;2026-09-19T11:08:28.993555+00:00;Singapore - Premier League;Young Lions vs Geylang International;1636434693;spread;away;-1.0;1.926;1.82;5.504;0;0.34;0;1
1636463762-spread-home--0.5-1789816108;2026-09-19T11:08:28.993555+00:00;2026-09-19T11:08:28.993555+00:00;France - Ligue 3;Le Puy vs Villefranche;1636463762;spread;home;-0.5;1.917;1.855;3.234;0;1.59;1.21;1
1635980522-spread-home-0.0-1789816108;2026-09-19T11:08:28.993555+00:00;2026-09-19T11:08:28.993555+00:00;Italy - Serie A;Roma vs Internazionale;1635980522;spread;home;0.0;2.11;1.98;6.161;0;4.83;4.46;1
1635980523-spread-home-0.5-1789816108;2026-09-19T11:08:28.993555+00:00;2026-09-19T11:08:28.993555+00:00;Italy - Serie A;Venezia vs Lazio;1635980523;spread;home;0.5;1.87;1.84;1.604;0;7.58;7.21;1
1636463911-spread-home-0.5-1789816108;2026-09-19T11:08:28.993555+00:00;2026-09-19T11:08:28.993555+00:00;England - League 2;Gillingham vs Bristol Rovers;1636463911;spread;home;0.5;1.935;1.806;6.667;0;2.83;2.46;1
1635886171-spread-away--0.0-1789816108;2026-09-19T11:08:28.993555+00:00;2026-09-19T11:08:28.993555+00:00;Northern Ireland - Premiership;Bangor vs Portadown;1635886171;spread;away;-0.0;1.952;1.826;6.455;0;2.83;2.45;1
1636007468-spread-away-0.5-1789816108;2026-09-19T11:08:28.993555+00:00;2026-09-19T11:08:28.993555+00:00;Netherlands - Eredivisie;ADO Den Haag vs Cambuur Leeuwaarden;1636007468;spread;away;0.5;1.909;1.877;1.676;0;3.33;2.95;1
1636506151-spread-home--0.5-1789816108;2026-09-19T11:08:28.993555+00:00;2026-09-19T11:08:28.993555+00:00;Mexico - Liga Premier;Pioneros de Cancun vs Tapachula Soconusco;1636506151;spread;home;-0.5;1.87;1.787;4.439;0;10.33;9.95;1
1636442645-spread-home-0.5-1789816108;2026-09-19T11:08:28.993555+00:00;2026-09-19T11:08:28.993555+00:00;Spain - Segunda Division;Real Sociedad II vs Mallorca;1636442645;spread;home;0.5;1.935;1.82;5.943;0;0.83;0.45;1
1636486482-spread-away--0.0-1789816108;2026-09-19T11:08:28.993555+00:00;2026-09-19T11:08:28.993555+00:00;Spain - Segunda Division;Eldense vs Eibar;1636486482;spread;away;-0.0;1.893;1.794;5.23;0;5.33;4.95;1
1635870504-spread-away--0.0-1789816108;2026-09-19T11:08:28.993555+00:00;2026-09-19T11:08:28.993555+00:00;Germany - 3. Liga;Stuttgart II vs Jahn Regensburg;1635870504;spread;away;-0.0;2.02;1.952;3.366;0;0.82;0.45;1
1636486471-spread-away-1.0-1789816602;2026-09-19T11:16:42.137144+00:00;2026-09-19T11:16:42.137144+00:00;Bulgaria - First League;Arda vs Cherno More;1636486471;spread;away;1.0;1.926;1.769;8.152;0;4.72;4.34;1
1636531208-spread-away-0.5-1789816602;2026-09-19T11:16:42.137144+00:00;2026-09-19T11:16:42.137144+00:00;Croatia - Prva NL;Vukovar vs Jadran Luka Ploce;1636531208;spread;away;0.5;1.87;1.813;3.048;0;3.22;2.84;1
1636463798-spread-home-0.0-1789816602;2026-09-19T11:16:42.137144+00:00;2026-09-19T11:16:42.137144+00:00;Austria - 2. Liga;Sturm Graz II vs Wacker Innsbruck;1636463798;spread;home;0.0;1.952;1.8;7.787;0;2.21;1.84;1
1636531187-spread-away--1.5-1789816602;2026-09-19T11:16:42.137144+00:00;2026-09-19T11:16:42.137144+00:00;Latvia - 1st Liga;JDFS Alberts vs FK Metta;1636531187;spread;away;-1.5;1.877;1.855;1.172;0;1.71;1.33;1
1636439245-total-under-2.5-1789816602;2026-09-19T11:16:42.137144+00:00;2026-09-19T11:16:42.137144+00:00;China - League One;Meizhou Hakka vs Shijiazhuang Gongfu;1636439245;total;under;2.5;1.862;1.813;2.632;0;0.2;0;1
1636442638-spread-home-0.5-1789816602;2026-09-19T11:16:42.137144+00:00;2026-09-19T11:16:42.137144+00:00;England - League 2;Rochdale vs Oldham Athletic;1636442638;spread;home;0.5;1.893;1.813;4.226;0;0.2;0;1
1636439247-spread-away--0.0-1789816602;2026-09-19T11:16:42.137144+00:00;2026-09-19T11:16:42.137144+00:00;England - League 2;Walsall vs Port Vale;1636439247;spread;away;-0.0;2.04;1.935;5.147;0;0.2;0;1
1636578528-total-over-2.5-1789816602;2026-09-19T11:16:42.137144+00:00;2026-09-19T11:16:42.137144+00:00;Argentina - Torneo Federal A;Boca Unidos vs Defensores de Puerto Vilelas;1636578528;total;over;2.5;1.909;1.877;1.676;0;7.2;6.82;1
1636768831-total-over-2.5-1789816602;2026-09-19T11:16:42.137144+00:00;2026-09-19T11:16:42.137144+00:00;France - National 1;Troyes II vs Andrezieux-Boutheon;1636768831;total;over;2.5;1.885;1.847;2.016;0;3.69;3.31;1
1636950920-spread-home--1.0-1789816602;2026-09-19T11:16:42.137144+00:00;2026-09-19T11:16:42.137144+00:00;Brazil - Carioca B1;Niteroiense vs Nova Cidade;1636950920;spread;home;-1.0;1.862;1.84;1.182;0;6.44;6.06;1
1636531200-total-over-2.5-1789816602;2026-09-19T11:16:42.137144+00:00;2026-09-19T11:16:42.137144+00:00;North Macedonia - 2nd League;Makedonija Gjorce Petrov vs Rabotnicki;1636531200;total;over;2.5;1.98;1.909;3.586;0;2.44;2.06;1
1636681672-spread-away--0.0-1789816108;2026-09-19T11:08:28.993555+00:00;2026-09-19T11:24:52.825818+00:00;Argentina - Primera B Metropolitana;Deportivo Camioneros vs Deportivo Armenio;1636681672;spread;away;-0.0;2.04;1.752;14.118;16.4;5.84;5.47;2
1635985152-spread-away-0.5-1789816108;2026-09-19T11:08:28.993555+00:00;2026-09-19T11:24:52.825818+00:00;France - Ligue 1;Angers vs Troyes;1635985152;spread;away;0.5;1.926;1.833;4.829;16.4;7.59;7.22;2
1636483932-spread-home--0.5-1789816108;2026-09-19T11:08:28.993555+00:00;2026-09-19T11:24:52.825818+00:00;Portugal - Primeira Liga;Alverca vs Rio Ave;1636483932;spread;home;-0.5;1.98;1.909;3.586;16.4;5.84;5.47;2
1635870527-total-under-2.5-1789816108;2026-09-19T11:08:28.993555+00:00;2026-09-19T11:24:52.825818+00:00;Spain - La Liga;Osasuna vs Rayo Vallecano;1635870527;total;under;2.5;1.917;1.787;6.781;16.4;0.84;0.47;2
1635909174-spread-away--0.0-1789816602;2026-09-19T11:16:42.137144+00:00;2026-09-19T11:24:52.825818+00:00;England - Premier League;Tottenham Hotspur vs Aston Villa;1635909174;spread;away;-0.0;1.877;1.847;1.598;8.18;0.22;0;2
1636498798-spread-home--0.5-1789817092;2026-09-19T11:24:52.825818+00:00;2026-09-19T11:24:52.825818+00:00;Turkey - 1st League;Keciorengucu vs Sivasspor;1636498798;spread;home;-0.5;1.909;1.763;7.648;0;2.58;2.21;1
1635980513-total-over-2.5-1789817092;2026-09-19T11:24:52.825818+00:00;2026-09-19T11:24:52.825818+00:00;France - Ligue 1;Le Mans vs Lorient;1635980513;total;over;2.5;1.962;1.935;1.376;0;7.33;6.96;1
1635980513-spread-away-0.5-1789817092;2026-09-19T11:24:52.825818+00:00;2026-09-19T11:24:52.825818+00:00;France - Ligue 1;Le Mans vs Lorient;1635980513;spread;away;0.5;1.926;1.746;9.346;0;7.33;6.96;1
1635980512-spread-away--0.0-1789817092;2026-09-19T11:24:52.825818+00:00;2026-09-19T11:24:52.825818+00:00;France - Ligue 1;Paris FC vs Strasbourg;1635980512;spread;away;-0.0;1.694;1.667;1.594;0;3.83;3.46;1
1635985152-spread-home--0.5-1789817092;2026-09-19T11:24:52.825818+00:00;2026-09-19T11:24:52.825818+00:00;France - Ligue 1;Angers vs Troyes;1635985152;spread;home;-0.5;2.11;1.87;11.374;0;7.33;6.96;1
1636007476-spread-home-0.0-1789817092;2026-09-19T11:24:52.825818+00:00;2026-09-19T11:24:52.825818+00:00;Netherlands - Eredivisie;Sparta Rotterdam vs Heerenveen;1636007476;spread;home;0.0;1.87;1.826;2.353;0;5.33;4.96;1
1636463900-spread-home--0.5-1789817092;2026-09-19T11:24:52.825818+00:00;2026-09-19T11:24:52.825818+00:00;Scotland - Championship;Stenhousemuir vs Arbroath;1636463900;spread;home;-0.5;1.99;1.893;4.874;0;2.58;2.21;1
1636463900-spread-away-0.5-1789817092;2026-09-19T11:24:52.825818+00:00;2026-09-19T11:24:52.825818+00:00;Scotland - Championship;Stenhousemuir vs Arbroath;1636463900;spread;away;0.5;1.862;1.826;1.933;0;2.58;2.21;1
1635870493-spread-home-0.0-1789817092;2026-09-19T11:24:52.825818+00:00;2026-09-19T11:24:52.825818+00:00;England - National League;Hartlepool United vs Worthing;1635870493;spread;home;0.0;1.855;1.82;1.887;0;0.08;0;1
1635870493-spread-away--0.0-1789817092;2026-09-19T11:24:52.825818+00:00;2026-09-19T11:24:52.825818+00:00;England - National League;Hartlepool United vs Worthing;1635870493;spread;away;-0.0;2.0;1.909;4.55;0;0.08;0;1
1635919015-spread-away--0.0-1789817092;2026-09-19T11:24:52.825818+00:00;2026-09-19T11:24:52.825818+00:00;England - National League;Hornchurch vs Scunthorpe United;1635919015;spread;away;-0.0;2.04;1.877;7.99;0;5.08;4.71;1
1636439257-spread-home-0.0-1789817092;2026-09-19T11:24:52.825818+00:00;2026-09-19T11:24:52.825818+00:00;Finland - Veikkausliiga;TPS vs Ilves;1636439257;spread;home;0.0;2.08;1.98;4.808;0;0.57;0.2;1
1636439257-spread-away--0.0-1789817092;2026-09-19T11:24:52.825818+00:00;2026-09-19T11:24:52.825818+00:00;Finland - Veikkausliiga;TPS vs Ilves;1636439257;spread;away;-0.0;1.84;1.8;2.174;0;0.57;0.2;1
1635886171-spread-home-0.0-1789817092;2026-09-19T11:24:52.825818+00:00;2026-09-19T11:24:52.825818+00:00;Northern Ireland - Premiership;Bangor vs Portadown;1635886171;spread;home;0.0;2.04;1.763;13.578;0;2.57;2.2;1
1636442669-spread-home--0.5-1789817092;2026-09-19T11:24:52.825818+00:00;2026-09-19T11:24:52.825818+00:00;France - Ligue 3;Paris 13 Atletico vs Bourg-en-Bresse;1636442669;spread;home;-0.5;2.03;1.962;3.35;0;1.32;0.95;1
1636442669-spread-away-0.5-1789817092;2026-09-19T11:24:52.825818+00:00;2026-09-19T11:24:52.825818+00:00;France - Ligue 3;Paris 13 Atletico vs Bourg-en-Bresse;1636442669;spread;away;0.5;1.833;1.769;3.492;0;1.32;0.95;1
1636434694-spread-away--0.0-1789817092;2026-09-19T11:24:52.825818+00:00;2026-09-19T11:24:52.825818+00:00;China - League One;Nanjing City vs Wuxi Wugou;1636434694;spread;away;-0.0;2.08;1.99;4.327;0;0.07;0;1
1636442635-spread-home--1.0-1789817092;2026-09-19T11:24:52.825818+00:00;2026-09-19T11:24:52.825818+00:00;China - League One;Dingnan United vs Foshan Nanshi;1636442635;spread;home;-1.0;1.885;1.813;3.82;0;0.07;0;1
1636498727-spread-away--0.0-1789817092;2026-09-19T11:24:52.825818+00:00;2026-09-19T11:24:52.825818+00:00;Argentina - Primera B Nacional;San Telmo vs Estudiantes de Caseros;1636498727;spread;away;-0.0;1.806;1.775;1.717;0;7.07;6.7;1
1635984810-spread-home-0.0-1789817092;2026-09-19T11:24:52.825818+00:00;2026-09-19T11:24:52.825818+00:00;Germany - Bundesliga;Hamburger SV vs FC Koln;1635984810;spread;home;0.0;2.04;1.971;3.382;0;2.07;1.7;1
1635984810-spread-away--0.0-1789817092;2026-09-19T11:24:52.825818+00:00;2026-09-19T11:24:52.825818+00:00;Germany - Bundesliga;Hamburger SV vs FC Koln;1635984810;spread;away;-0.0;1.893;1.826;3.539;0;2.07;1.7;1
1635980521-spread-away-0.5-1789817092;2026-09-19T11:24:52.825818+00:00;2026-09-19T11:24:52.825818+00:00;Germany - Bundesliga;Eintracht Frankfurt vs Freiburg;1635980521;spread;away;0.5;1.971;1.741;11.669;0;2.07;1.7;1
1636486521-spread-home-0.5-1789817092;2026-09-19T11:24:52.825818+00:00;2026-09-19T11:24:52.825818+00:00;France - Ligue 2;Metz vs Saint-Etienne;1636486521;spread;home;0.5;1.885;1.855;1.592;0;6.57;6.2;1
1636486521-spread-away--0.5-1789817092;2026-09-19T11:24:52.825818+00:00;2026-09-19T11:24:52.825818+00:00;France - Ligue 2;Metz vs Saint-Etienne;1636486521;spread;away;-0.5;2.01;1.87;6.965;0;6.57;6.2;1
1636463911-spread-away--0.5-1789817092;2026-09-19T11:24:52.825818+00:00;2026-09-19T11:24:52.825818+00:00;England - League 2;Gillingham vs Bristol Rovers;1636463911;spread;away;-0.5;2.06;1.781;13.544;0;2.57;2.2;1
1636463798-spread-away--0.0-1789817092;2026-09-19T11:24:52.825818+00:00;2026-09-19T11:24:52.825818+00:00;Austria - 2. Liga;Sturm Graz II vs Wacker Innsbruck;1636463798;spread;away;-0.0;2.0;1.769;11.55;0;2.07;1.7;1
1636463951-spread-home--2.0-1789817092;2026-09-19T11:24:52.825818+00:00;2026-09-19T11:24:52.825818+00:00;Austria - 2. Liga;St Polten vs SW Bregenz;1636463951;spread;home;-2.0;1.952;1.893;3.023;0;4.07;3.7;1
1636480734-spread-away--0.0-1789817092;2026-09-19T11:24:52.825818+00:00;2026-09-19T11:24:52.825818+00:00;Israel - Premier League;Bnei Sakhnin vs Hapoel Ramat Gan;1636480734;spread;away;-0.0;2.04;1.885;7.598;0;5.07;4.7;1
1636486482-spread-home-0.0-1789817092;2026-09-19T11:24:52.825818+00:00;2026-09-19T11:24:52.825818+00:00;Spain - Segunda Division;Eldense vs Eibar;1636486482;spread;home;0.0;2.14;1.847;13.692;0;5.07;4.7;1
1635909035-spread-home--0.5-1789817092;2026-09-19T11:24:52.825818+00:00;2026-09-19T11:24:52.825818+00:00;Poland - 1st Liga;Nieciecza vs Odra Opole;1635909035;spread;home;-0.5;1.962;1.794;8.563;0;2.07;1.7;1
1636216729-spread-home-0.0-1789817092;2026-09-19T11:24:52.825818+00:00;2026-09-19T11:24:52.825818+00:00;Colombia - Primera A;Alianza Valledupar vs Independiente Santa Fe;1636216729;spread;home;0.0;2.02;1.769;12.426;0;9.65;9.28;1
1636048887-spread-home-0.0-1789817092;2026-09-19T11:24:52.825818+00:00;2026-09-19T11:24:52.825818+00:00;Brazil - Serie A;Remo vs Santos;1636048887;spread;home;0.0;2.11;1.8;14.692;0;10.06;9.69;1
1635909174-spread-away-0.5-1789817092;2026-09-19T11:24:52.825818+00:00;2026-09-19T11:24:52.825818+00:00;England - Premier League;Tottenham Hotspur vs Aston Villa;1635909174;spread;away;0.5;2.04;2.0;1.961;0;0.06;0;1
1636498818-spread-home-0.0-1789817092;2026-09-19T11:24:52.825818+00:00;2026-09-19T11:24:52.825818+00:00;Finland - Ykkonen;PK Keski-Uusimaa vs RoPS;1636498818;spread;home;0.0;1.952;1.87;4.201;0;1.56;1.19;1
1636498818-spread-away--0.0-1789817092;2026-09-19T11:24:52.825818+00:00;2026-09-19T11:24:52.825818+00:00;Finland - Ykkonen;PK Keski-Uusimaa vs RoPS;1636498818;spread;away;-0.0;1.901;1.87;1.631;0;1.56;1.19;1
1635980523-spread-away--0.5-1789817092;2026-09-19T11:24:52.825818+00:00;2026-09-19T11:24:52.825818+00:00;Italy - Serie A;Venezia vs Lazio;1635980523;spread;away;-0.5;2.1;1.943;7.476;0;7.31;6.94;1
1635980522-spread-away--0.0-1789817092;2026-09-19T11:24:52.825818+00:00;2026-09-19T11:24:52.825818+00:00;Italy - Serie A;Roma vs Internazionale;1635980522;spread;away;-0.0;1.917;1.68;12.363;0;4.56;4.19;1
1635910286-spread-home-0.0-1789817092;2026-09-19T11:24:52.825818+00:00;2026-09-19T11:24:52.825818+00:00;FIFA - Intercontinental Cup;Mamelodi Sundowns vs Al-Ahli;1635910286;spread;home;0.0;2.03;1.855;8.621;0;1.56;1.19;1
1636442695-spread-home-0.5-1789817092;2026-09-19T11:24:52.825818+00:00;2026-09-19T11:24:52.825818+00:00;Bulgaria - First League;Septemvri Sofia vs Botev Plovdiv;1636442695;spread;home;0.5;1.943;1.909;1.75;0;2.05;1.68;1
1636442695-spread-away--0.5-1789817092;2026-09-19T11:24:52.825818+00:00;2026-09-19T11:24:52.825818+00:00;Bulgaria - First League;Septemvri Sofia vs Botev Plovdiv;1636442695;spread;away;-0.5;1.909;1.813;5.029;0;2.05;1.68;1
1636480666-spread-home-0.0-1789817092;2026-09-19T11:24:52.825818+00:00;2026-09-19T11:24:52.825818+00:00;England - Championship;Birmingham City vs Middlesbrough;1636480666;spread;home;0.0;2.05;1.826;10.927;0;2.55;2.18;2
1636463908-spread-home-0.0-1789817092;2026-09-19T11:24:52.825818+00:00;2026-09-19T11:24:52.825818+00:00;England - Championship;Wrexham vs Southampton;1636463908;spread;home;0.0;2.08;1.952;6.154;0;2.55;2.18;1
1636463908-spread-away--0.0-1789817092;2026-09-19T11:24:52.825818+00:00;2026-09-19T11:24:52.825818+00:00;England - Championship;Wrexham vs Southampton;1636463908;spread;away;-0.0;1.84;1.794;2.5;0;2.55;2.18;1
1635101492-spread-home-0.0-1789817092;2026-09-19T11:24:52.825818+00:00;2026-09-19T11:24:52.825818+00:00;England - League 1;Barnsley vs Leicester City;1635101492;spread;home;0.0;1.943;1.84;5.301;0;0.05;0;1
1636739011-spread-home-0.0-1789816602;2026-09-19T11:16:42.137144+00:00;2026-09-19T11:33:03.092343+00:00;Spain - Tercera Division;CD Arcangel San Miguel vs Villa Santa Brigida;1636739011;spread;home;0.0;1.847;1.735;6.064;16.35;4.72;4.35;2
1636486488-spread-home--0.5-1789816602;2026-09-19T11:16:42.137144+00:00;2026-09-19T11:33:03.092343+00:00;Spain - Primera Federacion;Coria vs Real Aviles;1636486488;spread;home;-0.5;2.01;1.962;2.388;16.35;5.46;5.09;2
1636486488-total-over-2.5-1789816602;2026-09-19T11:16:42.137144+00:00;2026-09-19T11:33:03.092343+00:00;Spain - Primera Federacion;Coria vs Real Aviles;1636486488;total;over;2.5;1.971;1.787;9.335;16.35;5.46;5.09;2
1635980513-spread-home--0.5-1789817583;2026-09-19T11:33:03.092343+00:00;2026-09-19T11:33:03.092343+00:00;France - Ligue 1;Le Mans vs Lorient;1635980513;spread;home;-0.5;2.01;1.87;6.965;0;7.2;6.83;1
1636486469-spread-home-0.0-1789817583;2026-09-19T11:33:03.092343+00:00;2026-09-19T11:33:03.092343+00:00;Lithuania - 1 Lyga;Kauno Zalgiris II vs Garliava;1636486469;spread;home;0.0;1.84;1.752;4.783;0;4.44;4.07;1
1635919015-spread-home-0.0-1789817583;2026-09-19T11:33:03.092343+00:00;2026-09-19T11:33:03.092343+00:00;England - National League;Hornchurch vs Scunthorpe United;1635919015;spread;home;0.0;1.84;1.82;1.087;0;4.94;4.57;1
1635886171-spread-away--0.0-1789817583;2026-09-19T11:33:03.092343+00:00;2026-09-19T11:33:03.092343+00:00;Northern Ireland - Premiership;Bangor vs Portadown;1635886171;spread;away;-0.0;1.952;1.826;6.455;0;2.44;2.07;1
1636463762-spread-away-0.5-1789817583;2026-09-19T11:33:03.092343+00:00;2026-09-19T11:33:03.092343+00:00;France - Ligue 3;Le Puy vs Villefranche;1636463762;spread;away;0.5;2.01;1.909;5.025;0;1.19;0.82;1
1636498201-spread-away--0.0-1789817583;2026-09-19T11:33:03.092343+00:00;2026-09-19T11:33:03.092343+00:00;USA - Major League Soccer;CF Montreal vs Columbus Crew;1636498201;spread;away;-0.0;2.04;1.775;12.99;0;11.94;11.57;1
1635980521-spread-home--0.5-1789817583;2026-09-19T11:33:03.092343+00:00;2026-09-19T11:33:03.092343+00:00;Germany - Bundesliga;Eintracht Frankfurt vs Freiburg;1635980521;spread;home;-0.5;2.02;1.82;9.901;0;1.94;1.57;1
1636463911-spread-home-0.5-1789817583;2026-09-19T11:33:03.092343+00:00;2026-09-19T11:33:03.092343+00:00;England - League 2;Gillingham vs Bristol Rovers;1636463911;spread;home;0.5;1.935;1.806;6.667;0;2.43;2.07;1
1636463847-spread-away--0.0-1789817583;2026-09-19T11:33:03.092343+00:00;2026-09-19T11:33:03.092343+00:00;England - League 2;Northampton Town vs Rotherham United;1636463847;spread;away;-0.0;1.962;1.917;2.294;0;2.43;2.07;1
1635859940-spread-home--0.5-1789817583;2026-09-19T11:33:03.092343+00:00;2026-09-19T11:33:03.092343+00:00;Germany - 3. Liga;Viktoria Koln vs Ingolstadt;1635859940;spread;home;-0.5;1.935;1.847;4.548;0;0.43;0.06;1
1635855505-spread-home-0.0-1789817583;2026-09-19T11:33:03.092343+00:00;2026-09-19T11:33:03.092343+00:00;Denmark - Division 1;Aarhus Fremad vs Hvidovre;1635855505;spread;home;0.0;1.909;1.826;4.348;0;0.43;0.06;1
1635855505-spread-away--0.0-1789817583;2026-09-19T11:33:03.092343+00:00;2026-09-19T11:33:03.092343+00:00;Denmark - Division 1;Aarhus Fremad vs Hvidovre;1635855505;spread;away;-0.0;2.03;1.806;11.034;0;0.43;0.06;1
1636486482-spread-away--0.0-1789817583;2026-09-19T11:33:03.092343+00:00;2026-09-19T11:33:03.092343+00:00;Spain - Segunda Division;Eldense vs Eibar;1636486482;spread;away;-0.0;1.893;1.794;5.23;0;4.93;4.56;1
1636442645-spread-home-0.5-1789817583;2026-09-19T11:33:03.092343+00:00;2026-09-19T11:33:03.092343+00:00;Spain - Segunda Division;Real Sociedad II vs Mallorca;1636442645;spread;home;0.5;1.935;1.847;4.548;0;0.43;0.06;1
1636442645-spread-away--0.5-1789817583;2026-09-19T11:33:03.092343+00:00;2026-09-19T11:33:03.092343+00:00;Spain - Segunda Division;Real Sociedad II vs Mallorca;1636442645;spread;away;-0.5;2.07;1.847;10.773;0;0.43;0.06;1
1636486474-spread-away--1.5-1789817583;2026-09-19T11:33:03.092343+00:00;2026-09-19T11:33:03.092343+00:00;Malta - Challenge League;Zurrieq vs Victoria Hotspurs;1636486474;spread;away;-1.5;1.952;1.917;1.793;0;4.43;4.06;1
1635909035-spread-away-0.5-1789817583;2026-09-19T11:33:03.092343+00:00;2026-09-19T11:33:03.092343+00:00;Poland - 1st Liga;Nieciecza vs Odra Opole;1635909035;spread;away;0.5;1.917;1.885;1.669;0;1.93;1.56;1
1636498154-spread-away--0.0-1789817583;2026-09-19T11:33:03.092343+00:00;2026-09-19T11:33:03.092343+00:00;South Africa - PSL;Kruger United vs Stellenbosch;1636498154;spread;away;-0.0;1.909;1.8;5.71;0;6.43;6.06;1
1636216729-spread-away--0.0-1789817583;2026-09-19T11:33:03.092343+00:00;2026-09-19T11:33:03.092343+00:00;Colombia - Primera A;Alianza Valledupar vs Independiente Santa Fe;1636216729;spread;away;-0.0;1.952;1.84;5.738;0;9.51;9.14;1
1636048887-spread-away--0.0-1789817583;2026-09-19T11:33:03.092343+00:00;2026-09-19T11:33:03.092343+00:00;Brazil - Serie A;Remo vs Santos;1636048887;spread;away;-0.0;1.952;1.806;7.48;0;9.93;9.56;1
1636486528-spread-home-0.0-1789817583;2026-09-19T11:33:03.092343+00:00;2026-09-19T11:33:03.092343+00:00;Peru - Liga 1;FC Cajamarca vs Cusco;1636486528;spread;home;0.0;1.99;1.926;3.216;0;6.43;6.06;1
1636486528-spread-away--0.0-1789817583;2026-09-19T11:33:03.092343+00:00;2026-09-19T11:33:03.092343+00:00;Peru - Liga 1;FC Cajamarca vs Cusco;1636486528;spread;away;-0.0;1.833;1.787;2.51;0;6.43;6.06;1
1636640820-spread-away-0.5-1789817583;2026-09-19T11:33:03.092343+00:00;2026-09-19T11:33:03.092343+00:00;Georgia - Erovnuli Liga;Gagra vs Meshakhte Tkibuli;1636640820;spread;away;0.5;2.02;1.926;4.653;0;2.43;2.06;1
1636463775-spread-home-0.5-1789817583;2026-09-19T11:33:03.092343+00:00;2026-09-19T11:33:03.092343+00:00;Sweden - Allsvenskan;Vasteras vs Malmo;1636463775;spread;home;0.5;1.862;1.82;2.256;0;1.42;1.05;1
1636463775-spread-away--0.5-1789817583;2026-09-19T11:33:03.092343+00:00;2026-09-19T11:33:03.092343+00:00;Sweden - Allsvenskan;Vasteras vs Malmo;1636463775;spread;away;-0.5;2.06;1.909;7.33;0;1.42;1.05;1
1635980522-spread-home-0.0-1789817583;2026-09-19T11:33:03.092343+00:00;2026-09-19T11:33:03.092343+00:00;Italy - Serie A;Roma vs Internazionale;1635980522;spread;home;0.0;2.11;2.01;4.739;0;4.42;4.05;1
1635980523-spread-home-0.5-1789817583;2026-09-19T11:33:03.092343+00:00;2026-09-19T11:33:03.092343+00:00;Italy - Serie A;Venezia vs Lazio;1635980523;spread;home;0.5;1.87;1.84;1.604;0;7.17;6.8;1
1635910286-spread-away--0.0-1789817583;2026-09-19T11:33:03.092343+00:00;2026-09-19T11:33:03.092343+00:00;FIFA - Intercontinental Cup;Mamelodi Sundowns vs Al-Ahli;1635910286;spread;away;-0.0;1.885;1.826;3.13;0;1.42;1.05;1
1636953762-spread-home--1.0-1789817583;2026-09-19T11:33:03.092343+00:00;2026-09-19T11:33:03.092343+00:00;Cyprus - 2nd Division;Ethnikos Achna vs Aep Polemidion;1636953762;spread;home;-1.0;1.833;1.769;3.492;0;4.42;4.05;1
1636480666-spread-away--0.0-1789817583;2026-09-19T11:33:03.092343+00:00;2026-09-19T11:33:03.092343+00:00;England - Championship;Birmingham City vs Middlesbrough;1636480666;spread;away;-0.0;1.917;1.87;2.452;0;2.42;2.05;1
1635980439-spread-away--0.0-1789817092;2026-09-19T11:24:52.825818+00:00;2026-09-19T11:41:11.368014+00:00;Germany - Bundesliga;Stuttgart vs Borussia Dortmund;1635980439;spread;away;-0.0;2.06;1.69;17.961;16.31;5.07;4.7;2
1635980439-spread-home-0.0-1789817583;2026-09-19T11:33:03.092343+00:00;2026-09-19T11:41:11.368014+00:00;Germany - Bundesliga;Stuttgart vs Borussia Dortmund;1635980439;spread;home;0.0;2.06;1.862;9.612;8.14;4.94;4.57;2
1636598057-spread-away--2.0-1789818071;2026-09-19T11:41:11.368014+00:00;2026-09-19T11:41:11.368014+00:00;Sweden - Damallsvenskan;Eskilstuna United vs Hacken;1636598057;spread;away;-2.0;1.877;1.826;2.717;0;1.31;0.94;1
1636007477-spread-away--0.0-1789818071;2026-09-19T11:41:11.368014+00:00;2026-09-19T11:41:11.368014+00:00;Netherlands - Eredivisie;Willem II vs Fortuna Sittard;1636007477;spread;away;-0.0;1.98;1.935;2.273;0;7.31;6.94;1
1636463798-spread-home-0.0-1789818071;2026-09-19T11:41:11.368014+00:00;2026-09-19T11:41:11.368014+00:00;Austria - 2. Liga;Sturm Graz II vs Wacker Innsbruck;1636463798;spread;home;0.0;1.952;1.855;4.969;0;1.81;1.44;1
1636531193-spread-away--0.0-1789818071;2026-09-19T11:41:11.368014+00:00;2026-09-19T11:41:11.368014+00:00;Spain - Segunda Federacion;Castellonense vs Cieza;1636531193;spread;away;-0.0;1.98;1.833;7.424;0;5.56;5.19;1
1636486465-spread-away-1.0-1789818071;2026-09-19T11:41:11.368014+00:00;2026-09-19T11:41:11.368014+00:00;Switzerland - Super League;Young Boys vs Servette;1636486465;spread;away;1.0;2.0;1.98;1.0;0;4.3;3.93;1
1636454935-spread-home-0.0-1789818071;2026-09-19T11:41:11.368014+00:00;2026-09-19T11:41:11.368014+00:00;France - Ligue 2;Guingamp vs Red Star;1636454935;spread;home;0.0;1.885;1.826;3.13;0;0.3;0;1
1636454935-spread-away--0.0-1789818071;2026-09-19T11:41:11.368014+00:00;2026-09-19T11:41:11.368014+00:00;France - Ligue 2;Guingamp vs Red Star;1636454935;spread;away;-0.0;2.0;1.909;4.55;0;0.3;0;1
1636498201-spread-home-0.0-1789818071;2026-09-19T11:41:11.368014+00:00;2026-09-19T11:41:11.368014+00:00;USA - Major League Soccer;CF Montreal vs Columbus Crew;1636498201;spread;home;0.0;1.98;1.855;6.313;0;11.8;11.43;1
1636439264-spread-away-0.5-1789818071;2026-09-19T11:41:11.368014+00:00;2026-09-19T11:41:11.368014+00:00;Thailand - League 1;Chiangrai United vs Sisaket United;1636439264;spread;away;0.5;2.05;2.01;1.951;0;0.3;0;1
1636498183-spread-away--0.0-1789818071;2026-09-19T11:41:11.368014+00:00;2026-09-19T11:41:11.368014+00:00;Mexico - Liga MX;Atlas vs Pumas UNAM;1636498183;spread;away;-0.0;2.12;2.07;2.358;0;11.29;10.92;1
1635888224-spread-home--1.0-1789818071;2026-09-19T11:41:11.368014+00:00;2026-09-19T11:41:11.368014+00:00;England - National League;AFC Fylde vs Altrincham;1635888224;spread;home;-1.0;2.06;2.03;1.456;0;2.28;1.91;1
1636463954-spread-home--1.0-1789818071;2026-09-19T11:41:11.368014+00:00;2026-09-19T11:41:11.368014+00:00;Slovenia - Prva Liga;Koper vs Nafta;1636463954;spread;home;-1.0;2.06;1.962;4.757;0;3.78;3.41;1
1635980522-spread-away--0.0-1789818547;2026-09-19T11:49:07.146303+00:00;2026-09-19T11:49:07.146303+00:00;Italy - Serie A;Roma vs Internazionale;1635980522;spread;away;-0.0;1.917;1.68;12.363;0;4.18;3.81;1
1635980523-spread-away--0.5-1789818547;2026-09-19T11:49:07.146303+00:00;2026-09-19T11:49:07.146303+00:00;Italy - Serie A;Venezia vs Lazio;1635980523;spread;away;-0.5;2.1;1.943;7.476;0;6.93;6.56;1
1636439257-spread-home-0.0-1789818547;2026-09-19T11:49:07.146303+00:00;2026-09-19T11:49:07.146303+00:00;Finland - Veikkausliiga;TPS vs Ilves;1636439257;spread;home;0.0;2.09;1.98;5.263;0;0.17;0;1
1636439257-spread-away--0.0-1789818547;2026-09-19T11:49:07.146303+00:00;2026-09-19T11:49:07.146303+00:00;Finland - Veikkausliiga;TPS vs Ilves;1636439257;spread;away;-0.0;1.833;1.8;1.8;0;0.17;0;1
1636455012-total-over-2.5-1789818547;2026-09-19T11:49:07.146303+00:00;2026-09-19T11:49:07.146303+00:00;England - Isthmian Division 1 North;Wroxham vs Grays Athletic;1636455012;total;over;2.5;1.847;1.806;2.22;0;2.17;1.8;1
1636463798-spread-away--0.0-1789818547;2026-09-19T11:49:07.146303+00:00;2026-09-19T11:49:07.146303+00:00;Austria - 2. Liga;Sturm Graz II vs Wacker Innsbruck;1636463798;spread;away;-0.0;2.0;1.775;11.25;0;1.67;1.3;1
1635985152-spread-away-0.5-1789818547;2026-09-19T11:49:07.146303+00:00;2026-09-19T11:49:07.146303+00:00;France - Ligue 1;Angers vs Troyes;1635985152;spread;away;0.5;1.926;1.833;4.829;0;6.92;6.55;1
1635985152-spread-home--0.5-1789818547;2026-09-19T11:49:07.146303+00:00;2026-09-19T11:49:07.146303+00:00;France - Ligue 1;Angers vs Troyes;1635985152;spread;home;-0.5;2.11;1.87;11.374;0;6.92;6.55;1
1636486482-spread-home-0.0-1789818547;2026-09-19T11:49:07.146303+00:00;2026-09-19T11:49:07.146303+00:00;Spain - Segunda Division;Eldense vs Eibar;1636486482;spread;home;0.0;2.14;1.847;13.692;0;4.67;4.3;1
1636480666-spread-home-0.0-1789818547;2026-09-19T11:49:07.146303+00:00;2026-09-19T11:49:07.146303+00:00;England - Championship;Birmingham City vs Middlesbrough;1636480666;spread;home;0.0;2.05;1.826;10.927;0;2.17;1.8;2
1636463908-spread-home-0.0-1789818547;2026-09-19T11:49:07.146303+00:00;2026-09-19T11:49:07.146303+00:00;England - Championship;Wrexham vs Southampton;1636463908;spread;home;0.0;2.08;1.952;6.154;0;2.17;1.8;1
1636463908-spread-away--0.0-1789818547;2026-09-19T11:49:07.146303+00:00;2026-09-19T11:49:07.146303+00:00;England - Championship;Wrexham vs Southampton;1636463908;spread;away;-0.0;1.84;1.794;2.5;0;2.17;1.8;1
1636486521-spread-home-0.5-1789818547;2026-09-19T11:49:07.146303+00:00;2026-09-19T11:49:07.146303+00:00;France - Ligue 2;Metz vs Saint-Etienne;1636486521;spread;home;0.5;1.885;1.855;1.592;0;6.17;5.8;1
1636486521-spread-away--0.5-1789818547;2026-09-19T11:49:07.146303+00:00;2026-09-19T11:49:07.146303+00:00;France - Ligue 2;Metz vs Saint-Etienne;1636486521;spread;away;-0.5;2.01;1.87;6.965;0;6.17;5.8;1
1636216729-spread-home-0.0-1789818547;2026-09-19T11:49:07.146303+00:00;2026-09-19T11:49:07.146303+00:00;Colombia - Primera A;Alianza Valledupar vs Independiente Santa Fe;1636216729;spread;home;0.0;2.02;1.769;12.426;0;9.25;8.88;1
1636612061-spread-home--1.0-1789818547;2026-09-19T11:49:07.146303+00:00;2026-09-19T11:49:07.146303+00:00;Bosnia and Herzegovina - 1st League;Sloboda Tuzla vs Radnik Hadzici;1636612061;spread;home;-1.0;1.952;1.917;1.793;0;1.67;1.29;1
1636498818-spread-home-0.0-1789818547;2026-09-19T11:49:07.146303+00:00;2026-09-19T11:49:07.146303+00:00;Finland - Ykkonen;PK Keski-Uusimaa vs RoPS;1636498818;spread;home;0.0;1.952;1.87;4.201;0;1.16;0.79;1
1636498818-spread-away--0.0-1789818547;2026-09-19T11:49:07.146303+00:00;2026-09-19T11:49:07.146303+00:00;Finland - Ykkonen;PK Keski-Uusimaa vs RoPS;1636498818;spread;away;-0.0;1.901;1.87;1.631;0;1.16;0.79;1
1636506215-spread-away--1.0-1789818547;2026-09-19T11:49:07.146303+00:00;2026-09-19T11:49:07.146303+00:00;Finland - Ykkonen;Jazz vs VJS;1636506215;spread;away;-1.0;1.901;1.826;3.945;0;0.16;0;1
1636642354-spread-home--1.5-1789818547;2026-09-19T11:49:07.146303+00:00;2026-09-19T11:49:07.146303+00:00;Portugal - Cup;Atletico CP vs Lagoa;1636642354;spread;home;-1.5;1.909;1.862;2.462;0;2.66;2.29;1
1636642354-total-over-2.5-1789818547;2026-09-19T11:49:07.146303+00:00;2026-09-19T11:49:07.146303+00:00;Portugal - Cup;Atletico CP vs Lagoa;1636642354;total;over;2.5;1.98;1.885;4.798;0;2.66;2.29;1
1636578437-spread-away--0.5-1789818547;2026-09-19T11:49:07.146303+00:00;2026-09-19T11:49:07.146303+00:00;Argentina - Torneo Federal A;Sarmiento de Resistencia vs El Linqueno;1636578437;spread;away;-0.5;1.855;1.735;6.469;0;6.66;6.29;1
1636480735-total-under-2.5-1789818547;2026-09-19T11:49:07.146303+00:00;2026-09-19T11:49:07.146303+00:00;Albania - Superliga;Dinamo City vs Laci;1636480735;total;under;2.5;1.962;1.833;6.575;0;4.66;4.29;1
1636048887-spread-home-0.0-1789818547;2026-09-19T11:49:07.146303+00:00;2026-09-19T11:49:07.146303+00:00;Brazil - Serie A;Remo vs Santos;1636048887;spread;home;0.0;2.11;1.8;14.692;0;9.66;9.29;1
1636531227-spread-away-0.5-1789818547;2026-09-19T11:49:07.146303+00:00;2026-09-19T11:49:07.146303+00:00;Iceland - Premier League;KA Akureyri vs Thor Akureyri;1636531227;spread;away;0.5;2.0;1.98;1.0;0;7.66;7.29;1
1636442695-spread-home-0.5-1789818547;2026-09-19T11:49:07.146303+00:00;2026-09-19T11:49:07.146303+00:00;Bulgaria - First League;Septemvri Sofia vs Botev Plovdiv;1636442695;spread;home;0.5;1.943;1.909;1.75;0;1.66;1.29;1
1636442695-spread-away--0.5-1789818547;2026-09-19T11:49:07.146303+00:00;2026-09-19T11:49:07.146303+00:00;Bulgaria - First League;Septemvri Sofia vs Botev Plovdiv;1636442695;spread;away;-0.5;1.909;1.82;4.662;0;1.66;1.29;1
1635910286-spread-home-0.0-1789818547;2026-09-19T11:49:07.146303+00:00;2026-09-19T11:49:07.146303+00:00;FIFA - Intercontinental Cup;Mamelodi Sundowns vs Al-Ahli;1635910286;spread;home;0.0;2.03;1.855;8.621;0;1.16;0.79;1
1636463911-total-over-2.5-1789818547;2026-09-19T11:49:07.146303+00:00;2026-09-19T11:49:07.146303+00:00;England - League 2;Gillingham vs Bristol Rovers;1636463911;total;over;2.5;1.877;1.847;1.598;0;2.16;1.79;1
1636463911-spread-away--0.5-1789818547;2026-09-19T11:49:07.146303+00:00;2026-09-19T11:49:07.146303+00:00;England - League 2;Gillingham vs Bristol Rovers;1636463911;spread;away;-0.5;2.06;1.781;13.544;0;2.16;1.79;1
1636480664-total-under-2.5-1789818547;2026-09-19T11:49:07.146303+00:00;2026-09-19T11:49:07.146303+00:00;England - League 2;Accrington Stanley vs Newport County;1636480664;total;under;2.5;1.917;1.877;2.087;0;2.16;1.79;1
1636442669-spread-home--0.5-1789818547;2026-09-19T11:49:07.146303+00:00;2026-09-19T11:49:07.146303+00:00;France - Ligue 3;Paris 13 Atletico vs Bourg-en-Bresse;1636442669;spread;home;-0.5;2.01;1.962;2.388;0;0.9;0.53;1
1636442669-spread-away-0.5-1789818547;2026-09-19T11:49:07.146303+00:00;2026-09-19T11:49:07.146303+00:00;France - Ligue 3;Paris 13 Atletico vs Bourg-en-Bresse;1636442669;spread;away;0.5;1.855;1.769;4.636;0;0.9;0.53;1
1636480734-spread-away--0.0-1789818547;2026-09-19T11:49:07.146303+00:00;2026-09-19T11:49:07.146303+00:00;Israel - Premier League;Bnei Sakhnin vs Hapoel Ramat Gan;1636480734;spread;away;-0.0;2.04;1.885;7.598;0;4.65;4.28;1
1635984810-spread-home-0.0-1789818547;2026-09-19T11:49:07.146303+00:00;2026-09-19T11:49:07.146303+00:00;Germany - Bundesliga;Hamburger SV vs FC Koln;1635984810;spread;home;0.0;2.06;1.971;4.32;0;1.65;1.28;1
1635886171-spread-home-0.0-1789818547;2026-09-19T11:49:07.146303+00:00;2026-09-19T11:49:07.146303+00:00;Northern Ireland - Premiership;Bangor vs Portadown;1635886171;spread;home;0.0;2.04;1.763;13.578;0;2.15;1.78;1
1635870504-spread-away--0.0-1789818547;2026-09-19T11:49:07.146303+00:00;2026-09-19T11:49:07.146303+00:00;Germany - 3. Liga;Stuttgart II vs Jahn Regensburg;1635870504;spread;away;-0.0;1.962;1.855;5.454;0;0.15;0;1
1635919015-spread-away--0.0-1789818547;2026-09-19T11:49:07.146303+00:00;2026-09-19T11:49:07.146303+00:00;England - National League;Hornchurch vs Scunthorpe United;1635919015;spread;away;-0.0;2.04;1.877;7.99;0;4.65;4.28;1
1636498798-spread-home--0.5-1789818547;2026-09-19T11:49:07.146303+00:00;2026-09-19T11:49:07.146303+00:00;Turkey - 1st League;Keciorengucu vs Sivasspor;1636498798;spread;home;-0.5;1.893;1.763;6.867;0;2.15;1.78;1
1636640848-spread-home--2.5-1789818547;2026-09-19T11:49:07.146303+00:00;2026-09-19T11:49:07.146303+00:00;England - FA Cup Qualification;Torquay United vs Stoneham;1636640848;spread;home;-2.5;1.893;1.862;1.638;0;2.15;1.78;1
1636311209-total-over-2.5-1789818547;2026-09-19T11:49:07.146303+00:00;2026-09-19T11:49:07.146303+00:00;Czech Republic - First Liga;Slovacko vs Banik Ostrava;1636311209;total;over;2.5;2.01;1.98;1.493;0;4.15;3.78;1
1635870527-spread-home-0.0-1789817092;2026-09-19T11:24:52.825818+00:00;2026-09-19T11:57:11.276522+00:00;Spain - La Liga;Osasuna vs Rayo Vallecano;1635870527;spread;home;0.0;2.09;1.935;7.416;32.31;0.58;0.21;3
1635870505-spread-away-0.5-1789818071;2026-09-19T11:41:11.368014+00:00;2026-09-19T11:57:11.276522+00:00;Denmark - Division 1;Akademisk Boldklub vs Esbjerg fB;1635870505;spread;away;0.5;1.99;1.813;8.894;16.0;0.31;0;2
1636611815-spread-home-0.0-1789818071;2026-09-19T11:41:11.368014+00:00;2026-09-19T11:57:11.276522+00:00;Armenia - Premier League;Alashkert vs Pyunik;1636611815;spread;home;0.0;1.885;1.84;2.387;16.0;0.31;0;2
1636480699-spread-home--0.5-1789818071;2026-09-19T11:41:11.368014+00:00;2026-09-19T11:57:11.276522+00:00;Italy - Serie B;Sampdoria vs Catanzaro;1636480699;spread;home;-0.5;2.07;2.03;1.932;16.0;3.55;3.19;2
1636480699-total-over-2.5-1789818071;2026-09-19T11:41:11.368014+00:00;2026-09-19T11:57:11.276522+00:00;Italy - Serie B;Sampdoria vs Catanzaro;1636480699;total;over;2.5;1.971;1.84;6.646;16.0;3.55;3.19;2
1636486471-spread-home--1.0-1789818071;2026-09-19T11:41:11.368014+00:00;2026-09-19T11:57:11.276522+00:00;Bulgaria - First League;Arda vs Cherno More;1636486471;spread;home;-1.0;1.952;1.813;7.121;16.0;4.29;3.93;2
1635980513-spread-away-0.5-1789818547;2026-09-19T11:49:07.146303+00:00;2026-09-19T11:57:11.276522+00:00;France - Ligue 1;Le Mans vs Lorient;1635980513;spread;away;0.5;1.926;1.709;11.267;8.07;6.92;6.56;2
1635980521-spread-away-0.5-1789818547;2026-09-19T11:49:07.146303+00:00;2026-09-19T11:57:11.276522+00:00;Germany - Bundesliga;Eintracht Frankfurt vs Freiburg;1635980521;spread;away;0.5;1.971;1.73;12.227;8.07;1.65;1.29;2
1636480666-spread-away--0.0-1789819031;2026-09-19T11:57:11.276522+00:00;2026-09-19T11:57:11.276522+00:00;England - Championship;Birmingham City vs Middlesbrough;1636480666;spread;away;-0.0;1.917;1.87;2.452;0;2.05;1.68;1
1636463775-spread-home-0.5-1789819031;2026-09-19T11:57:11.276522+00:00;2026-09-19T11:57:11.276522+00:00;Sweden - Allsvenskan;Vasteras vs Malmo;1636463775;spread;home;0.5;1.862;1.82;2.256;0;1.05;0.68;1
1636463775-spread-away--0.5-1789819031;2026-09-19T11:57:11.276522+00:00;2026-09-19T11:57:11.276522+00:00;Sweden - Allsvenskan;Vasteras vs Malmo;1636463775;spread;away;-0.5;2.06;1.909;7.33;0;1.05;0.68;1
1636454935-total-under-2.5-1789819031;2026-09-19T11:57:11.276522+00:00;2026-09-19T11:57:11.276522+00:00;France - Ligue 2;Guingamp vs Red Star;1636454935;total;under;2.5;1.98;1.935;2.273;0;0.05;0;1
1636216729-spread-away--0.0-1789819031;2026-09-19T11:57:11.276522+00:00;2026-09-19T11:57:11.276522+00:00;Colombia - Primera A;Alianza Valledupar vs Independiente Santa Fe;1636216729;spread;away;-0.0;1.952;1.84;5.738;0;9.13;8.76;1
1636486465-spread-home--1.0-1789819031;2026-09-19T11:57:11.276522+00:00;2026-09-19T11:57:11.276522+00:00;Switzerland - Super League;Young Boys vs Servette;1636486465;spread;home;-1.0;1.926;1.885;2.129;0;4.04;3.68;1
1636463764-spread-away-0.5-1789819031;2026-09-19T11:57:11.276522+00:00;2026-09-19T11:57:11.276522+00:00;Croatia - Prva NL;Orijent vs Opatija;1636463764;spread;away;0.5;1.952;1.893;3.023;0;0.79;0.42;1
1635980521-spread-home--0.5-1789819031;2026-09-19T11:57:11.276522+00:00;2026-09-19T11:57:11.276522+00:00;Germany - Bundesliga;Eintracht Frankfurt vs Freiburg;1635980521;spread;home;-0.5;2.02;1.82;9.901;0;1.54;1.17;1
1636498201-spread-away--0.0-1789819031;2026-09-19T11:57:11.276522+00:00;2026-09-19T11:57:11.276522+00:00;USA - Major League Soccer;CF Montreal vs Columbus Crew;1636498201;spread;away;-0.0;2.05;1.775;13.415;0;11.54;11.17;1
1636463857-spread-home--0.5-1789819031;2026-09-19T11:57:11.276522+00:00;2026-09-19T11:57:11.276522+00:00;Spain - Primera Federacion;Rayo Majadahonda vs Teruel;1636463857;spread;home;-0.5;1.971;1.833;7.002;0;2.53;2.17;1
1635919015-spread-home-0.0-1789819031;2026-09-19T11:57:11.276522+00:00;2026-09-19T11:57:11.276522+00:00;England - National League;Hornchurch vs Scunthorpe United;1635919015;spread;home;0.0;1.84;1.82;1.087;0;4.53;4.17;1
1636048887-spread-away--0.0-1789819031;2026-09-19T11:57:11.276522+00:00;2026-09-19T11:57:11.276522+00:00;Brazil - Serie A;Remo vs Santos;1636048887;spread;away;-0.0;1.952;1.806;7.48;0;9.53;9.17;1
1635980512-spread-home--0.5-1789819031;2026-09-19T11:57:11.276522+00:00;2026-09-19T11:57:11.276522+00:00;France - Ligue 1;Paris FC vs Strasbourg;1635980512;spread;home;-0.5;1.87;1.833;1.979;0;3.28;2.91;1
1635980513-spread-home--0.5-1789819031;2026-09-19T11:57:11.276522+00:00;2026-09-19T11:57:11.276522+00:00;France - Ligue 1;Le Mans vs Lorient;1635980513;spread;home;-0.5;2.01;1.87;6.965;0;6.78;6.41;1
1636486528-spread-home-0.0-1789819031;2026-09-19T11:57:11.276522+00:00;2026-09-19T11:57:11.276522+00:00;Peru - Liga 1;FC Cajamarca vs Cusco;1636486528;spread;home;0.0;1.99;1.926;3.216;0;6.03;5.66;1
1636486528-spread-away--0.0-1789819031;2026-09-19T11:57:11.276522+00:00;2026-09-19T11:57:11.276522+00:00;Peru - Liga 1;FC Cajamarca vs Cusco;1636486528;spread;away;-0.0;1.833;1.787;2.51;0;6.03;5.66;1
1635910286-spread-away--0.0-1789819031;2026-09-19T11:57:11.276522+00:00;2026-09-19T11:57:11.276522+00:00;FIFA - Intercontinental Cup;Mamelodi Sundowns vs Al-Ahli;1635910286;spread;away;-0.0;1.885;1.826;3.13;0;1.03;0.66;1
1636463900-spread-home--0.5-1789819031;2026-09-19T11:57:11.276522+00:00;2026-09-19T11:57:11.276522+00:00;Scotland - Championship;Stenhousemuir vs Arbroath;1636463900;spread;home;-0.5;1.971;1.893;3.957;0;2.03;1.66;1
1636463900-spread-away-0.5-1789819031;2026-09-19T11:57:11.276522+00:00;2026-09-19T11:57:11.276522+00:00;Scotland - Championship;Stenhousemuir vs Arbroath;1636463900;spread;away;0.5;1.885;1.826;3.13;0;2.03;1.66;1
1636480657-spread-home-1.0-1789819031;2026-09-19T11:57:11.276522+00:00;2026-09-19T11:57:11.276522+00:00;Scotland - Championship;Greenock Morton vs Dunfermline Athletic;1636480657;spread;home;1.0;1.87;1.833;1.979;0;2.03;1.66;1
1636592245-spread-home--0.5-1789819031;2026-09-19T11:57:11.276522+00:00;2026-09-19T11:57:11.276522+00:00;Thailand - League 2;Nong Bua Pitchaya vs Satun FC;1636592245;spread;home;-0.5;1.885;1.813;3.82;0;0.53;0.16;1
1635909035-spread-away-0.5-1789819031;2026-09-19T11:57:11.276522+00:00;2026-09-19T11:57:11.276522+00:00;Poland - 1st Liga;Nieciecza vs Odra Opole;1635909035;spread;away;0.5;1.926;1.885;2.129;0;1.53;1.16;1
1635909035-spread-home--0.5-1789819031;2026-09-19T11:57:11.276522+00:00;2026-09-19T11:57:11.276522+00:00;Poland - 1st Liga;Nieciecza vs Odra Opole;1635909035;spread;home;-0.5;1.962;1.8;8.257;0;1.53;1.16;1
1635984813-total-under-2.5-1789819031;2026-09-19T11:57:11.276522+00:00;2026-09-19T11:57:11.276522+00:00;Italy - Serie A;Udinese vs Cagliari;1635984813;total;under;2.5;1.806;1.781;1.384;0;1.02;0.66;1
1635980523-spread-home-0.5-1789819031;2026-09-19T11:57:11.276522+00:00;2026-09-19T11:57:11.276522+00:00;Italy - Serie A;Venezia vs Lazio;1635980523;spread;home;0.5;1.87;1.847;1.23;0;6.77;6.41;1
1636463911-spread-home-0.5-1789819031;2026-09-19T11:57:11.276522+00:00;2026-09-19T11:57:11.276522+00:00;England - League 2;Gillingham vs Bristol Rovers;1636463911;spread;home;0.5;1.935;1.813;6.305;0;2.02;1.66;1
1635855505-spread-away--0.0-1789819031;2026-09-19T11:57:11.276522+00:00;2026-09-19T11:57:11.276522+00:00;Denmark - Division 1;Aarhus Fremad vs Hvidovre;1635855505;spread;away;-0.0;1.943;1.806;7.051;0;0.02;0;1
1636498154-spread-away--0.0-1789819031;2026-09-19T11:57:11.276522+00:00;2026-09-19T11:57:11.276522+00:00;South Africa - PSL;Kruger United vs Stellenbosch;1636498154;spread;away;-0.0;1.909;1.8;5.71;0;6.02;5.65;1
1636442645-spread-home-0.5-1789819031;2026-09-19T11:57:11.276522+00:00;2026-09-19T11:57:11.276522+00:00;Spain - Segunda Division;Real Sociedad II vs Mallorca;1636442645;spread;home;0.5;1.935;1.833;5.271;0;0.02;0;1
1636442645-spread-away--0.5-1789819031;2026-09-19T11:57:11.276522+00:00;2026-09-19T11:57:11.276522+00:00;Spain - Segunda Division;Real Sociedad II vs Mallorca;1636442645;spread;away;-0.5;2.09;1.847;11.627;0;0.02;0;1
1636486482-spread-away--0.0-1789819031;2026-09-19T11:57:11.276522+00:00;2026-09-19T11:57:11.276522+00:00;Spain - Segunda Division;Eldense vs Eibar;1636486482;spread;away;-0.0;1.893;1.8;4.913;0;4.52;4.15;1
1636486543-total-over-2.5-1789819031;2026-09-19T11:57:11.276522+00:00;2026-09-19T11:57:11.276522+00:00;Spain - Segunda Division;Cadiz vs Girona;1636486543;total;over;2.5;2.04;2.0;1.961;0;7.02;6.65;1
1636483884-spread-away--0.0-1789818547;2026-09-19T11:49:07.146303+00:00;2026-09-19T12:05:19.793496+00:00;Ukraine - Premier League;Epitsentr Kamianets-Podilskyi vs Livyi Bereg;1636483884;spread;away;-0.0;2.07;1.962;5.217;16.21;3.18;2.82;2
1635909150-spread-away--0.0-1789818547;2026-09-19T11:49:07.146303+00:00;2026-09-19T12:05:19.793496+00:00;Cyprus - 1st Division;Nea Salamis vs Anorthosis Famagusta;1635909150;spread;away;-0.0;1.862;1.826;1.933;16.21;4.16;3.8;2
1636463776-spread-away-1.0-1789818547;2026-09-19T11:49:07.146303+00:00;2026-09-19T12:05:19.793496+00:00;Poland - 3rd Liga;Weszlo Warszawa vs Olimpia Elblag;1636463776;spread;away;1.0;1.847;1.787;3.249;16.21;1.16;0.8;2
1635984810-spread-away--0.0-1789818547;2026-09-19T11:49:07.146303+00:00;2026-09-19T12:05:19.793496+00:00;Germany - Bundesliga;Hamburger SV vs FC Koln;1635984810;spread;away;-0.0;1.87;1.746;6.631;16.21;1.65;1.29;2
1636836419-spread-away-0.5-1789819519;2026-09-19T12:05:19.793496+00:00;2026-09-19T12:05:19.793496+00:00;Spain - Tercera Division;Bezana vs Naval;1636836419;spread;away;0.5;1.84;1.769;3.859;0;3.91;3.54;1
1636739011-spread-home-0.0-1789819519;2026-09-19T12:05:19.793496+00:00;2026-09-19T12:05:19.793496+00:00;Spain - Tercera Division;CD Arcangel San Miguel vs Villa Santa Brigida;1636739011;spread;home;0.0;1.735;1.714;1.21;0;3.91;3.54;1
1636872000-spread-away-0.5-1789819519;2026-09-19T12:05:19.793496+00:00;2026-09-19T12:05:19.793496+00:00;Bosnia and Herzegovina - 1st League;HNK Capljina vs Rudar Kakanj;1636872000;spread;away;0.5;1.877;1.82;3.037;0;1.4;1.04;1
1636454963-spread-away--1.5-1789819519;2026-09-19T12:05:19.793496+00:00;2026-09-19T12:05:19.793496+00:00;Latvia - Virsliga;Jelgava vs Riga FC;1636454963;spread;away;-1.5;2.0;1.962;1.9;0;0.9;0.54;1
1635980439-spread-home-0.0-1789819519;2026-09-19T12:05:19.793496+00:00;2026-09-19T12:05:19.793496+00:00;Germany - Bundesliga;Stuttgart vs Borussia Dortmund;1635980439;spread;home;0.0;2.09;1.862;10.909;0;4.4;4.04;1
1635980439-spread-away--0.0-1789819519;2026-09-19T12:05:19.793496+00:00;2026-09-19T12:05:19.793496+00:00;Germany - Bundesliga;Stuttgart vs Borussia Dortmund;1635980439;spread;away;-0.0;2.07;1.69;18.357;0;4.4;4.04;1
1636498201-spread-home-0.0-1789819519;2026-09-19T12:05:19.793496+00:00;2026-09-19T12:05:19.793496+00:00;USA - Major League Soccer;CF Montreal vs Columbus Crew;1636498201;spread;home;0.0;1.98;1.87;5.556;0;11.4;11.04;1
1636463798-spread-home-0.0-1789819519;2026-09-19T12:05:19.793496+00:00;2026-09-19T12:05:19.793496+00:00;Austria - 2. Liga;Sturm Graz II vs Wacker Innsbruck;1636463798;spread;home;0.0;1.952;1.893;3.023;0;1.4;1.04;1
1636483928-total-over-2.5-1789819519;2026-09-19T12:05:19.793496+00:00;2026-09-19T12:05:19.793496+00:00;Spain - Primera Federacion;Villarreal II vs Antequera;1636483928;total;over;2.5;1.893;1.855;2.007;0;4.65;4.29;1
1636663164-spread-away-1.0-1789819519;2026-09-19T12:05:19.793496+00:00;2026-09-19T12:05:19.793496+00:00;Cyprus - 2nd Division;Enosis Neon Paralimni vs Halkanoras;1636663164;spread;away;1.0;1.901;1.794;5.629;0;3.89;3.53;1
1636442654-spread-home--0.5-1789819519;2026-09-19T12:05:19.793496+00:00;2026-09-19T12:05:19.793496+00:00;Israel - Liga Alef;Hapoel Umm Al Fahm vs Hapoel Ironi Baqa al-Gharbiyye;1636442654;spread;home;-0.5;1.909;1.885;1.257;0;5.89;5.52;1
1636463842-spread-home-0.0-1789819519;2026-09-19T12:05:19.793496+00:00;2026-09-19T12:05:19.793496+00:00;Finland - Ykkosliiga;PK-35 vs KTP;1636463842;spread;home;0.0;1.99;1.893;4.874;0;1.88;1.52;1
1636463842-spread-away--0.0-1789819519;2026-09-19T12:05:19.793496+00:00;2026-09-19T12:05:19.793496+00:00;Finland - Ykkosliiga;PK-35 vs KTP;1636463842;spread;away;-0.0;1.87;1.833;1.979;0;1.88;1.52;1
1635886171-spread-away--0.0-1789819519;2026-09-19T12:05:19.793496+00:00;2026-09-19T12:05:19.793496+00:00;Northern Ireland - Premiership;Bangor vs Portadown;1635886171;spread;away;-0.0;1.952;1.826;6.455;0;1.88;1.52;1
1636007476-spread-away--0.0-1789819519;2026-09-19T12:05:19.793496+00:00;2026-09-19T12:05:19.793496+00:00;Netherlands - Eredivisie;Sparta Rotterdam vs Heerenveen;1636007476;spread;away;-0.0;2.09;2.05;1.914;0;4.63;4.27;1
1636640820-spread-away-0.5-1789819519;2026-09-19T12:05:19.793496+00:00;2026-09-19T12:05:19.793496+00:00;Georgia - Erovnuli Liga;Gagra vs Meshakhte Tkibuli;1636640820;spread;away;0.5;1.926;1.787;7.217;0;1.88;1.52;1
1636480696-spread-home-0.0-1789819519;2026-09-19T12:05:19.793496+00:00;2026-09-19T12:05:19.793496+00:00;Algeria - Ligue 2;ES Mostaganem vs USM Blida;1636480696;spread;home;0.0;1.893;1.73;8.611;0;2.88;2.51;1
1636454969-spread-home--1.0-1789818071;2026-09-19T11:41:11.368014+00:00;2026-09-19T12:13:21.036194+00:00;Italy - Serie B;Palermo vs Padova;1636454969;spread;home;-1.0;1.98;1.909;3.586;32.16;1.3;0.94;3
1636681672-spread-home-0.0-1789818071;2026-09-19T11:41:11.368014+00:00;2026-09-19T12:13:21.036194+00:00;Argentina - Primera B Metropolitana;Deportivo Camioneros vs Deportivo Armenio;1636681672;spread;home;0.0;1.952;1.694;13.217;32.16;5.29;4.93;3
1635980522-spread-home-0.0-1789819031;2026-09-19T11:57:11.276522+00:00;2026-09-19T12:13:21.036194+00:00;Italy - Serie A;Roma vs Internazionale;1635980522;spread;home;0.0;2.11;2.06;2.37;16.16;4.02;3.66;2
1635980522-spread-away--0.0-1789820001;2026-09-19T12:13:21.036194+00:00;2026-09-19T12:13:21.036194+00:00;Italy - Serie A;Roma vs Internazionale;1635980522;spread;away;-0.0;1.87;1.68;10.16;0;3.77;3.41;1
1635980523-spread-away--0.5-1789820001;2026-09-19T12:13:21.036194+00:00;2026-09-19T12:13:21.036194+00:00;Italy - Serie A;Venezia vs Lazio;1635980523;spread;away;-0.5;2.09;1.943;7.033;0;6.52;6.16;1
1635980523-spread-home-0.0-1789820001;2026-09-19T12:13:21.036194+00:00;2026-09-19T12:13:21.036194+00:00;Italy - Serie A;Venezia vs Lazio;1635980523;spread;home;0.0;1.926;1.893;1.713;0;6.52;6.16;1
1636463798-spread-away--0.0-1789820001;2026-09-19T12:13:21.036194+00:00;2026-09-19T12:13:21.036194+00:00;Austria - 2. Liga;Sturm Graz II vs Wacker Innsbruck;1636463798;spread;away;-0.0;1.962;1.775;9.531;0;1.27;0.91;1
1635985152-spread-home--0.5-1789820001;2026-09-19T12:13:21.036194+00:00;2026-09-19T12:13:21.036194+00:00;France - Ligue 1;Angers vs Troyes;1635985152;spread;home;-0.5;2.11;1.877;11.043;0;6.52;6.16;1
1635980512-spread-home--1.0-1789820001;2026-09-19T12:13:21.036194+00:00;2026-09-19T12:13:21.036194+00:00;France - Ligue 1;Paris FC vs Strasbourg;1635980512;spread;home;-1.0;1.943;1.794;7.669;0;3.02;2.66;1
1636486482-spread-home-0.0-1789820001;2026-09-19T12:13:21.036194+00:00;2026-09-19T12:13:21.036194+00:00;Spain - Segunda Division;Eldense vs Eibar;1636486482;spread;home;0.0;2.14;1.847;13.692;0;4.27;3.91;1
1636463908-spread-home-0.0-1789820001;2026-09-19T12:13:21.036194+00:00;2026-09-19T12:13:21.036194+00:00;England - Championship;Wrexham vs Southampton;1636463908;spread;home;0.0;2.07;1.952;5.7;0;1.76;1.4;1
1636463908-spread-away--0.0-1789820001;2026-09-19T12:13:21.036194+00:00;2026-09-19T12:13:21.036194+00:00;England - Championship;Wrexham vs Southampton;1636463908;spread;away;-0.0;1.847;1.794;2.87;0;1.76;1.4;1
1636480666-spread-home-0.0-1789820001;2026-09-19T12:13:21.036194+00:00;2026-09-19T12:13:21.036194+00:00;England - Championship;Birmingham City vs Middlesbrough;1636480666;spread;home;0.0;2.05;1.826;10.927;0;1.76;1.4;2
1636486521-spread-home-0.5-1789820001;2026-09-19T12:13:21.036194+00:00;2026-09-19T12:13:21.036194+00:00;France - Ligue 2;Metz vs Saint-Etienne;1636486521;spread;home;0.5;1.885;1.855;1.592;0;5.76;5.4;1
1636486521-spread-away--0.5-1789820001;2026-09-19T12:13:21.036194+00:00;2026-09-19T12:13:21.036194+00:00;France - Ligue 2;Metz vs Saint-Etienne;1636486521;spread;away;-0.5;2.01;1.87;6.965;0;5.76;5.4;1
1636216729-spread-home-0.0-1789820001;2026-09-19T12:13:21.036194+00:00;2026-09-19T12:13:21.036194+00:00;Colombia - Primera A;Alianza Valledupar vs Independiente Santa Fe;1636216729;spread;home;0.0;2.02;1.769;12.426;0;8.85;8.49;1
1636660546-spread-home--1.0-1789820001;2026-09-19T12:13:21.036194+00:00;2026-09-19T12:13:21.036194+00:00;Bosnia and Herzegovina - 1st League;Bratstvo Gracanica vs Tomislav Tomislavgrad;1636660546;spread;home;-1.0;1.901;1.833;3.577;0;1.26;0.9;1
1636498818-spread-home-0.0-1789820001;2026-09-19T12:13:21.036194+00:00;2026-09-19T12:13:21.036194+00:00;Finland - Ykkonen;PK Keski-Uusimaa vs RoPS;1636498818;spread;home;0.0;1.952;1.87;4.201;0;0.76;0.4;1
1636498818-spread-away--0.0-1789820001;2026-09-19T12:13:21.036194+00:00;2026-09-19T12:13:21.036194+00:00;Finland - Ykkonen;PK Keski-Uusimaa vs RoPS;1636498818;spread;away;-0.0;1.901;1.87;1.631;0;0.76;0.4;1
1636048887-spread-home-0.0-1789820001;2026-09-19T12:13:21.036194+00:00;2026-09-19T12:13:21.036194+00:00;Brazil - Serie A;Remo vs Santos;1636048887;spread;home;0.0;2.11;1.8;14.692;0;9.26;8.9;1
1636442695-spread-home-0.5-1789820001;2026-09-19T12:13:21.036194+00:00;2026-09-19T12:13:21.036194+00:00;Bulgaria - First League;Septemvri Sofia vs Botev Plovdiv;1636442695;spread;home;0.5;1.943;1.909;1.75;0;1.26;0.9;1
1636442695-spread-away--0.5-1789820001;2026-09-19T12:13:21.036194+00:00;2026-09-19T12:13:21.036194+00:00;Bulgaria - First League;Septemvri Sofia vs Botev Plovdiv;1636442695;spread;away;-0.5;1.909;1.82;4.662;0;1.26;0.9;1
1635910286-spread-home-0.0-1789820001;2026-09-19T12:13:21.036194+00:00;2026-09-19T12:13:21.036194+00:00;FIFA - Intercontinental Cup;Mamelodi Sundowns vs Al-Ahli;1635910286;spread;home;0.0;2.03;1.855;8.621;0;0.76;0.39;1
1636454965-spread-away--0.0-1789820001;2026-09-19T12:13:21.036194+00:00;2026-09-19T12:13:21.036194+00:00;Czech Republic - 3. Liga;Pribram II vs Dukla Prague II;1636454965;spread;away;-0.0;2.02;1.8;10.891;0;0.76;0.39;1
1636463911-spread-away--0.5-1789820001;2026-09-19T12:13:21.036194+00:00;2026-09-19T12:13:21.036194+00:00;England - League 2;Gillingham vs Bristol Rovers;1636463911;spread;away;-0.5;2.06;1.794;12.913;0;1.75;1.39;1
1636442669-spread-home--0.5-1789820001;2026-09-19T12:13:21.036194+00:00;2026-09-19T12:13:21.036194+00:00;France - Ligue 3;Paris 13 Atletico vs Bourg-en-Bresse;1636442669;spread;home;-0.5;2.01;1.962;2.388;0;0.5;0.14;1
1636442669-spread-away-0.5-1789820001;2026-09-19T12:13:21.036194+00:00;2026-09-19T12:13:21.036194+00:00;France - Ligue 3;Paris 13 Atletico vs Bourg-en-Bresse;1636442669;spread;away;0.5;1.855;1.769;4.636;0;0.5;0.14;1
1636486488-total-under-2.5-1789820001;2026-09-19T12:13:21.036194+00:00;2026-09-19T12:13:21.036194+00:00;Spain - Primera Federacion;Coria vs Real Aviles;1636486488;total;under;2.5;2.01;1.971;1.94;0;4.5;4.14;1
1636480734-spread-away--0.0-1789820001;2026-09-19T12:13:21.036194+00:00;2026-09-19T12:13:21.036194+00:00;Israel - Premier League;Bnei Sakhnin vs Hapoel Ramat Gan;1636480734;spread;away;-0.0;2.04;1.885;7.598;0;4.25;3.89;1
1635984810-spread-home-0.0-1789820001;2026-09-19T12:13:21.036194+00:00;2026-09-19T12:13:21.036194+00:00;Germany - Bundesliga;Hamburger SV vs FC Koln;1635984810;spread;home;0.0;2.06;1.971;4.32;0;1.25;0.89;1
1635886171-spread-home-0.0-1789820001;2026-09-19T12:13:21.036194+00:00;2026-09-19T12:13:21.036194+00:00;Northern Ireland - Premiership;Bangor vs Portadown;1635886171;spread;home;0.0;2.04;1.769;13.284;0;1.75;1.39;1
1635919015-spread-away--0.0-1789820001;2026-09-19T12:13:21.036194+00:00;2026-09-19T12:13:21.036194+00:00;England - National League;Hornchurch vs Scunthorpe United;1635919015;spread;away;-0.0;2.04;1.877;7.99;0;4.25;3.89;1
1636498798-spread-home--0.5-1789820001;2026-09-19T12:13:21.036194+00:00;2026-09-19T12:13:21.036194+00:00;Turkey - 1st League;Keciorengucu vs Sivasspor;1636498798;spread;home;-0.5;1.885;1.775;5.836;0;1.75;1.39;1
1636480657-spread-away--1.0-1789820001;2026-09-19T12:13:21.036194+00:00;2026-09-19T12:13:21.036194+00:00;Scotland - Championship;Greenock Morton vs Dunfermline Athletic;1636480657;spread;away;-1.0;2.03;1.943;4.286;0;1.75;1.39;1
1635909175-spread-home--2.0-1789820001;2026-09-19T12:13:21.036194+00:00;2026-09-19T12:13:21.036194+00:00;England - Premier League;Everton vs Ipswich Town;1635909175;spread;home;-2.0;2.01;1.943;3.333;0;1.75;1.38;1
1635909172-spread-home-0.5-1789820001;2026-09-19T12:13:21.036194+00:00;2026-09-19T12:13:21.036194+00:00;England - Premier League;Brighton vs Arsenal;1635909172;spread;home;0.5;1.862;1.813;2.632;0;1.75;1.38;1
1636442668-spread-away-0.5-1789820001;2026-09-19T12:13:21.036194+00:00;2026-09-19T12:21:09.184355+00:00;Poland - Ekstraklasa;Korona Kielce vs Rakow Czestochowa;1636442668;spread;away;0.5;1.971;1.855;5.885;7.8;0.5;0.14;2
1635909035-spread-away-0.5-1789820469;2026-09-19T12:21:09.184355+00:00;2026-09-19T12:21:09.184355+00:00;Poland - 1st Liga;Nieciecza vs Odra Opole;1635909035;spread;away;0.5;1.935;1.885;2.584;0;1.14;0.78;1
1635909035-spread-home--0.5-1789820469;2026-09-19T12:21:09.184355+00:00;2026-09-19T12:21:09.184355+00:00;Poland - 1st Liga;Nieciecza vs Odra Opole;1635909035;spread;home;-0.5;1.962;1.8;8.257;0;1.14;0.78;1
1635980513-spread-home--0.5-1789820469;2026-09-19T12:21:09.184355+00:00;2026-09-19T12:21:09.184355+00:00;France - Ligue 1;Le Mans vs Lorient;1635980513;spread;home;-0.5;2.02;1.87;7.426;0;6.39;6.03;1
1635980513-spread-away-0.5-1789820469;2026-09-19T12:21:09.184355+00:00;2026-09-19T12:21:09.184355+00:00;France - Ligue 1;Le Mans vs Lorient;1635980513;spread;away;0.5;1.926;1.735;9.917;0;6.39;6.03;1
1636486528-spread-home-0.0-1789820469;2026-09-19T12:21:09.184355+00:00;2026-09-19T12:21:09.184355+00:00;Peru - Liga 1;FC Cajamarca vs Cusco;1636486528;spread;home;0.0;1.99;1.926;3.216;0;5.64;5.28;1
1636486528-spread-away--0.0-1789820469;2026-09-19T12:21:09.184355+00:00;2026-09-19T12:21:09.184355+00:00;Peru - Liga 1;FC Cajamarca vs Cusco;1636486528;spread;away;-0.0;1.833;1.787;2.51;0;5.64;5.28;1
1636486482-spread-away--0.0-1789820469;2026-09-19T12:21:09.184355+00:00;2026-09-19T12:21:09.184355+00:00;Spain - Segunda Division;Eldense vs Eibar;1636486482;spread;away;-0.0;1.893;1.8;4.913;0;4.14;3.78;1
1636216729-spread-away--0.0-1789820469;2026-09-19T12:21:09.184355+00:00;2026-09-19T12:21:09.184355+00:00;Colombia - Primera A;Alianza Valledupar vs Independiente Santa Fe;1636216729;spread;away;-0.0;1.952;1.84;5.738;0;8.72;8.36;1
1636663164-spread-home--1.0-1789820469;2026-09-19T12:21:09.184355+00:00;2026-09-19T12:21:09.184355+00:00;Cyprus - 2nd Division;Enosis Neon Paralimni vs Halkanoras;1636663164;spread;home;-1.0;1.917;1.877;2.087;0;3.63;3.27;1
1636663164-total-over-2.5-1789820469;2026-09-19T12:21:09.184355+00:00;2026-09-19T12:21:09.184355+00:00;Cyprus - 2nd Division;Enosis Neon Paralimni vs Halkanoras;1636663164;total;over;2.5;1.962;1.885;3.925;0;3.63;3.27;1
1636681626-spread-home--0.5-1789820469;2026-09-19T12:21:09.184355+00:00;2026-09-19T12:21:09.184355+00:00;Cyprus - 2nd Division;Akritas Chlorakas vs Asil Lysis;1636681626;spread;home;-0.5;1.87;1.813;3.048;0;3.63;3.27;1
1636760016-spread-home--1.0-1789820469;2026-09-19T12:21:09.184355+00:00;2026-09-19T12:21:09.184355+00:00;Bosnia and Herzegovina - 1st League;Famos Vojkovici vs Romanija Pale;1636760016;spread;home;-1.0;1.885;1.855;1.592;0;1.63;1.27;1
1636498201-spread-away--0.0-1789820469;2026-09-19T12:21:09.184355+00:00;2026-09-19T12:21:09.184355+00:00;USA - Major League Soccer;CF Montreal vs Columbus Crew;1636498201;spread;away;-0.0;2.05;1.775;13.415;0;11.13;10.77;1
1636642354-spread-home--1.5-1789820469;2026-09-19T12:21:09.184355+00:00;2026-09-19T12:21:09.184355+00:00;Portugal - Cup;Atletico CP vs Lagoa;1636642354;spread;home;-1.5;1.862;1.833;1.557;0;2.13;1.77;1
1636463775-spread-away--0.5-1789820469;2026-09-19T12:21:09.184355+00:00;2026-09-19T12:21:09.184355+00:00;Sweden - Allsvenskan;Vasteras vs Malmo;1636463775;spread;away;-0.5;2.0;1.909;4.55;0;0.63;0.27;1
1636463774-spread-home-0.0-1789820469;2026-09-19T12:21:09.184355+00:00;2026-09-19T12:21:09.184355+00:00;Sweden - Allsvenskan;Brommapojkarna vs IFK Goteborg;1636463774;spread;home;0.0;2.08;2.0;3.846;0;0.63;0.27;1
1636463902-spread-away--0.0-1789820469;2026-09-19T12:21:09.184355+00:00;2026-09-19T12:21:09.184355+00:00;Scotland - League One;Alloa Athletic vs East Kilbride;1636463902;spread;away;-0.0;1.893;1.813;4.226;0;1.63;1.27;1
1636486469-spread-away--0.0-1789820469;2026-09-19T12:21:09.184355+00:00;2026-09-19T12:21:09.184355+00:00;Lithuania - 1 Lyga;Kauno Zalgiris II vs Garliava;1636486469;spread;away;-0.0;1.962;1.758;10.398;0;3.63;3.26;1
1635910286-spread-away--0.0-1789820469;2026-09-19T12:21:09.184355+00:00;2026-09-19T12:21:09.184355+00:00;FIFA - Intercontinental Cup;Mamelodi Sundowns vs Al-Ahli;1635910286;spread;away;-0.0;1.885;1.826;3.13;0;0.62;0.26;1
1636442663-spread-home-0.0-1789820469;2026-09-19T12:21:09.184355+00:00;2026-09-19T12:21:09.184355+00:00;Netherlands - Tweede Divisie;Koninklijke HFC vs Amsterdamsche;1636442663;spread;home;0.0;1.87;1.8;3.743;0;0.12;0;1
1636442671-spread-away-0.5-1789820469;2026-09-19T12:21:09.184355+00:00;2026-09-19T12:21:09.184355+00:00;France - Ligue 3;Fleury 91 vs Thionville Lusitanos;1636442671;spread;away;0.5;1.901;1.87;1.631;0;0.37;0.01;1
1635980521-spread-home--0.5-1789820469;2026-09-19T12:21:09.184355+00:00;2026-09-19T12:21:09.184355+00:00;Germany - Bundesliga;Eintracht Frankfurt vs Freiburg;1635980521;spread;home;-0.5;2.03;1.82;10.345;0;1.12;0.76;1
1635980521-spread-away-0.5-1789820469;2026-09-19T12:21:09.184355+00:00;2026-09-19T12:21:09.184355+00:00;Germany - Bundesliga;Eintracht Frankfurt vs Freiburg;1635980521;spread;away;0.5;1.971;1.73;12.227;0;1.12;0.76;1
1635919015-spread-home-0.0-1789820469;2026-09-19T12:21:09.184355+00:00;2026-09-19T12:21:09.184355+00:00;England - National League;Hornchurch vs Scunthorpe United;1635919015;spread;home;0.0;1.84;1.82;1.087;0;4.12;3.76;1
1636463900-spread-home--0.5-1789820469;2026-09-19T12:21:09.184355+00:00;2026-09-19T12:21:09.184355+00:00;Scotland - Championship;Stenhousemuir vs Arbroath;1636463900;spread;home;-0.5;1.971;1.901;3.551;0;1.62;1.25;1
1636463900-spread-away-0.5-1789820469;2026-09-19T12:21:09.184355+00:00;2026-09-19T12:21:09.184355+00:00;Scotland - Championship;Stenhousemuir vs Arbroath;1636463900;spread;away;0.5;1.885;1.833;2.759;0;1.62;1.25;1
1636654293-spread-home--1.5-1789820469;2026-09-19T12:21:09.184355+00:00;2026-09-19T12:21:09.184355+00:00;England - FA Cup Qualification;Weston Super Mare vs Wimborne Town;1636654293;spread;home;-1.5;1.99;1.935;2.764;0;1.62;1.25;1
1636498154-spread-away--0.0-1789820469;2026-09-19T12:21:09.184355+00:00;2026-09-19T12:21:09.184355+00:00;South Africa - PSL;Kruger United vs Stellenbosch;1636498154;spread;away;-0.0;1.909;1.8;5.71;0;5.61;5.25;1
1635980437-total-over-2.5-1789819031;2026-09-19T11:57:11.276522+00:00;2026-09-19T12:29:07.976953+00:00;Scotland - Premiership;St Johnstone vs Falkirk;1635980437;total;over;2.5;2.06;1.971;4.32;31.95;2.01;1.65;3
1635985152-spread-away-0.5-1789820001;2026-09-19T12:13:21.036194+00:00;2026-09-19T12:29:07.976953+00:00;France - Ligue 1;Angers vs Troyes;1635985152;spread;away;0.5;1.917;1.806;5.79;15.78;6.52;6.16;2
1635980521-spread-away--0.0-1789820001;2026-09-19T12:13:21.036194+00:00;2026-09-19T12:29:07.976953+00:00;Germany - Bundesliga;Eintracht Frankfurt vs Freiburg;1635980521;spread;away;-0.0;1.98;1.926;2.727;15.78;1.25;0.89;2
1636640848-spread-home--2.5-1789820001;2026-09-19T12:13:21.036194+00:00;2026-09-19T12:29:07.976953+00:00;England - FA Cup Qualification;Torquay United vs Stoneham;1636640848;spread;home;-2.5;1.862;1.826;1.933;15.78;1.75;1.39;2
1635980523-spread-home-0.5-1789820469;2026-09-19T12:21:09.184355+00:00;2026-09-19T12:29:07.976953+00:00;Italy - Serie A;Venezia vs Lazio;1635980523;spread;home;0.5;1.87;1.84;1.604;7.98;6.39;6.03;2
1636463911-spread-home-0.5-1789820469;2026-09-19T12:21:09.184355+00:00;2026-09-19T12:29:07.976953+00:00;England - League 2;Gillingham vs Bristol Rovers;1636463911;spread;home;0.5;1.943;1.8;7.36;7.98;1.62;1.26;2
1635909175-spread-away-2.0-1789820947;2026-09-19T12:29:07.976953+00:00;2026-09-19T12:29:07.976953+00:00;England - Premier League;Everton vs Ipswich Town;1635909175;spread;away;2.0;1.87;1.82;2.674;0;1.51;1.15;1
1636483904-total-over-2.5-1789820947;2026-09-19T12:29:07.976953+00:00;2026-09-19T12:29:07.976953+00:00;Spain - Tercera Division;Las Palmas III vs Union Sur Yaiza;1636483904;total;over;2.5;1.952;1.901;2.613;0;3.51;3.15;1
1635984810-spread-away--0.0-1789820947;2026-09-19T12:29:07.976953+00:00;2026-09-19T12:29:07.976953+00:00;Germany - Bundesliga;Hamburger SV vs FC Koln;1635984810;spread;away;-0.0;1.877;1.746;6.979;0;1.01;0.65;2
1635980439-spread-home-0.0-1789820947;2026-09-19T12:29:07.976953+00:00;2026-09-19T12:29:07.976953+00:00;Germany - Bundesliga;Stuttgart vs Borussia Dortmund;1635980439;spread;home;0.0;2.09;1.862;10.909;0;4.01;3.65;1
1636498201-spread-home-0.0-1789820947;2026-09-19T12:29:07.976953+00:00;2026-09-19T12:29:07.976953+00:00;USA - Major League Soccer;CF Montreal vs Columbus Crew;1636498201;spread;home;0.0;1.98;1.87;5.556;0;11.0;10.64;1
1636463798-spread-home-0.0-1789820947;2026-09-19T12:29:07.976953+00:00;2026-09-19T12:29:07.976953+00:00;Austria - 2. Liga;Sturm Graz II vs Wacker Innsbruck;1636463798;spread;home;0.0;1.952;1.893;3.023;0;1.0;0.64;1
1636454954-spread-home-2.0-1789820947;2026-09-19T12:29:07.976953+00:00;2026-09-19T12:29:07.976953+00:00;Ukraine - Premier League;Zorya Luhansk vs Dynamo Kyiv;1636454954;spread;home;2.0;1.806;1.781;1.384;0;0.0;0;1
1636048887-spread-away--0.0-1789820947;2026-09-19T12:29:07.976953+00:00;2026-09-19T12:29:07.976953+00:00;Brazil - Serie A;Remo vs Santos;1636048887;spread;away;-0.0;1.952;1.806;7.48;0;9.0;8.64;1
1636681672-spread-away--0.0-1789820947;2026-09-19T12:29:07.976953+00:00;2026-09-19T12:29:07.976953+00:00;Argentina - Primera B Metropolitana;Deportivo Camioneros vs Deportivo Armenio;1636681672;spread;away;-0.0;2.03;1.99;1.97;0;4.5;4.14;1
1635980512-spread-away-1.0-1789820947;2026-09-19T12:29:07.976953+00:00;2026-09-19T12:29:07.976953+00:00;France - Ligue 1;Paris FC vs Strasbourg;1635980512;spread;away;1.0;2.0;1.82;9.0;0;2.75;2.39;1
1636454965-spread-home-0.0-1789820947;2026-09-19T12:29:07.976953+00:00;2026-09-19T12:29:07.976953+00:00;Czech Republic - 3. Liga;Pribram II vs Dukla Prague II;1636454965;spread;home;0.0;1.98;1.909;3.586;0;0.5;0.14;1
1636463763-total-over-2.5-1789820947;2026-09-19T12:29:07.976953+00:00;2026-09-19T12:29:07.976953+00:00;France - Ligue 3;Versailles vs Quevilly;1636463763;total;over;2.5;2.04;2.0;1.961;0;0.24;0;1
1636463911-total-under-2.5-1789820947;2026-09-19T12:29:07.976953+00:00;2026-09-19T12:29:07.976953+00:00;England - League 2;Gillingham vs Bristol Rovers;1636463911;total;under;2.5;1.99;1.935;2.764;0;1.49;1.13;1
1636506177-spread-home-1.0-1789820947;2026-09-19T12:29:07.976953+00:00;2026-09-19T12:29:07.976953+00:00;Norway - 2nd Division;Kvik Halden vs Jerv;1636506177;spread;home;1.0;1.84;1.787;2.88;0;1.49;1.13;1
1636581425-total-under-2.5-1789820947;2026-09-19T12:29:07.976953+00:00;2026-09-19T12:29:07.976953+00:00;Finland - Ykkosliiga;Mikkelin Palloilijat vs JIPPO;1636581425;total;under;2.5;2.0;1.98;1.0;0;0.49;0.13;1
1635886171-spread-away--0.0-1789820947;2026-09-19T12:29:07.976953+00:00;2026-09-19T12:29:07.976953+00:00;Northern Ireland - Premiership;Bangor vs Portadown;1635886171;spread;away;-0.0;1.962;1.826;6.932;0;1.49;1.13;1
1636454968-total-under-2.5-1789820947;2026-09-19T12:29:07.976953+00:00;2026-09-19T12:37:03.509446+00:00;Italy - Serie B;Carrarese vs Benevento;1636454968;total;under;2.5;1.943;1.885;2.985;7.93;0.49;0.13;2
1636480666-spread-home-0.0-1789821423;2026-09-19T12:37:03.509446+00:00;2026-09-19T12:37:03.509446+00:00;England - Championship;Birmingham City vs Middlesbrough;1636480666;spread;home;0.0;2.06;1.826;11.359;0;1.38;1.02;2
1636463908-spread-home-0.0-1789821423;2026-09-19T12:37:03.509446+00:00;2026-09-19T12:37:03.509446+00:00;England - Championship;Wrexham vs Southampton;1636463908;spread;home;0.0;2.07;1.952;5.7;0;1.38;1.02;1
1636463908-spread-away--0.0-1789821423;2026-09-19T12:37:03.509446+00:00;2026-09-19T12:37:03.509446+00:00;England - Championship;Wrexham vs Southampton;1636463908;spread;away;-0.0;1.847;1.794;2.87;0;1.38;1.02;1
1636486521-spread-home-0.5-1789821423;2026-09-19T12:37:03.509446+00:00;2026-09-19T12:37:03.509446+00:00;France - Ligue 2;Metz vs Saint-Etienne;1636486521;spread;home;0.5;1.885;1.855;1.592;0;5.38;5.02;1
1636486521-spread-away--0.5-1789821423;2026-09-19T12:37:03.509446+00:00;2026-09-19T12:37:03.509446+00:00;France - Ligue 2;Metz vs Saint-Etienne;1636486521;spread;away;-0.5;2.01;1.87;6.965;0;5.38;5.02;1
1636442695-spread-away--0.5-1789821423;2026-09-19T12:37:03.509446+00:00;2026-09-19T12:37:03.509446+00:00;Bulgaria - First League;Septemvri Sofia vs Botev Plovdiv;1636442695;spread;away;-0.5;1.909;1.82;4.662;0;0.88;0.52;1
1636216729-spread-home-0.0-1789821423;2026-09-19T12:37:03.509446+00:00;2026-09-19T12:37:03.509446+00:00;Colombia - Primera A;Alianza Valledupar vs Independiente Santa Fe;1636216729;spread;home;0.0;2.02;1.769;12.426;0;8.46;8.1;1
1636454963-spread-away--1.5-1789821423;2026-09-19T12:37:03.509446+00:00;2026-09-19T12:37:03.509446+00:00;Latvia - Virsliga;Jelgava vs Riga FC;1636454963;spread;away;-1.5;1.962;1.877;4.332;0;0.37;0.02;1
1635909153-spread-away-1.0-1789821423;2026-09-19T12:37:03.509446+00:00;2026-09-19T12:37:03.509446+00:00;Slovakia - Super Liga;FC Kosice vs Ruzomberok;1635909153;spread;away;1.0;2.0;1.98;1.0;0;3.37;3.01;1
1636498181-spread-away--0.5-1789821423;2026-09-19T12:37:03.509446+00:00;2026-09-19T12:37:03.509446+00:00;USA - Major League Soccer;San Jose Earthquakes vs Los Angeles FC;1636498181;spread;away;-0.5;1.833;1.813;1.091;0;10.87;10.51;1
1635113774-spread-away--0.0-1789821423;2026-09-19T12:37:03.509446+00:00;2026-09-19T12:37:03.509446+00:00;England - League 1;Peterborough United vs Doncaster Rovers;1635113774;spread;away;-0.0;1.893;1.833;3.17;0;1.37;1.01;1
1636463798-spread-away--0.0-1789821423;2026-09-19T12:37:03.509446+00:00;2026-09-19T12:37:03.509446+00:00;Austria - 2. Liga;Sturm Graz II vs Wacker Innsbruck;1636463798;spread;away;-0.0;1.962;1.775;9.531;0;0.87;0.51;1
1636048887-spread-home-0.0-1789821423;2026-09-19T12:37:03.509446+00:00;2026-09-19T12:37:03.509446+00:00;Brazil - Serie A;Remo vs Santos;1636048887;spread;home;0.0;2.11;1.8;14.692;0;8.87;8.51;1
1635985152-spread-home--0.5-1789821423;2026-09-19T12:37:03.509446+00:00;2026-09-19T12:37:03.509446+00:00;France - Ligue 1;Angers vs Troyes;1635985152;spread;home;-0.5;2.11;1.877;11.043;0;6.12;5.76;1
1636498798-spread-home--0.5-1789821423;2026-09-19T12:37:03.509446+00:00;2026-09-19T12:37:03.509446+00:00;Turkey - 1st League;Keciorengucu vs Sivasspor;1636498798;spread;home;-0.5;1.885;1.775;5.836;0;1.37;1.01;1
1636480734-spread-away--0.0-1789821423;2026-09-19T12:37:03.509446+00:00;2026-09-19T12:37:03.509446+00:00;Israel - Premier League;Bnei Sakhnin vs Hapoel Ramat Gan;1636480734;spread;away;-0.0;2.04;1.885;7.598;0;3.86;3.5;1
1636663164-total-under-2.5-1789821423;2026-09-19T12:37:03.509446+00:00;2026-09-19T12:37:03.509446+00:00;Cyprus - 2nd Division;Enosis Neon Paralimni vs Halkanoras;1636663164;total;under;2.5;1.826;1.806;1.095;0;3.36;3.0;1
1636442669-spread-home--0.5-1789821423;2026-09-19T12:37:03.509446+00:00;2026-09-19T12:37:03.509446+00:00;France - Ligue 3;Paris 13 Atletico vs Bourg-en-Bresse;1636442669;spread;home;-0.5;2.06;1.901;7.718;0;0.11;0;1
1636463762-spread-away-0.5-1789821423;2026-09-19T12:37:03.509446+00:00;2026-09-19T12:37:03.509446+00:00;France - Ligue 3;Le Puy vs Villefranche;1636463762;spread;away;0.5;1.909;1.847;3.248;0;0.11;0;1
1636463762-total-under-2.5-1789821423;2026-09-19T12:37:03.509446+00:00;2026-09-19T12:37:03.509446+00:00;France - Ligue 3;Le Puy vs Villefranche;1636463762;total;under;2.5;1.885;1.847;2.016;0;0.11;0;1
1635980523-spread-away--0.5-1789821423;2026-09-19T12:37:03.509446+00:00;2026-09-19T12:37:03.509446+00:00;Italy - Serie A;Venezia vs Lazio;1635980523;spread;away;-0.5;2.1;1.943;7.476;0;6.11;5.75;1
1635980522-spread-home-0.0-1789821423;2026-09-19T12:37:03.509446+00:00;2026-09-19T12:37:03.509446+00:00;Italy - Serie A;Roma vs Internazionale;1635980522;spread;home;0.0;2.11;2.06;2.37;0;3.36;3.0;1
1635980522-spread-away--0.0-1789821423;2026-09-19T12:37:03.509446+00:00;2026-09-19T12:37:03.509446+00:00;Italy - Serie A;Roma vs Internazionale;1635980522;spread;away;-0.0;1.87;1.68;10.16;0;3.36;3.0;1
1636463911-spread-away--0.5-1789821423;2026-09-19T12:37:03.509446+00:00;2026-09-19T12:37:03.509446+00:00;England - League 2;Gillingham vs Bristol Rovers;1636463911;spread;away;-0.5;2.07;1.794;13.333;0;1.36;1.0;1
1636611845-spread-away--0.5-1789821423;2026-09-19T12:37:03.509446+00:00;2026-09-19T12:37:03.509446+00:00;Slovakia - 2. Liga;Humenne vs Inter Bratislava;1636611845;spread;away;-0.5;1.855;1.833;1.186;0;0.85;0.5;1
1636463842-spread-home-0.0-1789821423;2026-09-19T12:37:03.509446+00:00;2026-09-19T12:37:03.509446+00:00;Finland - Ykkosliiga;PK-35 vs KTP;1636463842;spread;home;0.0;1.971;1.893;3.957;0;1.35;0.99;1
1636463842-spread-away--0.0-1789821423;2026-09-19T12:37:03.509446+00:00;2026-09-19T12:37:03.509446+00:00;Finland - Ykkosliiga;PK-35 vs KTP;1636463842;spread;away;-0.0;1.885;1.84;2.387;0;1.35;0.99;1
1635886171-spread-home-0.0-1789821423;2026-09-19T12:37:03.509446+00:00;2026-09-19T12:37:03.509446+00:00;Northern Ireland - Premiership;Bangor vs Portadown;1635886171;spread;home;0.0;2.04;1.769;13.284;0;1.35;0.99;1
1636486482-spread-home-0.0-1789821423;2026-09-19T12:37:03.509446+00:00;2026-09-19T12:37:03.509446+00:00;Spain - Segunda Division;Eldense vs Eibar;1636486482;spread;home;0.0;2.14;1.847;13.692;0;3.85;3.49;1
1636531199-spread-away-0.5-1789821423;2026-09-19T12:37:03.509446+00:00;2026-09-19T12:37:03.509446+00:00;North Macedonia - 2nd League;Pelister vs Ohrid;1636531199;spread;away;0.5;1.962;1.917;2.294;0;1.1;0.74;1
1636531199-total-under-2.5-1789821423;2026-09-19T12:37:03.509446+00:00;2026-09-19T12:37:03.509446+00:00;North Macedonia - 2nd League;Pelister vs Ohrid;1636531199;total;under;2.5;1.847;1.82;1.462;0;1.1;0.74;1
1636486487-total-over-2.5-1789821423;2026-09-19T12:37:03.509446+00:00;2026-09-19T12:37:03.509446+00:00;Greece - Super League;Aris Thessaloniki vs Iraklis 1908 FC;1636486487;total;over;2.5;2.03;1.962;3.35;0;3.85;3.49;1
1636689312-spread-away--0.0-1789820947;2026-09-19T12:29:07.976953+00:00;2026-09-19T12:44:49.394239+00:00;Spain - Primera Federacion;Real Jaen vs UD Ibiza;1636689312;spread;away;-0.0;2.05;1.98;3.415;15.69;6.5;6.15;2
1636463954-spread-home--1.0-1789820947;2026-09-19T12:29:07.976953+00:00;2026-09-19T12:44:49.394239+00:00;Slovenia - Prva Liga;Koper vs Nafta;1636463954;spread;home;-1.0;1.962;1.826;6.932;15.69;3.0;2.64;2
1636454969-spread-away-1.0-1789820947;2026-09-19T12:29:07.976953+00:00;2026-09-19T12:44:49.394239+00:00;Italy - Serie B;Palermo vs Padova;1636454969;spread;away;1.0;2.0;1.962;1.9;15.69;0.49;0.13;2
1636442695-spread-home-0.5-1789821423;2026-09-19T12:37:03.509446+00:00;2026-09-19T12:44:49.394239+00:00;Bulgaria - First League;Septemvri Sofia vs Botev Plovdiv;1636442695;spread;home;0.5;1.943;1.893;2.573;7.76;0.88;0.52;2
1635984810-spread-home-0.0-1789821423;2026-09-19T12:37:03.509446+00:00;2026-09-19T12:44:49.394239+00:00;Germany - Bundesliga;Hamburger SV vs FC Koln;1635984810;spread;home;0.0;2.06;1.962;4.757;7.76;0.87;0.52;2
1636498818-spread-home-0.0-1789821423;2026-09-19T12:37:03.509446+00:00;2026-09-19T12:44:49.394239+00:00;Finland - Ykkonen;PK Keski-Uusimaa vs RoPS;1636498818;spread;home;0.0;1.99;1.833;7.889;7.76;0.37;0.02;2
1635919015-spread-home-0.0-1789821889;2026-09-19T12:44:49.394239+00:00;2026-09-19T12:44:49.394239+00:00;England - National League;Hornchurch vs Scunthorpe United;1635919015;spread;home;0.0;1.84;1.82;1.087;0;3.75;3.39;1
1635919015-spread-away--0.0-1789821889;2026-09-19T12:44:49.394239+00:00;2026-09-19T12:44:49.394239+00:00;England - National League;Hornchurch vs Scunthorpe United;1635919015;spread;away;-0.0;2.04;1.877;7.99;0;3.75;3.39;1
1636486528-spread-home-0.0-1789821889;2026-09-19T12:44:49.394239+00:00;2026-09-19T12:44:49.394239+00:00;Peru - Liga 1;FC Cajamarca vs Cusco;1636486528;spread;home;0.0;1.99;1.926;3.216;0;5.25;4.89;1
1636486528-spread-away--0.0-1789821889;2026-09-19T12:44:49.394239+00:00;2026-09-19T12:44:49.394239+00:00;Peru - Liga 1;FC Cajamarca vs Cusco;1636486528;spread;away;-0.0;1.833;1.787;2.51;0;5.25;4.89;1
1636216729-spread-away--0.0-1789821889;2026-09-19T12:44:49.394239+00:00;2026-09-19T12:44:49.394239+00:00;Colombia - Primera A;Alianza Valledupar vs Independiente Santa Fe;1636216729;spread;away;-0.0;1.952;1.84;5.738;0;8.33;7.97;1
1636498818-spread-away--0.0-1789821889;2026-09-19T12:44:49.394239+00:00;2026-09-19T12:44:49.394239+00:00;Finland - Ykkonen;PK Keski-Uusimaa vs RoPS;1636498818;spread;away;-0.0;2.03;1.87;7.882;0;0.24;0;1
1636454966-spread-home-0.0-1789821889;2026-09-19T12:44:49.394239+00:00;2026-09-19T12:44:49.394239+00:00;Finland - Ykkonen;SalPa vs Tampere United;1636454966;spread;home;0.0;1.847;1.8;2.545;0;0.24;0;1
1636454966-spread-away--0.0-1789821889;2026-09-19T12:44:49.394239+00:00;2026-09-19T12:44:49.394239+00:00;Finland - Ykkonen;SalPa vs Tampere United;1636454966;spread;away;-0.0;2.01;1.935;3.731;0;0.24;0;1
1636483879-spread-away-1.5-1789821889;2026-09-19T12:44:49.394239+00:00;2026-09-19T12:44:49.394239+00:00;Bosnia and Herzegovina - Premier Liga;Zrinjski Mostar vs Velez Mostar;1636483879;spread;away;1.5;1.885;1.806;4.191;0;3.74;3.38;1
1636483879-total-under-2.5-1789821889;2026-09-19T12:44:49.394239+00:00;2026-09-19T12:44:49.394239+00:00;Bosnia and Herzegovina - Premier Liga;Zrinjski Mostar vs Velez Mostar;1636483879;total;under;2.5;1.971;1.826;7.357;0;3.74;3.38;1
1636486482-spread-away--0.0-1789821889;2026-09-19T12:44:49.394239+00:00;2026-09-19T12:44:49.394239+00:00;Spain - Segunda Division;Eldense vs Eibar;1636486482;spread;away;-0.0;1.893;1.8;4.913;0;3.74;3.38;1
1636463775-spread-away--0.5-1789821889;2026-09-19T12:44:49.394239+00:00;2026-09-19T12:44:49.394239+00:00;Sweden - Allsvenskan;Vasteras vs Malmo;1636463775;spread;away;-0.5;2.0;1.909;4.55;0;0.24;0;1
1636498201-spread-away--0.0-1789821889;2026-09-19T12:44:49.394239+00:00;2026-09-19T12:44:49.394239+00:00;USA - Major League Soccer;CF Montreal vs Columbus Crew;1636498201;spread;away;-0.0;2.05;1.775;13.415;0;10.73;10.37;1
1636920045-spread-away--0.0-1789821889;2026-09-19T12:44:49.394239+00:00;2026-09-19T12:44:49.394239+00:00;Spain - Tercera Division;Eibar III vs SD Erandio Club;1636920045;spread;away;-0.0;1.84;1.769;3.859;0;1.23;0.87;1
1635980439-spread-away--0.5-1789821889;2026-09-19T12:44:49.394239+00:00;2026-09-19T12:44:49.394239+00:00;Germany - Bundesliga;Stuttgart vs Borussia Dortmund;1635980439;spread;away;-0.5;2.11;2.07;1.896;0;3.73;3.37;1
1635980521-spread-home-0.0-1789821889;2026-09-19T12:44:49.394239+00:00;2026-09-19T12:44:49.394239+00:00;Germany - Bundesliga;Eintracht Frankfurt vs Freiburg;1635980521;spread;home;0.0;2.0;1.971;1.45;0;0.73;0.37;1
1635980521-spread-home--0.5-1789821889;2026-09-19T12:44:49.394239+00:00;2026-09-19T12:44:49.394239+00:00;Germany - Bundesliga;Eintracht Frankfurt vs Freiburg;1635980521;spread;home;-0.5;2.03;1.826;10.049;0;0.73;0.37;1
1635980521-spread-away-0.5-1789821889;2026-09-19T12:44:49.394239+00:00;2026-09-19T12:44:49.394239+00:00;Germany - Bundesliga;Eintracht Frankfurt vs Freiburg;1635980521;spread;away;0.5;1.971;1.73;12.227;0;0.73;0.37;1
1636498154-spread-away--0.0-1789821889;2026-09-19T12:44:49.394239+00:00;2026-09-19T12:44:49.394239+00:00;South Africa - PSL;Kruger United vs Stellenbosch;1636498154;spread;away;-0.0;1.909;1.8;5.71;0;5.23;4.87;1
1635909035-spread-home--0.5-1789821889;2026-09-19T12:44:49.394239+00:00;2026-09-19T12:44:49.394239+00:00;Poland - 1st Liga;Nieciecza vs Odra Opole;1635909035;spread;home;-0.5;1.885;1.8;4.509;0;0.73;0.37;1
1635909035-spread-away-0.5-1789821889;2026-09-19T12:44:49.394239+00:00;2026-09-19T12:44:49.394239+00:00;Poland - 1st Liga;Nieciecza vs Odra Opole;1635909035;spread;away;0.5;1.962;1.935;1.376;0;0.73;0.37;1
1636480667-spread-away--0.0-1789821889;2026-09-19T12:44:49.394239+00:00;2026-09-19T12:44:49.394239+00:00;Turkey - Super League;Kocaelispor vs Gaziantep;1636480667;spread;away;-0.0;2.16;2.1;2.778;0;1.23;0.87;1
1636483932-spread-home--0.5-1789821889;2026-09-19T12:44:49.394239+00:00;2026-09-19T12:44:49.394239+00:00;Portugal - Primeira Liga;Alverca vs Rio Ave;1636483932;spread;home;-0.5;1.909;1.877;1.676;0;4.22;3.87;1
1636463900-spread-home--0.5-1789821889;2026-09-19T12:44:49.394239+00:00;2026-09-19T12:44:49.394239+00:00;Scotland - Championship;Stenhousemuir vs Arbroath;1636463900;spread;home;-0.5;1.971;1.901;3.551;0;1.22;0.87;1
1636463900-spread-away-0.5-1789821889;2026-09-19T12:44:49.394239+00:00;2026-09-19T12:44:49.394239+00:00;Scotland - Championship;Stenhousemuir vs Arbroath;1636463900;spread;away;0.5;1.885;1.833;2.759;0;1.22;0.87;1
1635980513-spread-away-0.5-1789821889;2026-09-19T12:44:49.394239+00:00;2026-09-19T12:44:49.394239+00:00;France - Ligue 1;Le Mans vs Lorient;1635980513;spread;away;0.5;1.926;1.735;9.917;0;5.97;5.62;1
1636483865-spread-home--1.0-1789821889;2026-09-19T12:44:49.394239+00:00;2026-09-19T12:44:49.394239+00:00;Nigeria - NPFL;Ikorodu City vs Barau;1636483865;spread;home;-1.0;1.893;1.725;8.875;0;2.22;1.87;1
1636571537-spread-away--0.5-1789821889;2026-09-19T12:44:49.394239+00:00;2026-09-19T12:44:49.394239+00:00;Greece - Super League 2;Anagennisi Karditsas 1904 vs Panionios;1636571537;spread;away;-0.5;1.971;1.901;3.551;0;0.22;0;1
1636480666-spread-away--0.0-1789820469;2026-09-19T12:21:09.184355+00:00;2026-09-19T12:52:43.636801+00:00;England - Championship;Birmingham City vs Middlesbrough;1636480666;spread;away;-0.0;1.917;1.855;3.234;31.57;1.63;1.28;3
1635980512-spread-home--1.0-1789821423;2026-09-19T12:37:03.509446+00:00;2026-09-19T12:52:43.636801+00:00;France - Ligue 1;Paris FC vs Strasbourg;1635980512;spread;home;-1.0;1.98;1.833;7.424;15.67;2.62;2.27;2
1635980513-spread-home--0.5-1789821889;2026-09-19T12:44:49.394239+00:00;2026-09-19T12:52:43.636801+00:00;France - Ligue 1;Le Mans vs Lorient;1635980513;spread;home;-0.5;2.02;1.87;7.426;7.9;5.97;5.62;2
1635886171-spread-away--0.0-1789822363;2026-09-19T12:52:43.636801+00:00;2026-09-19T12:52:43.636801+00:00;Northern Ireland - Premiership;Bangor vs Portadown;1635886171;spread;away;-0.0;1.962;1.826;6.932;0;1.12;0.77;1
1635920612-spread-away-2.0-1789822363;2026-09-19T12:52:43.636801+00:00;2026-09-19T12:52:43.636801+00:00;Northern Ireland - Premiership;Coleraine vs Limavady United;1635920612;spread;away;2.0;1.909;1.833;3.981;0;4.12;3.77;1
1636463911-spread-home-0.5-1789822363;2026-09-19T12:52:43.636801+00:00;2026-09-19T12:52:43.636801+00:00;England - League 2;Gillingham vs Bristol Rovers;1636463911;spread;home;0.5;1.943;1.8;7.36;0;1.12;0.77;1
1636654286-spread-home--2.0-1789822363;2026-09-19T12:52:43.636801+00:00;2026-09-19T12:52:43.636801+00:00;England - FA Cup Qualification;South Shields vs Witton Albion;1636654286;spread;home;-2.0;1.952;1.877;3.842;0;1.11;0.76;1
1636454971-spread-away--2.0-1789822363;2026-09-19T12:52:43.636801+00:00;2026-09-19T12:52:43.636801+00:00;Uzbekistan - Super League;Mash'al Mubarek vs Pakhtakor Tashkent;1636454971;spread;away;-2.0;2.04;1.885;7.598;0;0.11;0;1
1636612034-spread-away--1.0-1789822363;2026-09-19T12:52:43.636801+00:00;2026-09-19T12:52:43.636801+00:00;Turkey - 2nd League;Arnavutkoy Belediyespor vs Corluspor 1947;1636612034;spread;away;-1.0;1.826;1.794;1.752;0;0.1;0;1
1636531187-spread-away--1.5-1789822363;2026-09-19T12:52:43.636801+00:00;2026-09-19T12:52:43.636801+00:00;Latvia - 1st Liga;JDFS Alberts vs FK Metta;1636531187;spread;away;-1.5;1.855;1.833;1.186;0;0.1;0;1
1636498201-spread-home-0.0-1789822363;2026-09-19T12:52:43.636801+00:00;2026-09-19T12:52:43.636801+00:00;USA - Major League Soccer;CF Montreal vs Columbus Crew;1636498201;spread;home;0.0;1.98;1.87;5.556;0;10.6;10.25;1
1636442680-spread-home--1.0-1789822363;2026-09-19T12:52:43.636801+00:00;2026-09-19T12:52:43.636801+00:00;Estonia - Esiliiga A;Elva vs FC Tallinn;1636442680;spread;home;-1.0;1.943;1.84;5.301;0;0.1;0;1
1636581425-total-under-2.5-1789822363;2026-09-19T12:52:43.636801+00:00;2026-09-19T12:52:43.636801+00:00;Finland - Ykkosliiga;Mikkelin Palloilijat vs JIPPO;1636581425;total;under;2.5;1.98;1.901;3.99;0;0.1;0;1
1635984810-spread-away--0.0-1789822363;2026-09-19T12:52:43.636801+00:00;2026-09-19T12:52:43.636801+00:00;Germany - Bundesliga;Hamburger SV vs FC Koln;1635984810;spread;away;-0.0;1.877;1.746;6.979;0;0.6;0.25;2
1636480668-spread-home--1.5-1789822363;2026-09-19T12:52:43.636801+00:00;2026-09-19T12:52:43.636801+00:00;Scotland - League One;Hamilton Academical vs Queen of the South;1636480668;spread;home;-1.5;1.847;1.826;1.137;0;1.09;0.74;1
1635980523-spread-home-0.5-1789822363;2026-09-19T12:52:43.636801+00:00;2026-09-19T12:52:43.636801+00:00;Italy - Serie A;Venezia vs Lazio;1635980523;spread;home;0.5;1.87;1.84;1.604;0;5.84;5.49;1
1635985152-spread-away-0.5-1789822363;2026-09-19T12:52:43.636801+00:00;2026-09-19T12:52:43.636801+00:00;France - Ligue 1;Angers vs Troyes;1635985152;spread;away;0.5;1.926;1.833;4.829;0;5.84;5.49;1
1636048887-spread-away--0.0-1789822363;2026-09-19T12:52:43.636801+00:00;2026-09-19T12:52:43.636801+00:00;Brazil - Serie A;Remo vs Santos;1636048887;spread;away;-0.0;1.952;1.806;7.48;0;8.59;8.24;1
1636498798-spread-home--0.5-1789822835;2026-09-19T13:00:35.479685+00:00;2026-09-19T13:00:35.479685+00:00;Turkey - 1st League;Keciorengucu vs Sivasspor;1636498798;spread;home;-0.5;1.885;1.775;5.836;0;0.99;0.64;1
1635985152-spread-home--0.5-1789822835;2026-09-19T13:00:35.479685+00:00;2026-09-19T13:00:35.479685+00:00;France - Ligue 1;Angers vs Troyes;1635985152;spread;home;-0.5;2.11;1.877;11.043;0;5.74;5.39;1
1636454994-spread-home-1.5-1789822835;2026-09-19T13:00:35.479685+00:00;2026-09-19T13:00:35.479685+00:00;UAE - League Cup;Hatta vs Shabab Al Ahli;1636454994;spread;home;1.5;1.901;1.82;4.261;0;0.49;0.14;1
1636483904-total-over-2.5-1789822835;2026-09-19T13:00:35.479685+00:00;2026-09-19T13:00:35.479685+00:00;Spain - Tercera Division;Las Palmas III vs Union Sur Yaiza;1636483904;total;over;2.5;1.901;1.877;1.262;0;2.98;2.64;1
1635886171-spread-home-0.0-1789822835;2026-09-19T13:00:35.479685+00:00;2026-09-19T13:00:35.479685+00:00;Northern Ireland - Premiership;Bangor vs Portadown;1635886171;spread;home;0.0;2.04;1.769;13.284;0;0.98;0.63;1
1635980439-spread-home-0.0-1789822835;2026-09-19T13:00:35.479685+00:00;2026-09-19T13:00:35.479685+00:00;Germany - Bundesliga;Stuttgart vs Borussia Dortmund;1635980439;spread;home;0.0;1.862;1.82;2.256;0;3.48;3.13;1
1636486521-spread-home-0.5-1789822835;2026-09-19T13:00:35.479685+00:00;2026-09-19T13:00:35.479685+00:00;France - Ligue 2;Metz vs Saint-Etienne;1636486521;spread;home;0.5;1.885;1.855;1.592;0;4.98;4.63;1
1636486521-spread-away--0.5-1789822835;2026-09-19T13:00:35.479685+00:00;2026-09-19T13:00:35.479685+00:00;France - Ligue 2;Metz vs Saint-Etienne;1636486521;spread;away;-0.5;2.01;1.87;6.965;0;4.98;4.63;1
1636463911-spread-away--0.5-1789822835;2026-09-19T13:00:35.479685+00:00;2026-09-19T13:00:35.479685+00:00;England - League 2;Gillingham vs Bristol Rovers;1636463911;spread;away;-0.5;2.07;1.794;13.333;0;0.98;0.63;1
1635984749-spread-away--0.0-1789822835;2026-09-19T13:00:35.479685+00:00;2026-09-19T13:00:35.479685+00:00;Austria - Bundesliga;Grazer AK vs Austria Vienna;1635984749;spread;away;-0.0;1.893;1.862;1.638;0;4.48;4.13;1
1636498734-spread-away--0.0-1789822835;2026-09-19T13:00:35.479685+00:00;2026-09-19T13:00:35.479685+00:00;Brazil - Serie B;Sport Recife vs Juventude;1636498734;spread;away;-0.0;2.09;2.03;2.871;0;6.48;6.13;1
1636463798-spread-home-0.0-1789822835;2026-09-19T13:00:35.479685+00:00;2026-09-19T13:00:35.479685+00:00;Austria - 2. Liga;Sturm Graz II vs Wacker Innsbruck;1636463798;spread;home;0.0;1.952;1.794;8.094;0;0.47;0.13;1
1636463798-spread-away--0.0-1789822835;2026-09-19T13:00:35.479685+00:00;2026-09-19T13:00:35.479685+00:00;Austria - 2. Liga;Sturm Graz II vs Wacker Innsbruck;1636463798;spread;away;-0.0;2.08;1.775;14.663;0;0.47;0.13;1
1636480734-spread-away--0.0-1789822835;2026-09-19T13:00:35.479685+00:00;2026-09-19T13:00:35.479685+00:00;Israel - Premier League;Bnei Sakhnin vs Hapoel Ramat Gan;1636480734;spread;away;-0.0;2.04;1.885;7.598;0;3.47;3.13;1
1636486482-spread-home-0.0-1789822835;2026-09-19T13:00:35.479685+00:00;2026-09-19T13:00:35.479685+00:00;Spain - Segunda Division;Eldense vs Eibar;1636486482;spread;home;0.0;2.14;1.847;13.692;0;3.47;3.13;1
1636480659-spread-away--0.0-1789822835;2026-09-19T13:00:35.479685+00:00;2026-09-19T13:00:35.479685+00:00;Scotland - League One;East Fife vs Montrose;1636480659;spread;away;-0.0;2.05;1.855;9.512;0;0.97;0.63;1
1636216729-spread-home-0.0-1789822835;2026-09-19T13:00:35.479685+00:00;2026-09-19T13:00:35.479685+00:00;Colombia - Primera A;Alianza Valledupar vs Independiente Santa Fe;1636216729;spread;home;0.0;2.02;1.769;12.426;0;8.05;7.71;1
1636048887-spread-home-0.0-1789822835;2026-09-19T13:00:35.479685+00:00;2026-09-19T13:00:35.479685+00:00;Brazil - Serie A;Remo vs Santos;1636048887;spread;home;0.0;2.11;1.8;14.692;0;8.47;8.12;1
1635918924-spread-home--1.0-1789822835;2026-09-19T13:00:35.479685+00:00;2026-09-19T13:00:35.479685+00:00;England - Premier League;Newcastle United vs Hull City;1635918924;spread;home;-1.0;2.04;2.0;1.961;0;0.97;0.62;1
1635980522-spread-away--0.0-1789822835;2026-09-19T13:00:35.479685+00:00;2026-09-19T13:00:35.479685+00:00;Italy - Serie A;Roma vs Internazionale;1635980522;spread;away;-0.0;1.87;1.68;10.16;0;2.97;2.62;1
1635980523-spread-away--0.5-1789822835;2026-09-19T13:00:35.479685+00:00;2026-09-19T13:00:35.479685+00:00;Italy - Serie A;Venezia vs Lazio;1635980523;spread;away;-0.5;2.1;1.952;7.048;0;5.72;5.37;1
1636463842-spread-home-0.0-1789822835;2026-09-19T13:00:35.479685+00:00;2026-09-19T13:00:35.479685+00:00;Finland - Ykkosliiga;PK-35 vs KTP;1636463842;spread;home;0.0;1.971;1.893;3.957;0;0.96;0.62;1
1636463842-spread-away--0.0-1789822835;2026-09-19T13:00:35.479685+00:00;2026-09-19T13:00:35.479685+00:00;Finland - Ykkosliiga;PK-35 vs KTP;1636463842;spread;away;-0.0;1.885;1.84;2.387;0;0.96;0.62;1
1636480667-spread-home-0.0-1789822835;2026-09-19T13:00:35.479685+00:00;2026-09-19T13:00:35.479685+00:00;Turkey - Super League;Kocaelispor vs Gaziantep;1636480667;spread;home;0.0;1.826;1.794;1.752;0;0.96;0.61;1
1636442695-spread-away--0.5-1789822835;2026-09-19T13:00:35.479685+00:00;2026-09-19T13:00:35.479685+00:00;Bulgaria - First League;Septemvri Sofia vs Botev Plovdiv;1636442695;spread;away;-0.5;1.952;1.82;6.762;0;0.46;0.11;1
1636486487-total-under-2.5-1789822835;2026-09-19T13:00:35.479685+00:00;2026-09-19T13:00:35.479685+00:00;Greece - Super League;Aris Thessaloniki vs Iraklis 1908 FC;1636486487;total;under;2.5;1.901;1.847;2.841;0;3.46;3.11;1
1636463908-spread-home-0.0-1789822835;2026-09-19T13:00:35.479685+00:00;2026-09-19T13:00:35.479685+00:00;England - Championship;Wrexham vs Southampton;1636463908;spread;home;0.0;2.08;1.952;6.154;0;0.96;0.61;1
1636463908-spread-away--0.0-1789822835;2026-09-19T13:00:35.479685+00:00;2026-09-19T13:00:35.479685+00:00;England - Championship;Wrexham vs Southampton;1636463908;spread;away;-0.0;1.84;1.794;2.5;0;0.96;0.61;1
1636480666-spread-home-0.0-1789822835;2026-09-19T13:00:35.479685+00:00;2026-09-19T13:00:35.479685+00:00;England - Championship;Birmingham City vs Middlesbrough;1636480666;spread;home;0.0;2.06;1.826;11.359;0;0.96;0.61;2
1636454992-spread-away--1.5-1789821423;2026-09-19T12:37:03.509446+00:00;2026-09-19T13:08:13.795946+00:00;Slovakia - 3. Liga;Kezmarok vs Lokomotiva Kosice;1636454992;spread;away;-1.5;1.971;1.781;9.64;31.17;0.88;0.53;3
1636531199-total-over-2.5-1789822363;2026-09-19T12:52:43.636801+00:00;2026-09-19T13:08:13.795946+00:00;North Macedonia - 2nd League;Pelister vs Ohrid;1636531199;total;over;2.5;1.926;1.877;2.544;15.5;0.85;0.51;2
1636531200-total-over-2.5-1789822363;2026-09-19T12:52:43.636801+00:00;2026-09-19T13:08:13.795946+00:00;North Macedonia - 2nd League;Makedonija Gjorce Petrov vs Rabotnicki;1636531200;total;over;2.5;1.943;1.855;4.529;15.5;0.85;0.51;2
1635980513-spread-away-0.5-1789823293;2026-09-19T13:08:13.795946+00:00;2026-09-19T13:08:13.795946+00:00;France - Ligue 1;Le Mans vs Lorient;1635980513;spread;away;0.5;1.926;1.735;9.917;0;5.61;5.27;1
1636463900-spread-home--0.5-1789823293;2026-09-19T13:08:13.795946+00:00;2026-09-19T13:08:13.795946+00:00;Scotland - Championship;Stenhousemuir vs Arbroath;1636463900;spread;home;-0.5;1.971;1.901;3.551;0;0.86;0.51;1
1636463900-spread-away-0.5-1789823293;2026-09-19T13:08:13.795946+00:00;2026-09-19T13:08:13.795946+00:00;Scotland - Championship;Stenhousemuir vs Arbroath;1636463900;spread;away;0.5;1.885;1.833;2.759;0;0.86;0.51;1
1636311209-total-over-2.5-1789823293;2026-09-19T13:08:13.795946+00:00;2026-09-19T13:08:13.795946+00:00;Czech Republic - First Liga;Slovacko vs Banik Ostrava;1636311209;total;over;2.5;1.98;1.901;3.99;0;2.85;2.51;1
1635920612-spread-home--2.0-1789823293;2026-09-19T13:08:13.795946+00:00;2026-09-19T13:08:13.795946+00:00;Northern Ireland - Premiership;Coleraine vs Limavady United;1635920612;spread;home;-2.0;2.01;1.877;6.617;0;3.85;3.51;1
1636498201-spread-away--0.0-1789823293;2026-09-19T13:08:13.795946+00:00;2026-09-19T13:08:13.795946+00:00;USA - Major League Soccer;CF Montreal vs Columbus Crew;1636498201;spread;away;-0.0;2.05;1.775;13.415;0;10.35;10.0;1
1635980521-spread-home--0.5-1789823293;2026-09-19T13:08:13.795946+00:00;2026-09-19T13:08:13.795946+00:00;Germany - Bundesliga;Eintracht Frankfurt vs Freiburg;1635980521;spread;home;-0.5;2.03;1.826;10.049;0;0.35;0.0;1
1635980521-spread-away-0.5-1789823293;2026-09-19T13:08:13.795946+00:00;2026-09-19T13:08:13.795946+00:00;Germany - Bundesliga;Eintracht Frankfurt vs Freiburg;1635980521;spread;away;0.5;1.971;1.73;12.227;0;0.35;0.0;1
1635984810-spread-home-0.0-1789823293;2026-09-19T13:08:13.795946+00:00;2026-09-19T13:08:13.795946+00:00;Germany - Bundesliga;Hamburger SV vs FC Koln;1635984810;spread;home;0.0;2.05;1.962;4.293;0;0.35;0.0;1
1636463909-total-over-2.5-1789823293;2026-09-19T13:08:13.795946+00:00;2026-09-19T13:08:13.795946+00:00;England - League 2;Crewe Alexandra vs Shrewsbury Town;1636463909;total;over;2.5;1.926;1.885;2.129;0;0.85;0.5;1
1636486482-spread-away--0.0-1789823293;2026-09-19T13:08:13.795946+00:00;2026-09-19T13:08:13.795946+00:00;Spain - Segunda Division;Eldense vs Eibar;1636486482;spread;away;-0.0;1.893;1.8;4.913;0;3.35;3.0;1
1635909036-spread-away-0.5-1789823293;2026-09-19T13:08:13.795946+00:00;2026-09-19T13:08:13.795946+00:00;Poland - 1st Liga;Polonia Warsaw vs Chrobry Glogow;1635909036;spread;away;0.5;1.935;1.833;5.271;0;0.35;0;1
1635909035-spread-away-0.5-1789823293;2026-09-19T13:08:13.795946+00:00;2026-09-19T13:08:13.795946+00:00;Poland - 1st Liga;Nieciecza vs Odra Opole;1635909035;spread;away;0.5;1.935;1.833;5.271;0;0.35;0;1
1635909035-spread-home--0.5-1789823293;2026-09-19T13:08:13.795946+00:00;2026-09-19T13:08:13.795946+00:00;Poland - 1st Liga;Nieciecza vs Odra Opole;1635909035;spread;home;-0.5;2.03;1.8;11.33;0;0.35;0;1
1636498154-spread-away--0.0-1789823293;2026-09-19T13:08:13.795946+00:00;2026-09-19T13:08:13.795946+00:00;South Africa - PSL;Kruger United vs Stellenbosch;1636498154;spread;away;-0.0;1.909;1.8;5.71;0;4.85;4.5;1
1636216729-spread-away--0.0-1789823293;2026-09-19T13:08:13.795946+00:00;2026-09-19T13:08:13.795946+00:00;Colombia - Primera A;Alianza Valledupar vs Independiente Santa Fe;1636216729;spread;away;-0.0;1.952;1.84;5.738;0;7.93;7.58;1
1636480735-spread-home--0.5-1789823293;2026-09-19T13:08:13.795946+00:00;2026-09-19T13:08:13.795946+00:00;Albania - Superliga;Dinamo City vs Laci;1636480735;spread;home;-0.5;1.952;1.909;2.203;0;3.34;3.0;1
1636654290-spread-away-1.0-1789823293;2026-09-19T13:08:13.795946+00:00;2026-09-19T13:08:13.795946+00:00;England - FA Cup Qualification;Kettering Town vs Quorn;1636654290;spread;away;1.0;1.87;1.847;1.23;0;0.83;0.49;1
1636463870-spread-home--0.5-1789823293;2026-09-19T13:08:13.795946+00:00;2026-09-19T13:08:13.795946+00:00;Slovakia - 2. Liga;Zvolen vs Malzenice;1636463870;spread;home;-0.5;1.962;1.833;6.575;0;0.33;0;1
1636611845-spread-home-0.5-1789823293;2026-09-19T13:08:13.795946+00:00;2026-09-19T13:08:13.795946+00:00;Slovakia - 2. Liga;Humenne vs Inter Bratislava;1636611845;spread;home;0.5;1.99;1.833;7.889;0;0.33;0;1
1636007475-spread-home--2.0-1789822835;2026-09-19T13:00:35.479685+00:00;2026-09-19T13:15:45.814778+00:00;Netherlands - Eredivisie;Ajax vs Excelsior;1636007475;spread;home;-2.0;1.98;1.926;2.727;15.17;4.99;4.64;2
1635980522-spread-home-0.0-1789822835;2026-09-19T13:00:35.479685+00:00;2026-09-19T13:15:45.814778+00:00;Italy - Serie A;Roma vs Internazionale;1635980522;spread;home;0.0;2.11;2.02;4.265;15.17;2.97;2.62;2
1636463850-spread-away-1.0-1789823293;2026-09-19T13:08:13.795946+00:00;2026-09-19T13:15:45.814778+00:00;England - League 2;Salford City vs Swindon Town;1636463850;spread;away;1.0;2.03;1.971;2.906;7.53;0.85;0.5;2
1636048887-spread-away--0.0-1789823745;2026-09-19T13:15:45.814778+00:00;2026-09-19T13:15:45.814778+00:00;Brazil - Serie A;Remo vs Santos;1636048887;spread;away;-0.0;1.952;1.806;7.48;0;8.24;7.89;1
1636486496-spread-away--0.5-1789823745;2026-09-19T13:15:45.814778+00:00;2026-09-19T13:15:45.814778+00:00;Serbia - Super Liga;Radnik Surdulica vs Partizan Belgrade;1636486496;spread;away;-0.5;1.943;1.901;2.162;0;3.73;3.39;1
1636531406-spread-home--1.5-1789823745;2026-09-19T13:15:45.814778+00:00;2026-09-19T13:15:45.814778+00:00;Switzerland - Promotion League;Schaffhausen vs FC Lugano II;1636531406;spread;home;-1.5;1.855;1.833;1.186;0;0.23;0;1
1635919015-spread-home-0.0-1789823745;2026-09-19T13:15:45.814778+00:00;2026-09-19T13:15:45.814778+00:00;England - National League;Hornchurch vs Scunthorpe United;1635919015;spread;home;0.0;1.84;1.82;1.087;0;3.22;2.88;1
1635919015-spread-away--0.0-1789823745;2026-09-19T13:15:45.814778+00:00;2026-09-19T13:15:45.814778+00:00;England - National League;Hornchurch vs Scunthorpe United;1635919015;spread;away;-0.0;2.04;1.877;7.99;0;3.22;2.88;1
1635886171-spread-away--0.0-1789823745;2026-09-19T13:15:45.814778+00:00;2026-09-19T13:15:45.814778+00:00;Northern Ireland - Premiership;Bangor vs Portadown;1635886171;spread;away;-0.0;1.962;1.826;6.932;0;0.72;0.37;1
1635980513-spread-home--0.5-1789823745;2026-09-19T13:15:45.814778+00:00;2026-09-19T13:15:45.814778+00:00;France - Ligue 1;Le Mans vs Lorient;1635980513;spread;home;-0.5;2.02;1.806;10.594;0;5.47;5.12;2
1635985152-spread-away-0.5-1789823745;2026-09-19T13:15:45.814778+00:00;2026-09-19T13:15:45.814778+00:00;France - Ligue 1;Angers vs Troyes;1635985152;spread;away;0.5;1.926;1.833;4.829;0;5.47;5.12;1
1635980512-spread-away-1.0-1789823745;2026-09-19T13:15:45.814778+00:00;2026-09-19T13:15:45.814778+00:00;France - Ligue 1;Paris FC vs Strasbourg;1635980512;spread;away;1.0;1.962;1.935;1.376;0;1.97;1.62;1
1636480666-spread-away--0.0-1789823745;2026-09-19T13:15:45.814778+00:00;2026-09-19T13:15:45.814778+00:00;England - Championship;Birmingham City vs Middlesbrough;1636480666;spread;away;-0.0;1.917;1.847;3.652;0;0.71;0.37;1
1635984810-spread-away--0.0-1789823745;2026-09-19T13:15:45.814778+00:00;2026-09-19T13:15:45.814778+00:00;Germany - Bundesliga;Hamburger SV vs FC Koln;1635984810;spread;away;-0.0;1.855;1.746;5.876;0;0.21;0;2
1636618697-total-over-2.5-1789823745;2026-09-19T13:15:45.814778+00:00;2026-09-19T13:15:45.814778+00:00;Spain - Tercera Division;Alcudia vs Santanyi;1636618697;total;over;2.5;1.99;1.943;2.362;0;3.71;3.37;1
1636681646-total-over-2.5-1789823745;2026-09-19T13:15:45.814778+00:00;2026-09-19T13:15:45.814778+00:00;Kosovo - Superliga;Feronikeli vs Vushtrria;1636681646;total;over;2.5;1.901;1.826;3.945;0;0.71;0.37;1
1636463911-spread-home-0.5-1789823745;2026-09-19T13:15:45.814778+00:00;2026-09-19T13:15:45.814778+00:00;England - League 2;Gillingham vs Bristol Rovers;1636463911;spread;home;0.5;1.943;1.8;7.36;0;0.71;0.37;1
1636463909-spread-away-0.5-1789823745;2026-09-19T13:15:45.814778+00:00;2026-09-19T13:15:45.814778+00:00;England - League 2;Crewe Alexandra vs Shrewsbury Town;1636463909;spread;away;0.5;1.926;1.893;1.713;0;0.71;0.37;1
1636486507-spread-home--1.0-1789823745;2026-09-19T13:15:45.814778+00:00;2026-09-19T13:15:45.814778+00:00;Romania - Liga 1;Universitatea Craiova vs FCSB;1636486507;spread;home;-1.0;2.03;2.0;1.478;0;4.21;3.87;1
1636558030-spread-home-0.0-1789823745;2026-09-19T13:15:45.814778+00:00;2026-09-19T13:15:45.814778+00:00;Lithuania - 1 Lyga;Ekranas vs FA Siauliai II;1636558030;spread;home;0.0;1.962;1.917;2.294;0;0.21;0;1
1636531382-spread-away-0.5-1789823745;2026-09-19T13:15:45.814778+00:00;2026-09-19T13:15:45.814778+00:00;Austria - 2. Liga;Voitsberg vs Austria Salzburg;1636531382;spread;away;0.5;2.04;1.935;5.147;0;0.21;0;1
1635888224-spread-home--1.0-1789823293;2026-09-19T13:08:13.795946+00:00;2026-09-19T13:23:18.574304+00:00;England - National League;AFC Fylde vs Altrincham;1635888224;spread;home;-1.0;2.03;1.917;5.567;15.08;0.85;0.51;2
1635909035-total-under-2.5-1789823293;2026-09-19T13:08:13.795946+00:00;2026-09-19T13:23:18.574304+00:00;Poland - 1st Liga;Nieciecza vs Odra Opole;1635909035;total;under;2.5;1.99;1.926;3.216;15.08;0.35;0.0;2
1636480667-spread-home--1.0-1789823293;2026-09-19T13:08:13.795946+00:00;2026-09-19T13:23:18.574304+00:00;Turkey - Super League;Kocaelispor vs Gaziantep;1636480667;spread;home;-1.0;1.917;1.862;2.869;15.08;0.83;0.49;2
1635980514-spread-away--0.0-1789823745;2026-09-19T13:15:45.814778+00:00;2026-09-19T13:23:18.574304+00:00;France - Ligue 1;Toulouse vs Le Havre;1635980514;spread;away;-0.0;1.862;1.775;4.672;7.55;5.47;5.12;2
1635957946-total-over-2.5-1789823745;2026-09-19T13:15:45.814778+00:00;2026-09-19T13:23:18.574304+00:00;Scotland - Premiership;Hibernian vs Aberdeen;1635957946;total;over;2.5;1.926;1.901;1.298;7.55;0.7;0.36;2
1636048887-spread-home-0.0-1789824198;2026-09-19T13:23:18.574304+00:00;2026-09-19T13:23:18.574304+00:00;Brazil - Serie A;Remo vs Santos;1636048887;spread;home;0.0;2.11;1.8;14.692;0;8.11;7.77;1
1636640842-spread-home--1.0-1789824198;2026-09-19T13:23:18.574304+00:00;2026-09-19T13:23:18.574304+00:00;England - FA Cup Qualification;Bury FC vs Workington;1636640842;spread;home;-1.0;1.962;1.935;1.376;0;0.61;0.27;1
1636734346-total-under-2.5-1789824198;2026-09-19T13:23:18.574304+00:00;2026-09-19T13:23:18.574304+00:00;Brazil - Capixaba Serie B;Estrela Do Norte vs Linhares;1636734346;total;under;2.5;1.926;1.877;2.544;0;5.61;5.27;1
1636463833-spread-away--1.0-1789824198;2026-09-19T13:23:18.574304+00:00;2026-09-19T13:23:18.574304+00:00;Estonia - Meistriliiga;Nomme United vs Paide Linnameeskond;1636463833;spread;away;-1.0;2.02;1.962;2.871;0;0.61;0.27;1
1636463842-spread-home-0.0-1789824198;2026-09-19T13:23:18.574304+00:00;2026-09-19T13:23:18.574304+00:00;Finland - Ykkosliiga;PK-35 vs KTP;1636463842;spread;home;0.0;1.971;1.893;3.957;0;0.61;0.27;1
1636463842-spread-away--0.0-1789824198;2026-09-19T13:23:18.574304+00:00;2026-09-19T13:23:18.574304+00:00;Finland - Ykkosliiga;PK-35 vs KTP;1636463842;spread;away;-0.0;1.885;1.84;2.387;0;0.61;0.27;1
1636480734-spread-away--0.0-1789824198;2026-09-19T13:23:18.574304+00:00;2026-09-19T13:23:18.574304+00:00;Israel - Premier League;Bnei Sakhnin vs Hapoel Ramat Gan;1636480734;spread;away;-0.0;2.05;1.885;8.049;0;3.1;2.76;1
1636216729-spread-home-0.0-1789824198;2026-09-19T13:23:18.574304+00:00;2026-09-19T13:23:18.574304+00:00;Colombia - Primera A;Alianza Valledupar vs Independiente Santa Fe;1636216729;spread;home;0.0;2.02;1.769;12.426;0;7.69;7.34;1
1636518788-spread-home--2.5-1789824198;2026-09-19T13:23:18.574304+00:00;2026-09-19T13:23:18.574304+00:00;Slovenia - 3. SNL;Roltek Dob vs Svoboda Ljubljana;1636518788;spread;home;-2.5;1.885;1.82;3.448;0;0.6;0.26;1
1635888224-spread-away-1.5-1789824198;2026-09-19T13:23:18.574304+00:00;2026-09-19T13:23:18.574304+00:00;England - National League;AFC Fylde vs Altrincham;1635888224;spread;away;1.5;1.901;1.82;4.261;0;0.6;0.25;1
1635980522-spread-away--0.0-1789824198;2026-09-19T13:23:18.574304+00:00;2026-09-19T13:23:18.574304+00:00;Italy - Serie A;Roma vs Internazionale;1635980522;spread;away;-0.0;1.909;1.68;11.996;0;2.59;2.25;1
1635980523-spread-away--0.5-1789824198;2026-09-19T13:23:18.574304+00:00;2026-09-19T13:23:18.574304+00:00;Italy - Serie A;Venezia vs Lazio;1635980523;spread;away;-0.5;2.1;1.952;7.048;0;5.34;5.0;1
1636463871-spread-home--0.5-1789824198;2026-09-19T13:23:18.574304+00:00;2026-09-19T13:23:18.574304+00:00;UAE - League Cup;Al Ittihad Kalba vs Khor Fakkan Club;1636463871;spread;home;-0.5;2.04;1.98;2.941;0;0.09;0;1
1636486482-spread-home-0.0-1789824198;2026-09-19T13:23:18.574304+00:00;2026-09-19T13:23:18.574304+00:00;Spain - Segunda Division;Eldense vs Eibar;1636486482;spread;home;0.0;2.14;1.847;13.692;0;3.09;2.75;1
1635985152-spread-home--0.5-1789824198;2026-09-19T13:23:18.574304+00:00;2026-09-19T13:23:18.574304+00:00;France - Ligue 1;Angers vs Troyes;1635985152;spread;home;-0.5;2.11;1.877;11.043;0;5.34;5.0;1
1636480666-spread-home-0.0-1789824198;2026-09-19T13:23:18.574304+00:00;2026-09-19T13:23:18.574304+00:00;England - Championship;Birmingham City vs Middlesbrough;1636480666;spread;home;0.0;2.07;1.826;11.787;0;0.59;0.25;2
1636463908-spread-home-0.0-1789824198;2026-09-19T13:23:18.574304+00:00;2026-09-19T13:23:18.574304+00:00;England - Championship;Wrexham vs Southampton;1636463908;spread;home;0.0;2.08;1.952;6.154;0;0.59;0.25;1
1636463908-spread-away--0.0-1789824198;2026-09-19T13:23:18.574304+00:00;2026-09-19T13:23:18.574304+00:00;England - Championship;Wrexham vs Southampton;1636463908;spread;away;-0.0;1.84;1.794;2.5;0;0.59;0.25;1
1636498201-spread-home-0.0-1789824198;2026-09-19T13:23:18.574304+00:00;2026-09-19T13:23:18.574304+00:00;USA - Major League Soccer;CF Montreal vs Columbus Crew;1636498201;spread;home;0.0;1.98;1.87;5.556;0;10.09;9.74;1
1636463911-spread-away--0.5-1789824198;2026-09-19T13:23:18.574304+00:00;2026-09-19T13:23:18.574304+00:00;England - League 2;Gillingham vs Bristol Rovers;1636463911;spread;away;-0.5;2.07;1.794;13.333;0;0.59;0.24;1
1636483870-spread-home--0.5-1789824198;2026-09-19T13:23:18.574304+00:00;2026-09-19T13:23:18.574304+00:00;Croatia - HNL;Varazdin vs Osijek;1636483870;spread;home;-0.5;2.01;1.935;3.731;0;1.59;1.24;1
1636480667-spread-home-0.0-1789824198;2026-09-19T13:23:18.574304+00:00;2026-09-19T13:23:18.574304+00:00;Turkey - Super League;Kocaelispor vs Gaziantep;1636480667;spread;home;0.0;1.813;1.775;2.096;0;0.58;0.24;1
1636531219-spread-home--0.5-1789824198;2026-09-19T13:23:18.574304+00:00;2026-09-19T13:23:18.574304+00:00;North Macedonia - 2nd League;Teteks Tetovo vs Osogovo Kocani;1636531219;spread;home;-0.5;1.82;1.769;2.802;0;0.33;0;1
1636463798-spread-home-0.0-1789824198;2026-09-19T13:23:18.574304+00:00;2026-09-19T13:23:18.574304+00:00;Austria - 2. Liga;Sturm Graz II vs Wacker Innsbruck;1636463798;spread;home;0.0;1.952;1.847;5.379;0;0.08;0;1
1636463841-spread-home-1.0-1789824198;2026-09-19T13:23:18.574304+00:00;2026-09-19T13:23:18.574304+00:00;Norway - Eliteserien;Kristiansund vs Rosenborg;1636463841;spread;home;1.0;2.05;1.943;5.22;0;0.58;0.24;1
1636498182-spread-away--0.0-1789824198;2026-09-19T13:23:18.574304+00:00;2026-09-19T13:23:18.574304+00:00;USA - USL Championship;Brooklyn FC vs FC Tulsa;1636498182;spread;away;-0.0;1.877;1.813;3.41;0;9.58;9.24;1
1636463906-spread-away--0.0-1789822835;2026-09-19T13:00:35.479685+00:00;2026-09-19T13:31:01.192404+00:00;Scotland - League Two;Kelty Hearts vs Edinburgh City;1636463906;spread;away;-0.0;1.926;1.8;6.542;30.43;0.96;0.63;3
1635918924-spread-away-1.0-1789823745;2026-09-19T13:15:45.814778+00:00;2026-09-19T13:31:01.192404+00:00;England - Premier League;Newcastle United vs Hull City;1635918924;spread;away;1.0;1.926;1.877;2.544;15.26;0.73;0.39;2
1635909026-total-under-2.5-1789823745;2026-09-19T13:15:45.814778+00:00;2026-09-19T13:31:01.192404+00:00;Spain - La Liga;Athletic Bilbao vs Alaves;1635909026;total;under;2.5;1.943;1.826;6.022;15.26;0.97;0.63;2
1636928792-spread-home-0.0-1789823745;2026-09-19T13:15:45.814778+00:00;2026-09-19T13:31:01.192404+00:00;Spain - Tercera Division;FC Martinenc vs CE Europa II;1636928792;spread;home;0.0;1.98;1.741;12.071;15.26;3.71;3.37;2
1635893273-spread-away-1.5-1789824661;2026-09-19T13:31:01.192404+00:00;2026-09-19T13:31:01.192404+00:00;Northern Ireland - Premiership;Linfield vs Crusaders;1635893273;spread;away;1.5;2.04;1.917;6.029;0;0.48;0.14;1
1636506213-spread-away-1.5-1789824661;2026-09-19T13:31:01.192404+00:00;2026-09-19T13:31:01.192404+00:00;Turkey - 1st League;Sariyer vs Boluspor;1636506213;spread;away;1.5;2.03;1.99;1.97;0;0.48;0.14;1
1636463910-total-under-2.5-1789824661;2026-09-19T13:31:01.192404+00:00;2026-09-19T13:31:01.192404+00:00;England - League 2;Exeter City vs Tranmere Rovers;1636463910;total;under;2.5;1.84;1.813;1.467;0;0.48;0.14;1
1635919085-spread-home--1.0-1789824661;2026-09-19T13:31:01.192404+00:00;2026-09-19T13:31:01.192404+00:00;Spain - La Liga;Sevilla vs Barcelona;1635919085;spread;home;-1.0;1.99;1.935;2.764;0;5.48;5.14;1
1636216729-spread-away--0.0-1789824661;2026-09-19T13:31:01.192404+00:00;2026-09-19T13:31:01.192404+00:00;Colombia - Primera A;Alianza Valledupar vs Independiente Santa Fe;1636216729;spread;away;-0.0;1.952;1.84;5.738;0;7.56;7.22;1
1636486482-spread-away--0.0-1789824661;2026-09-19T13:31:01.192404+00:00;2026-09-19T13:31:01.192404+00:00;Spain - Segunda Division;Eldense vs Eibar;1636486482;spread;away;-0.0;1.893;1.8;4.913;0;2.97;2.63;1
1636498201-spread-away--0.0-1789824661;2026-09-19T13:31:01.192404+00:00;2026-09-19T13:31:01.192404+00:00;USA - Major League Soccer;CF Montreal vs Columbus Crew;1636498201;spread;away;-0.0;2.05;1.775;13.415;0;9.96;9.62;1
1636486488-spread-away--0.0-1789824661;2026-09-19T13:31:01.192404+00:00;2026-09-19T13:31:01.192404+00:00;Spain - Primera Federacion;Coria vs Real Aviles;1636486488;spread;away;-0.0;2.01;1.962;2.388;0;3.21;2.87;1
1635984749-spread-away--0.0-1789824661;2026-09-19T13:31:01.192404+00:00;2026-09-19T13:31:01.192404+00:00;Austria - Bundesliga;Grazer AK vs Austria Vienna;1635984749;spread;away;-0.0;1.862;1.84;1.182;0;3.96;3.62;1
1636498154-spread-away--0.0-1789824661;2026-09-19T13:31:01.192404+00:00;2026-09-19T13:31:01.192404+00:00;South Africa - PSL;Kruger United vs Stellenbosch;1636498154;spread;away;-0.0;1.909;1.8;5.71;0;4.46;4.12;1
1636480657-spread-away--1.0-1789824661;2026-09-19T13:31:01.192404+00:00;2026-09-19T13:31:01.192404+00:00;Scotland - Championship;Greenock Morton vs Dunfermline Athletic;1636480657;spread;away;-1.0;1.943;1.794;7.669;0;0.45;0.11;1
1635980513-spread-away-0.5-1789824661;2026-09-19T13:31:01.192404+00:00;2026-09-19T13:31:01.192404+00:00;France - Ligue 1;Le Mans vs Lorient;1635980513;spread;away;0.5;1.926;1.893;1.713;0;5.2;4.86;1
1636486521-spread-home-0.5-1789824661;2026-09-19T13:31:01.192404+00:00;2026-09-19T13:31:01.192404+00:00;France - Ligue 2;Metz vs Saint-Etienne;1636486521;spread;home;0.5;1.885;1.855;1.592;0;4.45;4.11;1
1636486521-spread-away--0.5-1789824661;2026-09-19T13:31:01.192404+00:00;2026-09-19T13:31:01.192404+00:00;France - Ligue 2;Metz vs Saint-Etienne;1636486521;spread;away;-0.5;2.0;1.87;6.5;0;4.45;4.11;1
1636486495-total-under-2.5-1789824661;2026-09-19T13:31:01.192404+00:00;2026-09-19T13:31:01.192404+00:00;Belarus - Premier League;Dinamo Minsk vs BATE Borisov;1636486495;total;under;2.5;1.962;1.82;7.238;0;3.45;3.11;1
1636463851-total-over-2.5-1789824198;2026-09-19T13:23:18.574304+00:00;2026-09-19T13:38:29.116108+00:00;Spain - Segunda Division;FC Andorra vs Sporting Gijon;1636463851;total;over;2.5;1.98;1.909;3.586;15.18;0.84;0.5;2
1636486471-spread-away-0.5-1789824661;2026-09-19T13:31:01.192404+00:00;2026-09-19T13:38:29.116108+00:00;Bulgaria - First League;Arda vs Cherno More;1636486471;spread;away;0.5;1.952;1.794;8.094;7.47;2.45;2.11;2
1635886171-total-over-2.5-1789825109;2026-09-19T13:38:29.116108+00:00;2026-09-19T13:38:29.116108+00:00;Northern Ireland - Premiership;Bangor vs Portadown;1635886171;total;over;2.5;1.893;1.87;1.215;0;0.36;0.02;1
1636463833-spread-home-1.0-1789825109;2026-09-19T13:38:29.116108+00:00;2026-09-19T13:38:29.116108+00:00;Estonia - Meistriliiga;Nomme United vs Paide Linnameeskond;1636463833;spread;home;1.0;1.893;1.862;1.638;0;0.36;0.02;1
1635919015-spread-home-0.0-1789825109;2026-09-19T13:38:29.116108+00:00;2026-09-19T13:38:29.116108+00:00;England - National League;Hornchurch vs Scunthorpe United;1635919015;spread;home;0.0;1.84;1.82;1.087;0;2.86;2.52;1
1635919015-spread-away--0.0-1789825109;2026-09-19T13:38:29.116108+00:00;2026-09-19T13:38:29.116108+00:00;England - National League;Hornchurch vs Scunthorpe United;1635919015;spread;away;-0.0;2.04;1.877;7.99;0;2.86;2.52;1
1635888224-spread-home--1.5-1789825109;2026-09-19T13:38:29.116108+00:00;2026-09-19T13:38:29.116108+00:00;England - National League;AFC Fylde vs Altrincham;1635888224;spread;home;-1.5;1.909;1.862;2.462;0;0.36;0.02;1
1636463846-spread-home-0.0-1789825109;2026-09-19T13:38:29.116108+00:00;2026-09-19T13:38:29.116108+00:00;England - Championship;Lincoln City vs Swansea City;1636463846;spread;home;0.0;1.855;1.658;10.62;0;0.36;0.02;1
1636463847-spread-home-0.0-1789825109;2026-09-19T13:38:29.116108+00:00;2026-09-19T13:38:29.116108+00:00;England - League 2;Northampton Town vs Rotherham United;1636463847;spread;home;0.0;1.935;1.847;4.548;0;0.36;0.02;1
1636480663-total-under-2.5-1789825109;2026-09-19T13:38:29.116108+00:00;2026-09-19T13:38:29.116108+00:00;England - League 2;Barnet vs Fleetwood Town;1636480663;total;under;2.5;1.98;1.952;1.414;0;0.36;0.02;1
1636463909-spread-home--0.5-1789825109;2026-09-19T13:38:29.116108+00:00;2026-09-19T13:38:29.116108+00:00;England - League 2;Crewe Alexandra vs Shrewsbury Town;1636463909;spread;home;-0.5;1.962;1.87;4.689;0;0.36;0.02;1
1636598026-spread-home--0.5-1789825109;2026-09-19T13:38:29.116108+00:00;2026-09-19T13:38:29.116108+00:00;Croatia - Prva NL;Dugopolje vs Dinamo Zagreb II;1636598026;spread;home;-0.5;2.0;1.84;8.0;0;0.85;0.51;1
1636640842-spread-away-1.0-1789825109;2026-09-19T13:38:29.116108+00:00;2026-09-19T13:38:29.116108+00:00;England - FA Cup Qualification;Bury FC vs Workington;1636640842;spread;away;1.0;1.813;1.787;1.434;0;0.35;0.01;1
1636836579-total-over-2.5-1789825109;2026-09-19T13:38:29.116108+00:00;2026-09-19T13:38:29.116108+00:00;England - FA Cup Qualification;Merthyr Town vs Truro City;1636836579;total;over;2.5;1.787;1.769;1.007;0;0.35;0.01;1
1636654286-spread-home--2.0-1789825109;2026-09-19T13:38:29.116108+00:00;2026-09-19T13:38:29.116108+00:00;England - FA Cup Qualification;South Shields vs Witton Albion;1636654286;spread;home;-2.0;1.877;1.847;1.598;0;0.35;0.01;1
1636531200-total-under-2.5-1789825109;2026-09-19T13:38:29.116108+00:00;2026-09-19T13:38:29.116108+00:00;North Macedonia - 2nd League;Makedonija Gjorce Petrov vs Rabotnicki;1636531200;total;under;2.5;1.877;1.84;1.971;0;0.09;0;1
1636455027-total-over-2.5-1789825109;2026-09-19T13:38:29.116108+00:00;2026-09-19T13:38:29.116108+00:00;Albania - Superliga;Vora vs Skenderbeu Korce;1636455027;total;over;2.5;1.862;1.84;1.182;0;0.34;0.0;1
1636483926-spread-away--0.0-1789825109;2026-09-19T13:38:29.116108+00:00;2026-09-19T13:38:29.116108+00:00;Spain - Primera Federacion;Real Union vs Mirandes;1636483926;spread;away;-0.0;1.952;1.741;10.809;0;3.08;2.75;1
1635980522-spread-home-0.0-1789825109;2026-09-19T13:38:29.116108+00:00;2026-09-19T13:38:29.116108+00:00;Italy - Serie A;Roma vs Internazionale;1635980522;spread;home;0.0;2.11;2.02;4.265;0;2.33;1.99;1
1636486546-spread-away-2.0-1789825109;2026-09-19T13:38:29.116108+00:00;2026-09-19T13:38:29.116108+00:00;Portugal - Primeira Liga;Sporting CP vs Arouca;1636486546;spread;away;2.0;2.03;1.98;2.463;0;5.83;5.49;1
1636480676-spread-home--0.5-1789825109;2026-09-19T13:38:29.116108+00:00;2026-09-19T13:38:29.116108+00:00;Portugal - Primeira Liga;Gil Vicente vs Maritimo;1636480676;spread;home;-0.5;2.05;2.01;1.951;0;0.83;0.49;1
1635980513-spread-home--0.5-1789825109;2026-09-19T13:38:29.116108+00:00;2026-09-19T13:38:29.116108+00:00;France - Ligue 1;Le Mans vs Lorient;1635980513;spread;home;-0.5;1.87;1.84;1.604;0;5.08;4.74;1
1635985152-spread-away-0.5-1789825109;2026-09-19T13:38:29.116108+00:00;2026-09-19T13:38:29.116108+00:00;France - Ligue 1;Angers vs Troyes;1635985152;spread;away;0.5;1.917;1.84;4.017;0;5.08;4.74;1
1636048887-spread-away--0.0-1789825109;2026-09-19T13:38:29.116108+00:00;2026-09-19T13:38:29.116108+00:00;Brazil - Serie A;Remo vs Santos;1636048887;spread;away;-0.0;1.952;1.806;7.48;0;7.83;7.49;1
1636531396-spread-away-1.5-1789825109;2026-09-19T13:38:29.116108+00:00;2026-09-19T13:38:29.116108+00:00;Belarus - Premier League;Slavia Mozyr vs Naftan Novopolotsk;1636531396;spread;away;1.5;1.87;1.813;3.048;0;0.33;0;1
1636486469-spread-home-0.0-1789825109;2026-09-19T13:38:29.116108+00:00;2026-09-19T13:38:29.116108+00:00;Lithuania - 1 Lyga;Kauno Zalgiris II vs Garliava;1636486469;spread;home;0.0;1.962;1.909;2.701;0;2.32;1.98;1
1636480657-total-under-2.5-1789823745;2026-09-19T13:15:45.814778+00:00;2026-09-19T13:45:51.593501+00:00;Scotland - Championship;Greenock Morton vs Dunfermline Athletic;1636480657;total;under;2.5;1.99;1.935;2.764;30.1;0.71;0.39;3
1636480661-spread-home--0.5-1789824661;2026-09-19T13:31:01.192404+00:00;2026-09-19T13:45:51.593501+00:00;England - Championship;Burnley vs Derby County;1636480661;spread;home;-0.5;1.877;1.847;1.598;14.84;0.48;0.16;2
1636455029-total-over-2.5-1789824661;2026-09-19T13:31:01.192404+00:00;2026-09-19T13:45:51.593501+00:00;Turkey - Super League;Corum Belediyespor vs Alanyaspor;1636455029;total;over;2.5;2.03;2.0;1.478;14.84;0.46;0.13;2
1635980522-spread-away--0.0-1789825551;2026-09-19T13:45:51.593501+00:00;2026-09-19T13:45:51.593501+00:00;Italy - Serie A;Roma vs Internazionale;1635980522;spread;away;-0.0;1.909;1.68;11.996;0;2.23;1.91;1
1635980523-spread-away--0.5-1789825551;2026-09-19T13:45:51.593501+00:00;2026-09-19T13:45:51.593501+00:00;Italy - Serie A;Venezia vs Lazio;1635980523;spread;away;-0.5;2.1;1.952;7.048;0;4.98;4.66;1
1636455029-spread-home--0.5-1789825551;2026-09-19T13:45:51.593501+00:00;2026-09-19T13:45:51.593501+00:00;Turkey - Super League;Corum Belediyespor vs Alanyaspor;1636455029;spread;home;-0.5;2.09;2.01;3.828;0;0.23;0;1
1636463842-spread-home-0.0-1789825551;2026-09-19T13:45:51.593501+00:00;2026-09-19T13:45:51.593501+00:00;Finland - Ykkosliiga;PK-35 vs KTP;1636463842;spread;home;0.0;1.971;1.893;3.957;0;0.23;0;1
1636463842-spread-away--0.0-1789825551;2026-09-19T13:45:51.593501+00:00;2026-09-19T13:45:51.593501+00:00;Finland - Ykkosliiga;PK-35 vs KTP;1636463842;spread;away;-0.0;1.885;1.84;2.387;0;0.23;0;1
1635918924-spread-home--1.0-1789825551;2026-09-19T13:45:51.593501+00:00;2026-09-19T13:45:51.593501+00:00;England - Premier League;Newcastle United vs Hull City;1635918924;spread;home;-1.0;2.05;2.02;1.463;0;0.23;0;1
1635918927-spread-away-2.0-1789825551;2026-09-19T13:45:51.593501+00:00;2026-09-19T13:45:51.593501+00:00;England - Premier League;Nottingham Forest vs Coventry City;1635918927;spread;away;2.0;1.943;1.917;1.338;0;2.73;2.4;1
1636498798-spread-home--1.0-1789825551;2026-09-19T13:45:51.593501+00:00;2026-09-19T13:45:51.593501+00:00;Turkey - 1st League;Keciorengucu vs Sivasspor;1636498798;spread;home;-1.0;2.06;1.901;7.718;0;0.22;0;2
1636486482-spread-home-0.0-1789825551;2026-09-19T13:45:51.593501+00:00;2026-09-19T13:45:51.593501+00:00;Spain - Segunda Division;Eldense vs Eibar;1636486482;spread;home;0.0;2.14;1.847;13.692;0;2.72;2.4;1
1636578437-spread-home-0.5-1789825551;2026-09-19T13:45:51.593501+00:00;2026-09-19T13:45:51.593501+00:00;Argentina - Torneo Federal A;Sarmiento de Resistencia vs El Linqueno;1636578437;spread;home;0.5;1.935;1.8;6.977;0;4.72;4.4;1
1636463924-spread-away--0.5-1789825551;2026-09-19T13:45:51.593501+00:00;2026-09-19T13:45:51.593501+00:00;Portugal - Primeira Liga;Nacional da Madeira vs Famalicao;1636463924;spread;away;-0.5;2.08;2.01;3.365;0;0.72;0.4;1
1636048887-spread-home-0.0-1789825551;2026-09-19T13:45:51.593501+00:00;2026-09-19T13:45:51.593501+00:00;Brazil - Serie A;Remo vs Santos;1636048887;spread;home;0.0;2.11;1.8;14.692;0;7.72;7.4;1
1636463837-spread-away--0.5-1789825551;2026-09-19T13:45:51.593501+00:00;2026-09-19T13:45:51.593501+00:00;Finland - Veikkausliiga;VPS vs KuPS;1636463837;spread;away;-0.5;1.971;1.862;5.53;0;0.22;0;1
1636463906-spread-home-0.0-1789825551;2026-09-19T13:45:51.593501+00:00;2026-09-19T13:45:51.593501+00:00;Scotland - League Two;Kelty Hearts vs Edinburgh City;1636463906;spread;home;0.0;2.03;1.952;3.842;0;0.22;0;1
1636216729-spread-home-0.0-1789825551;2026-09-19T13:45:51.593501+00:00;2026-09-19T13:45:51.593501+00:00;Colombia - Primera A;Alianza Valledupar vs Independiente Santa Fe;1636216729;spread;home;0.0;2.02;1.769;12.426;0;7.3;6.97;1
1636463846-spread-away--0.0-1789825551;2026-09-19T13:45:51.593501+00:00;2026-09-19T13:45:51.593501+00:00;England - Championship;Lincoln City vs Swansea City;1636463846;spread;away;-0.0;2.14;1.935;9.579;0;0.21;0;1
1636463908-spread-home-0.0-1789825551;2026-09-19T13:45:51.593501+00:00;2026-09-19T13:45:51.593501+00:00;England - Championship;Wrexham vs Southampton;1636463908;spread;home;0.0;1.99;1.952;1.91;0;0.21;0;1
1636463908-spread-away--0.0-1789825551;2026-09-19T13:45:51.593501+00:00;2026-09-19T13:45:51.593501+00:00;England - Championship;Wrexham vs Southampton;1636463908;spread;away;-0.0;1.917;1.794;6.416;0;0.21;0;1
1636480657-spread-home-1.0-1789825551;2026-09-19T13:45:51.593501+00:00;2026-09-19T13:45:51.593501+00:00;Scotland - Championship;Greenock Morton vs Dunfermline Athletic;1636480657;spread;home;1.0;2.08;2.0;3.846;0;0.21;0;1
1636480656-spread-away-0.5-1789825551;2026-09-19T13:45:51.593501+00:00;2026-09-19T13:45:51.593501+00:00;Scotland - Championship;Livingston vs Inverness CT;1636480656;spread;away;0.5;1.962;1.877;4.332;0;0.21;0;1
1636480656-total-under-2.5-1789825551;2026-09-19T13:45:51.593501+00:00;2026-09-19T13:45:51.593501+00:00;Scotland - Championship;Livingston vs Inverness CT;1636480656;total;under;2.5;1.893;1.84;2.8;0;0.21;0;1
1635985152-spread-home--0.5-1789825551;2026-09-19T13:45:51.593501+00:00;2026-09-19T13:45:51.593501+00:00;France - Ligue 1;Angers vs Troyes;1635985152;spread;home;-0.5;2.1;1.877;10.619;0;4.96;4.64;1
1636463904-total-over-2.5-1789825551;2026-09-19T13:45:51.593501+00:00;2026-09-19T13:45:51.593501+00:00;Scotland - League One;Peterhead vs Airdrieonians;1636463904;total;over;2.5;1.99;1.943;2.362;0;0.21;0;1
1636486534-spread-away--0.0-1789825551;2026-09-19T13:45:51.593501+00:00;2026-09-19T13:45:51.593501+00:00;Malta - Challenge League;Vittoriosa Stars vs Gudja United;1636486534;spread;away;-0.0;2.0;1.943;2.85;0;4.71;4.39;1
1635113774-spread-home-0.0-1789825551;2026-09-19T13:45:51.593501+00:00;2026-09-19T13:45:51.593501+00:00;England - League 1;Peterborough United vs Doncaster Rovers;1635113774;spread;home;0.0;2.07;1.962;5.217;0;0.21;0;1
1635920612-spread-away-2.0-1789825551;2026-09-19T13:45:51.593501+00:00;2026-09-19T13:45:51.593501+00:00;Northern Ireland - Premiership;Coleraine vs Limavady United;1635920612;spread;away;2.0;1.952;1.877;3.842;0;3.21;2.88;1
1635888260-spread-home-0.0-1789825551;2026-09-19T13:45:51.593501+00:00;2026-09-19T13:45:51.593501+00:00;Northern Ireland - Premiership;Cliftonville vs Glentoran;1635888260;spread;home;0.0;1.962;1.87;4.689;0;0.21;0;1
1636498201-spread-home-0.0-1789825551;2026-09-19T13:45:51.593501+00:00;2026-09-19T13:45:51.593501+00:00;USA - Major League Soccer;CF Montreal vs Columbus Crew;1636498201;spread;home;0.0;1.98;1.87;5.556;0;9.7;9.38;1
1636498196-spread-away-0.5-1789825551;2026-09-19T13:45:51.593501+00:00;2026-09-19T13:45:51.593501+00:00;USA - Major League Soccer;Colorado Rapids vs Seattle Sounders;1636498196;spread;away;0.5;2.0;1.98;1.0;0;11.7;11.38;1
1636506137-spread-home--0.5-1789825551;2026-09-19T13:45:51.593501+00:00;2026-09-19T13:45:51.593501+00:00;USA - Major League Soccer;Real Salt Lake vs Vancouver Whitecaps;1636506137;spread;home;-0.5;2.0;1.98;1.0;0;11.7;11.38;1
1636480734-spread-away--0.0-1789825551;2026-09-19T13:45:51.593501+00:00;2026-09-19T13:45:51.593501+00:00;Israel - Premier League;Bnei Sakhnin vs Hapoel Ramat Gan;1636480734;spread;away;-0.0;2.05;1.885;8.049;0;2.7;2.38;1
1635919085-spread-away-1.0-1789825551;2026-09-19T13:45:51.593501+00:00;2026-09-19T13:45:51.593501+00:00;Spain - La Liga;Sevilla vs Barcelona;1635919085;spread;away;1.0;1.813;1.787;1.434;0;5.2;4.88;1
1636480666-spread-away--0.0-1789825109;2026-09-19T13:38:29.116108+00:00;2026-09-19T13:53:23.768944+00:00;England - Championship;Birmingham City vs Middlesbrough;1636480666;spread;away;-0.0;1.917;1.82;5.06;14.91;0.36;0.05;2
1636463850-spread-away-1.0-1789825109;2026-09-19T13:38:29.116108+00:00;2026-09-19T13:53:23.768944+00:00;England - League 2;Salford City vs Swindon Town;1636463850;spread;away;1.0;1.971;1.909;3.146;14.91;0.36;0.05;2
1636463909-total-under-2.5-1789825109;2026-09-19T13:38:29.116108+00:00;2026-09-19T13:53:23.768944+00:00;England - League 2;Crewe Alexandra vs Shrewsbury Town;1636463909;total;under;2.5;1.943;1.84;5.301;14.91;0.36;0.05;2
1636480668-spread-away-1.5-1789825109;2026-09-19T13:38:29.116108+00:00;2026-09-19T13:53:23.768944+00:00;Scotland - League One;Hamilton Academical vs Queen of the South;1636480668;spread;away;1.5;2.0;1.84;8.0;14.91;0.33;0.03;2
1636483912-spread-away--0.5-1789826003;2026-09-19T13:53:23.768944+00:00;2026-09-19T13:53:23.768944+00:00;UAE - League Cup;Al Wasl vs Al Ain;1636483912;spread;away;-0.5;2.0;1.847;7.65;0;2.36;2.06;1
1636463911-spread-home-0.5-1789826003;2026-09-19T13:53:23.768944+00:00;2026-09-19T13:53:23.768944+00:00;England - League 2;Gillingham vs Bristol Rovers;1636463911;spread;home;0.5;1.943;1.8;7.36;0;0.11;0;1
1636463911-spread-away--0.5-1789826003;2026-09-19T13:53:23.768944+00:00;2026-09-19T13:53:23.768944+00:00;England - League 2;Gillingham vs Bristol Rovers;1636463911;spread;away;-0.5;2.07;1.794;13.333;0;0.11;0;1
1636463909-spread-away-0.5-1789826003;2026-09-19T13:53:23.768944+00:00;2026-09-19T13:53:23.768944+00:00;England - League 2;Crewe Alexandra vs Shrewsbury Town;1636463909;spread;away;0.5;1.99;1.962;1.407;0;0.11;0;1
1635909172-spread-away--0.5-1789826003;2026-09-19T13:53:23.768944+00:00;2026-09-19T13:53:23.768944+00:00;England - Premier League;Brighton vs Arsenal;1635909172;spread;away;-0.5;1.98;1.935;2.273;0;0.1;0;1
1636463898-spread-home-0.5-1789826003;2026-09-19T13:53:23.768944+00:00;2026-09-19T13:53:23.768944+00:00;Norway - 1st Division;Asane vs Bryne;1636463898;spread;home;0.5;2.02;1.952;3.366;0;0.1;0;1
1636486482-spread-away--0.0-1789826003;2026-09-19T13:53:23.768944+00:00;2026-09-19T13:53:23.768944+00:00;Spain - Segunda Division;Eldense vs Eibar;1636486482;spread;away;-0.0;1.893;1.8;4.913;0;2.6;2.29;1
1636463851-spread-away-0.5-1789826003;2026-09-19T13:53:23.768944+00:00;2026-09-19T13:53:23.768944+00:00;Spain - Segunda Division;FC Andorra vs Sporting Gijon;1636463851;spread;away;0.5;1.862;1.82;2.256;0;0.35;0.04;1
1636463851-total-under-2.5-1789826003;2026-09-19T13:53:23.768944+00:00;2026-09-19T13:53:23.768944+00:00;Spain - Segunda Division;FC Andorra vs Sporting Gijon;1636463851;total;under;2.5;1.98;1.935;2.273;0;0.35;0.04;1
1636578528-total-over-2.5-1789826003;2026-09-19T13:53:23.768944+00:00;2026-09-19T13:53:23.768944+00:00;Argentina - Torneo Federal A;Boca Unidos vs Defensores de Puerto Vilelas;1636578528;total;over;2.5;1.877;1.855;1.172;0;4.59;4.29;1
1636498154-spread-away--0.0-1789826003;2026-09-19T13:53:23.768944+00:00;2026-09-19T13:53:23.768944+00:00;South Africa - PSL;Kruger United vs Stellenbosch;1636498154;spread;away;-0.0;1.909;1.8;5.71;0;4.09;3.79;1
1636768982-spread-home--0.5-1789826003;2026-09-19T13:53:23.768944+00:00;2026-09-19T13:53:23.768944+00:00;Poland - 3rd Liga;MKS Mazovia Minsk Mazowiecki vs Wisla Plock II;1636768982;spread;home;-0.5;1.8;1.781;1.056;0;0.09;0;1
1635957957-spread-home-0.5-1789826003;2026-09-19T13:53:23.768944+00:00;2026-09-19T13:53:23.768944+00:00;Austria - Bundesliga;Austria Lustenau vs SCR Altach;1635957957;spread;home;0.5;1.962;1.82;7.238;0;1.09;0.79;1
1635957957-spread-away--0.5-1789826003;2026-09-19T13:53:23.768944+00:00;2026-09-19T13:53:23.768944+00:00;Austria - Bundesliga;Austria Lustenau vs SCR Altach;1635957957;spread;away;-0.5;2.1;1.775;15.476;0;1.09;0.79;1
1636480660-spread-home-0.5-1789826003;2026-09-19T13:53:23.768944+00:00;2026-09-19T13:53:23.768944+00:00;Scotland - League Two;Stirling Albion vs Clyde;1636480660;spread;home;0.5;1.926;1.847;4.102;0;0.09;0;1
1636455018-spread-home--0.5-1789826003;2026-09-19T13:53:23.768944+00:00;2026-09-19T13:53:23.768944+00:00;England - Isthmian Division 1 South East;South Park vs Steyning Town;1636455018;spread;home;-0.5;1.98;1.909;3.586;0;0.09;0;1
1636216729-spread-away--0.0-1789826003;2026-09-19T13:53:23.768944+00:00;2026-09-19T13:53:23.768944+00:00;Colombia - Primera A;Alianza Valledupar vs Independiente Santa Fe;1636216729;spread;away;-0.0;1.952;1.84;5.738;0;7.17;6.87;1
1636480666-spread-home-0.0-1789826003;2026-09-19T13:53:23.768944+00:00;2026-09-19T13:53:23.768944+00:00;England - Championship;Birmingham City vs Middlesbrough;1636480666;spread;home;0.0;2.11;1.794;14.976;0;0.09;0;2
1636463846-spread-away-0.5-1789826003;2026-09-19T13:53:23.768944+00:00;2026-09-19T13:53:23.768944+00:00;England - Championship;Lincoln City vs Swansea City;1636463846;spread;away;0.5;1.781;1.69;5.109;0;0.09;0;1
1636640802-spread-away--0.0-1789826003;2026-09-19T13:53:23.768944+00:00;2026-09-19T13:53:23.768944+00:00;Scotland - Lowland League;Albion Rovers vs Cumbernauld Colts;1636640802;spread;away;-0.0;1.917;1.781;7.094;0;0.09;0;1
1635980513-spread-away-0.5-1789826003;2026-09-19T13:53:23.768944+00:00;2026-09-19T13:53:23.768944+00:00;France - Ligue 1;Le Mans vs Lorient;1635980513;spread;away;0.5;1.935;1.893;2.171;0;4.83;4.53;1
1636642418-spread-away--0.0-1789826003;2026-09-19T13:53:23.768944+00:00;2026-09-19T13:53:23.768944+00:00;England - FA Cup Qualification;Bedford Town vs Kings Lynn Town;1636642418;spread;away;-0.0;1.98;1.926;2.727;0;0.08;0;1
1636486521-spread-home-0.5-1789826003;2026-09-19T13:53:23.768944+00:00;2026-09-19T13:53:23.768944+00:00;France - Ligue 2;Metz vs Saint-Etienne;1636486521;spread;home;0.5;1.885;1.855;1.592;0;4.08;3.78;1
1636486521-spread-away--0.5-1789826003;2026-09-19T13:53:23.768944+00:00;2026-09-19T13:53:23.768944+00:00;France - Ligue 2;Metz vs Saint-Etienne;1636486521;spread;away;-0.5;2.0;1.87;6.5;0;4.08;3.78;1
1636498201-spread-away--0.0-1789826003;2026-09-19T13:53:23.768944+00:00;2026-09-19T13:53:23.768944+00:00;USA - Major League Soccer;CF Montreal vs Columbus Crew;1636498201;spread;away;-0.0;2.05;1.775;13.415;0;9.58;9.28;1
1636498190-spread-home-0.0-1789826003;2026-09-19T13:53:23.768944+00:00;2026-09-19T13:53:23.768944+00:00;USA - Major League Soccer;Minnesota United vs Los Angeles Galaxy;1636498190;spread;home;0.0;1.917;1.862;2.869;0;10.58;10.28;1
1637064618-spread-away--0.0-1789826003;2026-09-19T13:53:23.768944+00:00;2026-09-19T13:53:23.768944+00:00;England - Isthmian Premier League;Maldon and Tiptree vs Carshalton Athletic;1637064618;spread;away;-0.0;2.02;1.794;11.188;0;0.08;0;1
1636455012-spread-away-0.5-1789826003;2026-09-19T13:53:23.768944+00:00;2026-09-19T13:53:23.768944+00:00;England - Isthmian Division 1 North;Wroxham vs Grays Athletic;1636455012;spread;away;0.5;1.952;1.885;3.432;0;0.08;0;1
1636867995-spread-home--0.5-1789826003;2026-09-19T13:53:23.768944+00:00;2026-09-19T13:53:23.768944+00:00;England - Northern League Division 1;Rugby Borough vs Carlton Town;1636867995;spread;home;-0.5;1.909;1.885;1.257;0;0.08;0;1
1636963272-spread-home-0.5-1789826451;2026-09-19T14:00:51.979789+00:00;2026-09-19T14:00:51.979789+00:00;Paraguay - Tercera Division;3 de Febrero vs River Plate Asuncion;1636963272;spread;home;0.5;1.87;1.763;5.722;0;3.99;3.67;1
1636048887-spread-away--0.0-1789826451;2026-09-19T14:00:51.979789+00:00;2026-09-19T14:00:51.979789+00:00;Brazil - Serie A;Remo vs Santos;1636048887;spread;away;-0.0;1.952;1.806;7.48;0;7.48;7.17;1
1635985152-spread-away-0.5-1789826451;2026-09-19T14:00:51.979789+00:00;2026-09-19T14:00:51.979789+00:00;France - Ligue 1;Angers vs Troyes;1635985152;spread;away;0.5;1.917;1.84;4.017;0;4.73;4.41;1
1635980513-spread-home--0.5-1789826451;2026-09-19T14:00:51.979789+00:00;2026-09-19T14:00:51.979789+00:00;France - Ligue 1;Le Mans vs Lorient;1635980513;spread;home;-0.5;1.87;1.84;1.604;0;4.73;4.41;1
1635919015-spread-home-0.0-1789826451;2026-09-19T14:00:51.979789+00:00;2026-09-19T14:00:51.979789+00:00;England - National League;Hornchurch vs Scunthorpe United;1635919015;spread;home;0.0;1.84;1.82;1.087;0;2.47;2.16;1
1635919015-spread-away--0.0-1789826451;2026-09-19T14:00:51.979789+00:00;2026-09-19T14:00:51.979789+00:00;England - National League;Hornchurch vs Scunthorpe United;1635919015;spread;away;-0.0;2.04;1.877;7.99;0;2.47;2.16;1
1635909151-total-under-2.5-1789826451;2026-09-19T14:00:51.979789+00:00;2026-09-19T14:00:51.979789+00:00;Cyprus - 1st Division;Apollon Limassol vs APOEL Nicosia;1635909151;total;under;2.5;1.833;1.806;1.473;0;1.97;1.65;1
1636531208-total-over-2.5-1789826451;2026-09-19T14:00:51.979789+00:00;2026-09-19T14:00:51.979789+00:00;Croatia - Prva NL;Vukovar vs Jadran Luka Ploce;1636531208;total;over;2.5;1.901;1.855;2.42;0;0.46;0.14;1
1636463954-spread-away-1.0-1789826451;2026-09-19T14:00:51.979789+00:00;2026-09-19T14:00:51.979789+00:00;Slovenia - Prva Liga;Koper vs Nafta;1636463954;spread;away;1.0;2.03;1.926;5.123;0;1.46;1.14;1
1636531192-spread-away--0.0-1789826451;2026-09-19T14:00:51.979789+00:00;2026-09-19T14:00:51.979789+00:00;Spain - Segunda Federacion;Puente Genil vs Estepona;1636531192;spread;away;-0.0;1.787;1.758;1.623;0;2.96;2.64;1
1635980522-spread-away--0.0-1789826836;2026-09-19T14:07:16.175820+00:00;2026-09-19T14:07:16.175820+00:00;Italy - Serie A;Roma vs Internazionale;1635980522;spread;away;-0.0;1.909;1.68;11.996;0;1.88;1.56;1
1635980523-spread-away--0.5-1789826836;2026-09-19T14:07:16.175820+00:00;2026-09-19T14:07:16.175820+00:00;Italy - Serie A;Venezia vs Lazio;1635980523;spread;away;-0.5;2.09;1.952;6.603;0;4.63;4.31;1
1636048887-spread-home-0.0-1789826836;2026-09-19T14:07:16.175820+00:00;2026-09-19T14:07:16.175820+00:00;Brazil - Serie A;Remo vs Santos;1636048887;spread;home;0.0;2.11;1.8;14.692;0;7.38;7.06;1
1635985152-spread-home--0.5-1789826836;2026-09-19T14:07:16.175820+00:00;2026-09-19T14:07:16.175820+00:00;France - Ligue 1;Angers vs Troyes;1635985152;spread;home;-0.5;2.1;1.877;10.619;0;4.63;4.31;1
1636486482-spread-home-0.0-1789826836;2026-09-19T14:07:16.175820+00:00;2026-09-19T14:07:16.175820+00:00;Spain - Segunda Division;Eldense vs Eibar;1636486482;spread;home;0.0;2.14;1.847;13.692;0;2.37;2.06;1
1636498201-spread-home-0.0-1789826836;2026-09-19T14:07:16.175820+00:00;2026-09-19T14:07:16.175820+00:00;USA - Major League Soccer;CF Montreal vs Columbus Crew;1636498201;spread;home;0.0;1.98;1.87;5.556;0;9.37;9.05;1
1636463951-spread-home-0.0-1789826836;2026-09-19T14:07:16.175820+00:00;2026-09-19T14:07:16.175820+00:00;Austria - 2. Liga;St Polten vs SW Bregenz;1636463951;spread;home;0.0;1.813;1.794;1.048;0;1.37;1.05;1
1636480735-spread-home--0.5-1789826836;2026-09-19T14:07:16.175820+00:00;2026-09-19T14:07:16.175820+00:00;Albania - Superliga;Dinamo City vs Laci;1636480735;spread;home;-0.5;1.909;1.806;5.395;0;2.37;2.05;1
1636480735-total-over-2.5-1789826836;2026-09-19T14:07:16.175820+00:00;2026-09-19T14:07:16.175820+00:00;Albania - Superliga;Dinamo City vs Laci;1636480735;total;over;2.5;1.87;1.847;1.23;0;2.37;2.05;1
1636483912-spread-home-0.5-1789826836;2026-09-19T14:07:16.175820+00:00;2026-09-19T14:07:16.175820+00:00;UAE - League Cup;Al Wasl vs Al Ain;1636483912;spread;home;0.5;1.943;1.893;2.573;0;2.11;1.79;1
1636216729-spread-home-0.0-1789826836;2026-09-19T14:07:16.175820+00:00;2026-09-19T14:07:16.175820+00:00;Colombia - Primera A;Alianza Valledupar vs Independiente Santa Fe;1636216729;spread;home;0.0;2.02;1.769;12.426;0;6.94;6.62;1
1636480734-spread-away--0.0-1789826836;2026-09-19T14:07:16.175820+00:00;2026-09-19T14:07:16.175820+00:00;Israel - Premier League;Bnei Sakhnin vs Hapoel Ramat Gan;1636480734;spread;away;-0.0;2.05;1.885;8.049;0;2.35;2.03;1
1635920612-spread-home--2.0-1789826836;2026-09-19T14:07:16.175820+00:00;2026-09-19T14:07:16.175820+00:00;Northern Ireland - Premiership;Coleraine vs Limavady United;1635920612;spread;home;-2.0;1.962;1.909;2.701;0;2.85;2.53;1
1636663164-total-under-2.5-1789826836;2026-09-19T14:07:16.175820+00:00;2026-09-19T14:07:16.175820+00:00;Cyprus - 2nd Division;Enosis Neon Paralimni vs Halkanoras;1636663164;total;under;2.5;1.806;1.787;1.052;0;1.85;1.53;1
1635980522-spread-home-0.0-1789826451;2026-09-19T14:00:51.979789+00:00;2026-09-19T14:15:35.343221+00:00;Italy - Serie A;Roma vs Internazionale;1635980522;spread;home;0.0;2.11;2.01;4.739;14.72;1.99;1.7;2
1636007468-spread-home--0.5-1789826451;2026-09-19T14:00:51.979789+00:00;2026-09-19T14:15:35.343221+00:00;Netherlands - Eredivisie;ADO Den Haag vs Cambuur Leeuwaarden;1636007468;spread;home;-0.5;2.03;1.962;3.35;14.72;0.47;0.18;2
1636042553-spread-home--0.5-1789827335;2026-09-19T14:15:35.343221+00:00;2026-09-19T14:15:35.343221+00:00;Brazil - Serie A;Sao Paulo vs Internacional;1636042553;spread;home;-0.5;1.962;1.917;2.294;0;9.74;9.45;1
1636498154-spread-away--0.0-1789827335;2026-09-19T14:15:35.343221+00:00;2026-09-19T14:15:35.343221+00:00;South Africa - PSL;Kruger United vs Stellenbosch;1636498154;spread;away;-0.0;1.909;1.8;5.71;0;3.73;3.45;1
1636486465-spread-home--1.0-1789827335;2026-09-19T14:15:35.343221+00:00;2026-09-19T14:15:35.343221+00:00;Switzerland - Super League;Young Boys vs Servette;1636486465;spread;home;-1.0;1.885;1.855;1.592;0;1.73;1.45;1
1636216729-spread-away--0.0-1789827335;2026-09-19T14:15:35.343221+00:00;2026-09-19T14:15:35.343221+00:00;Colombia - Primera A;Alianza Valledupar vs Independiente Santa Fe;1636216729;spread;away;-0.0;1.952;1.84;5.738;0;6.81;6.53;1
1636463922-spread-away-1.0-1789827335;2026-09-19T14:15:35.343221+00:00;2026-09-19T14:15:35.343221+00:00;Netherlands - Eerste Divisie;Vitesse Arnhem vs Jong PSV;1636463922;spread;away;1.0;1.909;1.87;2.043;0;0.23;0;1
1636689312-spread-away--0.0-1789827335;2026-09-19T14:15:35.343221+00:00;2026-09-19T14:15:35.343221+00:00;Spain - Primera Federacion;Real Jaen vs UD Ibiza;1636689312;spread;away;-0.0;1.98;1.952;1.414;0;4.72;4.44;1
1636531366-total-over-2.5-1789827335;2026-09-19T14:15:35.343221+00:00;2026-09-19T14:15:35.343221+00:00;Spain - Segunda Federacion;Atletico Paso vs Atletico Madrid III;1636531366;total;over;2.5;2.0;1.926;3.7;0;4.22;3.94;1
1636486482-spread-away--0.0-1789827335;2026-09-19T14:15:35.343221+00:00;2026-09-19T14:15:35.343221+00:00;Spain - Segunda Division;Eldense vs Eibar;1636486482;spread;away;-0.0;1.893;1.8;4.913;0;2.22;1.94;1
1636928843-total-over-2.5-1789827335;2026-09-19T14:15:35.343221+00:00;2026-09-19T14:15:35.343221+00:00;Bahrain - 2nd Division;Al Tadamun Buri vs Busaiteen;1636928843;total;over;2.5;1.909;1.862;2.462;0;1.72;1.43;1
1635980513-spread-away-0.5-1789827335;2026-09-19T14:15:35.343221+00:00;2026-09-19T14:15:35.343221+00:00;France - Ligue 1;Le Mans vs Lorient;1635980513;spread;away;0.5;1.935;1.893;2.171;0;4.47;4.18;1
1636836420-total-over-2.5-1789827335;2026-09-19T14:15:35.343221+00:00;2026-09-19T14:15:35.343221+00:00;Spain - Tercera Division;Durango vs Aretxabaleta;1636836420;total;over;2.5;1.877;1.833;2.344;0;1.97;1.68;1
1636498201-spread-away--0.0-1789827335;2026-09-19T14:15:35.343221+00:00;2026-09-19T14:15:35.343221+00:00;USA - Major League Soccer;CF Montreal vs Columbus Crew;1636498201;spread;away;-0.0;2.05;1.794;12.488;0;9.22;8.93;1
1636486521-spread-home-0.5-1789827335;2026-09-19T14:15:35.343221+00:00;2026-09-19T14:15:35.343221+00:00;France - Ligue 2;Metz vs Saint-Etienne;1636486521;spread;home;0.5;1.885;1.855;1.592;0;3.71;3.43;1
1636486521-spread-away--0.5-1789827335;2026-09-19T14:15:35.343221+00:00;2026-09-19T14:15:35.343221+00:00;France - Ligue 2;Metz vs Saint-Etienne;1636486521;spread;away;-0.5;2.0;1.87;6.5;0;3.71;3.43;1
1636048887-spread-away--0.0-1789827719;2026-09-19T14:21:59.320621+00:00;2026-09-19T14:21:59.320621+00:00;Brazil - Serie A;Remo vs Santos;1636048887;spread;away;-0.0;1.952;1.806;7.48;0;7.13;6.85;1
1635919015-spread-away--0.0-1789827719;2026-09-19T14:21:59.320621+00:00;2026-09-19T14:21:59.320621+00:00;England - National League;Hornchurch vs Scunthorpe United;1635919015;spread;away;-0.0;2.04;1.877;7.99;0;2.12;1.84;1
1635909021-spread-away-0.5-1789827719;2026-09-19T14:21:59.320621+00:00;2026-09-19T14:21:59.320621+00:00;Germany - 3. Liga;Saarbrucken vs Sonnenhof Grossaspach;1635909021;spread;away;0.5;2.01;1.901;5.423;0;0.12;0;1
1636480678-spread-away-1.0-1789827719;2026-09-19T14:21:59.320621+00:00;2026-09-19T14:21:59.320621+00:00;Slovenia - 2. SNL;Ilirija 1911 vs Krsko;1636480678;spread;away;1.0;1.962;1.847;5.861;0;0.11;0;1
1635980513-spread-home--0.5-1789827719;2026-09-19T14:21:59.320621+00:00;2026-09-19T14:21:59.320621+00:00;France - Ligue 1;Le Mans vs Lorient;1635980513;spread;home;-0.5;1.87;1.84;1.604;0;4.36;4.08;1
1636640783-spread-home-0.5-1789827719;2026-09-19T14:21:59.320621+00:00;2026-09-19T14:21:59.320621+00:00;Faroe Islands - Premier League;B68 Toftir vs Eb/Streymur;1636640783;spread;home;0.5;1.826;1.806;1.095;0;0.1;0;1
1636463924-spread-away--0.5-1789827335;2026-09-19T14:15:35.343221+00:00;2026-09-19T14:28:20.174475+00:00;Portugal - Primeira Liga;Nacional da Madeira vs Famalicao;1636463924;spread;away;-0.5;2.02;1.952;3.366;12.75;0.24;0;2
1635980512-spread-home--0.5-1789827335;2026-09-19T14:15:35.343221+00:00;2026-09-19T14:28:20.174475+00:00;France - Ligue 1;Paris FC vs Strasbourg;1635980512;spread;home;-0.5;1.862;1.833;1.557;12.75;0.97;0.69;2
1635985152-total-under-2.5-1789827335;2026-09-19T14:15:35.343221+00:00;2026-09-19T14:28:20.174475+00:00;France - Ligue 1;Angers vs Troyes;1635985152;total;under;2.5;2.09;2.04;2.392;12.75;4.47;4.19;2
1636618546-spread-home--0.5-1789827335;2026-09-19T14:15:35.343221+00:00;2026-09-19T14:28:20.174475+00:00;Hungary - NB 2;Ajka vs Csakvar;1636618546;spread;home;-0.5;1.855;1.826;1.563;12.75;0.72;0.44;2
1636618546-total-over-2.5-1789827335;2026-09-19T14:15:35.343221+00:00;2026-09-19T14:28:20.174475+00:00;Hungary - NB 2;Ajka vs Csakvar;1636618546;total;over;2.5;1.935;1.806;6.667;12.75;0.72;0.44;2
1635985152-spread-away-0.5-1789827719;2026-09-19T14:21:59.320621+00:00;2026-09-19T14:28:20.174475+00:00;France - Ligue 1;Angers vs Troyes;1635985152;spread;away;0.5;1.917;1.813;5.425;6.35;4.36;4.08;2
1636048887-spread-home-0.0-1789828100;2026-09-19T14:28:20.174475+00:00;2026-09-19T14:28:20.174475+00:00;Brazil - Serie A;Remo vs Santos;1636048887;spread;home;0.0;2.11;1.8;14.692;0;7.03;6.75;1
1636463941-spread-away-0.5-1789828100;2026-09-19T14:28:20.174475+00:00;2026-09-19T14:28:20.174475+00:00;Serbia - Super Liga;Vojvodina vs IMT Novi Beograd;1636463941;spread;away;0.5;2.02;1.971;2.426;0;0.52;0.24;1
1636483867-spread-home--0.5-1789828100;2026-09-19T14:28:20.174475+00:00;2026-09-19T14:28:20.174475+00:00;Algeria - Ligue 2;GC Mascara vs RC Arbaa;1636483867;spread;home;-0.5;1.855;1.794;3.288;0;0.52;0.24;1
1635957957-total-over-2.5-1789828100;2026-09-19T14:28:20.174475+00:00;2026-09-19T14:28:20.174475+00:00;Austria - Bundesliga;Austria Lustenau vs SCR Altach;1635957957;total;over;2.5;1.901;1.84;3.209;0;0.52;0.24;1
1636480734-spread-away--0.0-1789828100;2026-09-19T14:28:20.174475+00:00;2026-09-19T14:28:20.174475+00:00;Israel - Premier League;Bnei Sakhnin vs Hapoel Ramat Gan;1636480734;spread;away;-0.0;2.05;1.885;8.049;0;2.02;1.74;1
1636007468-spread-away-0.5-1789828100;2026-09-19T14:28:20.174475+00:00;2026-09-19T14:28:20.174475+00:00;Netherlands - Eredivisie;ADO Den Haag vs Cambuur Leeuwaarden;1636007468;spread;away;0.5;1.943;1.901;2.162;0;0.02;0;1
1636216729-spread-home-0.0-1789828100;2026-09-19T14:28:20.174475+00:00;2026-09-19T14:28:20.174475+00:00;Colombia - Primera A;Alianza Valledupar vs Independiente Santa Fe;1636216729;spread;home;0.0;2.02;1.769;12.426;0;6.6;6.32;1
1636531208-total-under-2.5-1789828100;2026-09-19T14:28:20.174475+00:00;2026-09-19T14:28:20.174475+00:00;Croatia - Prva NL;Vukovar vs Jadran Luka Ploce;1636531208;total;under;2.5;1.935;1.901;1.757;0;0.01;0;1
1636311209-total-under-2.5-1789828100;2026-09-19T14:28:20.174475+00:00;2026-09-19T14:28:20.174475+00:00;Czech Republic - First Liga;Slovacko vs Banik Ostrava;1636311209;total;under;2.5;1.935;1.909;1.344;0;1.51;1.23;1
1636463857-spread-away-0.5-1789828100;2026-09-19T14:28:20.174475+00:00;2026-09-19T14:28:20.174475+00:00;Spain - Primera Federacion;Rayo Majadahonda vs Teruel;1636463857;spread;away;0.5;1.971;1.917;2.74;0;0.01;0;1
1635980522-spread-away--0.0-1789828100;2026-09-19T14:28:20.174475+00:00;2026-09-19T14:28:20.174475+00:00;Italy - Serie A;Roma vs Internazionale;1635980522;spread;away;-0.0;1.901;1.68;11.625;0;1.51;1.23;1
1635980523-spread-away--0.5-1789828100;2026-09-19T14:28:20.174475+00:00;2026-09-19T14:28:20.174475+00:00;Italy - Serie A;Venezia vs Lazio;1635980523;spread;away;-0.5;2.09;1.952;6.603;0;4.26;3.98;1
1636486495-spread-away-1.0-1789828100;2026-09-19T14:28:20.174475+00:00;2026-09-19T14:28:20.174475+00:00;Belarus - Premier League;Dinamo Minsk vs BATE Borisov;1636486495;spread;away;1.0;1.943;1.82;6.33;0;2.51;2.23;1
1636486495-total-under-2.5-1789828100;2026-09-19T14:28:20.174475+00:00;2026-09-19T14:28:20.174475+00:00;Belarus - Premier League;Dinamo Minsk vs BATE Borisov;1636486495;total;under;2.5;1.82;1.781;2.143;0;2.51;2.23;1
1636486543-spread-home-1.0-1789828100;2026-09-19T14:28:20.174475+00:00;2026-09-19T14:28:20.174475+00:00;Spain - Segunda Division;Cadiz vs Girona;1636486543;spread;home;1.0;1.885;1.813;3.82;0;4.51;4.23;1
1635985152-spread-home--0.5-1789828100;2026-09-19T14:28:20.174475+00:00;2026-09-19T14:28:20.174475+00:00;France - Ligue 1;Angers vs Troyes;1635985152;spread;home;-0.5;2.14;1.877;12.29;0;4.26;3.98;1
1636498201-spread-home-0.0-1789828100;2026-09-19T14:28:20.174475+00:00;2026-09-19T14:28:20.174475+00:00;USA - Major League Soccer;CF Montreal vs Columbus Crew;1636498201;spread;home;0.0;1.952;1.885;3.432;0;9.0;8.72;1
1636483870-spread-home-0.0-1789828100;2026-09-19T14:28:20.174475+00:00;2026-09-19T14:28:20.174475+00:00;Croatia - HNL;Varazdin vs Osijek;1636483870;spread;home;0.0;1.901;1.84;3.209;0;0.5;0.22;1
1636480675-spread-away-1.5-1789828100;2026-09-19T14:28:20.174475+00:00;2026-09-19T14:28:20.174475+00:00;Romania - Liga 1;CFR Cluj vs Botosani;1636480675;spread;away;1.5;1.943;1.833;5.661;0;0.0;0;1
1636866952-spread-away-0.5-1789827719;2026-09-19T14:21:59.320621+00:00;2026-09-19T14:34:41.932472+00:00;Nigeria - NPFL;Ranchers Bees vs Bendel Insurance;1636866952;spread;away;0.5;1.943;1.769;8.955;12.71;0.61;0.33;2
1636486521-spread-home-0.5-1789828481;2026-09-19T14:34:41.932472+00:00;2026-09-19T14:34:41.932472+00:00;France - Ligue 2;Metz vs Saint-Etienne;1636486521;spread;home;0.5;1.885;1.855;1.592;0;3.42;3.14;1
1636486521-spread-away--0.5-1789828481;2026-09-19T14:34:41.932472+00:00;2026-09-19T14:34:41.932472+00:00;France - Ligue 2;Metz vs Saint-Etienne;1636486521;spread;away;-0.5;2.0;1.87;6.5;0;3.42;3.14;1
1636216729-spread-away--0.0-1789828481;2026-09-19T14:34:41.932472+00:00;2026-09-19T14:34:41.932472+00:00;Colombia - Primera A;Alianza Valledupar vs Independiente Santa Fe;1636216729;spread;away;-0.0;1.952;1.82;6.762;0;6.5;6.22;1
1636506142-spread-away-0.5-1789828481;2026-09-19T14:34:41.932472+00:00;2026-09-19T14:34:41.932472+00:00;USA - Major League Soccer;Houston Dynamo vs FC Cincinnati;1636506142;spread;away;0.5;2.01;1.952;2.886;0;9.91;9.63;1
1636498201-spread-away--0.0-1789828481;2026-09-19T14:34:41.932472+00:00;2026-09-19T14:34:41.932472+00:00;USA - Major League Soccer;CF Montreal vs Columbus Crew;1636498201;spread;away;-0.0;2.02;1.794;11.188;0;8.91;8.63;1
1636483884-spread-away--0.0-1789828481;2026-09-19T14:34:41.932472+00:00;2026-09-19T14:34:41.932472+00:00;Ukraine - Premier League;Epitsentr Kamianets-Podilskyi vs Livyi Bereg;1636483884;spread;away;-0.0;1.99;1.855;6.784;0;0.41;0.13;1
1635980513-spread-away-0.5-1789828481;2026-09-19T14:34:41.932472+00:00;2026-09-19T14:34:41.932472+00:00;France - Ligue 1;Le Mans vs Lorient;1635980513;spread;away;0.5;1.935;1.893;2.171;0;4.15;3.88;1
1636812317-spread-home-0.5-1789828481;2026-09-19T14:34:41.932472+00:00;2026-09-19T14:34:41.932472+00:00;Mexico - Liga TDP;Academia Dragones FC vs CeFor Chiapas;1636812317;spread;home;0.5;1.84;1.813;1.467;0;10.4;10.12;1
1636578528-spread-away-0.5-1789828481;2026-09-19T14:34:41.932472+00:00;2026-09-19T14:34:41.932472+00:00;Argentina - Torneo Federal A;Boca Unidos vs Defensores de Puerto Vilelas;1636578528;spread;away;0.5;1.926;1.901;1.298;0;3.9;3.62;1
1636578528-total-under-2.5-1789828481;2026-09-19T14:34:41.932472+00:00;2026-09-19T14:34:41.932472+00:00;Argentina - Torneo Federal A;Boca Unidos vs Defensores de Puerto Vilelas;1636578528;total;under;2.5;1.855;1.769;4.636;0;3.9;3.62;1
1636498154-spread-away--0.0-1789828481;2026-09-19T14:34:41.932472+00:00;2026-09-19T14:34:41.932472+00:00;South Africa - PSL;Kruger United vs Stellenbosch;1636498154;spread;away;-0.0;1.909;1.8;5.71;0;3.39;3.12;1
1636486507-spread-away-1.0-1789828481;2026-09-19T14:34:41.932472+00:00;2026-09-19T14:34:41.932472+00:00;Romania - Liga 1;Universitatea Craiova vs FCSB;1636486507;spread;away;1.0;1.855;1.794;3.288;0;2.89;2.62;1
1636486482-spread-away--0.0-1789828481;2026-09-19T14:34:41.932472+00:00;2026-09-19T14:34:41.932472+00:00;Spain - Segunda Division;Eldense vs Eibar;1636486482;spread;away;-0.0;1.893;1.8;4.913;0;1.89;1.61;1
1636486482-spread-home-0.0-1789828481;2026-09-19T14:34:41.932472+00:00;2026-09-19T14:34:41.932472+00:00;Spain - Segunda Division;Eldense vs Eibar;1636486482;spread;home;0.0;2.14;1.847;13.692;0;1.89;1.61;1
1635919015-spread-away--0.0-1789828854;2026-09-19T14:40:54.276278+00:00;2026-09-19T14:40:54.276278+00:00;England - National League;Hornchurch vs Scunthorpe United;1635919015;spread;away;-0.0;2.04;1.885;7.598;0;1.81;1.52;1
1636531423-spread-away-0.5-1789828854;2026-09-19T14:40:54.276278+00:00;2026-09-19T14:40:54.276278+00:00;Latvia - 1st Liga;Super Nova 2 vs Smiltene/Bjss;1636531423;spread;away;0.5;1.909;1.775;7.019;0;0.3;0.02;1
1636048887-spread-away--0.0-1789828854;2026-09-19T14:40:54.276278+00:00;2026-09-19T14:40:54.276278+00:00;Brazil - Serie A;Remo vs Santos;1636048887;spread;away;-0.0;1.952;1.806;7.48;0;6.8;6.52;1
1635980513-spread-home--0.5-1789828854;2026-09-19T14:40:54.276278+00:00;2026-09-19T14:40:54.276278+00:00;France - Ligue 1;Le Mans vs Lorient;1635980513;spread;home;-0.5;1.87;1.84;1.604;0;4.05;3.77;1
1636442654-spread-home--0.5-1789828854;2026-09-19T14:40:54.276278+00:00;2026-09-19T14:40:54.276278+00:00;Israel - Liga Alef;Hapoel Umm Al Fahm vs Hapoel Ironi Baqa al-Gharbiyye;1636442654;spread;home;-0.5;1.885;1.84;2.387;0;3.29;3.01;1
1636007495-spread-away-1.0-1789828854;2026-09-19T14:40:54.276278+00:00;2026-09-19T14:40:54.276278+00:00;Argentina - Liga Pro;Gimnasia Mendoza vs Deportivo Riestra;1636007495;spread;away;1.0;1.877;1.806;3.783;0;2.79;2.51;1
1636483868-spread-home-0.0-1789828854;2026-09-19T14:40:54.276278+00:00;2026-09-19T14:40:54.276278+00:00;Finland - Ykkosliiga;SJK Akatemia vs KaPa;1636483868;spread;home;0.0;2.04;2.01;1.471;0;0.29;0.01;1
1635980522-spread-home-0.0-1789828481;2026-09-19T14:34:41.932472+00:00;2026-09-19T14:47:09.091709+00:00;Italy - Serie A;Roma vs Internazionale;1635980522;spread;home;0.0;2.11;2.02;4.265;12.45;1.4;1.12;2
1636681724-spread-away-0.5-1789829229;2026-09-19T14:47:09.091709+00:00;2026-09-19T14:47:09.091709+00:00;Uruguay - Primera Division;Boston River vs CA Progreso;1636681724;spread;away;0.5;1.885;1.833;2.759;0;0.21;0;1
1636480734-spread-away--0.0-1789829229;2026-09-19T14:47:09.091709+00:00;2026-09-19T14:47:09.091709+00:00;Israel - Premier League;Bnei Sakhnin vs Hapoel Ramat Gan;1636480734;spread;away;-0.0;2.05;1.893;7.659;0;1.71;1.43;1
1636480699-total-under-2.5-1789829229;2026-09-19T14:47:09.091709+00:00;2026-09-19T14:47:09.091709+00:00;Italy - Serie B;Sampdoria vs Catanzaro;1636480699;total;under;2.5;2.06;1.99;3.398;0;0.46;0.18;1
1636216729-spread-home-0.0-1789829229;2026-09-19T14:47:09.091709+00:00;2026-09-19T14:47:09.091709+00:00;Colombia - Primera A;Alianza Valledupar vs Independiente Santa Fe;1636216729;spread;home;0.0;2.04;1.769;13.284;0;6.29;6.01;1
1636506142-spread-home--0.5-1789829229;2026-09-19T14:47:09.091709+00:00;2026-09-19T14:47:09.091709+00:00;USA - Major League Soccer;Houston Dynamo vs FC Cincinnati;1636506142;spread;home;-0.5;1.952;1.885;3.432;0;9.69;9.41;1
1636506137-spread-home--0.5-1789829229;2026-09-19T14:47:09.091709+00:00;2026-09-19T14:47:09.091709+00:00;USA - Major League Soccer;Real Salt Lake vs Vancouver Whitecaps;1636506137;spread;home;-0.5;1.98;1.909;3.586;0;10.69;10.41;1
1636498201-spread-home-0.0-1789829229;2026-09-19T14:47:09.091709+00:00;2026-09-19T14:47:09.091709+00:00;USA - Major League Soccer;CF Montreal vs Columbus Crew;1636498201;spread;home;0.0;1.952;1.885;3.432;0;8.69;8.41;1
1636532673-spread-away--1.5-1789829229;2026-09-19T14:47:09.091709+00:00;2026-09-19T14:47:09.091709+00:00;Dominican Republic - Liga Mayor;Jarabacoa FC vs Salcedo FC;1636532673;spread;away;-1.5;1.82;1.763;3.132;0;5.19;4.91;1
1635980523-spread-away--0.5-1789829229;2026-09-19T14:47:09.091709+00:00;2026-09-19T14:47:09.091709+00:00;Italy - Serie A;Venezia vs Lazio;1635980523;spread;away;-0.5;2.09;1.952;6.603;0;3.94;3.66;1
1635980522-spread-away--0.0-1789829229;2026-09-19T14:47:09.091709+00:00;2026-09-19T14:47:09.091709+00:00;Italy - Serie A;Roma vs Internazionale;1635980522;spread;away;-0.0;1.901;1.68;11.625;0;1.19;0.91;1
1636463941-spread-home--0.5-1789829229;2026-09-19T14:47:09.091709+00:00;2026-09-19T14:47:09.091709+00:00;Serbia - Super Liga;Vojvodina vs IMT Novi Beograd;1636463941;spread;home;-0.5;1.847;1.8;2.545;0;0.19;0;1
1635985152-spread-away-0.5-1789829229;2026-09-19T14:47:09.091709+00:00;2026-09-19T14:47:09.091709+00:00;France - Ligue 1;Angers vs Troyes;1635985152;spread;away;0.5;1.917;1.813;5.425;0;3.94;3.66;1
1636048887-spread-home-0.0-1789829229;2026-09-19T14:47:09.091709+00:00;2026-09-19T14:47:09.091709+00:00;Brazil - Serie A;Remo vs Santos;1636048887;spread;home;0.0;2.11;1.8;14.692;0;6.68;6.41;1
1636483870-spread-home--0.5-1789828854;2026-09-19T14:40:54.276278+00:00;2026-09-19T14:53:24.195262+00:00;Croatia - HNL;Varazdin vs Osijek;1636483870;spread;home;-0.5;1.935;1.82;5.943;12.5;0.3;0.02;2
1635985152-spread-home--0.5-1789829229;2026-09-19T14:47:09.091709+00:00;2026-09-19T14:53:24.195262+00:00;France - Ligue 1;Angers vs Troyes;1635985152;spread;home;-0.5;2.14;1.87;12.617;6.25;3.94;3.66;2
1636480734-spread-home-0.0-1789829604;2026-09-19T14:53:24.195262+00:00;2026-09-19T14:53:24.195262+00:00;Israel - Premier League;Bnei Sakhnin vs Hapoel Ramat Gan;1636480734;spread;home;0.0;1.84;1.82;1.087;0;1.61;1.33;1
1636483864-spread-home--1.0-1789829604;2026-09-19T14:53:24.195262+00:00;2026-09-19T14:53:24.195262+00:00;Hungary - NB 3;Pecsi MFC vs MTK Budapest II;1636483864;spread;home;-1.0;1.98;1.926;2.727;0;0.1;0;1
1636216729-spread-away--0.0-1789829604;2026-09-19T14:53:24.195262+00:00;2026-09-19T14:53:24.195262+00:00;Colombia - Primera A;Alianza Valledupar vs Independiente Santa Fe;1636216729;spread;away;-0.0;1.952;1.82;6.762;0;6.18;5.91;1
1636486482-spread-away--0.0-1789829604;2026-09-19T14:53:24.195262+00:00;2026-09-19T14:53:24.195262+00:00;Spain - Segunda Division;Eldense vs Eibar;1636486482;spread;away;-0.0;1.893;1.8;4.913;0;1.59;1.32;1
1636486482-spread-home-0.0-1789829604;2026-09-19T14:53:24.195262+00:00;2026-09-19T14:53:24.195262+00:00;Spain - Segunda Division;Eldense vs Eibar;1636486482;spread;home;0.0;2.14;1.847;13.692;0;1.59;1.32;1
1636531227-spread-away-0.5-1789829604;2026-09-19T14:53:24.195262+00:00;2026-09-19T14:53:24.195262+00:00;Iceland - Premier League;KA Akureyri vs Thor Akureyri;1636531227;spread;away;0.5;1.98;1.909;3.586;0;4.59;4.32;1
1636654343-spread-away--0.0-1789829604;2026-09-19T14:53:24.195262+00:00;2026-09-19T14:53:24.195262+00:00;Algeria - Ligue 1;Olympique Akbou vs USM Alger;1636654343;spread;away;-0.0;2.08;2.05;1.442;0;0.09;0;1
1636571534-spread-away-1.0-1789829604;2026-09-19T14:53:24.195262+00:00;2026-09-19T14:53:24.195262+00:00;Ghana - Premier League;Heart of Lions vs Swedru All Blacks;1636571534;spread;away;1.0;1.99;1.901;4.472;0;0.09;0;1
1636498201-spread-away--0.0-1789829604;2026-09-19T14:53:24.195262+00:00;2026-09-19T14:53:24.195262+00:00;USA - Major League Soccer;CF Montreal vs Columbus Crew;1636498201;spread;away;-0.0;2.02;1.794;11.188;0;8.59;8.31;1
1636483868-spread-away--0.0-1789829604;2026-09-19T14:53:24.195262+00:00;2026-09-19T14:53:24.195262+00:00;Finland - Ykkosliiga;SJK Akatemia vs KaPa;1636483868;spread;away;-0.0;1.847;1.806;2.22;0;0.09;0;1
1636498154-spread-away--0.0-1789829604;2026-09-19T14:53:24.195262+00:00;2026-09-19T14:53:24.195262+00:00;South Africa - PSL;Kruger United vs Stellenbosch;1636498154;spread;away;-0.0;1.909;1.8;5.71;0;3.08;2.81;1
1636483884-spread-home-0.0-1789829604;2026-09-19T14:53:24.195262+00:00;2026-09-19T14:53:24.195262+00:00;Ukraine - Premier League;Epitsentr Kamianets-Podilskyi vs Livyi Bereg;1636483884;spread;home;0.0;2.0;1.909;4.55;0;0.08;0;1
1635980513-total-over-2.5-1789829604;2026-09-19T14:53:24.195262+00:00;2026-09-19T14:53:24.195262+00:00;France - Ligue 1;Le Mans vs Lorient;1635980513;total;over;2.5;1.952;1.926;1.332;0;3.83;3.56;1
1635980513-spread-away-0.5-1789829604;2026-09-19T14:53:24.195262+00:00;2026-09-19T14:53:24.195262+00:00;France - Ligue 1;Le Mans vs Lorient;1635980513;spread;away;0.5;1.935;1.893;2.171;0;3.83;3.56;1
1636866952-spread-home--0.5-1789829604;2026-09-19T14:53:24.195262+00:00;2026-09-19T14:53:24.195262+00:00;Nigeria - NPFL;Ranchers Bees vs Bendel Insurance;1636866952;spread;home;-0.5;1.98;1.877;5.202;0;0.08;0;1
1636483870-spread-home-0.0-1789829604;2026-09-19T14:53:24.195262+00:00;2026-09-19T14:53:24.195262+00:00;Croatia - HNL;Varazdin vs Osijek;1636483870;spread;home;0.0;1.84;1.781;3.207;0;0.08;0;1
1636486521-spread-home-0.5-1789829604;2026-09-19T14:53:24.195262+00:00;2026-09-19T14:53:24.195262+00:00;France - Ligue 2;Metz vs Saint-Etienne;1636486521;spread;home;0.5;1.885;1.855;1.592;0;3.08;2.8;1
1636486521-spread-away--0.5-1789829604;2026-09-19T14:53:24.195262+00:00;2026-09-19T14:53:24.195262+00:00;France - Ligue 2;Metz vs Saint-Etienne;1636486521;spread;away;-0.5;2.0;1.87;6.5;0;3.08;2.8;1
1636836573-spread-home-0.0-1789829604;2026-09-19T14:53:24.195262+00:00;2026-09-19T14:53:24.195262+00:00;Switzerland - 1. Liga Classic;Stade Payerne vs Lancy;1636836573;spread;home;0.0;2.03;1.971;2.906;0;0.08;0;1
1635919015-spread-home-0.0-1789829985;2026-09-19T14:59:45.227426+00:00;2026-09-19T14:59:45.227426+00:00;England - National League;Hornchurch vs Scunthorpe United;1635919015;spread;home;0.0;1.847;1.826;1.137;0;1.5;1.24;1
1635919015-spread-away--0.0-1789829985;2026-09-19T14:59:45.227426+00:00;2026-09-19T14:59:45.227426+00:00;England - National League;Hornchurch vs Scunthorpe United;1635919015;spread;away;-0.0;2.04;1.885;7.598;0;1.5;1.24;1
1636518754-total-under-2.5-1789829985;2026-09-19T14:59:45.227426+00:00;2026-09-19T14:59:45.227426+00:00;Turkey - 1st League;Batman Petrolspor vs Bursaspor;1636518754;total;under;2.5;2.03;1.99;1.97;0;2.0;1.74;1
1636480699-spread-home--0.5-1789829985;2026-09-19T14:59:45.227426+00:00;2026-09-19T14:59:45.227426+00:00;Italy - Serie B;Sampdoria vs Catanzaro;1636480699;spread;home;-0.5;2.06;1.962;4.757;0;0.25;0;1
1636463962-spread-home--2.5-1789829985;2026-09-19T14:59:45.227426+00:00;2026-09-19T14:59:45.227426+00:00;Azerbaijan - Premier League;Sabah FK vs Imisli;1636463962;spread;home;-2.5;1.99;1.885;5.276;0;0.74;0.47;1
1636486465-spread-away-1.0-1789829985;2026-09-19T14:59:45.227426+00:00;2026-09-19T14:59:45.227426+00:00;Switzerland - Super League;Young Boys vs Servette;1636486465;spread;away;1.0;2.06;2.01;2.427;0;0.98;0.71;1
1636483932-spread-home--0.5-1789829985;2026-09-19T14:59:45.227426+00:00;2026-09-19T14:59:45.227426+00:00;Portugal - Primeira Liga;Alverca vs Rio Ave;1636483932;spread;home;-0.5;1.893;1.87;1.215;0;1.98;1.71;1
1635980513-spread-home--0.5-1789829985;2026-09-19T14:59:45.227426+00:00;2026-09-19T14:59:45.227426+00:00;France - Ligue 1;Le Mans vs Lorient;1635980513;spread;home;-0.5;1.87;1.84;1.604;0;3.72;3.46;1
1636048887-spread-away--0.0-1789829985;2026-09-19T14:59:45.227426+00:00;2026-09-19T14:59:45.227426+00:00;Brazil - Serie A;Remo vs Santos;1636048887;spread;away;-0.0;1.952;1.806;7.48;0;6.47;6.21;1
1636486507-spread-home--1.0-1789829985;2026-09-19T14:59:45.227426+00:00;2026-09-19T14:59:45.227426+00:00;Romania - Liga 1;Universitatea Craiova vs FCSB;1636486507;spread;home;-1.0;2.08;2.02;2.885;0;2.47;2.21;1
1635980522-spread-away--0.0-1789830353;2026-09-19T15:05:53.484195+00:00;2026-09-19T15:05:53.484195+00:00;Italy - Serie A;Roma vs Internazionale;1635980522;spread;away;-0.0;1.901;1.68;11.625;0;0.9;0.64;1
1635980523-spread-away--0.5-1789830353;2026-09-19T15:05:53.484195+00:00;2026-09-19T15:05:53.484195+00:00;Italy - Serie A;Venezia vs Lazio;1635980523;spread;away;-0.5;2.09;1.952;6.603;0;3.65;3.39;1
1636048887-spread-home-0.0-1789830353;2026-09-19T15:05:53.484195+00:00;2026-09-19T15:05:53.484195+00:00;Brazil - Serie A;Remo vs Santos;1636048887;spread;home;0.0;2.11;1.8;14.692;0;6.4;6.14;1
1635985152-spread-away-0.5-1789830353;2026-09-19T15:05:53.484195+00:00;2026-09-19T15:05:53.484195+00:00;France - Ligue 1;Angers vs Troyes;1635985152;spread;away;0.5;1.935;1.813;6.305;0;3.65;3.39;1
1636498201-spread-home-0.0-1789830353;2026-09-19T15:05:53.484195+00:00;2026-09-19T15:05:53.484195+00:00;USA - Major League Soccer;CF Montreal vs Columbus Crew;1636498201;spread;home;0.0;1.952;1.885;3.432;0;8.39;8.13;1
1636836419-spread-away-0.5-1789830353;2026-09-19T15:05:53.484195+00:00;2026-09-19T15:05:53.484195+00:00;Spain - Tercera Division;Bezana vs Naval;1636836419;spread;away;0.5;1.775;1.752;1.296;0;0.89;0.62;1
1636734346-total-under-2.5-1789830353;2026-09-19T15:05:53.484195+00:00;2026-09-19T15:05:53.484195+00:00;Brazil - Capixaba Serie B;Estrela Do Norte vs Linhares;1636734346;total;under;2.5;1.877;1.84;1.971;0;3.88;3.62;1
1636216729-spread-home-0.0-1789830353;2026-09-19T15:05:53.484195+00:00;2026-09-19T15:05:53.484195+00:00;Colombia - Primera A;Alianza Valledupar vs Independiente Santa Fe;1636216729;spread;home;0.0;2.04;1.769;13.284;0;5.96;5.7;1
1636618300-total-under-2.5-1789830353;2026-09-19T15:05:53.484195+00:00;2026-09-19T15:05:53.484195+00:00;Brazil - Copa Santa Catarina;Blumenau vs Metropolitano;1636618300;total;under;2.5;1.917;1.877;2.087;0;4.87;4.61;1
1636480734-spread-away--0.0-1789830353;2026-09-19T15:05:53.484195+00:00;2026-09-19T15:05:53.484195+00:00;Israel - Premier League;Bnei Sakhnin vs Hapoel Ramat Gan;1636480734;spread;away;-0.0;2.05;1.893;7.659;0;1.37;1.11;1
1636486470-spread-away-1.5-1789829985;2026-09-19T14:59:45.227426+00:00;2026-09-19T15:11:49.097153+00:00;Norway - Eliteserien;Molde vs Aalesunds;1636486470;spread;away;1.5;2.02;1.952;3.366;12.06;0.98;0.72;2
1636486471-spread-home--0.5-1789829985;2026-09-19T14:59:45.227426+00:00;2026-09-19T15:11:49.097153+00:00;Bulgaria - First League;Arda vs Cherno More;1636486471;spread;home;-0.5;2.06;1.943;5.68;12.06;0.97;0.71;2
1636004905-spread-away-2.0-1789830709;2026-09-19T15:11:49.097153+00:00;2026-09-19T15:11:49.097153+00:00;Argentina - Liga Pro;River Plate vs Huracan;1636004905;spread;away;2.0;1.952;1.926;1.332;0;6.8;6.54;1
1636007495-spread-away-0.5-1789830709;2026-09-19T15:11:49.097153+00:00;2026-09-19T15:11:49.097153+00:00;Argentina - Liga Pro;Gimnasia Mendoza vs Deportivo Riestra;1636007495;spread;away;0.5;1.952;1.901;2.613;0;2.3;2.04;1
1636498154-spread-away--0.0-1789830709;2026-09-19T15:11:49.097153+00:00;2026-09-19T15:11:49.097153+00:00;South Africa - PSL;Kruger United vs Stellenbosch;1636498154;spread;away;-0.0;1.909;1.8;5.71;0;2.8;2.54;1
1635980513-spread-away-0.5-1789830709;2026-09-19T15:11:49.097153+00:00;2026-09-19T15:11:49.097153+00:00;France - Ligue 1;Le Mans vs Lorient;1635980513;spread;away;0.5;1.926;1.893;1.713;0;3.55;3.29;1
1635985152-spread-home--0.5-1789830709;2026-09-19T15:11:49.097153+00:00;2026-09-19T15:11:49.097153+00:00;France - Ligue 1;Angers vs Troyes;1635985152;spread;home;-0.5;2.14;1.87;12.617;0;3.55;3.29;1
1636483918-total-under-2.5-1789830709;2026-09-19T15:11:49.097153+00:00;2026-09-19T15:11:49.097153+00:00;Spain - Segunda Division;Castellon vs Tenerife;1636483918;total;under;2.5;1.943;1.917;1.338;0;1.3;1.04;1
1636486482-spread-away--0.0-1789830709;2026-09-19T15:11:49.097153+00:00;2026-09-19T15:11:49.097153+00:00;Spain - Segunda Division;Eldense vs Eibar;1636486482;spread;away;-0.0;1.893;1.806;4.596;0;1.3;1.04;1
1636486482-spread-home-0.0-1789830709;2026-09-19T15:11:49.097153+00:00;2026-09-19T15:11:49.097153+00:00;Spain - Segunda Division;Eldense vs Eibar;1636486482;spread;home;0.0;2.12;1.847;12.877;0;1.3;1.04;1
1636498201-spread-away--0.0-1789830709;2026-09-19T15:11:49.097153+00:00;2026-09-19T15:11:49.097153+00:00;USA - Major League Soccer;CF Montreal vs Columbus Crew;1636498201;spread;away;-0.0;2.02;1.794;11.188;0;8.3;8.04;1
1636463955-spread-away--0.0-1789830709;2026-09-19T15:11:49.097153+00:00;2026-09-19T15:11:49.097153+00:00;Italy - Serie C Group C;Audace Cerignola vs Casertana;1636463955;spread;away;-0.0;2.0;1.82;9.0;0;0.29;0.03;1
1636463955-total-over-2.5-1789830709;2026-09-19T15:11:49.097153+00:00;2026-09-19T15:11:49.097153+00:00;Italy - Serie C Group C;Audace Cerignola vs Casertana;1636463955;total;over;2.5;1.885;1.862;1.22;0;0.29;0.03;1
1636463953-spread-away--2.5-1789830709;2026-09-19T15:11:49.097153+00:00;2026-09-19T15:11:49.097153+00:00;Sweden - Allsvenskan;Orgryte vs Sirius;1636463953;spread;away;-2.5;1.952;1.826;6.455;0;0.29;0.03;1
1636486521-spread-home-0.5-1789830709;2026-09-19T15:11:49.097153+00:00;2026-09-19T15:11:49.097153+00:00;France - Ligue 2;Metz vs Saint-Etienne;1636486521;spread;home;0.5;1.952;1.855;4.969;0;2.78;2.52;1
1636486521-spread-away--0.5-1789830709;2026-09-19T15:11:49.097153+00:00;2026-09-19T15:11:49.097153+00:00;France - Ligue 2;Metz vs Saint-Etienne;1636486521;spread;away;-0.5;1.935;1.87;3.359;0;2.78;2.52;1
1636739001-total-under-2.5-1789830709;2026-09-19T15:11:49.097153+00:00;2026-09-19T15:11:49.097153+00:00;Brazil - Paraense 3;Pedreira EC vs Venus;1636739001;total;under;2.5;1.943;1.901;2.162;0;3.28;3.02;1
1636216729-spread-away--0.0-1789830709;2026-09-19T15:11:49.097153+00:00;2026-09-19T15:11:49.097153+00:00;Colombia - Primera A;Alianza Valledupar vs Independiente Santa Fe;1636216729;spread;away;-0.0;1.952;1.82;6.762;0;5.86;5.6;1
1636480734-spread-home-0.0-1789830709;2026-09-19T15:11:49.097153+00:00;2026-09-19T15:11:49.097153+00:00;Israel - Premier League;Bnei Sakhnin vs Hapoel Ramat Gan;1636480734;spread;home;0.0;1.84;1.82;1.087;0;1.27;1.01;1
1636531227-spread-away-0.5-1789830709;2026-09-19T15:11:49.097153+00:00;2026-09-19T15:11:49.097153+00:00;Iceland - Premier League;KA Akureyri vs Thor Akureyri;1636531227;spread;away;0.5;1.909;1.855;2.829;0;4.27;4.01;1
1635980522-spread-home-0.0-1789830353;2026-09-19T15:05:53.484195+00:00;2026-09-19T15:17:43.452091+00:00;Italy - Serie A;Roma vs Internazionale;1635980522;spread;home;0.0;2.11;2.0;5.213;11.83;0.9;0.64;2
1635919015-spread-home-0.0-1789831063;2026-09-19T15:17:43.452091+00:00;2026-09-19T15:17:43.452091+00:00;England - National League;Hornchurch vs Scunthorpe United;1635919015;spread;home;0.0;1.847;1.826;1.137;0;1.2;0.94;1
1635919015-spread-away--0.0-1789831063;2026-09-19T15:17:43.452091+00:00;2026-09-19T15:17:43.452091+00:00;England - National League;Hornchurch vs Scunthorpe United;1635919015;spread;away;-0.0;2.04;1.885;7.598;0;1.2;0.94;1
1635980523-spread-home-0.5-1789831063;2026-09-19T15:17:43.452091+00:00;2026-09-19T15:17:43.452091+00:00;Italy - Serie A;Venezia vs Lazio;1635980523;spread;home;0.5;1.877;1.855;1.172;0;3.45;3.19;1
1635980439-spread-home-0.5-1789831063;2026-09-19T15:17:43.452091+00:00;2026-09-19T15:17:43.452091+00:00;Germany - Bundesliga;Stuttgart vs Borussia Dortmund;1635980439;spread;home;0.5;1.709;1.676;1.931;0;1.18;0.92;1
1635980513-spread-home--0.5-1789831063;2026-09-19T15:17:43.452091+00:00;2026-09-19T15:17:43.452091+00:00;France - Ligue 1;Le Mans vs Lorient;1635980513;spread;home;-0.5;1.87;1.84;1.604;0;3.43;3.17;1
1636048887-spread-away--0.0-1789831063;2026-09-19T15:17:43.452091+00:00;2026-09-19T15:17:43.452091+00:00;Brazil - Serie A;Remo vs Santos;1636048887;spread;away;-0.0;1.952;1.806;7.48;0;6.18;5.92;1
1636498760-spread-home-0.0-1789831063;2026-09-19T15:17:43.452091+00:00;2026-09-19T15:17:43.452091+00:00;Mexico - Liga MX;Club America vs Chivas Guadalajara;1636498760;spread;home;0.0;1.935;1.82;5.943;0;11.93;11.67;1
1636486465-spread-away-1.0-1789831063;2026-09-19T15:17:43.452091+00:00;2026-09-19T15:17:43.452091+00:00;Switzerland - Super League;Young Boys vs Servette;1636486465;spread;away;1.0;2.01;1.926;4.179;0;0.68;0.42;1
1636498201-spread-home-0.0-1789831416;2026-09-19T15:23:36.124750+00:00;2026-09-19T15:23:36.124750+00:00;USA - Major League Soccer;CF Montreal vs Columbus Crew;1636498201;spread;home;0.0;1.952;1.885;3.432;0;8.11;7.84;1
1635980522-spread-away--0.0-1789831416;2026-09-19T15:23:36.124750+00:00;2026-09-19T15:23:36.124750+00:00;Italy - Serie A;Roma vs Internazionale;1635980522;spread;away;-0.0;1.926;1.68;12.773;0;0.6;0.34;1
1635980523-spread-away--0.5-1789831416;2026-09-19T15:23:36.124750+00:00;2026-09-19T15:23:36.124750+00:00;Italy - Serie A;Venezia vs Lazio;1635980523;spread;away;-0.5;2.06;1.952;5.243;0;3.35;3.09;1
1636640782-total-under-2.5-1789831416;2026-09-19T15:23:36.124750+00:00;2026-09-19T15:23:36.124750+00:00;Portugal - Cup;Oliveirense vs Penafiel;1636640782;total;under;2.5;1.82;1.8;1.099;0;0.6;0.33;1
1636812513-spread-away--0.5-1789831416;2026-09-19T15:23:36.124750+00:00;2026-09-19T15:23:36.124750+00:00;Georgia - Erovnuli Liga;Samgurali Tskaltubo vs Dinamo Tbilisi;1636812513;spread;away;-0.5;1.943;1.833;5.661;0;0.59;0.33;1
1636463956-spread-home-0.0-1789831416;2026-09-19T15:23:36.124750+00:00;2026-09-19T15:23:36.124750+00:00;Italy - Serie C Group C;Savoia vs Casarano;1636463956;spread;home;0.0;2.1;1.935;7.857;0;0.09;0;1
1636480734-spread-away--0.0-1789831416;2026-09-19T15:23:36.124750+00:00;2026-09-19T15:23:36.124750+00:00;Israel - Premier League;Bnei Sakhnin vs Hapoel Ramat Gan;1636480734;spread;away;-0.0;2.05;1.893;7.659;0;1.09;0.83;1
1635985152-spread-away-0.5-1789831416;2026-09-19T15:23:36.124750+00:00;2026-09-19T15:23:36.124750+00:00;France - Ligue 1;Angers vs Troyes;1635985152;spread;away;0.5;1.935;1.813;6.305;0;3.34;3.07;1
1636048887-spread-home-0.0-1789831416;2026-09-19T15:23:36.124750+00:00;2026-09-19T15:23:36.124750+00:00;Brazil - Serie A;Remo vs Santos;1636048887;spread;home;0.0;2.11;1.8;14.692;0;6.08;5.82;1
1636216729-spread-home-0.0-1789831416;2026-09-19T15:23:36.124750+00:00;2026-09-19T15:23:36.124750+00:00;Colombia - Primera A;Alianza Valledupar vs Independiente Santa Fe;1636216729;spread;home;0.0;2.04;1.769;13.284;0;5.66;5.4;1
1635980439-spread-away--0.0-1789831063;2026-09-19T15:17:43.452091+00:00;2026-09-19T15:29:27.101058+00:00;Germany - Bundesliga;Stuttgart vs Borussia Dortmund;1635980439;spread;away;-0.0;2.08;1.667;19.856;11.73;1.18;0.92;2
1636498201-spread-away--0.0-1789831767;2026-09-19T15:29:27.101058+00:00;2026-09-19T15:29:27.101058+00:00;USA - Major League Soccer;CF Montreal vs Columbus Crew;1636498201;spread;away;-0.0;2.02;1.794;11.188;0;8.01;7.75;1
1635909151-total-over-2.5-1789831767;2026-09-19T15:29:27.101058+00:00;2026-09-19T15:29:27.101058+00:00;Cyprus - 1st Division;Apollon Limassol vs APOEL Nicosia;1635909151;total;over;2.5;2.01;1.971;1.94;0;0.5;0.24;1
1636486521-spread-home-0.5-1789831767;2026-09-19T15:29:27.101058+00:00;2026-09-19T15:29:27.101058+00:00;France - Ligue 2;Metz vs Saint-Etienne;1636486521;spread;home;0.5;1.952;1.855;4.969;0;2.5;2.24;1
1636486521-spread-away--0.5-1789831767;2026-09-19T15:29:27.101058+00:00;2026-09-19T15:29:27.101058+00:00;France - Ligue 2;Metz vs Saint-Etienne;1636486521;spread;away;-0.5;1.935;1.87;3.359;0;2.5;2.24;1
1636640781-total-under-2.5-1789831767;2026-09-19T15:29:27.101058+00:00;2026-09-19T15:29:27.101058+00:00;Portugal - Cup;Beira Mar vs Os Belenenses;1636640781;total;under;2.5;1.877;1.806;3.783;0;3.5;3.23;1
1636480734-spread-home-0.0-1789831767;2026-09-19T15:29:27.101058+00:00;2026-09-19T15:29:27.101058+00:00;Israel - Premier League;Bnei Sakhnin vs Hapoel Ramat Gan;1636480734;spread;home;0.0;1.84;1.82;1.087;0;0.99;0.73;1
1635918927-spread-away-2.0-1789831767;2026-09-19T15:29:27.101058+00:00;2026-09-19T15:29:27.101058+00:00;England - Premier League;Nottingham Forest vs Coventry City;1635918927;spread;away;2.0;1.917;1.885;1.669;0;0.99;0.73;1
1635980439-spread-home-0.0-1789831767;2026-09-19T15:29:27.101058+00:00;2026-09-19T15:29:27.101058+00:00;Germany - Bundesliga;Stuttgart vs Borussia Dortmund;1635980439;spread;home;0.0;1.877;1.847;1.598;0;0.99;0.72;1
1636714008-total-over-2.5-1789831767;2026-09-19T15:29:27.101058+00:00;2026-09-19T15:29:27.101058+00:00;Argentina - Primera B Metropolitana;UAI Urquiza vs Excursionistas;1636714008;total;over;2.5;1.926;1.877;2.544;0;2.49;2.22;1
1636486482-spread-away--0.0-1789831767;2026-09-19T15:29:27.101058+00:00;2026-09-19T15:29:27.101058+00:00;Spain - Segunda Division;Eldense vs Eibar;1636486482;spread;away;-0.0;1.893;1.847;2.43;0;0.98;0.72;1
1636486482-spread-home-0.0-1789831767;2026-09-19T15:29:27.101058+00:00;2026-09-19T15:29:27.101058+00:00;Spain - Segunda Division;Eldense vs Eibar;1636486482;spread;home;0.0;2.07;1.847;10.773;0;0.98;0.72;1
1636463962-spread-away-2.5-1789831767;2026-09-19T15:29:27.101058+00:00;2026-09-19T15:29:27.101058+00:00;Azerbaijan - Premier League;Sabah FK vs Imisli;1636463962;spread;away;2.5;1.901;1.82;4.261;0;0.23;0;1
1636498154-spread-away--0.0-1789831767;2026-09-19T15:29:27.101058+00:00;2026-09-19T15:29:27.101058+00:00;South Africa - PSL;Kruger United vs Stellenbosch;1636498154;spread;away;-0.0;1.909;1.8;5.71;0;2.48;2.22;1
1635918931-spread-away-0.5-1789831767;2026-09-19T15:29:27.101058+00:00;2026-09-19T15:29:27.101058+00:00;Spain - La Liga;Celta Vigo vs Racing Santander;1635918931;spread;away;0.5;2.12;2.06;2.83;0;0.98;0.72;1
1636216729-spread-away--0.0-1789831767;2026-09-19T15:29:27.101058+00:00;2026-09-19T15:29:27.101058+00:00;Colombia - Primera A;Alianza Valledupar vs Independiente Santa Fe;1636216729;spread;away;-0.0;1.952;1.82;6.762;0;5.56;5.3;1
1636486465-spread-home--1.0-1789831767;2026-09-19T15:29:27.101058+00:00;2026-09-19T15:29:27.101058+00:00;Switzerland - Super League;Young Boys vs Servette;1636486465;spread;home;-1.0;1.98;1.917;3.182;0;0.48;0.22;1
1636483934-spread-away--1.0-1789831416;2026-09-19T15:23:36.124750+00:00;2026-09-19T15:35:21.156548+00:00;Israel - Premier League;Maccabi Netanya vs Maccabi Tel Aviv;1636483934;spread;away;-1.0;1.943;1.84;5.301;11.75;1.59;1.29;2
1635980523-spread-home-0.5-1789832121;2026-09-19T15:35:21.156548+00:00;2026-09-19T15:35:21.156548+00:00;Italy - Serie A;Venezia vs Lazio;1635980523;spread;home;0.5;1.885;1.855;1.592;0;3.16;2.86;1
1635980522-spread-home-0.0-1789832121;2026-09-19T15:35:21.156548+00:00;2026-09-19T15:35:21.156548+00:00;Italy - Serie A;Roma vs Internazionale;1635980522;spread;home;0.0;2.11;2.0;5.213;0;0.41;0.11;1
1636048887-spread-away--0.0-1789832121;2026-09-19T15:35:21.156548+00:00;2026-09-19T15:35:21.156548+00:00;Brazil - Serie A;Remo vs Santos;1636048887;spread;away;-0.0;1.952;1.806;7.48;0;5.91;5.61;1
1635980513-spread-home--0.5-1789832121;2026-09-19T15:35:21.156548+00:00;2026-09-19T15:35:21.156548+00:00;France - Ligue 1;Le Mans vs Lorient;1635980513;spread;home;-0.5;1.87;1.84;1.604;0;3.16;2.86;1
1636498764-spread-away--1.5-1789832121;2026-09-19T15:35:21.156548+00:00;2026-09-19T15:35:21.156548+00:00;USA - Major League Soccer;Sporting Kansas City vs Philadelphia Union;1636498764;spread;away;-1.5;1.971;1.909;3.146;0;8.9;8.61;1
1635919015-spread-away--0.0-1789832121;2026-09-19T15:35:21.156548+00:00;2026-09-19T15:35:21.156548+00:00;England - National League;Hornchurch vs Scunthorpe United;1635919015;spread;away;-0.0;2.04;1.885;7.598;0;0.9;0.6;1
1636498760-spread-home-0.0-1789832121;2026-09-19T15:35:21.156548+00:00;2026-09-19T15:35:21.156548+00:00;Mexico - Liga MX;Club America vs Chivas Guadalajara;1636498760;spread;home;0.0;1.943;1.82;6.33;0;11.64;11.34;1
1635980513-spread-away-0.5-1789831767;2026-09-19T15:29:27.101058+00:00;2026-09-19T15:41:20.849792+00:00;France - Ligue 1;Le Mans vs Lorient;1635980513;spread;away;0.5;1.926;1.84;4.465;11.9;3.24;2.94;2
1635985152-spread-home--0.5-1789831767;2026-09-19T15:29:27.101058+00:00;2026-09-19T15:41:20.849792+00:00;France - Ligue 1;Angers vs Troyes;1635985152;spread;home;-0.5;2.14;1.862;12.991;11.9;3.24;2.94;2
1635919015-spread-home-0.0-1789832121;2026-09-19T15:35:21.156548+00:00;2026-09-19T15:41:20.849792+00:00;England - National League;Hornchurch vs Scunthorpe United;1635919015;spread;home;0.0;1.847;1.794;2.87;5.99;0.9;0.6;2
1635980523-spread-away--0.5-1789832480;2026-09-19T15:41:20.849792+00:00;2026-09-19T15:41:20.849792+00:00;Italy - Serie A;Venezia vs Lazio;1635980523;spread;away;-0.5;2.04;1.952;4.314;0;3.06;2.76;1
1635980522-spread-away--0.0-1789832480;2026-09-19T15:41:20.849792+00:00;2026-09-19T15:41:20.849792+00:00;Italy - Serie A;Roma vs Internazionale;1635980522;spread;away;-0.0;1.926;1.68;12.773;0;0.31;0.01;1
1636048887-spread-home-0.0-1789832480;2026-09-19T15:41:20.849792+00:00;2026-09-19T15:41:20.849792+00:00;Brazil - Serie A;Remo vs Santos;1636048887;spread;home;0.0;2.11;1.8;14.692;0;5.81;5.51;1
1635985152-spread-away-0.5-1789832480;2026-09-19T15:41:20.849792+00:00;2026-09-19T15:41:20.849792+00:00;France - Ligue 1;Angers vs Troyes;1635985152;spread;away;0.5;1.935;1.813;6.305;0;3.06;2.76;1
1636498201-spread-home-0.0-1789832480;2026-09-19T15:41:20.849792+00:00;2026-09-19T15:41:20.849792+00:00;USA - Major League Soccer;CF Montreal vs Columbus Crew;1636498201;spread;home;0.0;1.98;1.952;1.414;0;7.8;7.51;1
1636812513-spread-home-0.5-1789832480;2026-09-19T15:41:20.849792+00:00;2026-09-19T15:41:20.849792+00:00;Georgia - Erovnuli Liga;Samgurali Tskaltubo vs Dinamo Tbilisi;1636812513;spread;home;0.5;1.99;1.813;8.894;0;0.3;0;1
1636640782-spread-home-0.0-1789832480;2026-09-19T15:41:20.849792+00:00;2026-09-19T15:41:20.849792+00:00;Portugal - Cup;Oliveirense vs Penafiel;1636640782;spread;home;0.0;2.08;1.943;6.587;0;0.29;0;1
1636216729-spread-home-0.0-1789832480;2026-09-19T15:41:20.849792+00:00;2026-09-19T15:41:20.849792+00:00;Colombia - Primera A;Alianza Valledupar vs Independiente Santa Fe;1636216729;spread;home;0.0;2.04;1.769;13.284;0;5.37;5.07;1
1636480734-spread-away--0.0-1789832480;2026-09-19T15:41:20.849792+00:00;2026-09-19T15:41:20.849792+00:00;Israel - Premier League;Bnei Sakhnin vs Hapoel Ramat Gan;1636480734;spread;away;-0.0;2.05;1.901;7.268;0;0.78;0.49;1
1635909153-spread-away-1.0-1789832480;2026-09-19T15:41:20.849792+00:00;2026-09-19T15:41:20.849792+00:00;Slovakia - Super Liga;FC Kosice vs Ruzomberok;1635909153;spread;away;1.0;1.971;1.909;3.146;0;0.28;0;1
1636486465-spread-home--1.5-1789832956;2026-09-19T15:49:16.419443+00:00;2026-09-19T15:49:16.419443+00:00;Switzerland - Super League;Young Boys vs Servette;1636486465;spread;home;-1.5;1.82;1.769;2.802;0;0.17;0;1
1636486482-spread-home-0.0-1789832956;2026-09-19T15:49:16.419443+00:00;2026-09-19T15:49:16.419443+00:00;Spain - Segunda Division;Eldense vs Eibar;1636486482;spread;home;0.0;2.04;1.847;9.461;0;0.66;0.41;1
1636636582-spread-away--0.0-1789832956;2026-09-19T15:49:16.419443+00:00;2026-09-19T15:49:16.419443+00:00;Bolivia - Cup;Real Potosi vs Nacional Potosi;1636636582;spread;away;-0.0;1.99;1.962;1.407;0;8.16;7.91;1
1636498154-spread-away--0.0-1789832956;2026-09-19T15:49:16.419443+00:00;2026-09-19T15:49:16.419443+00:00;South Africa - PSL;Kruger United vs Stellenbosch;1636498154;spread;away;-0.0;1.909;1.8;5.71;0;2.16;1.91;1
1636928843-spread-away--0.5-1789832956;2026-09-19T15:49:16.419443+00:00;2026-09-19T15:49:16.419443+00:00;Bahrain - 2nd Division;Al Tadamun Buri vs Busaiteen;1636928843;spread;away;-0.5;1.87;1.84;1.604;0;0.16;0;1
1636486471-spread-home--0.5-1789832956;2026-09-19T15:49:16.419443+00:00;2026-09-19T15:49:16.419443+00:00;Bulgaria - First League;Arda vs Cherno More;1636486471;spread;home;-0.5;1.943;1.917;1.338;0;0.16;0;1
1636216729-spread-away--0.0-1789832956;2026-09-19T15:49:16.419443+00:00;2026-09-19T15:49:16.419443+00:00;Colombia - Primera A;Alianza Valledupar vs Independiente Santa Fe;1636216729;spread;away;-0.0;1.952;1.82;6.762;0;5.24;4.99;1
1636486488-spread-home-0.0-1789832956;2026-09-19T15:49:16.419443+00:00;2026-09-19T15:49:16.419443+00:00;Spain - Primera Federacion;Coria vs Real Aviles;1636486488;spread;home;0.0;1.826;1.806;1.095;0;0.91;0.65;1
1636486488-spread-away--0.0-1789832956;2026-09-19T15:49:16.419443+00:00;2026-09-19T15:49:16.419443+00:00;Spain - Primera Federacion;Coria vs Real Aviles;1636486488;spread;away;-0.0;1.98;1.952;1.414;0;0.91;0.65;1
1636483903-spread-away--0.0-1789832956;2026-09-19T15:49:16.419443+00:00;2026-09-19T15:49:16.419443+00:00;Spain - Segunda Federacion;San Sebastian Reyes vs Numancia;1636483903;spread;away;-0.0;2.04;2.0;1.961;0;0.15;0;1
1636486521-spread-home-0.5-1789832956;2026-09-19T15:49:16.419443+00:00;2026-09-19T15:49:16.419443+00:00;France - Ligue 2;Metz vs Saint-Etienne;1636486521;spread;home;0.5;1.952;1.855;4.969;0;2.15;1.89;1
1636486521-spread-away--0.5-1789832956;2026-09-19T15:49:16.419443+00:00;2026-09-19T15:49:16.419443+00:00;France - Ligue 2;Metz vs Saint-Etienne;1636486521;spread;away;-0.5;1.935;1.87;3.359;0;2.15;1.89;1
1635980439-spread-home-0.0-1789832956;2026-09-19T15:49:16.419443+00:00;2026-09-19T15:49:16.419443+00:00;Germany - Bundesliga;Stuttgart vs Borussia Dortmund;1635980439;spread;home;0.0;2.13;1.813;14.883;0;0.65;0.39;1
1635980439-spread-away--0.0-1789832956;2026-09-19T15:49:16.419443+00:00;2026-09-19T15:49:16.419443+00:00;Germany - Bundesliga;Stuttgart vs Borussia Dortmund;1635980439;spread;away;-0.0;2.14;1.667;22.103;0;0.65;0.39;1
1636498201-spread-away--0.0-1789832956;2026-09-19T15:49:16.419443+00:00;2026-09-19T15:49:16.419443+00:00;USA - Major League Soccer;CF Montreal vs Columbus Crew;1636498201;spread;away;-0.0;1.877;1.794;4.422;0;7.65;7.39;1
1636480734-spread-home-0.0-1789832956;2026-09-19T15:49:16.419443+00:00;2026-09-19T15:49:16.419443+00:00;Israel - Premier League;Bnei Sakhnin vs Hapoel Ramat Gan;1636480734;spread;home;0.0;1.84;1.82;1.087;0;0.65;0.39;1
1636498183-spread-away--1.0-1789832480;2026-09-19T15:41:20.849792+00:00;2026-09-19T15:55:13.978732+00:00;Mexico - Liga MX;Atlas vs Pumas UNAM;1636498183;spread;away;-1.0;1.98;1.806;8.788;13.89;7.29;7.04;2
1635980523-spread-home-0.5-1789833313;2026-09-19T15:55:13.978732+00:00;2026-09-19T15:55:13.978732+00:00;Italy - Serie A;Venezia vs Lazio;1635980523;spread;home;0.5;1.885;1.855;1.592;0;2.83;2.58;1
1635980522-spread-home-0.0-1789833313;2026-09-19T15:55:13.978732+00:00;2026-09-19T15:55:13.978732+00:00;Italy - Serie A;Roma vs Internazionale;1635980522;spread;home;0.0;2.11;2.03;3.791;0;0.08;0;1
1636483912-spread-home-0.0-1789833313;2026-09-19T15:55:13.978732+00:00;2026-09-19T15:55:13.978732+00:00;UAE - League Cup;Al Wasl vs Al Ain;1636483912;spread;home;0.0;1.935;1.8;6.977;0;0.33;0.08;1
1635919015-spread-away--0.0-1789833313;2026-09-19T15:55:13.978732+00:00;2026-09-19T15:55:13.978732+00:00;England - National League;Hornchurch vs Scunthorpe United;1635919015;spread;away;-0.0;2.08;1.885;9.375;0;0.57;0.32;1
1636486469-spread-home-0.0-1789833313;2026-09-19T15:55:13.978732+00:00;2026-09-19T15:55:13.978732+00:00;Lithuania - 1 Lyga;Kauno Zalgiris II vs Garliava;1636486469;spread;home;0.0;1.926;1.885;2.129;0;0.07;0;1
1636483918-total-under-2.5-1789833313;2026-09-19T15:55:13.978732+00:00;2026-09-19T15:55:13.978732+00:00;Spain - Segunda Division;Castellon vs Tenerife;1636483918;total;under;2.5;1.926;1.87;2.908;0;0.56;0.32;1
1636486543-total-under-2.5-1789833313;2026-09-19T15:55:13.978732+00:00;2026-09-19T15:55:13.978732+00:00;Spain - Segunda Division;Cadiz vs Girona;1636486543;total;under;2.5;1.877;1.84;1.971;0;3.06;2.82;1
1636048887-spread-away--0.0-1789833313;2026-09-19T15:55:13.978732+00:00;2026-09-19T15:55:13.978732+00:00;Brazil - Serie A;Remo vs Santos;1636048887;spread;away;-0.0;1.952;1.806;7.48;0;5.56;5.32;1
1636483901-spread-home-0.0-1789833313;2026-09-19T15:55:13.978732+00:00;2026-09-19T15:55:13.978732+00:00;Slovakia - 2. Liga;Tatran Presov vs Samorin;1636483901;spread;home;0.0;1.84;1.82;1.087;0;0.06;0;1
1636660566-spread-home--0.5-1789833313;2026-09-19T15:55:13.978732+00:00;2026-09-19T15:55:13.978732+00:00;Hungary - NB 2;Kecskemeti TE vs Szeged-Csanad Grosics;1636660566;spread;home;-0.5;1.935;1.787;7.649;0;1.06;0.81;1
1636660566-total-over-2.5-1789833313;2026-09-19T15:55:13.978732+00:00;2026-09-19T15:55:13.978732+00:00;Hungary - NB 2;Kecskemeti TE vs Szeged-Csanad Grosics;1636660566;total;over;2.5;1.901;1.87;1.631;0;1.06;0.81;1
1635980513-spread-home--0.5-1789833313;2026-09-19T15:55:13.978732+00:00;2026-09-19T15:55:13.978732+00:00;France - Ligue 1;Le Mans vs Lorient;1635980513;spread;home;-0.5;1.893;1.87;1.215;0;2.8;2.56;1
1636498760-spread-home-0.0-1789833313;2026-09-19T15:55:13.978732+00:00;2026-09-19T15:55:13.978732+00:00;Mexico - Liga MX;Club America vs Chivas Guadalajara;1636498760;spread;home;0.0;1.877;1.82;3.037;0;11.3;11.05;1
1636498760-spread-away--0.0-1789833313;2026-09-19T15:55:13.978732+00:00;2026-09-19T15:55:13.978732+00:00;Mexico - Liga MX;Club America vs Chivas Guadalajara;1636498760;spread;away;-0.0;2.03;1.943;4.286;0;11.3;11.05;1
1636007495-spread-home--0.5-1789833313;2026-09-19T15:55:13.978732+00:00;2026-09-19T15:55:13.978732+00:00;Argentina - Liga Pro;Gimnasia Mendoza vs Deportivo Riestra;1636007495;spread;home;-0.5;1.826;1.769;3.122;0;1.55;1.3;1
1635919085-spread-away-1.0-1789833313;2026-09-19T15:55:13.978732+00:00;2026-09-19T15:55:13.978732+00:00;Spain - La Liga;Sevilla vs Barcelona;1635919085;spread;away;1.0;1.794;1.775;1.059;0;3.05;2.8;1
1635919015-spread-home-0.0-1789833672;2026-09-19T16:01:12.004293+00:00;2026-09-19T16:01:12.004293+00:00;England - National League;Hornchurch vs Scunthorpe United;1635919015;spread;home;0.0;1.847;1.794;2.87;0;0.47;0.23;1
1636048886-spread-home--0.5-1789833672;2026-09-19T16:01:12.004293+00:00;2026-09-19T16:01:12.004293+00:00;Brazil - Serie A;Mirassol vs Botafogo FR RJ;1636048886;spread;home;-0.5;2.08;2.05;1.442;0;3.96;3.73;1
1636048887-spread-home-0.0-1789833672;2026-09-19T16:01:12.004293+00:00;2026-09-19T16:01:12.004293+00:00;Brazil - Serie A;Remo vs Santos;1636048887;spread;home;0.0;2.11;1.8;14.692;0;5.46;5.23;1
1636216729-spread-home-0.0-1789833672;2026-09-19T16:01:12.004293+00:00;2026-09-19T16:01:12.004293+00:00;Colombia - Primera A;Alianza Valledupar vs Independiente Santa Fe;1636216729;spread;home;0.0;2.04;1.769;13.284;0;5.04;4.8;1
1636007475-spread-away-2.0-1789833672;2026-09-19T16:01:12.004293+00:00;2026-09-19T16:01:12.004293+00:00;Netherlands - Eredivisie;Ajax vs Excelsior;1636007475;spread;away;2.0;2.01;1.962;2.388;0;1.96;1.72;1
1636480748-total-under-2.5-1789833672;2026-09-19T16:01:12.004293+00:00;2026-09-19T16:01:12.004293+00:00;Serbia - Super Liga;OFK Beograd vs Radnicki Kragujevac;1636480748;total;under;2.5;1.926;1.87;2.908;0;0.96;0.72;1
1635980513-spread-away-0.5-1789833672;2026-09-19T16:01:12.004293+00:00;2026-09-19T16:01:12.004293+00:00;France - Ligue 1;Le Mans vs Lorient;1635980513;spread;away;0.5;1.926;1.84;4.465;0;2.71;2.47;1
1635985152-spread-away-0.5-1789833672;2026-09-19T16:01:12.004293+00:00;2026-09-19T16:01:12.004293+00:00;France - Ligue 1;Angers vs Troyes;1635985152;spread;away;0.5;1.935;1.813;6.305;0;2.71;2.47;1
1635985152-spread-home--0.5-1789833672;2026-09-19T16:01:12.004293+00:00;2026-09-19T16:01:12.004293+00:00;France - Ligue 1;Angers vs Troyes;1635985152;spread;home;-0.5;2.14;1.862;12.991;0;2.71;2.47;1
1636498201-spread-home-0.0-1789833672;2026-09-19T16:01:12.004293+00:00;2026-09-19T16:01:12.004293+00:00;USA - Major League Soccer;CF Montreal vs Columbus Crew;1636498201;spread;home;0.0;2.04;1.952;4.314;0;7.45;7.21;1
1636480734-spread-away--0.0-1789833672;2026-09-19T16:01:12.004293+00:00;2026-09-19T16:01:12.004293+00:00;Israel - Premier League;Bnei Sakhnin vs Hapoel Ramat Gan;1636480734;spread;away;-0.0;2.05;1.901;7.268;0;0.45;0.21;1
1636836520-spread-home-0.5-1789833672;2026-09-19T16:01:12.004293+00:00;2026-09-19T16:01:12.004293+00:00;Brazil - Goiano 2;Trindade vs Goianesia;1636836520;spread;home;0.5;1.847;1.826;1.137;0;3.95;3.71;1
1636498190-spread-away-1.0-1789833999;2026-09-19T16:06:39.599309+00:00;2026-09-19T16:06:39.599309+00:00;USA - Major League Soccer;Minnesota United vs Los Angeles Galaxy;1636498190;spread;away;1.0;1.971;1.84;6.646;0;8.39;8.15;1
1636498764-spread-away--1.0-1789833999;2026-09-19T16:06:39.599309+00:00;2026-09-19T16:06:39.599309+00:00;USA - Major League Soccer;Sporting Kansas City vs Philadelphia Union;1636498764;spread;away;-1.0;1.87;1.833;1.979;0;8.39;8.15;1
1636498201-spread-away--0.0-1789833999;2026-09-19T16:06:39.599309+00:00;2026-09-19T16:06:39.599309+00:00;USA - Major League Soccer;CF Montreal vs Columbus Crew;1636498201;spread;away;-0.0;1.877;1.794;4.422;0;7.39;7.15;1
1636498759-spread-home--0.5-1789833999;2026-09-19T16:06:39.599309+00:00;2026-09-19T16:06:39.599309+00:00;USA - Major League Soccer;Portland Timbers vs Atlanta United;1636498759;spread;home;-0.5;2.0;1.971;1.45;0;10.39;10.15;1
1635980523-spread-away--0.5-1789833999;2026-09-19T16:06:39.599309+00:00;2026-09-19T16:06:39.599309+00:00;Italy - Serie A;Venezia vs Lazio;1635980523;spread;away;-0.5;2.05;1.952;4.78;0;2.63;2.39;1
1636486521-spread-home-0.5-1789833999;2026-09-19T16:06:39.599309+00:00;2026-09-19T16:06:39.599309+00:00;France - Ligue 2;Metz vs Saint-Etienne;1636486521;spread;home;0.5;1.952;1.855;4.969;0;1.88;1.64;1
1636486521-spread-away--0.5-1789833999;2026-09-19T16:06:39.599309+00:00;2026-09-19T16:06:39.599309+00:00;France - Ligue 2;Metz vs Saint-Etienne;1636486521;spread;away;-0.5;1.935;1.87;3.359;0;1.88;1.64;1
1636618543-spread-home--2.0-1789833999;2026-09-19T16:06:39.599309+00:00;2026-09-19T16:06:39.599309+00:00;Bolivia - Cup;Always Ready vs ABB;1636618543;spread;home;-2.0;1.935;1.82;5.943;0;2.88;2.64;1
1636636617-spread-away--1.0-1789833999;2026-09-19T16:06:39.599309+00:00;2026-09-19T16:06:39.599309+00:00;Portugal - Cup;O Elvas vs UD Leiria;1636636617;spread;away;-1.0;1.901;1.862;2.052;0;0.88;0.64;1
1636636617-total-over-2.5-1789833999;2026-09-19T16:06:39.599309+00:00;2026-09-19T16:06:39.599309+00:00;Portugal - Cup;O Elvas vs UD Leiria;1636636617;total;over;2.5;1.862;1.813;2.632;0;0.88;0.64;1
1636480734-spread-home-0.0-1789833999;2026-09-19T16:06:39.599309+00:00;2026-09-19T16:06:39.599309+00:00;Israel - Premier League;Bnei Sakhnin vs Hapoel Ramat Gan;1636480734;spread;home;0.0;1.885;1.84;2.387;0;0.37;0.13;1
1635980439-spread-away--0.0-1789833999;2026-09-19T16:06:39.599309+00:00;2026-09-19T16:06:39.599309+00:00;Germany - Bundesliga;Stuttgart vs Borussia Dortmund;1635980439;spread;away;-0.0;2.12;1.667;21.368;0;0.37;0.13;1
1636486482-spread-home-0.0-1789833999;2026-09-19T16:06:39.599309+00:00;2026-09-19T16:06:39.599309+00:00;Spain - Segunda Division;Eldense vs Eibar;1636486482;spread;home;0.0;1.99;1.847;7.186;0;0.36;0.13;1
1636486482-spread-away--0.0-1789833999;2026-09-19T16:06:39.599309+00:00;2026-09-19T16:06:39.599309+00:00;Spain - Segunda Division;Eldense vs Eibar;1636486482;spread;away;-0.0;1.917;1.893;1.252;0;0.36;0.13;1
1636498154-spread-away--0.0-1789833999;2026-09-19T16:06:39.599309+00:00;2026-09-19T16:06:39.599309+00:00;South Africa - PSL;Kruger United vs Stellenbosch;1636498154;spread;away;-0.0;1.909;1.8;5.71;0;1.86;1.62;1
1636216729-spread-away--0.0-1789833999;2026-09-19T16:06:39.599309+00:00;2026-09-19T16:06:39.599309+00:00;Colombia - Primera A;Alianza Valledupar vs Independiente Santa Fe;1636216729;spread;away;-0.0;1.952;1.82;6.762;0;4.94;4.71;1
1635980523-spread-home-0.5-1789834324;2026-09-19T16:12:04.181366+00:00;2026-09-19T16:12:04.181366+00:00;Italy - Serie A;Venezia vs Lazio;1635980523;spread;home;0.5;1.885;1.855;1.592;0;2.54;2.3;1
1636480735-total-over-2.5-1789834324;2026-09-19T16:12:04.181366+00:00;2026-09-19T16:12:04.181366+00:00;Albania - Superliga;Dinamo City vs Laci;1636480735;total;over;2.5;1.862;1.84;1.182;0;0.29;0.05;1
1635980513-spread-home--0.5-1789834324;2026-09-19T16:12:04.181366+00:00;2026-09-19T16:12:04.181366+00:00;France - Ligue 1;Le Mans vs Lorient;1635980513;spread;home;-0.5;1.893;1.87;1.215;0;2.53;2.29;1
1636048887-spread-away--0.0-1789834324;2026-09-19T16:12:04.181366+00:00;2026-09-19T16:12:04.181366+00:00;Brazil - Serie A;Remo vs Santos;1636048887;spread;away;-0.0;1.952;1.806;7.48;0;5.28;5.04;1
1635918931-spread-home--0.5-1789834324;2026-09-19T16:12:04.181366+00:00;2026-09-19T16:12:04.181366+00:00;Spain - La Liga;Celta Vigo vs Racing Santander;1635918931;spread;home;-0.5;1.87;1.84;1.604;0;0.27;0.03;1
1636498183-spread-home-1.0-1789834324;2026-09-19T16:12:04.181366+00:00;2026-09-19T16:12:04.181366+00:00;Mexico - Liga MX;Atlas vs Pumas UNAM;1636498183;spread;home;1.0;1.962;1.885;3.925;0;6.77;6.53;1
1636498760-total-under-2.5-1789834324;2026-09-19T16:12:04.181366+00:00;2026-09-19T16:12:04.181366+00:00;Mexico - Liga MX;Club America vs Chivas Guadalajara;1636498760;total;under;2.5;2.0;1.98;1.0;0;11.02;10.78;1
1636498760-spread-home-0.0-1789834324;2026-09-19T16:12:04.181366+00:00;2026-09-19T16:12:04.181366+00:00;Mexico - Liga MX;Club America vs Chivas Guadalajara;1636498760;spread;home;0.0;1.862;1.82;2.256;0;11.02;10.78;1
1636498760-spread-away--0.0-1789834324;2026-09-19T16:12:04.181366+00:00;2026-09-19T16:12:04.181366+00:00;Mexico - Liga MX;Club America vs Chivas Guadalajara;1636498760;spread;away;-0.0;2.05;1.943;5.22;0;11.02;10.78;1
1635980439-spread-home-0.0-1789833999;2026-09-19T16:06:39.599309+00:00;2026-09-19T16:17:28.664429+00:00;Germany - Bundesliga;Stuttgart vs Borussia Dortmund;1635980439;spread;home;0.0;2.13;1.813;14.883;10.82;0.37;0.13;2
1636498201-spread-home-0.0-1789834648;2026-09-19T16:17:28.664429+00:00;2026-09-19T16:17:28.664429+00:00;USA - Major League Soccer;CF Montreal vs Columbus Crew;1636498201;spread;home;0.0;2.04;1.952;4.314;0;7.21;6.97;1
1636483936-spread-away-2.5-1789834648;2026-09-19T16:17:28.664429+00:00;2026-09-19T16:17:28.664429+00:00;Turkey - Super League;Istanbul Basaksehir vs Genclerbirligi;1636483936;spread;away;2.5;1.971;1.943;1.421;0;0.69;0.46;1
1636480734-spread-away--0.0-1789834648;2026-09-19T16:17:28.664429+00:00;2026-09-19T16:17:28.664429+00:00;Israel - Premier League;Bnei Sakhnin vs Hapoel Ramat Gan;1636480734;spread;away;-0.0;1.971;1.901;3.551;0;0.19;0;1
1635980513-spread-away-0.5-1789834648;2026-09-19T16:17:28.664429+00:00;2026-09-19T16:17:28.664429+00:00;France - Ligue 1;Le Mans vs Lorient;1635980513;spread;away;0.5;1.926;1.84;4.465;0;2.44;2.2;1
1635985152-spread-away-0.5-1789834648;2026-09-19T16:17:28.664429+00:00;2026-09-19T16:17:28.664429+00:00;France - Ligue 1;Angers vs Troyes;1635985152;spread;away;0.5;1.935;1.813;6.305;0;2.44;2.2;1
1635985152-spread-home--0.5-1789834648;2026-09-19T16:17:28.664429+00:00;2026-09-19T16:17:28.664429+00:00;France - Ligue 1;Angers vs Troyes;1635985152;spread;home;-0.5;2.14;1.862;12.991;0;2.44;2.2;1
1636048887-spread-home-0.0-1789834648;2026-09-19T16:17:28.664429+00:00;2026-09-19T16:17:28.664429+00:00;Brazil - Serie A;Remo vs Santos;1636048887;spread;home;0.0;2.11;1.8;14.692;0;5.19;4.95;1
1636216729-spread-home-0.0-1789834648;2026-09-19T16:17:28.664429+00:00;2026-09-19T16:17:28.664429+00:00;Colombia - Primera A;Alianza Valledupar vs Independiente Santa Fe;1636216729;spread;home;0.0;2.04;1.769;13.284;0;4.76;4.53;1
1636578437-spread-away--0.5-1789834648;2026-09-19T16:17:28.664429+00:00;2026-09-19T16:17:28.664429+00:00;Argentina - Torneo Federal A;Sarmiento de Resistencia vs El Linqueno;1636578437;spread;away;-0.5;1.855;1.813;2.264;0;2.18;1.94;1
1635980523-spread-away--0.5-1789834977;2026-09-19T16:22:57.003453+00:00;2026-09-19T16:22:57.003453+00:00;Italy - Serie A;Venezia vs Lazio;1635980523;spread;away;-0.5;2.05;1.952;4.78;0;2.37;2.14;1
1636498154-spread-away--0.0-1789834977;2026-09-19T16:22:57.003453+00:00;2026-09-19T16:22:57.003453+00:00;South Africa - PSL;Kruger United vs Stellenbosch;1636498154;spread;away;-0.0;1.926;1.806;6.231;0;1.62;1.38;1
1636486482-spread-home-0.0-1789834977;2026-09-19T16:22:57.003453+00:00;2026-09-19T16:22:57.003453+00:00;Spain - Segunda Division;Eldense vs Eibar;1636486482;spread;home;0.0;1.98;1.847;6.717;0;0.11;0;1
1636486482-spread-away--0.0-1789834977;2026-09-19T16:22:57.003453+00:00;2026-09-19T16:22:57.003453+00:00;Spain - Segunda Division;Eldense vs Eibar;1636486482;spread;away;-0.0;1.926;1.893;1.713;0;0.11;0;1
1636578528-total-over-2.5-1789834977;2026-09-19T16:22:57.003453+00:00;2026-09-19T16:22:57.003453+00:00;Argentina - Torneo Federal A;Boca Unidos vs Defensores de Puerto Vilelas;1636578528;total;over;2.5;1.952;1.909;2.203;0;2.11;1.88;1
1636498201-spread-away--0.0-1789834977;2026-09-19T16:22:57.003453+00:00;2026-09-19T16:22:57.003453+00:00;USA - Major League Soccer;CF Montreal vs Columbus Crew;1636498201;spread;away;-0.0;1.877;1.794;4.422;0;7.11;6.88;1
1635980439-spread-away--0.0-1789834977;2026-09-19T16:22:57.003453+00:00;2026-09-19T16:22:57.003453+00:00;Germany - Bundesliga;Stuttgart vs Borussia Dortmund;1635980439;spread;away;-0.0;2.14;1.667;22.103;0;0.11;0;1
1636486521-spread-home-0.5-1789834977;2026-09-19T16:22:57.003453+00:00;2026-09-19T16:22:57.003453+00:00;France - Ligue 2;Metz vs Saint-Etienne;1636486521;spread;home;0.5;1.926;1.862;3.323;0;1.6;1.37;1
1636486521-spread-away--0.5-1789834977;2026-09-19T16:22:57.003453+00:00;2026-09-19T16:22:57.003453+00:00;France - Ligue 2;Metz vs Saint-Etienne;1636486521;spread;away;-0.5;1.962;1.877;4.332;0;1.6;1.37;1
1636654283-spread-away--2.5-1789834977;2026-09-19T16:22:57.003453+00:00;2026-09-19T16:22:57.003453+00:00;Mexico - Liga TDP;Aguilas Teotihuacan vs Bombarderos de Tecamac;1636654283;spread;away;-2.5;1.943;1.847;4.941;0;0.1;0;1
1636216729-spread-away--0.0-1789834977;2026-09-19T16:22:57.003453+00:00;2026-09-19T16:22:57.003453+00:00;Colombia - Primera A;Alianza Valledupar vs Independiente Santa Fe;1636216729;spread;away;-0.0;1.952;1.82;6.762;0;4.68;4.45;1
1636486544-spread-home--0.5-1789834977;2026-09-19T16:22:57.003453+00:00;2026-09-19T16:22:57.003453+00:00;Spain - Primera Federacion;Huesca vs Atletico Madrid II;1636486544;spread;home;-0.5;1.901;1.877;1.262;0;2.59;2.36;1
1636483928-total-under-2.5-1789834977;2026-09-19T16:22:57.003453+00:00;2026-09-19T16:22:57.003453+00:00;Spain - Primera Federacion;Villarreal II vs Antequera;1636483928;total;under;2.5;1.952;1.901;2.613;0;0.34;0.11;1
1636480734-spread-home-0.0-1789834977;2026-09-19T16:22:57.003453+00:00;2026-09-19T16:22:57.003453+00:00;Israel - Premier League;Bnei Sakhnin vs Hapoel Ramat Gan;1636480734;spread;home;0.0;1.885;1.84;2.387;0;0.09;0;1
1635980523-spread-home-0.5-1789835300;2026-09-19T16:28:20.112272+00:00;2026-09-19T16:28:20.112272+00:00;Italy - Serie A;Venezia vs Lazio;1635980523;spread;home;0.5;1.885;1.855;1.592;0;2.28;2.05;1
1636004905-spread-home--2.5-1789835300;2026-09-19T16:28:20.112272+00:00;2026-09-19T16:28:20.112272+00:00;Argentina - Liga Pro;River Plate vs Huracan;1636004905;spread;home;-2.5;1.943;1.833;5.661;0;5.53;5.3;1
1636048887-spread-away--0.0-1789835300;2026-09-19T16:28:20.112272+00:00;2026-09-19T16:28:20.112272+00:00;Brazil - Serie A;Remo vs Santos;1636048887;spread;away;-0.0;1.952;1.806;7.48;0;5.03;4.8;1
1635980513-total-over-2.5-1789835300;2026-09-19T16:28:20.112272+00:00;2026-09-19T16:28:20.112272+00:00;France - Ligue 1;Le Mans vs Lorient;1635980513;total;over;2.5;1.935;1.885;2.584;0;2.28;2.05;1
1635980513-spread-home--0.5-1789835300;2026-09-19T16:28:20.112272+00:00;2026-09-19T16:28:20.112272+00:00;France - Ligue 1;Le Mans vs Lorient;1635980513;spread;home;-0.5;1.901;1.87;1.631;0;2.28;2.05;1
1636007476-spread-away--0.0-1789835300;2026-09-19T16:28:20.112272+00:00;2026-09-19T16:28:20.112272+00:00;Netherlands - Eredivisie;Sparta Rotterdam vs Heerenveen;1636007476;spread;away;-0.0;2.06;1.98;3.883;0;0.26;0.03;1
1636498760-total-over-2.5-1789835300;2026-09-19T16:28:20.112272+00:00;2026-09-19T16:28:20.112272+00:00;Mexico - Liga MX;Club America vs Chivas Guadalajara;1636498760;total;over;2.5;1.909;1.877;1.676;0;10.76;10.53;1
1636498760-spread-home-0.0-1789835300;2026-09-19T16:28:20.112272+00:00;2026-09-19T16:28:20.112272+00:00;Mexico - Liga MX;Club America vs Chivas Guadalajara;1636498760;spread;home;0.0;1.87;1.82;2.674;0;10.76;10.53;1
1636498760-spread-away--0.0-1789835300;2026-09-19T16:28:20.112272+00:00;2026-09-19T16:28:20.112272+00:00;Mexico - Liga MX;Club America vs Chivas Guadalajara;1636498760;spread;away;-0.0;2.04;1.943;4.755;0;10.76;10.53;1
1636216254-spread-away-0.5-1789835300;2026-09-19T16:28:20.112272+00:00;2026-09-19T16:28:20.112272+00:00;Colombia - Primera A;Deportivo Pasto vs Once Caldas;1636216254;spread;away;0.5;1.901;1.87;1.631;0;8.76;8.53;1
1636048887-spread-home-0.0-1789835618;2026-09-19T16:33:38.142113+00:00;2026-09-19T16:33:38.142113+00:00;Brazil - Serie A;Remo vs Santos;1636048887;spread;home;0.0;2.11;1.8;14.692;0;4.94;4.71;1
1635980513-spread-away-0.5-1789835618;2026-09-19T16:33:38.142113+00:00;2026-09-19T16:33:38.142113+00:00;France - Ligue 1;Le Mans vs Lorient;1635980513;spread;away;0.5;1.926;1.84;4.465;0;2.19;1.96;1
1635985152-spread-away-0.5-1789835618;2026-09-19T16:33:38.142113+00:00;2026-09-19T16:33:38.142113+00:00;France - Ligue 1;Angers vs Troyes;1635985152;spread;away;0.5;1.935;1.813;6.305;0;2.19;1.96;1
1635985152-spread-home--0.5-1789835618;2026-09-19T16:33:38.142113+00:00;2026-09-19T16:33:38.142113+00:00;France - Ligue 1;Angers vs Troyes;1635985152;spread;home;-0.5;2.14;1.862;12.991;0;2.19;1.96;1
1636531223-spread-away--0.0-1789835618;2026-09-19T16:33:38.142113+00:00;2026-09-19T16:33:38.142113+00:00;Hungary - NB 1;Debreceni VSC vs Vasas;1636531223;spread;away;-0.0;2.04;1.847;9.461;0;0.94;0.71;1
1636498201-spread-home-0.0-1789835618;2026-09-19T16:33:38.142113+00:00;2026-09-19T16:33:38.142113+00:00;USA - Major League Soccer;CF Montreal vs Columbus Crew;1636498201;spread;home;0.0;2.02;1.952;3.366;0;6.93;6.71;1
1636007475-spread-home--2.0-1789835618;2026-09-19T16:33:38.142113+00:00;2026-09-19T16:33:38.142113+00:00;Netherlands - Eredivisie;Ajax vs Excelsior;1636007475;spread;home;-2.0;1.926;1.893;1.713;0;1.43;1.2;1
1636486495-spread-home--1.0-1789835618;2026-09-19T16:33:38.142113+00:00;2026-09-19T16:33:38.142113+00:00;Belarus - Premier League;Dinamo Minsk vs BATE Borisov;1636486495;spread;home;-1.0;2.0;1.82;9.0;0;0.42;0.2;1
1636216729-spread-home-0.0-1789835618;2026-09-19T16:33:38.142113+00:00;2026-09-19T16:33:38.142113+00:00;Colombia - Primera A;Alianza Valledupar vs Independiente Santa Fe;1636216729;spread;home;0.0;2.04;1.769;13.284;0;4.5;4.27;1
1636498154-spread-away--0.0-1789835932;2026-09-19T16:38:52.997746+00:00;2026-09-19T16:38:52.997746+00:00;South Africa - PSL;Kruger United vs Stellenbosch;1636498154;spread;away;-0.0;1.926;1.806;6.231;0;1.35;1.12;1
1636498201-spread-away--0.0-1789835932;2026-09-19T16:38:52.997746+00:00;2026-09-19T16:38:52.997746+00:00;USA - Major League Soccer;CF Montreal vs Columbus Crew;1636498201;spread;away;-0.0;1.885;1.794;4.828;0;6.84;6.62;1
1636216729-spread-away--0.0-1789835932;2026-09-19T16:38:52.997746+00:00;2026-09-19T16:38:52.997746+00:00;Colombia - Primera A;Alianza Valledupar vs Independiente Santa Fe;1636216729;spread;away;-0.0;1.952;1.82;6.762;0;4.42;4.2;1
1635980523-spread-away--0.5-1789835932;2026-09-19T16:38:52.997746+00:00;2026-09-19T16:38:52.997746+00:00;Italy - Serie A;Venezia vs Lazio;1635980523;spread;away;-0.5;2.05;1.952;4.78;0;2.08;1.86;1
1636486521-spread-home-0.5-1789835932;2026-09-19T16:38:52.997746+00:00;2026-09-19T16:38:52.997746+00:00;France - Ligue 2;Metz vs Saint-Etienne;1636486521;spread;home;0.5;1.926;1.862;3.323;0;1.33;1.1;1
1636486521-spread-away--0.5-1789835932;2026-09-19T16:38:52.997746+00:00;2026-09-19T16:38:52.997746+00:00;France - Ligue 2;Metz vs Saint-Etienne;1636486521;spread;away;-0.5;1.962;1.877;4.332;0;1.33;1.1;1
1636660566-total-over-2.5-1789836246;2026-09-19T16:44:06.521721+00:00;2026-09-19T16:44:06.521721+00:00;Hungary - NB 2;Kecskemeti TE vs Szeged-Csanad Grosics;1636660566;total;over;2.5;1.87;1.826;2.353;0;0.26;0.04;1
1635980513-spread-home--0.5-1789836246;2026-09-19T16:44:06.521721+00:00;2026-09-19T16:44:06.521721+00:00;France - Ligue 1;Le Mans vs Lorient;1635980513;spread;home;-0.5;1.901;1.87;1.631;0;2.01;1.79;1
1636483926-spread-home-0.0-1789836246;2026-09-19T16:44:06.521721+00:00;2026-09-19T16:44:06.521721+00:00;Spain - Primera Federacion;Real Union vs Mirandes;1636483926;spread;home;0.0;2.07;1.99;3.865;0;0.01;0;1
1636498760-spread-home-0.0-1789836246;2026-09-19T16:44:06.521721+00:00;2026-09-19T16:44:06.521721+00:00;Mexico - Liga MX;Club America vs Chivas Guadalajara;1636498760;spread;home;0.0;1.87;1.82;2.674;0;10.5;10.28;1
1636498760-spread-away--0.0-1789836246;2026-09-19T16:44:06.521721+00:00;2026-09-19T16:44:06.521721+00:00;Mexico - Liga MX;Club America vs Chivas Guadalajara;1636498760;spread;away;-0.0;2.04;1.943;4.755;0;10.5;10.28;1
1636498724-spread-home--1.0-1789836246;2026-09-19T16:44:06.521721+00:00;2026-09-19T16:44:06.521721+00:00;Italy - Serie C Group C;Catania vs Barletta;1636498724;spread;home;-1.0;1.909;1.877;1.676;0;1.75;1.52;1
1635980523-spread-home-0.5-1789836246;2026-09-19T16:44:06.521721+00:00;2026-09-19T16:44:06.521721+00:00;Italy - Serie A;Venezia vs Lazio;1635980523;spread;home;0.5;1.893;1.855;2.007;0;1.99;1.77;1
1636592259-spread-away-0.5-1789836246;2026-09-19T16:44:06.521721+00:00;2026-09-19T16:44:06.521721+00:00;Ecuador - Serie B;Gualaceo vs LDU Portoviejo;1636592259;spread;away;0.5;2.01;1.971;1.94;0;3.74;3.52;1
1635984749-spread-home-0.0-1789836246;2026-09-19T16:44:06.521721+00:00;2026-09-19T16:44:06.521721+00:00;Austria - Bundesliga;Grazer AK vs Austria Vienna;1635984749;spread;home;0.0;2.1;1.99;5.238;0;0.74;0.52;1
1636048887-spread-away--0.0-1789836246;2026-09-19T16:44:06.521721+00:00;2026-09-19T16:44:06.521721+00:00;Brazil - Serie A;Remo vs Santos;1636048887;spread;away;-0.0;1.952;1.806;7.48;0;4.74;4.52;1
1636506142-spread-away-0.5-1789835932;2026-09-19T16:38:52.997746+00:00;2026-09-19T16:49:13.790083+00:00;USA - Major League Soccer;Houston Dynamo vs FC Cincinnati;1636506142;spread;away;0.5;2.02;1.943;3.812;10.35;7.84;7.62;2
1635980513-spread-away-0.5-1789836553;2026-09-19T16:49:13.790083+00:00;2026-09-19T16:49:13.790083+00:00;France - Ligue 1;Le Mans vs Lorient;1635980513;spread;away;0.5;1.926;1.84;4.465;0;1.93;1.7;1
1635985152-spread-away-0.5-1789836553;2026-09-19T16:49:13.790083+00:00;2026-09-19T16:49:13.790083+00:00;France - Ligue 1;Angers vs Troyes;1635985152;spread;away;0.5;1.935;1.813;6.305;0;1.93;1.7;1
1635985152-spread-home--0.5-1789836553;2026-09-19T16:49:13.790083+00:00;2026-09-19T16:49:13.790083+00:00;France - Ligue 1;Angers vs Troyes;1635985152;spread;home;-0.5;2.14;1.862;12.991;0;1.93;1.7;1
1636486495-total-over-2.5-1789836553;2026-09-19T16:49:13.790083+00:00;2026-09-19T16:49:13.790083+00:00;Belarus - Premier League;Dinamo Minsk vs BATE Borisov;1636486495;total;over;2.5;2.04;2.0;1.961;0;0.18;0;1
1636498201-spread-home-0.0-1789836553;2026-09-19T16:49:13.790083+00:00;2026-09-19T16:49:13.790083+00:00;USA - Major League Soccer;CF Montreal vs Columbus Crew;1636498201;spread;home;0.0;2.02;1.952;3.366;0;6.67;6.45;1
1636618543-spread-home--2.0-1789836553;2026-09-19T16:49:13.790083+00:00;2026-09-19T16:49:13.790083+00:00;Bolivia - Cup;Always Ready vs ABB;1636618543;spread;home;-2.0;1.82;1.794;1.429;0;2.17;1.95;1
1636216729-spread-home-0.0-1789836553;2026-09-19T16:49:13.790083+00:00;2026-09-19T16:49:13.790083+00:00;Colombia - Primera A;Alianza Valledupar vs Independiente Santa Fe;1636216729;spread;home;0.0;2.04;1.769;13.284;0;4.25;4.03;1
1636048887-spread-home-0.0-1789836553;2026-09-19T16:49:13.790083+00:00;2026-09-19T16:49:13.790083+00:00;Brazil - Serie A;Remo vs Santos;1636048887;spread;home;0.0;2.11;1.8;14.692;0;4.66;4.43;1
1636483934-spread-home-1.0-1789836858;2026-09-19T16:54:18.966023+00:00;2026-09-19T16:54:18.966023+00:00;Israel - Premier League;Maccabi Netanya vs Maccabi Tel Aviv;1636483934;spread;home;1.0;2.02;1.971;2.426;0;0.09;0;1
1636498154-spread-away--0.0-1789836858;2026-09-19T16:54:18.966023+00:00;2026-09-19T16:54:18.966023+00:00;South Africa - PSL;Kruger United vs Stellenbosch;1636498154;spread;away;-0.0;1.926;1.806;6.231;0;1.08;0.86;1
1636498201-spread-away--0.0-1789836858;2026-09-19T16:54:18.966023+00:00;2026-09-19T16:54:18.966023+00:00;USA - Major League Soccer;CF Montreal vs Columbus Crew;1636498201;spread;away;-0.0;1.885;1.794;4.828;0;6.58;6.36;1
1635980523-spread-away--0.5-1789836858;2026-09-19T16:54:18.966023+00:00;2026-09-19T16:54:18.966023+00:00;Italy - Serie A;Venezia vs Lazio;1635980523;spread;away;-0.5;2.03;1.952;3.842;0;1.83;1.61;1
1636486521-spread-home-0.5-1789836858;2026-09-19T16:54:18.966023+00:00;2026-09-19T16:54:18.966023+00:00;France - Ligue 2;Metz vs Saint-Etienne;1636486521;spread;home;0.5;1.926;1.862;3.323;0;1.08;0.86;1
1636486521-spread-away--0.5-1789836858;2026-09-19T16:54:18.966023+00:00;2026-09-19T16:54:18.966023+00:00;France - Ligue 2;Metz vs Saint-Etienne;1636486521;spread;away;-0.5;1.962;1.877;4.332;0;1.08;0.86;1
1636216729-spread-away--0.0-1789836858;2026-09-19T16:54:18.966023+00:00;2026-09-19T16:54:18.966023+00:00;Colombia - Primera A;Alianza Valledupar vs Independiente Santa Fe;1636216729;spread;away;-0.0;1.952;1.82;6.762;0;4.16;3.94;1
1636578528-spread-home--1.0-1789836858;2026-09-19T16:54:18.966023+00:00;2026-09-19T16:54:18.966023+00:00;Argentina - Torneo Federal A;Boca Unidos vs Defensores de Puerto Vilelas;1636578528;spread;home;-1.0;2.01;1.82;9.453;0;1.57;1.35;1
1636578528-total-over-2.5-1789836858;2026-09-19T16:54:18.966023+00:00;2026-09-19T16:54:18.966023+00:00;Argentina - Torneo Federal A;Boca Unidos vs Defensores de Puerto Vilelas;1636578528;total;over;2.5;1.901;1.847;2.841;0;1.57;1.35;1
1636531173-spread-home--0.5-1789837169;2026-09-19T16:59:29.233654+00:00;2026-09-19T16:59:29.233654+00:00;Turkey - 1st League;Esenler Erokspor vs Karagumruk;1636531173;spread;home;-0.5;1.971;1.855;5.885;0;0.0;0;1
1636531173-spread-away-1.0-1789837169;2026-09-19T16:59:29.233654+00:00;2026-09-19T16:59:29.233654+00:00;Turkey - 1st League;Esenler Erokspor vs Karagumruk;1636531173;spread;away;1.0;1.901;1.862;2.052;0;0.0;0;1
1636048886-spread-away--0.5-1789837169;2026-09-19T16:59:29.233654+00:00;2026-09-19T16:59:29.233654+00:00;Brazil - Serie A;Mirassol vs Botafogo FR RJ;1636048886;spread;away;-0.5;1.926;1.877;2.544;0;3.0;2.7;1
1636048887-spread-away--0.0-1789837169;2026-09-19T16:59:29.233654+00:00;2026-09-19T16:59:29.233654+00:00;Brazil - Serie A;Remo vs Santos;1636048887;spread;away;-0.0;1.952;1.806;7.48;0;4.5;4.2;1
1635980513-total-under-2.5-1789837169;2026-09-19T16:59:29.233654+00:00;2026-09-19T16:59:29.233654+00:00;France - Ligue 1;Le Mans vs Lorient;1635980513;total;under;2.5;2.02;1.971;2.426;0;1.74;1.45;1
1635980513-spread-home--0.5-1789837169;2026-09-19T16:59:29.233654+00:00;2026-09-19T16:59:29.233654+00:00;France - Ligue 1;Le Mans vs Lorient;1635980513;spread;home;-0.5;1.901;1.87;1.631;0;1.74;1.45;1
1635980523-spread-home-0.5-1789837169;2026-09-19T16:59:29.233654+00:00;2026-09-19T16:59:29.233654+00:00;Italy - Serie A;Venezia vs Lazio;1635980523;spread;home;0.5;1.893;1.855;2.007;0;1.74;1.45;1
1636531223-spread-home-0.0-1789837169;2026-09-19T16:59:29.233654+00:00;2026-09-19T16:59:29.233654+00:00;Hungary - NB 1;Debreceni VSC vs Vasas;1636531223;spread;home;0.0;2.01;1.917;4.627;0;0.49;0.2;1
1636498760-spread-home-0.0-1789837169;2026-09-19T16:59:29.233654+00:00;2026-09-19T16:59:29.233654+00:00;Mexico - Liga MX;Club America vs Chivas Guadalajara;1636498760;spread;home;0.0;1.893;1.82;3.856;0;10.23;9.93;1
1636498760-spread-away--0.0-1789837169;2026-09-19T16:59:29.233654+00:00;2026-09-19T16:59:29.233654+00:00;Mexico - Liga MX;Club America vs Chivas Guadalajara;1636498760;spread;away;-0.0;2.01;1.943;3.333;0;10.23;9.93;1
1636048887-spread-home-0.0-1789837470;2026-09-19T17:04:30.032480+00:00;2026-09-19T17:04:30.032480+00:00;Brazil - Serie A;Remo vs Santos;1636048887;spread;home;0.0;2.11;1.8;14.692;0;4.41;4.12;1
1636506142-spread-away-0.5-1789837470;2026-09-19T17:04:30.032480+00:00;2026-09-19T17:04:30.032480+00:00;USA - Major League Soccer;Houston Dynamo vs FC Cincinnati;1636506142;spread;away;0.5;1.943;1.862;4.169;0;7.41;7.12;1
1636498201-spread-home-0.0-1789837470;2026-09-19T17:04:30.032480+00:00;2026-09-19T17:04:30.032480+00:00;USA - Major League Soccer;CF Montreal vs Columbus Crew;1636498201;spread;home;0.0;2.04;1.952;4.314;0;6.41;6.12;1
1635985152-spread-away-0.5-1789837470;2026-09-19T17:04:30.032480+00:00;2026-09-19T17:04:30.032480+00:00;France - Ligue 1;Angers vs Troyes;1635985152;spread;away;0.5;1.935;1.813;6.305;0;1.66;1.37;1
1635985152-spread-home--0.5-1789837470;2026-09-19T17:04:30.032480+00:00;2026-09-19T17:04:30.032480+00:00;France - Ligue 1;Angers vs Troyes;1635985152;spread;home;-0.5;2.14;1.862;12.991;0;1.66;1.37;1
1636759955-spread-away--0.0-1789837470;2026-09-19T17:04:30.032480+00:00;2026-09-19T17:04:30.032480+00:00;Brazil - Carioca B1;Goytacaz vs Petropolis;1636759955;spread;away;-0.0;1.943;1.901;2.162;0;0.66;0.36;1
1636216729-spread-home-0.0-1789837470;2026-09-19T17:04:30.032480+00:00;2026-09-19T17:04:30.032480+00:00;Colombia - Primera A;Alianza Valledupar vs Independiente Santa Fe;1636216729;spread;home;0.0;2.04;1.769;13.284;0;3.99;3.69;1
1636618543-spread-away-2.0-1789837470;2026-09-19T17:04:30.032480+00:00;2026-09-19T17:04:30.032480+00:00;Bolivia - Cup;Always Ready vs ABB;1636618543;spread;away;2.0;1.909;1.82;4.662;0;1.9;1.6;1
1636498154-spread-away--0.0-1789837768;2026-09-19T17:09:28.390198+00:00;2026-09-19T17:09:28.390198+00:00;South Africa - PSL;Kruger United vs Stellenbosch;1636498154;spread;away;-0.0;1.926;1.806;6.231;0;0.84;0.54;1
1636216729-spread-away--0.0-1789837768;2026-09-19T17:09:28.390198+00:00;2026-09-19T17:09:28.390198+00:00;Colombia - Primera A;Alianza Valledupar vs Independiente Santa Fe;1636216729;spread;away;-0.0;1.952;1.82;6.762;0;3.92;3.62;1
1635980523-spread-away--0.5-1789837768;2026-09-19T17:09:28.390198+00:00;2026-09-19T17:09:28.390198+00:00;Italy - Serie A;Venezia vs Lazio;1635980523;spread;away;-0.5;2.03;1.952;3.842;0;1.58;1.28;1
1636739103-total-over-2.5-1789837768;2026-09-19T17:09:28.390198+00:00;2026-09-19T17:09:28.390198+00:00;Guatemala - Primera Division de Ascenso;AFF Guatemala vs Chiquimulilla;1636739103;total;over;2.5;1.98;1.952;1.414;0;3.82;3.53;1
1636498201-spread-away--0.0-1789837768;2026-09-19T17:09:28.390198+00:00;2026-09-19T17:09:28.390198+00:00;USA - Major League Soccer;CF Montreal vs Columbus Crew;1636498201;spread;away;-0.0;1.87;1.794;4.064;0;6.32;6.03;1
1636486521-spread-home-0.5-1789837768;2026-09-19T17:09:28.390198+00:00;2026-09-19T17:09:28.390198+00:00;France - Ligue 2;Metz vs Saint-Etienne;1636486521;spread;home;0.5;1.935;1.862;3.773;0;0.82;0.53;1
1636486521-spread-away--0.5-1789837768;2026-09-19T17:09:28.390198+00:00;2026-09-19T17:09:28.390198+00:00;France - Ligue 2;Metz vs Saint-Etienne;1636486521;spread;away;-0.5;1.952;1.877;3.842;0;0.82;0.53;1
1635980513-spread-away-0.5-1789837470;2026-09-19T17:04:30.032480+00:00;2026-09-19T17:14:22.514683+00:00;France - Ligue 1;Le Mans vs Lorient;1635980513;spread;away;0.5;1.926;1.741;9.605;9.87;1.66;1.37;2
1635984749-spread-away--0.0-1789838062;2026-09-19T17:14:22.514683+00:00;2026-09-19T17:14:22.514683+00:00;Austria - Bundesliga;Grazer AK vs Austria Vienna;1635984749;spread;away;-0.0;1.909;1.833;3.981;0;0.25;0;1
1636498185-spread-away-1.0-1789838062;2026-09-19T17:14:22.514683+00:00;2026-09-19T17:14:22.514683+00:00;USA - USL Championship;Lexington SC vs Orange County;1636498185;spread;away;1.0;1.893;1.8;4.913;0;5.73;5.44;1
1636048887-spread-away--0.0-1789838357;2026-09-19T17:19:17.161411+00:00;2026-09-19T17:19:17.161411+00:00;Brazil - Serie A;Remo vs Santos;1636048887;spread;away;-0.0;1.952;1.806;7.48;0;4.18;3.89;1
1636498760-spread-home-0.0-1789838357;2026-09-19T17:19:17.161411+00:00;2026-09-19T17:19:17.161411+00:00;Mexico - Liga MX;Club America vs Chivas Guadalajara;1636498760;spread;home;0.0;1.893;1.82;3.856;0;9.93;9.63;1
1636498760-spread-away--0.0-1789838357;2026-09-19T17:19:17.161411+00:00;2026-09-19T17:19:17.161411+00:00;Mexico - Liga MX;Club America vs Chivas Guadalajara;1636498760;spread;away;-0.0;2.01;1.943;3.333;0;9.93;9.63;1
1635980523-spread-home-0.5-1789838357;2026-09-19T17:19:17.161411+00:00;2026-09-19T17:19:17.161411+00:00;Italy - Serie A;Venezia vs Lazio;1635980523;spread;home;0.5;1.893;1.855;2.007;0;1.42;1.12;1
1635980513-spread-home--0.5-1789838357;2026-09-19T17:19:17.161411+00:00;2026-09-19T17:19:17.161411+00:00;France - Ligue 1;Le Mans vs Lorient;1635980513;spread;home;-0.5;2.02;1.87;7.426;0;1.41;1.12;1
1636506129-spread-home--1.0-1789838357;2026-09-19T17:19:17.161411+00:00;2026-09-19T17:19:17.161411+00:00;USA - Major League Soccer;FC Dallas vs Austin FC;1636506129;spread;home;-1.0;1.893;1.82;3.856;0;7.16;6.87;1
1636532703-spread-home--1.5-1789837768;2026-09-19T17:09:28.390198+00:00;2026-09-19T17:24:13.451940+00:00;USA - USL Championship;Charleston Battery vs Monterey Bay;1636532703;spread;home;-1.5;2.01;1.87;6.965;14.75;5.81;5.52;2
1636216729-spread-home-0.0-1789838653;2026-09-19T17:24:13.451940+00:00;2026-09-19T17:24:13.451940+00:00;Colombia - Primera A;Alianza Valledupar vs Independiente Santa Fe;1636216729;spread;home;0.0;2.04;1.769;13.284;0;3.67;3.38;1
1636812317-spread-home-0.5-1789838653;2026-09-19T17:24:13.451940+00:00;2026-09-19T17:24:13.451940+00:00;Mexico - Liga TDP;Academia Dragones FC vs CeFor Chiapas;1636812317;spread;home;0.5;1.8;1.769;1.722;0;7.58;7.29;1
1636498201-spread-home-0.0-1789838653;2026-09-19T17:24:13.451940+00:00;2026-09-19T17:24:13.451940+00:00;USA - Major League Soccer;CF Montreal vs Columbus Crew;1636498201;spread;home;0.0;2.06;1.952;5.243;0;6.08;5.79;1
1635985152-spread-home--0.5-1789838653;2026-09-19T17:24:13.451940+00:00;2026-09-19T17:24:13.451940+00:00;France - Ligue 1;Angers vs Troyes;1635985152;spread;home;-0.5;2.14;1.862;12.991;0;1.32;1.03;1
1636048887-spread-home-0.0-1789838653;2026-09-19T17:24:13.451940+00:00;2026-09-19T17:24:13.451940+00:00;Brazil - Serie A;Remo vs Santos;1636048887;spread;home;0.0;2.11;1.8;14.692;0;4.07;3.78;1
1636216729-spread-away--0.0-1789838948;2026-09-19T17:29:08.271062+00:00;2026-09-19T17:29:08.271062+00:00;Colombia - Primera A;Alianza Valledupar vs Independiente Santa Fe;1636216729;spread;away;-0.0;1.952;1.82;6.762;0;3.59;3.3;1
1636498738-spread-away-0.5-1789838948;2026-09-19T17:29:08.271062+00:00;2026-09-19T17:29:08.271062+00:00;Brazil - Serie C;Maringa vs Botafogo PB;1636498738;spread;away;0.5;2.0;1.98;1.0;0;2.5;2.22;1
1636007491-spread-away-1.5-1789838948;2026-09-19T17:29:08.271062+00:00;2026-09-19T17:29:08.271062+00:00;Argentina - Liga Pro;Gimnasia La Plata vs Banfield;1636007491;spread;away;1.5;1.935;1.84;4.91;0;0.0;0;1
1636007495-spread-away-1.0-1789838948;2026-09-19T17:29:08.271062+00:00;2026-09-19T17:29:08.271062+00:00;Argentina - Liga Pro;Gimnasia Mendoza vs Deportivo Riestra;1636007495;spread;away;1.0;1.806;1.769;2.049;0;0.0;0;1
1636498201-spread-away--0.0-1789838948;2026-09-19T17:29:08.271062+00:00;2026-09-19T17:29:08.271062+00:00;USA - Major League Soccer;CF Montreal vs Columbus Crew;1636498201;spread;away;-0.0;1.855;1.794;3.288;0;6.0;5.71;1
1636498154-spread-away--0.0-1789838948;2026-09-19T17:29:08.271062+00:00;2026-09-19T17:29:08.271062+00:00;South Africa - PSL;Kruger United vs Stellenbosch;1636498154;spread;away;-0.0;1.926;1.806;6.231;0;0.49;0.21;1
1635980523-spread-away--0.5-1789838948;2026-09-19T17:29:08.271062+00:00;2026-09-19T17:29:08.271062+00:00;Italy - Serie A;Venezia vs Lazio;1635980523;spread;away;-0.5;2.03;1.952;3.842;0;1.24;0.96;1
1636486521-spread-home-0.5-1789838948;2026-09-19T17:29:08.271062+00:00;2026-09-19T17:29:08.271062+00:00;France - Ligue 2;Metz vs Saint-Etienne;1636486521;spread;home;0.5;1.952;1.862;4.611;0;0.49;0.2;1
1636486521-spread-away--0.5-1789838948;2026-09-19T17:29:08.271062+00:00;2026-09-19T17:29:08.271062+00:00;France - Ligue 2;Metz vs Saint-Etienne;1636486521;spread;away;-0.5;1.926;1.877;2.544;0;0.49;0.2;1
1636007475-spread-away-2.0-1789837470;2026-09-19T17:04:30.032480+00:00;2026-09-19T17:34:01.153095+00:00;Netherlands - Eredivisie;Ajax vs Excelsior;1636007475;spread;away;2.0;2.0;1.862;6.9;29.52;0.91;0.63;3
1636689379-spread-home-1.0-1789839241;2026-09-19T17:34:01.153095+00:00;2026-09-19T17:34:01.153095+00:00;Uruguay - Primera Division;CA Cerro vs Penarol;1636689379;spread;home;1.0;1.917;1.847;3.652;0;0.93;0.65;1
1636642374-spread-away-1.5-1789839241;2026-09-19T17:34:01.153095+00:00;2026-09-19T17:34:01.153095+00:00;North Macedonia - 1st League;Vardar vs Shkendija Haracine;1636642374;spread;away;1.5;1.917;1.8;6.103;0;0.43;0.14;1
1636759955-spread-away--0.0-1789839241;2026-09-19T17:34:01.153095+00:00;2026-09-19T17:34:01.153095+00:00;Brazil - Carioca B1;Goytacaz vs Petropolis;1636759955;spread;away;-0.0;1.901;1.84;3.209;0;0.17;0;1
1635980513-spread-away-0.5-1789839241;2026-09-19T17:34:01.153095+00:00;2026-09-19T17:34:01.153095+00:00;France - Ligue 1;Le Mans vs Lorient;1635980513;spread;away;0.5;1.926;1.763;8.463;0;1.16;0.87;1
1635980523-spread-home-0.5-1789839529;2026-09-19T17:38:49.543289+00:00;2026-09-19T17:38:49.543289+00:00;Italy - Serie A;Venezia vs Lazio;1635980523;spread;home;0.5;1.901;1.855;2.42;0;1.09;0.81;1
1635980513-spread-home--0.5-1789839529;2026-09-19T17:38:49.543289+00:00;2026-09-19T17:38:49.543289+00:00;France - Ligue 1;Le Mans vs Lorient;1635980513;spread;home;-0.5;1.99;1.87;6.03;0;1.09;0.81;1
1636048887-spread-away--0.0-1789839529;2026-09-19T17:38:49.543289+00:00;2026-09-19T17:38:49.543289+00:00;Brazil - Serie A;Remo vs Santos;1636048887;spread;away;-0.0;1.952;1.806;7.48;0;3.83;3.55;1
1636498760-spread-home-0.0-1789839529;2026-09-19T17:38:49.543289+00:00;2026-09-19T17:38:49.543289+00:00;Mexico - Liga MX;Club America vs Chivas Guadalajara;1636498760;spread;home;0.0;1.901;1.82;4.261;0;9.58;9.29;1
1636498760-spread-away--0.0-1789839529;2026-09-19T17:38:49.543289+00:00;2026-09-19T17:38:49.543289+00:00;Mexico - Liga MX;Club America vs Chivas Guadalajara;1636498760;spread;away;-0.0;2.0;1.943;2.85;0;9.58;9.29;1
1635985152-spread-away-0.5-1789838653;2026-09-19T17:24:13.451940+00:00;2026-09-19T17:43:37.550317+00:00;France - Ligue 1;Angers vs Troyes;1635985152;spread;away;0.5;1.935;1.8;6.977;19.4;1.32;1.04;3
1635985126-spread-away--0.0-1789838948;2026-09-19T17:29:08.271062+00:00;2026-09-19T17:43:37.550317+00:00;Germany - Bundesliga 2;Dynamo Dresden vs Hertha BSC;1635985126;spread;away;-0.0;1.901;1.833;3.577;14.49;1.01;0.73;2
1636486543-spread-away--0.5-1789838948;2026-09-19T17:29:08.271062+00:00;2026-09-19T17:43:37.550317+00:00;Spain - Segunda Division;Cadiz vs Girona;1636486543;spread;away;-0.5;2.09;2.04;2.392;14.49;1.5;1.22;2
1635985152-spread-home--0.5-1789839817;2026-09-19T17:43:37.550317+00:00;2026-09-19T17:43:37.550317+00:00;France - Ligue 1;Angers vs Troyes;1635985152;spread;home;-0.5;2.16;1.87;13.426;0;1.01;0.73;1
1636486528-spread-away--0.0-1789839817;2026-09-19T17:43:37.550317+00:00;2026-09-19T17:43:37.550317+00:00;Peru - Liga 1;FC Cajamarca vs Cusco;1636486528;spread;away;-0.0;1.943;1.8;7.36;0;0.26;0;1
1636048887-spread-home-0.0-1789839817;2026-09-19T17:43:37.550317+00:00;2026-09-19T17:43:37.550317+00:00;Brazil - Serie A;Remo vs Santos;1636048887;spread;home;0.0;2.11;1.8;14.692;0;3.76;3.47;1
1636498201-spread-home-0.0-1789839817;2026-09-19T17:43:37.550317+00:00;2026-09-19T17:43:37.550317+00:00;USA - Major League Soccer;CF Montreal vs Columbus Crew;1636498201;spread;home;0.0;2.04;1.952;4.314;0;5.75;5.47;1
1636216729-spread-home-0.0-1789839817;2026-09-19T17:43:37.550317+00:00;2026-09-19T17:43:37.550317+00:00;Colombia - Primera A;Alianza Valledupar vs Independiente Santa Fe;1636216729;spread;home;0.0;2.04;1.769;13.284;0;3.33;3.05;1
1636486523-spread-away-0.5-1789839817;2026-09-19T17:43:37.550317+00:00;2026-09-19T17:43:37.550317+00:00;Croatia - HNL;Istra 1961 vs HNK Gorica;1636486523;spread;away;0.5;2.0;1.952;2.4;0;0.25;0;1
1635985126-spread-away-0.5-1789839817;2026-09-19T17:43:37.550317+00:00;2026-09-19T17:43:37.550317+00:00;Germany - Bundesliga 2;Dynamo Dresden vs Hertha BSC;1635985126;spread;away;0.5;1.926;1.82;5.504;0;0.75;0.47;1
1636486521-spread-home-0.5-1789840100;2026-09-19T17:48:20.137723+00:00;2026-09-19T17:48:20.137723+00:00;France - Ligue 2;Metz vs Saint-Etienne;1636486521;spread;home;0.5;1.952;1.862;4.611;0;0.19;0;1
1636486521-spread-away--0.5-1789840100;2026-09-19T17:48:20.137723+00:00;2026-09-19T17:48:20.137723+00:00;France - Ligue 2;Metz vs Saint-Etienne;1636486521;spread;away;-0.5;1.935;1.877;2.997;0;0.19;0;1
1635980523-spread-away--0.5-1789840100;2026-09-19T17:48:20.137723+00:00;2026-09-19T17:48:20.137723+00:00;Italy - Serie A;Venezia vs Lazio;1635980523;spread;away;-0.5;2.0;1.952;2.4;0;0.93;0.66;1
1636689312-spread-away--0.0-1789840100;2026-09-19T17:48:20.137723+00:00;2026-09-19T17:48:20.137723+00:00;Spain - Primera Federacion;Real Jaen vs UD Ibiza;1636689312;spread;away;-0.0;1.971;1.943;1.421;0;1.18;0.9;1
1636498740-spread-away--2.0-1789840100;2026-09-19T17:48:20.137723+00:00;2026-09-19T17:48:20.137723+00:00;Dominican Republic - Liga Mayor;Atlantico vs Moca;1636498740;spread;away;-2.0;1.962;1.926;1.835;0;2.18;1.9;1
1636498154-spread-away--0.0-1789840100;2026-09-19T17:48:20.137723+00:00;2026-09-19T17:48:20.137723+00:00;South Africa - PSL;Kruger United vs Stellenbosch;1636498154;spread;away;-0.0;1.926;1.806;6.231;0;0.17;0;1
1636498201-spread-away--0.0-1789840100;2026-09-19T17:48:20.137723+00:00;2026-09-19T17:48:20.137723+00:00;USA - Major League Soccer;CF Montreal vs Columbus Crew;1636498201;spread;away;-0.0;1.87;1.794;4.064;0;5.67;5.39;1
1636216729-spread-away--0.0-1789840100;2026-09-19T17:48:20.137723+00:00;2026-09-19T17:48:20.137723+00:00;Colombia - Primera A;Alianza Valledupar vs Independiente Santa Fe;1636216729;spread;away;-0.0;1.952;1.82;6.762;0;3.26;2.98;1
1636531424-spread-away--0.0-1789840386;2026-09-19T17:53:06.275881+00:00;2026-09-19T17:53:06.275881+00:00;Brazil - Gaucho 2;Pelotas vs Brasil de Pelotas;1636531424;spread;away;-0.0;2.04;1.885;7.598;0;1.1;0.82;1
1635980513-spread-away-0.5-1789840386;2026-09-19T17:53:06.275881+00:00;2026-09-19T17:53:06.275881+00:00;France - Ligue 1;Le Mans vs Lorient;1635980513;spread;away;0.5;1.926;1.763;8.463;0;0.84;0.57;1
1636486528-spread-home-0.0-1789839817;2026-09-19T17:43:37.550317+00:00;2026-09-19T17:57:52.392662+00:00;Peru - Liga 1;FC Cajamarca vs Cusco;1636486528;spread;home;0.0;1.935;1.781;7.959;14.25;0.26;0;2
1635980523-spread-home-0.5-1789840672;2026-09-19T17:57:52.392662+00:00;2026-09-19T17:57:52.392662+00:00;Italy - Serie A;Venezia vs Lazio;1635980523;spread;home;0.5;1.901;1.855;2.42;0;0.78;0.51;1
1636486543-total-over-2.5-1789840672;2026-09-19T17:57:52.392662+00:00;2026-09-19T17:57:52.392662+00:00;Spain - Segunda Division;Cadiz vs Girona;1636486543;total;over;2.5;2.05;2.02;1.463;0;1.02;0.75;1
1636048887-spread-away--0.0-1789840672;2026-09-19T17:57:52.392662+00:00;2026-09-19T17:57:52.392662+00:00;Brazil - Serie A;Remo vs Santos;1636048887;spread;away;-0.0;1.952;1.806;7.48;0;3.52;3.25;1
1636216242-spread-away-1.0-1789840672;2026-09-19T17:57:52.392662+00:00;2026-09-19T17:57:52.392662+00:00;Colombia - Primera A;Deportivo Cali vs Cucuta;1636216242;spread;away;1.0;2.03;1.99;1.97;0;5.19;4.92;1
1636532623-spread-away-1.0-1789840672;2026-09-19T17:57:52.392662+00:00;2026-09-19T17:57:52.392662+00:00;Peru - Liga 1;FBC Melgar vs Sport Boys;1636532623;spread;away;1.0;2.05;1.971;3.854;0;7.27;7.0;1
1635980513-spread-home--0.5-1789840672;2026-09-19T17:57:52.392662+00:00;2026-09-19T17:57:52.392662+00:00;France - Ligue 1;Le Mans vs Lorient;1635980513;spread;home;-0.5;1.99;1.87;6.03;0;0.76;0.49;1
1636498765-spread-home--0.5-1789840672;2026-09-19T17:57:52.392662+00:00;2026-09-19T17:57:52.392662+00:00;Mexico - Liga MX;Atletico San Luis vs Necaxa;1636498765;spread;home;-0.5;1.862;1.833;1.557;0;5.01;4.74;1
1636498760-spread-home-0.0-1789840672;2026-09-19T17:57:52.392662+00:00;2026-09-19T17:57:52.392662+00:00;Mexico - Liga MX;Club America vs Chivas Guadalajara;1636498760;spread;home;0.0;1.917;1.82;5.06;0;9.26;8.99;1
1636498760-spread-away--0.0-1789840672;2026-09-19T17:57:52.392662+00:00;2026-09-19T17:57:52.392662+00:00;Mexico - Liga MX;Club America vs Chivas Guadalajara;1636498760;spread;away;-0.0;1.99;1.943;2.362;0;9.26;8.99;1
1636004905-spread-away-2.5-1789840672;2026-09-19T17:57:52.392662+00:00;2026-09-19T17:57:52.392662+00:00;Argentina - Liga Pro;River Plate vs Huracan;1636004905;spread;away;2.5;1.885;1.862;1.22;0;4.01;3.74;1
1636498723-total-under-2.5-1789840954;2026-09-19T18:02:34.344451+00:00;2026-09-19T18:02:34.344451+00:00;Poland - Ekstraklasa;Motor Lublin vs Gornik Zabrze;1636498723;total;under;2.5;2.0;1.962;1.9;0;0.2;0;1
1636048887-spread-home-0.0-1789840954;2026-09-19T18:02:34.344451+00:00;2026-09-19T18:02:34.344451+00:00;Brazil - Serie A;Remo vs Santos;1636048887;spread;home;0.0;2.11;1.8;14.692;0;3.44;3.18;1
1636216729-spread-home-0.0-1789840954;2026-09-19T18:02:34.344451+00:00;2026-09-19T18:02:34.344451+00:00;Colombia - Primera A;Alianza Valledupar vs Independiente Santa Fe;1636216729;spread;home;0.0;2.04;1.769;13.284;0;3.02;2.76;1
1635985152-spread-away-0.5-1789840954;2026-09-19T18:02:34.344451+00:00;2026-09-19T18:02:34.344451+00:00;France - Ligue 1;Angers vs Troyes;1635985152;spread;away;0.5;1.926;1.8;6.542;0;0.69;0.42;1
1635985152-spread-home--0.5-1789840954;2026-09-19T18:02:34.344451+00:00;2026-09-19T18:02:34.344451+00:00;France - Ligue 1;Angers vs Troyes;1635985152;spread;home;-0.5;2.16;1.87;13.426;0;0.69;0.42;1
1635985126-spread-home-0.0-1789840954;2026-09-19T18:02:34.344451+00:00;2026-09-19T18:02:34.344451+00:00;Germany - Bundesliga 2;Dynamo Dresden vs Hertha BSC;1635985126;spread;home;0.0;2.07;2.04;1.449;0;0.43;0.17;1
1636498201-spread-home-0.0-1789840954;2026-09-19T18:02:34.344451+00:00;2026-09-19T18:02:34.344451+00:00;USA - Major League Soccer;CF Montreal vs Columbus Crew;1636498201;spread;home;0.0;2.06;1.952;5.243;0;5.43;5.17;1
1636618543-spread-away-2.0-1789840386;2026-09-19T17:53:06.275881+00:00;2026-09-19T18:07:03.952374+00:00;Bolivia - Cup;Always Ready vs ABB;1636618543;spread;away;2.0;1.82;1.775;2.473;13.96;1.1;0.84;2
1635980523-spread-away--0.5-1789841223;2026-09-19T18:07:03.952374+00:00;2026-09-19T18:07:03.952374+00:00;Italy - Serie A;Venezia vs Lazio;1635980523;spread;away;-0.5;2.03;1.952;3.842;0;0.63;0.36;1
1636216729-spread-away--0.0-1789841223;2026-09-19T18:07:03.952374+00:00;2026-09-19T18:07:03.952374+00:00;Colombia - Primera A;Alianza Valledupar vs Independiente Santa Fe;1636216729;spread;away;-0.0;1.952;1.82;6.762;0;2.95;2.68;1
1636498201-spread-away--0.0-1789841223;2026-09-19T18:07:03.952374+00:00;2026-09-19T18:07:03.952374+00:00;USA - Major League Soccer;CF Montreal vs Columbus Crew;1636498201;spread;away;-0.0;1.855;1.794;3.288;0;5.36;5.09;1
1636618727-spread-home-0.0-1789841223;2026-09-19T18:07:03.952374+00:00;2026-09-19T18:07:03.952374+00:00;Uruguay - Segunda Division;La Luz vs Atenas;1636618727;spread;home;0.0;1.84;1.82;1.087;0;3.86;3.59;1
1635985152-total-over-2.5-1789841494;2026-09-19T18:11:34.518871+00:00;2026-09-19T18:11:34.518871+00:00;France - Ligue 1;Angers vs Troyes;1635985152;total;over;2.5;1.877;1.855;1.172;0;0.54;0.28;1
1635980513-spread-away--0.0-1789841494;2026-09-19T18:11:34.518871+00:00;2026-09-19T18:11:34.518871+00:00;France - Ligue 1;Le Mans vs Lorient;1635980513;spread;away;-0.0;1.87;1.833;1.979;0;0.54;0.28;1
1635980513-spread-away-0.5-1789841494;2026-09-19T18:11:34.518871+00:00;2026-09-19T18:11:34.518871+00:00;France - Ligue 1;Le Mans vs Lorient;1635980513;spread;away;0.5;1.926;1.82;5.504;0;0.54;0.28;1
1636498724-spread-home--1.0-1789841494;2026-09-19T18:11:34.518871+00:00;2026-09-19T18:11:34.518871+00:00;Italy - Serie C Group C;Catania vs Barletta;1636498724;spread;home;-1.0;1.877;1.8;4.102;0;0.29;0.02;1
1636498724-total-over-2.5-1789841494;2026-09-19T18:11:34.518871+00:00;2026-09-19T18:11:34.518871+00:00;Italy - Serie C Group C;Catania vs Barletta;1636498724;total;over;2.5;1.952;1.926;1.332;0;0.29;0.02;1
1636486543-total-under-2.5-1789841494;2026-09-19T18:11:34.518871+00:00;2026-09-19T18:11:34.518871+00:00;Spain - Segunda Division;Cadiz vs Girona;1636486543;total;under;2.5;1.877;1.855;1.172;0;0.78;0.51;1
1636498760-spread-home-0.0-1789841763;2026-09-19T18:16:03.799929+00:00;2026-09-19T18:16:03.799929+00:00;Mexico - Liga MX;Club America vs Chivas Guadalajara;1636498760;spread;home;0.0;1.917;1.82;5.06;0;8.98;8.71;1
1636498760-spread-away--0.0-1789841763;2026-09-19T18:16:03.799929+00:00;2026-09-19T18:16:03.799929+00:00;Mexico - Liga MX;Club America vs Chivas Guadalajara;1636498760;spread;away;-0.0;1.99;1.943;2.362;0;8.98;8.71;1
1636048887-spread-away--0.0-1789841763;2026-09-19T18:16:03.799929+00:00;2026-09-19T18:16:03.799929+00:00;Brazil - Serie A;Remo vs Santos;1636048887;spread;away;-0.0;1.952;1.806;7.48;0;3.22;2.95;1
1635980513-spread-home--0.5-1789841763;2026-09-19T18:16:03.799929+00:00;2026-09-19T18:16:03.799929+00:00;France - Ligue 1;Le Mans vs Lorient;1635980513;spread;home;-0.5;1.926;1.87;2.908;0;0.47;0.2;1
1636498162-spread-home--1.5-1789841763;2026-09-19T18:16:03.799929+00:00;2026-09-19T18:16:03.799929+00:00;Italy - Serie C Group C;Salernitana vs Giugliano;1636498162;spread;home;-1.5;1.885;1.775;5.836;0;0.21;0;1
1635980523-spread-home-0.5-1789841763;2026-09-19T18:16:03.799929+00:00;2026-09-19T18:16:03.799929+00:00;Italy - Serie A;Venezia vs Lazio;1635980523;spread;home;0.5;1.893;1.855;2.007;0;0.46;0.2;1
1636689379-spread-away--1.0-1789841763;2026-09-19T18:16:03.799929+00:00;2026-09-19T18:16:03.799929+00:00;Uruguay - Primera Division;CA Cerro vs Penarol;1636689379;spread;away;-1.0;2.03;1.893;6.749;0;0.21;0;1
1635985126-spread-home--0.5-1789841763;2026-09-19T18:16:03.799929+00:00;2026-09-19T18:16:03.799929+00:00;Germany - Bundesliga 2;Dynamo Dresden vs Hertha BSC;1635985126;spread;home;-0.5;1.962;1.901;3.109;0;0.21;0;1
1636216729-spread-home-0.0-1789842031;2026-09-19T18:20:31.878954+00:00;2026-09-19T18:20:31.878954+00:00;Colombia - Primera A;Alianza Valledupar vs Independiente Santa Fe;1636216729;spread;home;0.0;2.04;1.769;13.284;0;2.74;2.47;1
1636612095-spread-away-2.0-1789842031;2026-09-19T18:20:31.878954+00:00;2026-09-19T18:20:31.878954+00:00;Mexico - Liga Premier Serie A;Dragones de Oaxaca vs Canoneros;1636612095;spread;away;2.0;1.893;1.855;2.007;0;5.65;5.38;1
1636498201-spread-home-0.0-1789842031;2026-09-19T18:20:31.878954+00:00;2026-09-19T18:20:31.878954+00:00;USA - Major League Soccer;CF Montreal vs Columbus Crew;1636498201;spread;home;0.0;2.06;1.952;5.243;0;5.15;4.88;1
1636048887-spread-home-0.0-1789842031;2026-09-19T18:20:31.878954+00:00;2026-09-19T18:20:31.878954+00:00;Brazil - Serie A;Remo vs Santos;1636048887;spread;home;0.0;2.11;1.8;14.692;0;3.15;2.88;1
1635985152-spread-home--0.5-1789842031;2026-09-19T18:20:31.878954+00:00;2026-09-19T18:20:31.878954+00:00;France - Ligue 1;Angers vs Troyes;1635985152;spread;home;-0.5;2.1;1.87;10.952;0;0.39;0.13;1
1636532673-total-under-2.5-1789842031;2026-09-19T18:20:31.878954+00:00;2026-09-19T18:20:31.878954+00:00;Dominican Republic - Liga Mayor;Jarabacoa FC vs Salcedo FC;1636532673;total;under;2.5;1.855;1.833;1.186;0;1.64;1.37;1
1636578528-spread-home--1.0-1789842031;2026-09-19T18:20:31.878954+00:00;2026-09-19T18:20:31.878954+00:00;Argentina - Torneo Federal A;Boca Unidos vs Defensores de Puerto Vilelas;1636578528;spread;home;-1.0;1.826;1.806;1.095;0;0.14;0;1
1635980523-spread-away--0.5-1789842305;2026-09-19T18:25:05.730914+00:00;2026-09-19T18:25:05.730914+00:00;Italy - Serie A;Venezia vs Lazio;1635980523;spread;away;-0.5;2.04;1.952;4.314;0;0.33;0.07;1
1636734346-spread-away-0.5-1789842305;2026-09-19T18:25:05.730914+00:00;2026-09-19T18:25:05.730914+00:00;Brazil - Capixaba Serie B;Estrela Do Norte vs Linhares;1636734346;spread;away;0.5;1.935;1.885;2.584;0;0.57;0.31;1
1636812563-spread-home--0.5-1789842305;2026-09-19T18:25:05.730914+00:00;2026-09-19T18:25:05.730914+00:00;Argentina - Torneo Federal A;Independiente Chivilcoy vs Atletico Escobar;1636812563;spread;home;-0.5;1.943;1.855;4.529;0;0.07;0;1
1636216729-spread-away--0.0-1789842305;2026-09-19T18:25:05.730914+00:00;2026-09-19T18:25:05.730914+00:00;Colombia - Primera A;Alianza Valledupar vs Independiente Santa Fe;1636216729;spread;away;-0.0;1.952;1.82;6.762;0;2.65;2.38;1
1636498201-spread-away--0.0-1789842305;2026-09-19T18:25:05.730914+00:00;2026-09-19T18:25:05.730914+00:00;USA - Major League Soccer;CF Montreal vs Columbus Crew;1636498201;spread;away;-0.0;1.855;1.794;3.288;0;5.06;4.79;1
1636007477-spread-home-0.0-1789840954;2026-09-19T18:02:34.344451+00:00;2026-09-19T18:29:38.879578+00:00;Netherlands - Eredivisie;Willem II vs Fortuna Sittard;1636007477;spread;home;0.0;1.962;1.855;5.454;27.08;0.94;0.68;3
1635919085-spread-away-1.0-1789841763;2026-09-19T18:16:03.799929+00:00;2026-09-19T18:29:38.879578+00:00;Spain - La Liga;Sevilla vs Barcelona;1635919085;spread;away;1.0;1.775;1.709;3.718;13.58;0.72;0.46;2
1636498727-spread-home-0.0-1789842578;2026-09-19T18:29:38.879578+00:00;2026-09-19T18:29:38.879578+00:00;Argentina - Primera B Nacional;San Telmo vs Estudiantes de Caseros;1636498727;spread;home;0.0;2.1;1.877;10.619;0;0.01;0;1
1636486539-spread-away--0.0-1789842578;2026-09-19T18:29:38.879578+00:00;2026-09-19T18:29:38.879578+00:00;Belgium - Pro League;Lommel vs Mechelen;1636486539;spread;away;-0.0;1.952;1.885;3.432;0;0.24;0;1
1635980513-spread-away--0.0-1789842578;2026-09-19T18:29:38.879578+00:00;2026-09-19T18:29:38.879578+00:00;France - Ligue 1;Le Mans vs Lorient;1635980513;spread;away;-0.0;1.833;1.813;1.091;0;0.24;0;1
1635980513-spread-away-0.5-1789842578;2026-09-19T18:29:38.879578+00:00;2026-09-19T18:29:38.879578+00:00;France - Ligue 1;Le Mans vs Lorient;1635980513;spread;away;0.5;1.926;1.82;5.504;0;0.24;0;1
1636532673-spread-home-1.5-1789842031;2026-09-19T18:20:31.878954+00:00;2026-09-19T18:34:05.187412+00:00;Dominican Republic - Liga Mayor;Jarabacoa FC vs Salcedo FC;1636532673;spread;home;1.5;1.971;1.787;9.335;13.56;1.64;1.38;2
1635980523-spread-home-0.5-1789842845;2026-09-19T18:34:05.187412+00:00;2026-09-19T18:34:05.187412+00:00;Italy - Serie A;Venezia vs Lazio;1635980523;spread;home;0.5;1.917;1.855;3.234;0;0.18;0;1
1636048887-spread-away--0.0-1789842845;2026-09-19T18:34:05.187412+00:00;2026-09-19T18:34:05.187412+00:00;Brazil - Serie A;Remo vs Santos;1636048887;spread;away;-0.0;1.952;1.806;7.48;0;2.92;2.66;1
1635980513-spread-home--0.5-1789842845;2026-09-19T18:34:05.187412+00:00;2026-09-19T18:34:05.187412+00:00;France - Ligue 1;Le Mans vs Lorient;1635980513;spread;home;-0.5;1.926;1.87;2.908;0;0.16;0;1
1636498760-spread-home-0.0-1789842845;2026-09-19T18:34:05.187412+00:00;2026-09-19T18:34:05.187412+00:00;Mexico - Liga MX;Club America vs Chivas Guadalajara;1636498760;spread;home;0.0;1.917;1.82;5.06;0;8.66;8.4;1
1636498760-spread-away--0.0-1789842845;2026-09-19T18:34:05.187412+00:00;2026-09-19T18:34:05.187412+00:00;Mexico - Liga MX;Club America vs Chivas Guadalajara;1636498760;spread;away;-0.0;1.99;1.943;2.362;0;8.66;8.4;1
1636498166-spread-away--1.5-1789843107;2026-09-19T18:38:27.889571+00:00;2026-09-19T18:38:27.889571+00:00;Ireland - Premier;Sligo Rovers vs St Patrick´s Athletic;1636498166;spread;away;-1.5;2.03;1.952;3.842;0;0.1;0;1
1636048887-spread-home-0.0-1789843107;2026-09-19T18:38:27.889571+00:00;2026-09-19T18:38:27.889571+00:00;Brazil - Serie A;Remo vs Santos;1636048887;spread;home;0.0;2.11;1.8;14.692;0;2.85;2.59;1
1636216729-spread-home-0.0-1789843107;2026-09-19T18:38:27.889571+00:00;2026-09-19T18:38:27.889571+00:00;Colombia - Primera A;Alianza Valledupar vs Independiente Santa Fe;1636216729;spread;home;0.0;2.04;1.769;13.284;0;2.43;2.17;1
1636486544-spread-away-0.5-1789843107;2026-09-19T18:38:27.889571+00:00;2026-09-19T18:38:27.889571+00:00;Spain - Primera Federacion;Huesca vs Atletico Madrid II;1636486544;spread;away;0.5;1.935;1.813;6.305;0;0.34;0.08;1
1635985152-spread-home--0.5-1789843107;2026-09-19T18:38:27.889571+00:00;2026-09-19T18:38:27.889571+00:00;France - Ligue 1;Angers vs Troyes;1635985152;spread;home;-0.5;2.11;1.87;11.374;0;0.09;0;1
1636498201-spread-home-0.0-1789843107;2026-09-19T18:38:27.889571+00:00;2026-09-19T18:38:27.889571+00:00;USA - Major League Soccer;CF Montreal vs Columbus Crew;1636498201;spread;home;0.0;2.06;1.952;5.243;0;4.83;4.57;1
1635985152-spread-away-0.5-1789842031;2026-09-19T18:20:31.878954+00:00;2026-09-19T18:42:54.425569+00:00;France - Ligue 1;Angers vs Troyes;1635985152;spread;away;0.5;1.926;1.82;5.504;22.38;0.39;0.14;3
1635985152-total-over-2.5-1789842578;2026-09-19T18:29:38.879578+00:00;2026-09-19T18:42:54.425569+00:00;France - Ligue 1;Angers vs Troyes;1635985152;total;over;2.5;1.855;1.794;3.288;13.26;0.24;0;2
1635980513-total-under-2.5-1789842578;2026-09-19T18:29:38.879578+00:00;2026-09-19T18:42:54.425569+00:00;France - Ligue 1;Le Mans vs Lorient;1635980513;total;under;2.5;1.952;1.813;7.121;13.26;0.24;0;2
1635980523-spread-away--0.5-1789843374;2026-09-19T18:42:54.425569+00:00;2026-09-19T18:42:54.425569+00:00;Italy - Serie A;Venezia vs Lazio;1635980523;spread;away;-0.5;2.01;1.952;2.886;0;0.03;0;1
1636486543-spread-home-0.5-1789843374;2026-09-19T18:42:54.425569+00:00;2026-09-19T18:42:54.425569+00:00;Spain - Segunda Division;Cadiz vs Girona;1636486543;spread;home;0.5;1.885;1.855;1.592;0;0.28;0.03;1
1636498201-spread-away--0.0-1789843374;2026-09-19T18:42:54.425569+00:00;2026-09-19T18:42:54.425569+00:00;USA - Major League Soccer;CF Montreal vs Columbus Crew;1636498201;spread;away;-0.0;1.855;1.794;3.288;0;4.78;4.52;1
1636216729-spread-away--0.0-1789843374;2026-09-19T18:42:54.425569+00:00;2026-09-19T18:42:54.425569+00:00;Colombia - Primera A;Alianza Valledupar vs Independiente Santa Fe;1636216729;spread;away;-0.0;1.952;1.82;6.762;0;2.35;2.09;1
1636007477-spread-away--0.0-1789843639;2026-09-19T18:47:19.719936+00:00;2026-09-19T18:47:19.719936+00:00;Netherlands - Eredivisie;Willem II vs Fortuna Sittard;1636007477;spread;away;-0.0;2.06;1.99;3.398;0;0.2;0;1
1636048887-spread-away--0.0-1789843898;2026-09-19T18:51:38.996950+00:00;2026-09-19T18:51:38.996950+00:00;Brazil - Serie A;Remo vs Santos;1636048887;spread;away;-0.0;1.952;1.806;7.48;0;2.64;2.39;1
1636836520-spread-home-0.5-1789843898;2026-09-19T18:51:38.996950+00:00;2026-09-19T18:51:38.996950+00:00;Brazil - Goiano 2;Trindade vs Goianesia;1636836520;spread;home;0.5;1.855;1.781;3.989;0;1.13;0.88;1
1636498760-spread-home-0.0-1789843898;2026-09-19T18:51:38.996950+00:00;2026-09-19T18:51:38.996950+00:00;Mexico - Liga MX;Club America vs Chivas Guadalajara;1636498760;spread;home;0.0;1.917;1.82;5.06;0;8.37;8.12;1
1636498760-spread-away--0.0-1789843898;2026-09-19T18:51:38.996950+00:00;2026-09-19T18:51:38.996950+00:00;Mexico - Liga MX;Club America vs Chivas Guadalajara;1636498760;spread;away;-0.0;1.99;1.943;2.362;0;8.37;8.12;1
1636498201-spread-home-0.0-1789844161;2026-09-19T18:56:01.545496+00:00;2026-09-19T18:56:01.545496+00:00;USA - Major League Soccer;CF Montreal vs Columbus Crew;1636498201;spread;home;0.0;2.06;1.952;5.243;0;4.56;4.31;1
1636216729-spread-home-0.0-1789844161;2026-09-19T18:56:01.545496+00:00;2026-09-19T18:56:01.545496+00:00;Colombia - Primera A;Alianza Valledupar vs Independiente Santa Fe;1636216729;spread;home;0.0;2.04;1.769;13.284;0;2.14;1.89;1
1636532703-spread-away-1.5-1789844161;2026-09-19T18:56:01.545496+00:00;2026-09-19T18:56:01.545496+00:00;USA - USL Championship;Charleston Battery vs Monterey Bay;1636532703;spread;away;1.5;2.0;1.909;4.55;0;4.05;3.81;1
1636048887-spread-home-0.0-1789844161;2026-09-19T18:56:01.545496+00:00;2026-09-19T18:56:01.545496+00:00;Brazil - Serie A;Remo vs Santos;1636048887;spread;home;0.0;2.11;1.8;14.692;0;2.54;2.3;1
1636498201-spread-away--0.0-1789844416;2026-09-19T19:00:16.618118+00:00;2026-09-19T19:00:16.618118+00:00;USA - Major League Soccer;CF Montreal vs Columbus Crew;1636498201;spread;away;-0.0;1.855;1.794;3.288;0;4.49;4.24;1
1636216729-spread-away--0.0-1789844416;2026-09-19T19:00:16.618118+00:00;2026-09-19T19:00:16.618118+00:00;Colombia - Primera A;Alianza Valledupar vs Independiente Santa Fe;1636216729;spread;away;-0.0;1.952;1.82;6.762;0;2.07;1.82;1
1636042553-spread-away-0.5-1789844416;2026-09-19T19:00:16.618118+00:00;2026-09-19T19:00:16.618118+00:00;Brazil - Serie A;Sao Paulo vs Internacional;1636042553;spread;away;0.5;1.943;1.917;1.338;0;4.97;4.73;1
1636498734-spread-home-0.0-1789844921;2026-09-19T19:08:41.072515+00:00;2026-09-19T19:08:41.072515+00:00;Brazil - Serie B;Sport Recife vs Juventude;1636498734;spread;home;0.0;1.87;1.813;3.048;0;0.35;0.1;1
1636498760-spread-home-0.0-1789844921;2026-09-19T19:08:41.072515+00:00;2026-09-19T19:08:41.072515+00:00;Mexico - Liga MX;Club America vs Chivas Guadalajara;1636498760;spread;home;0.0;1.917;1.82;5.06;0;8.1;7.85;1
1636498760-spread-away--0.0-1789844921;2026-09-19T19:08:41.072515+00:00;2026-09-19T19:08:41.072515+00:00;Mexico - Liga MX;Club America vs Chivas Guadalajara;1636498760;spread;away;-0.0;1.99;1.943;2.362;0;8.1;7.85;1
1636048887-spread-away--0.0-1789844921;2026-09-19T19:08:41.072515+00:00;2026-09-19T19:08:41.072515+00:00;Brazil - Serie A;Remo vs Santos;1636048887;spread;away;-0.0;1.952;1.806;7.48;0;2.33;2.09;1
1636498201-spread-home-0.0-1789845170;2026-09-19T19:12:50.540219+00:00;2026-09-19T19:12:50.540219+00:00;USA - Major League Soccer;CF Montreal vs Columbus Crew;1636498201;spread;home;0.0;2.06;1.952;5.243;0;4.28;4.03;1
1636216729-spread-home-0.0-1789845170;2026-09-19T19:12:50.540219+00:00;2026-09-19T19:12:50.540219+00:00;Colombia - Primera A;Alianza Valledupar vs Independiente Santa Fe;1636216729;spread;home;0.0;2.04;1.769;13.284;0;1.85;1.61;1
1636048887-spread-home-0.0-1789845170;2026-09-19T19:12:50.540219+00:00;2026-09-19T19:12:50.540219+00:00;Brazil - Serie A;Remo vs Santos;1636048887;spread;home;0.0;2.11;1.8;14.692;0;2.27;2.02;1
1636498186-spread-home--0.5-1789844672;2026-09-19T19:04:32.393875+00:00;2026-09-19T19:17:03.003245+00:00;USA - USL Championship;Detroit City vs Pittsburgh Riverhounds;1636498186;spread;home;-0.5;2.06;1.952;5.243;12.51;3.91;3.66;2
1636498201-spread-away--0.0-1789845423;2026-09-19T19:17:03.003245+00:00;2026-09-19T19:17:03.003245+00:00;USA - Major League Soccer;CF Montreal vs Columbus Crew;1636498201;spread;away;-0.0;1.855;1.794;3.288;0;4.21;3.96;1
1636216729-spread-away--0.0-1789845423;2026-09-19T19:17:03.003245+00:00;2026-09-19T19:17:03.003245+00:00;Colombia - Primera A;Alianza Valledupar vs Independiente Santa Fe;1636216729;spread;away;-0.0;1.952;1.82;6.762;0;1.78;1.54;1
1636048886-spread-away-0.5-1789845423;2026-09-19T19:17:03.003245+00:00;2026-09-19T19:17:03.003245+00:00;Brazil - Serie A;Mirassol vs Botafogo FR RJ;1636048886;spread;away;0.5;1.855;1.826;1.563;0;0.7;0.45;1
1636531227-spread-home--0.5-1789845170;2026-09-19T19:12:50.540219+00:00;2026-09-19T19:25:27.162629+00:00;Iceland - Premier League;KA Akureyri vs Thor Akureyri;1636531227;spread;home;-0.5;2.0;1.935;3.25;12.61;0.28;0.04;2
1636498760-spread-home-0.0-1789845927;2026-09-19T19:25:27.162629+00:00;2026-09-19T19:25:27.162629+00:00;Mexico - Liga MX;Club America vs Chivas Guadalajara;1636498760;spread;home;0.0;1.917;1.82;5.06;0;7.82;7.58;1
1636048887-spread-away--0.0-1789845927;2026-09-19T19:25:27.162629+00:00;2026-09-19T19:25:27.162629+00:00;Brazil - Serie A;Remo vs Santos;1636048887;spread;away;-0.0;1.952;1.806;7.48;0;2.06;1.81;1
1636498760-spread-away--0.0-1789845927;2026-09-19T19:25:27.162629+00:00;2026-09-19T19:29:39.650976+00:00;Mexico - Liga MX;Club America vs Chivas Guadalajara;1636498760;spread;away;-0.0;1.99;1.935;2.764;4.21;7.82;7.58;2
1636216729-spread-home-0.0-1789846179;2026-09-19T19:29:39.650976+00:00;2026-09-19T19:29:39.650976+00:00;Colombia - Primera A;Alianza Valledupar vs Independiente Santa Fe;1636216729;spread;home;0.0;2.04;1.775;12.99;0;1.58;1.34;1
1636498201-spread-home-0.0-1789846179;2026-09-19T19:29:39.650976+00:00;2026-09-19T19:29:39.650976+00:00;USA - Major League Soccer;CF Montreal vs Columbus Crew;1636498201;spread;home;0.0;2.06;1.952;5.243;0;4.0;3.75;1
1636048887-spread-home-0.0-1789846179;2026-09-19T19:29:39.650976+00:00;2026-09-19T19:29:39.650976+00:00;Brazil - Serie A;Remo vs Santos;1636048887;spread;home;0.0;2.11;1.8;14.692;0;1.99;1.75;1
1636531451-spread-home-0.0-1789846179;2026-09-19T19:29:39.650976+00:00;2026-09-19T19:29:39.650976+00:00;Peru - Liga 1;Deportivo Garcilaso vs Universitario de Deportes;1636531451;spread;home;0.0;1.943;1.752;9.83;0;3.49;3.24;1
1636531451-spread-away--0.0-1789846179;2026-09-19T19:29:39.650976+00:00;2026-09-19T19:29:39.650976+00:00;Peru - Liga 1;Deportivo Garcilaso vs Universitario de Deportes;1636531451;spread;away;-0.0;2.1;1.775;15.476;0;3.49;3.24;1
1636216729-spread-away--0.0-1789846434;2026-09-19T19:33:54.804837+00:00;2026-09-19T19:33:54.804837+00:00;Colombia - Primera A;Alianza Valledupar vs Independiente Santa Fe;1636216729;spread;away;-0.0;1.952;1.82;6.762;0;1.51;1.27;1
1636498201-spread-away--0.0-1789846434;2026-09-19T19:33:54.804837+00:00;2026-09-19T19:33:54.804837+00:00;USA - Major League Soccer;CF Montreal vs Columbus Crew;1636498201;spread;away;-0.0;1.855;1.794;3.288;0;3.93;3.68;1
1636048887-spread-away--0.0-1789846936;2026-09-19T19:42:16.969561+00:00;2026-09-19T19:42:16.969561+00:00;Brazil - Serie A;Remo vs Santos;1636048887;spread;away;-0.0;1.952;1.806;7.48;0;1.78;1.54;1
1636498760-spread-home-0.0-1789846936;2026-09-19T19:42:16.969561+00:00;2026-09-19T19:42:16.969561+00:00;Mexico - Liga MX;Club America vs Chivas Guadalajara;1636498760;spread;home;0.0;1.917;1.826;4.747;0;7.52;7.28;1
1636498186-spread-home--0.5-1789846434;2026-09-19T19:33:54.804837+00:00;2026-09-19T19:46:28.040013+00:00;USA - USL Championship;Detroit City vs Pittsburgh Riverhounds;1636498186;spread;home;-0.5;1.952;1.901;2.613;12.55;3.41;3.17;2
1636048887-spread-home-0.0-1789847188;2026-09-19T19:46:28.040013+00:00;2026-09-19T19:46:28.040013+00:00;Brazil - Serie A;Remo vs Santos;1636048887;spread;home;0.0;2.11;1.806;14.408;0;1.71;1.47;1
1636498201-spread-home-0.0-1789847188;2026-09-19T19:46:28.040013+00:00;2026-09-19T19:46:28.040013+00:00;USA - Major League Soccer;CF Montreal vs Columbus Crew;1636498201;spread;home;0.0;2.06;1.952;5.243;0;3.71;3.47;1
1636216729-spread-home-0.0-1789847188;2026-09-19T19:46:28.040013+00:00;2026-09-19T19:46:28.040013+00:00;Colombia - Primera A;Alianza Valledupar vs Independiente Santa Fe;1636216729;spread;home;0.0;2.04;1.775;12.99;0;1.29;1.05;1
1636498760-spread-away--0.0-1789847188;2026-09-19T19:46:28.040013+00:00;2026-09-19T19:46:28.040013+00:00;Mexico - Liga MX;Club America vs Chivas Guadalajara;1636498760;spread;away;-0.0;1.99;1.935;2.764;0;7.45;7.21;1
1636531451-spread-home-0.0-1789847188;2026-09-19T19:46:28.040013+00:00;2026-09-19T19:46:28.040013+00:00;Peru - Liga 1;Deportivo Garcilaso vs Universitario de Deportes;1636531451;spread;home;0.0;1.943;1.752;9.83;0;3.2;2.96;1
1636531451-spread-away--0.0-1789847188;2026-09-19T19:46:28.040013+00:00;2026-09-19T19:46:28.040013+00:00;Peru - Liga 1;Deportivo Garcilaso vs Universitario de Deportes;1636531451;spread;away;-0.0;2.1;1.775;15.476;0;3.2;2.96;1
1636498201-spread-away--0.0-1789847435;2026-09-19T19:50:35.991339+00:00;2026-09-19T19:50:35.991339+00:00;USA - Major League Soccer;CF Montreal vs Columbus Crew;1636498201;spread;away;-0.0;1.855;1.794;3.288;0;3.65;3.4;1
1636216729-spread-away--0.0-1789847435;2026-09-19T19:50:35.991339+00:00;2026-09-19T19:50:35.991339+00:00;Colombia - Primera A;Alianza Valledupar vs Independiente Santa Fe;1636216729;spread;away;-0.0;1.952;1.82;6.762;0;1.22;0.98;1
1636048887-spread-away--0.0-1789847938;2026-09-19T19:58:58.379026+00:00;2026-09-19T19:58:58.379026+00:00;Brazil - Serie A;Remo vs Santos;1636048887;spread;away;-0.0;1.952;1.806;7.48;0;1.52;1.27;1
1636498760-spread-home-0.0-1789847938;2026-09-19T19:58:58.379026+00:00;2026-09-19T19:58:58.379026+00:00;Mexico - Liga MX;Club America vs Chivas Guadalajara;1636498760;spread;home;0.0;1.909;1.826;4.348;0;7.26;7.02;1
1636537454-spread-home-0.0-1789847938;2026-09-19T19:58:58.379026+00:00;2026-09-19T19:58:58.379026+00:00;Japan - J League;Machida Zelvia vs Kashiwa Reysol;1636537454;spread;home;0.0;1.885;1.82;3.448;0;12.0;11.75;1
1636537454-spread-away--0.0-1789847938;2026-09-19T19:58:58.379026+00:00;2026-09-19T19:58:58.379026+00:00;Japan - J League;Machida Zelvia vs Kashiwa Reysol;1636537454;spread;away;-0.0;2.01;1.943;3.333;0;12.0;11.75;1
1636048887-spread-home-0.0-1789848185;2026-09-19T20:03:05.643843+00:00;2026-09-19T20:03:05.643843+00:00;Brazil - Serie A;Remo vs Santos;1636048887;spread;home;0.0;2.11;1.806;14.408;0;1.45;1.2;1
1636498760-spread-away--0.0-1789848185;2026-09-19T20:03:05.643843+00:00;2026-09-19T20:03:05.643843+00:00;Mexico - Liga MX;Club America vs Chivas Guadalajara;1636498760;spread;away;-0.0;2.0;1.935;3.25;0;7.2;6.95;1
1636216729-spread-home-0.0-1789848185;2026-09-19T20:03:05.643843+00:00;2026-09-19T20:03:05.643843+00:00;Colombia - Primera A;Alianza Valledupar vs Independiente Santa Fe;1636216729;spread;home;0.0;2.04;1.775;12.99;0;1.02;0.78;1
1636531451-spread-home-0.0-1789848185;2026-09-19T20:03:05.643843+00:00;2026-09-19T20:03:05.643843+00:00;Peru - Liga 1;Deportivo Garcilaso vs Universitario de Deportes;1636531451;spread;home;0.0;1.943;1.752;9.83;0;2.93;2.69;1
1636531451-spread-away--0.0-1789848185;2026-09-19T20:03:05.643843+00:00;2026-09-19T20:03:05.643843+00:00;Peru - Liga 1;Deportivo Garcilaso vs Universitario de Deportes;1636531451;spread;away;-0.0;2.1;1.775;15.476;0;2.93;2.69;1
1636498201-spread-home-0.0-1789848185;2026-09-19T20:03:05.643843+00:00;2026-09-19T20:03:05.643843+00:00;USA - Major League Soccer;CF Montreal vs Columbus Crew;1636498201;spread;home;0.0;2.06;1.952;5.243;0;3.43;3.19;1
1636812420-spread-away-0.5-1789848185;2026-09-19T20:03:05.643843+00:00;2026-09-19T20:03:05.643843+00:00;Panama - Liga Prom;UMECIT II vs San Martin;1636812420;spread;away;0.5;1.84;1.719;6.576;0;4.93;4.69;1
1636498186-spread-away-0.5-1789848185;2026-09-19T20:03:05.643843+00:00;2026-09-19T20:03:05.643843+00:00;USA - USL Championship;Detroit City vs Pittsburgh Riverhounds;1636498186;spread;away;0.5;1.952;1.926;1.332;0;2.92;2.68;1
1636612095-spread-away-2.0-1789847683;2026-09-19T19:54:43.385875+00:00;2026-09-19T20:07:12.961858+00:00;Mexico - Liga Premier Serie A;Dragones de Oaxaca vs Canoneros;1636612095;spread;away;2.0;1.855;1.752;5.553;12.49;4.08;3.84;2
1636216729-spread-away--0.0-1789848432;2026-09-19T20:07:12.961858+00:00;2026-09-19T20:07:12.961858+00:00;Colombia - Primera A;Alianza Valledupar vs Independiente Santa Fe;1636216729;spread;away;-0.0;1.952;1.87;4.201;0;0.96;0.71;1
1636498201-spread-away--0.0-1789848432;2026-09-19T20:07:12.961858+00:00;2026-09-19T20:07:12.961858+00:00;USA - Major League Soccer;CF Montreal vs Columbus Crew;1636498201;spread;away;-0.0;1.855;1.794;3.288;0;3.36;3.12;1
1636537269-total-over-2.5-1789848432;2026-09-19T20:07:12.961858+00:00;2026-09-19T20:07:12.961858+00:00;Japan - Football League;YSCC Yokohama vs Briobecca Urayasu;1636537269;total;over;2.5;1.99;1.952;1.91;0;11.86;11.61;1
1636048887-spread-away--0.0-1789848929;2026-09-19T20:15:29.171880+00:00;2026-09-19T20:15:29.171880+00:00;Brazil - Serie A;Remo vs Santos;1636048887;spread;away;-0.0;1.952;1.806;7.48;0;1.23;0.95;1
1636537454-spread-home-0.0-1789848929;2026-09-19T20:15:29.171880+00:00;2026-09-19T20:15:29.171880+00:00;Japan - J League;Machida Zelvia vs Kashiwa Reysol;1636537454;spread;home;0.0;1.893;1.82;3.856;0;11.72;11.44;1
1636812420-total-over-2.5-1789849180;2026-09-19T20:19:40.159888+00:00;2026-09-19T20:19:40.159888+00:00;Panama - Liga Prom;UMECIT II vs San Martin;1636812420;total;over;2.5;1.909;1.855;2.829;0;4.66;4.46;1
1636498201-spread-home-0.0-1789849180;2026-09-19T20:19:40.159888+00:00;2026-09-19T20:19:40.159888+00:00;USA - Major League Soccer;CF Montreal vs Columbus Crew;1636498201;spread;home;0.0;2.06;1.952;5.243;0;3.16;2.96;1
1636216729-spread-home-0.0-1789849180;2026-09-19T20:19:40.159888+00:00;2026-09-19T20:19:40.159888+00:00;Colombia - Primera A;Alianza Valledupar vs Independiente Santa Fe;1636216729;spread;home;0.0;1.99;1.775;10.804;0;0.74;0.53;1
1636048887-spread-home-0.0-1789849180;2026-09-19T20:19:40.159888+00:00;2026-09-19T20:19:40.159888+00:00;Brazil - Serie A;Remo vs Santos;1636048887;spread;home;0.0;2.11;1.806;14.408;0;1.16;0.95;1
1636531451-spread-home-0.0-1789849180;2026-09-19T20:19:40.159888+00:00;2026-09-19T20:19:40.159888+00:00;Peru - Liga 1;Deportivo Garcilaso vs Universitario de Deportes;1636531451;spread;home;0.0;1.943;1.752;9.83;0;2.66;2.45;1
1636531451-spread-away--0.0-1789849180;2026-09-19T20:19:40.159888+00:00;2026-09-19T20:19:40.159888+00:00;Peru - Liga 1;Deportivo Garcilaso vs Universitario de Deportes;1636531451;spread;away;-0.0;2.1;1.775;15.476;0;2.66;2.45;1
1636537454-spread-away--0.0-1789848929;2026-09-19T20:15:29.171880+00:00;2026-09-19T20:23:48.209869+00:00;Japan - J League;Machida Zelvia vs Kashiwa Reysol;1636537454;spread;away;-0.0;2.02;1.935;4.208;8.32;11.72;11.51;2
1636498201-spread-away--0.0-1789849428;2026-09-19T20:23:48.209869+00:00;2026-09-19T20:23:48.209869+00:00;USA - Major League Soccer;CF Montreal vs Columbus Crew;1636498201;spread;away;-0.0;1.855;1.794;3.288;0;3.1;2.89;1
1636216729-spread-away--0.0-1789849428;2026-09-19T20:23:48.209869+00:00;2026-09-19T20:23:48.209869+00:00;Colombia - Primera A;Alianza Valledupar vs Independiente Santa Fe;1636216729;spread;away;-0.0;1.952;1.87;4.201;0;0.67;0.46;1
1636498183-spread-home-1.0-1789848929;2026-09-19T20:15:29.171880+00:00;2026-09-19T20:29:59.398011+00:00;Mexico - Liga MX;Atlas vs Pumas UNAM;1636498183;spread;home;1.0;1.885;1.82;3.448;14.5;2.74;2.5;2
1636216242-spread-away-1.0-1789849799;2026-09-19T20:29:59.398011+00:00;2026-09-19T20:29:59.398011+00:00;Colombia - Primera A;Deportivo Cali vs Cucuta;1636216242;spread;away;1.0;2.01;1.98;1.493;0;2.65;2.41;1
1636498760-spread-away--0.0-1789849799;2026-09-19T20:29:59.398011+00:00;2026-09-19T20:29:59.398011+00:00;Mexico - Liga MX;Club America vs Chivas Guadalajara;1636498760;spread;away;-0.0;2.1;1.943;7.476;0;6.73;6.49;1
1636048887-spread-home-0.0-1789850049;2026-09-19T20:34:09.064224+00:00;2026-09-19T20:34:09.064224+00:00;Brazil - Serie A;Remo vs Santos;1636048887;spread;home;0.0;2.11;1.806;14.408;0;0.92;0.68;1
1636498201-spread-home-0.0-1789850049;2026-09-19T20:34:09.064224+00:00;2026-09-19T20:34:09.064224+00:00;USA - Major League Soccer;CF Montreal vs Columbus Crew;1636498201;spread;home;0.0;2.06;1.952;5.243;0;2.92;2.68;1
1636216729-spread-home-0.0-1789850049;2026-09-19T20:34:09.064224+00:00;2026-09-19T20:34:09.064224+00:00;Colombia - Primera A;Alianza Valledupar vs Independiente Santa Fe;1636216729;spread;home;0.0;1.99;1.775;10.804;0;0.5;0.26;1
1636537454-spread-home-0.0-1789850049;2026-09-19T20:34:09.064224+00:00;2026-09-19T20:34:09.064224+00:00;Japan - J League;Machida Zelvia vs Kashiwa Reysol;1636537454;spread;home;0.0;1.893;1.826;3.539;0;11.41;11.17;1
1636531451-spread-home-0.0-1789850049;2026-09-19T20:34:09.064224+00:00;2026-09-19T20:34:09.064224+00:00;Peru - Liga 1;Deportivo Garcilaso vs Universitario de Deportes;1636531451;spread;home;0.0;1.943;1.752;9.83;0;2.41;2.17;1
1636531451-spread-away--0.0-1789850049;2026-09-19T20:34:09.064224+00:00;2026-09-19T20:34:09.064224+00:00;Peru - Liga 1;Deportivo Garcilaso vs Universitario de Deportes;1636531451;spread;away;-0.0;2.1;1.775;15.476;0;2.41;2.17;1
1636498201-spread-away--0.0-1789850295;2026-09-19T20:38:15.469478+00:00;2026-09-19T20:38:15.469478+00:00;USA - Major League Soccer;CF Montreal vs Columbus Crew;1636498201;spread;away;-0.0;1.855;1.794;3.288;0;2.85;2.61;1
1636506137-spread-home-1.5-1789850295;2026-09-19T20:38:15.469478+00:00;2026-09-19T20:38:15.469478+00:00;USA - Major League Soccer;Real Salt Lake vs Vancouver Whitecaps;1636506137;spread;home;1.5;1.952;1.833;6.096;0;4.85;4.61;1
1636216729-spread-away--0.0-1789850295;2026-09-19T20:38:15.469478+00:00;2026-09-19T20:38:15.469478+00:00;Colombia - Primera A;Alianza Valledupar vs Independiente Santa Fe;1636216729;spread;away;-0.0;1.952;1.87;4.201;0;0.43;0.19;1
1636537454-spread-away--0.0-1789850295;2026-09-19T20:38:15.469478+00:00;2026-09-19T20:38:15.469478+00:00;Japan - J League;Machida Zelvia vs Kashiwa Reysol;1636537454;spread;away;-0.0;2.02;1.935;4.208;0;11.34;11.1;1
1636048887-spread-away--0.0-1789850049;2026-09-19T20:34:09.064224+00:00;2026-09-19T20:42:20.070708+00:00;Brazil - Serie A;Remo vs Santos;1636048887;spread;away;-0.0;1.952;1.8;7.787;8.18;0.92;0.68;2
1636506123-spread-away-0.5-1789850540;2026-09-19T20:42:20.070708+00:00;2026-09-19T20:42:20.070708+00:00;Canada - Premier League;Cavalry vs Forge;1636506123;spread;away;0.5;1.855;1.763;4.96;0;0.29;0.04;1
1636048887-total-over-2.5-1789850540;2026-09-19T20:42:20.070708+00:00;2026-09-19T20:42:20.070708+00:00;Brazil - Serie A;Remo vs Santos;1636048887;total;over;2.5;1.971;1.885;4.363;0;0.78;0.54;1
1636506136-spread-away-0.5-1789850540;2026-09-19T20:42:20.070708+00:00;2026-09-19T20:42:20.070708+00:00;USA - USL Championship;Colorado Springs Switchbacks vs New Mexico United;1636506136;spread;away;0.5;1.99;1.917;3.668;0;4.28;4.03;1
1636004905-spread-away-1.0-1789850786;2026-09-19T20:46:26.882880+00:00;2026-09-19T20:46:26.882880+00:00;Argentina - Liga Pro;River Plate vs Huracan;1636004905;spread;away;1.0;1.952;1.926;1.332;0;1.21;0.97;1
1636498201-spread-home-0.0-1789851036;2026-09-19T20:50:36.815433+00:00;2026-09-19T20:50:36.815433+00:00;USA - Major League Soccer;CF Montreal vs Columbus Crew;1636498201;spread;home;0.0;2.06;1.952;5.243;0;2.66;2.41;1
1636531451-spread-home-0.0-1789851036;2026-09-19T20:50:36.815433+00:00;2026-09-19T20:50:36.815433+00:00;Peru - Liga 1;Deportivo Garcilaso vs Universitario de Deportes;1636531451;spread;home;0.0;1.943;1.752;9.83;0;2.16;1.91;1
1636531451-spread-away--0.0-1789851036;2026-09-19T20:50:36.815433+00:00;2026-09-19T20:50:36.815433+00:00;Peru - Liga 1;Deportivo Garcilaso vs Universitario de Deportes;1636531451;spread;away;-0.0;2.1;1.775;15.476;0;2.16;1.91;1
1636537454-spread-home-0.0-1789851036;2026-09-19T20:50:36.815433+00:00;2026-09-19T20:50:36.815433+00:00;Japan - J League;Machida Zelvia vs Kashiwa Reysol;1636537454;spread;home;0.0;1.893;1.826;3.539;0;11.14;10.9;1
1636048887-spread-home-0.0-1789851036;2026-09-19T20:50:36.815433+00:00;2026-09-19T20:50:36.815433+00:00;Brazil - Serie A;Remo vs Santos;1636048887;spread;home;0.0;2.12;1.806;14.811;0;0.64;0.39;1
1636498201-spread-away--0.0-1789851286;2026-09-19T20:54:46.237397+00:00;2026-09-19T20:54:46.237397+00:00;USA - Major League Soccer;CF Montreal vs Columbus Crew;1636498201;spread;away;-0.0;1.855;1.794;3.288;0;2.59;2.34;1
1636537269-spread-away--0.5-1789851286;2026-09-19T20:54:46.237397+00:00;2026-09-19T20:54:46.237397+00:00;Japan - Football League;YSCC Yokohama vs Briobecca Urayasu;1636537269;spread;away;-0.5;1.935;1.87;3.359;0;11.08;10.83;1
1636537454-spread-away--0.0-1789851286;2026-09-19T20:54:46.237397+00:00;2026-09-19T20:54:46.237397+00:00;Japan - J League;Machida Zelvia vs Kashiwa Reysol;1636537454;spread;away;-0.0;2.02;1.935;4.208;0;11.07;10.83;1
1636216729-spread-away--0.0-1789851286;2026-09-19T20:54:46.237397+00:00;2026-09-19T20:54:46.237397+00:00;Colombia - Primera A;Alianza Valledupar vs Independiente Santa Fe;1636216729;spread;away;-0.0;1.952;1.833;6.096;0;0.15;0;1
1636216729-spread-home-0.0-1789851286;2026-09-19T20:54:46.237397+00:00;2026-09-19T20:54:46.237397+00:00;Colombia - Primera A;Alianza Valledupar vs Independiente Santa Fe;1636216729;spread;home;0.0;2.03;1.775;12.562;0;0.15;0;1
1636498760-spread-away--0.0-1789850786;2026-09-19T20:46:26.882880+00:00;2026-09-19T20:59:00.189610+00:00;Mexico - Liga MX;Club America vs Chivas Guadalajara;1636498760;spread;away;-0.0;2.09;1.935;7.416;12.56;6.45;6.21;2
1636506136-spread-away-0.5-1789851540;2026-09-19T20:59:00.189610+00:00;2026-09-19T20:59:00.189610+00:00;USA - USL Championship;Colorado Springs Switchbacks vs New Mexico United;1636506136;spread;away;0.5;1.917;1.87;2.452;0;4.0;3.76;1
1636532627-total-under-2.5-1789852044;2026-09-19T21:07:24.005797+00:00;2026-09-19T21:07:24.005797+00:00;Honduras - Liga Nacional;Real Espana vs Motagua;1636532627;total;under;2.5;1.84;1.82;1.087;0;4.37;4.13;1
1636498196-spread-home--0.5-1789852044;2026-09-19T21:07:24.005797+00:00;2026-09-19T21:07:24.005797+00:00;USA - Major League Soccer;Colorado Rapids vs Seattle Sounders;1636498196;spread;home;-0.5;1.917;1.893;1.252;0;4.37;4.12;1
1636498201-spread-home-0.0-1789852044;2026-09-19T21:07:24.005797+00:00;2026-09-19T21:07:24.005797+00:00;USA - Major League Soccer;CF Montreal vs Columbus Crew;1636498201;spread;home;0.0;2.05;1.952;4.78;0;2.37;2.12;1
1636531451-spread-home-0.0-1789852044;2026-09-19T21:07:24.005797+00:00;2026-09-19T21:07:24.005797+00:00;Peru - Liga 1;Deportivo Garcilaso vs Universitario de Deportes;1636531451;spread;home;0.0;1.943;1.752;9.83;0;1.86;1.62;1
1636531451-spread-away--0.0-1789852044;2026-09-19T21:07:24.005797+00:00;2026-09-19T21:07:24.005797+00:00;Peru - Liga 1;Deportivo Garcilaso vs Universitario de Deportes;1636531451;spread;away;-0.0;2.1;1.775;15.476;0;1.86;1.62;1
1636537454-spread-home-0.0-1789852044;2026-09-19T21:07:24.005797+00:00;2026-09-19T21:07:24.005797+00:00;Japan - J League;Machida Zelvia vs Kashiwa Reysol;1636537454;spread;home;0.0;1.893;1.826;3.539;0;10.86;10.62;1
1636216242-total-over-2.5-1789852293;2026-09-19T21:11:33.422316+00:00;2026-09-19T21:11:33.422316+00:00;Colombia - Primera A;Deportivo Cali vs Cucuta;1636216242;total;over;2.5;2.06;2.03;1.456;0;1.97;1.72;1
1636498201-spread-away--0.0-1789852293;2026-09-19T21:11:33.422316+00:00;2026-09-19T21:11:33.422316+00:00;USA - Major League Soccer;CF Montreal vs Columbus Crew;1636498201;spread;away;-0.0;1.862;1.794;3.652;0;2.3;2.05;1
1636537454-spread-away--0.0-1789852293;2026-09-19T21:11:33.422316+00:00;2026-09-19T21:11:33.422316+00:00;Japan - J League;Machida Zelvia vs Kashiwa Reysol;1636537454;spread;away;-0.0;2.02;1.935;4.208;0;10.79;10.55;1
1636004905-spread-away-2.5-1789852541;2026-09-19T21:15:41.927263+00:00;2026-09-19T21:15:41.927263+00:00;Argentina - Liga Pro;River Plate vs Huracan;1636004905;spread;away;2.5;1.87;1.813;3.048;0;0.74;0.49;1
1636042553-spread-home--2.0-1789852541;2026-09-19T21:15:41.927263+00:00;2026-09-19T21:15:41.927263+00:00;Brazil - Serie A;Sao Paulo vs Internacional;1636042553;spread;home;-2.0;1.943;1.909;1.75;0;2.74;2.49;1
1636498182-spread-home-0.0-1789852541;2026-09-19T21:15:41.927263+00:00;2026-09-19T21:15:41.927263+00:00;USA - USL Championship;Brooklyn FC vs FC Tulsa;1636498182;spread;home;0.0;2.05;1.971;3.854;0;1.73;1.48;1
1636498760-spread-away--0.0-1789852541;2026-09-19T21:15:41.927263+00:00;2026-09-19T21:15:41.927263+00:00;Mexico - Liga MX;Club America vs Chivas Guadalajara;1636498760;spread;away;-0.0;2.09;1.935;7.416;0;5.97;5.72;1
1636498769-spread-home--1.5-1789853044;2026-09-19T21:24:04.698918+00:00;2026-09-19T21:24:04.698918+00:00;Bolivia - Cup;Aurora vs Universitario de Vinto;1636498769;spread;home;-1.5;1.99;1.962;1.407;0;0.09;0;1
1636498201-spread-home-0.0-1789853044;2026-09-19T21:24:04.698918+00:00;2026-09-19T21:24:04.698918+00:00;USA - Major League Soccer;CF Montreal vs Columbus Crew;1636498201;spread;home;0.0;2.05;1.952;4.78;0;2.09;1.85;1
1636537454-spread-home-0.0-1789853044;2026-09-19T21:24:04.698918+00:00;2026-09-19T21:24:04.698918+00:00;Japan - J League;Machida Zelvia vs Kashiwa Reysol;1636537454;spread;home;0.0;1.893;1.826;3.539;0;10.58;10.34;1
1636531451-spread-home-0.0-1789853044;2026-09-19T21:24:04.698918+00:00;2026-09-19T21:24:04.698918+00:00;Peru - Liga 1;Deportivo Garcilaso vs Universitario de Deportes;1636531451;spread;home;0.0;1.952;1.763;9.682;0;1.58;1.33;1
1636531451-spread-away--0.0-1789853044;2026-09-19T21:24:04.698918+00:00;2026-09-19T21:24:04.698918+00:00;Peru - Liga 1;Deportivo Garcilaso vs Universitario de Deportes;1636531451;spread;away;-0.0;2.12;1.781;15.991;0;1.58;1.33;1
1636048887-total-over-2.5-1789852541;2026-09-19T21:15:41.927263+00:00;2026-09-19T21:28:18.801883+00:00;Brazil - Serie A;Remo vs Santos;1636048887;total;over;2.5;1.885;1.847;2.016;12.61;0.24;0;2
1636689362-spread-away--0.0-1789853298;2026-09-19T21:28:18.801883+00:00;2026-09-19T21:28:18.801883+00:00;Ecuador - Serie A;Guayaquil City vs Leones del Norte;1636689362;spread;away;-0.0;1.926;1.813;5.867;0;0.03;0;1
1636498201-spread-away--0.0-1789853298;2026-09-19T21:28:18.801883+00:00;2026-09-19T21:28:18.801883+00:00;USA - Major League Soccer;CF Montreal vs Columbus Crew;1636498201;spread;away;-0.0;1.862;1.794;3.652;0;2.02;1.78;1
1636506136-spread-home--0.5-1789853298;2026-09-19T21:28:18.801883+00:00;2026-09-19T21:28:18.801883+00:00;USA - USL Championship;Colorado Springs Switchbacks vs New Mexico United;1636506136;spread;home;-0.5;1.98;1.952;1.414;0;3.52;3.27;1
1636537454-spread-away--0.0-1789853298;2026-09-19T21:28:18.801883+00:00;2026-09-19T21:28:18.801883+00:00;Japan - J League;Machida Zelvia vs Kashiwa Reysol;1636537454;spread;away;-0.0;2.02;1.935;4.208;0;10.51;10.27;1
1636498186-spread-away-0.5-1789853547;2026-09-19T21:32:27.953639+00:00;2026-09-19T21:32:27.953639+00:00;USA - USL Championship;Detroit City vs Pittsburgh Riverhounds;1636498186;spread;away;0.5;1.926;1.862;3.323;0;1.46;1.21;1
1636042553-spread-away-0.5-1789853547;2026-09-19T21:32:27.953639+00:00;2026-09-19T21:32:27.953639+00:00;Brazil - Serie A;Sao Paulo vs Internacional;1636042553;spread;away;0.5;1.971;1.943;1.421;0;2.45;2.2;1
1636498760-spread-away--0.0-1789853547;2026-09-19T21:32:27.953639+00:00;2026-09-19T21:32:27.953639+00:00;Mexico - Liga MX;Club America vs Chivas Guadalajara;1636498760;spread;away;-0.0;2.1;1.935;7.857;0;5.69;5.44;1
1636004905-spread-away-1.0-1789853547;2026-09-19T21:32:27.953639+00:00;2026-09-19T21:32:27.953639+00:00;Argentina - Liga Pro;River Plate vs Huracan;1636004905;spread;away;1.0;1.943;1.917;1.338;0;0.44;0.19;1
1636532626-spread-home--1.0-1789853298;2026-09-19T21:28:18.801883+00:00;2026-09-19T21:40:49.537475+00:00;Panama - Primera Division;Plaza Amador vs Veraguas;1636532626;spread;home;-1.0;1.847;1.794;2.87;12.51;4.01;3.76;2
1636812317-spread-away--0.5-1789854049;2026-09-19T21:40:49.537475+00:00;2026-09-19T21:40:49.537475+00:00;Mexico - Liga TDP;Academia Dragones FC vs CeFor Chiapas;1636812317;spread;away;-0.5;1.952;1.926;1.332;0;3.3;3.06;1
1636537454-spread-home-0.0-1789854049;2026-09-19T21:40:49.537475+00:00;2026-09-19T21:40:49.537475+00:00;Japan - J League;Machida Zelvia vs Kashiwa Reysol;1636537454;spread;home;0.0;1.893;1.826;3.539;0;10.3;10.06;1
1636531451-spread-home-0.0-1789854049;2026-09-19T21:40:49.537475+00:00;2026-09-19T21:40:49.537475+00:00;Peru - Liga 1;Deportivo Garcilaso vs Universitario de Deportes;1636531451;spread;home;0.0;1.952;1.763;9.682;0;1.3;1.05;1
1636531451-spread-away--0.0-1789854049;2026-09-19T21:40:49.537475+00:00;2026-09-19T21:40:49.537475+00:00;Peru - Liga 1;Deportivo Garcilaso vs Universitario de Deportes;1636531451;spread;away;-0.0;2.12;1.781;15.991;0;1.3;1.05;1
1636498201-spread-home-0.0-1789854049;2026-09-19T21:40:49.537475+00:00;2026-09-19T21:40:49.537475+00:00;USA - Major League Soccer;CF Montreal vs Columbus Crew;1636498201;spread;home;0.0;2.05;1.952;4.78;0;1.8;1.55;1
1636498185-spread-home--1.0-1789854300;2026-09-19T21:45:00.180292+00:00;2026-09-19T21:45:00.180292+00:00;USA - USL Championship;Lexington SC vs Orange County;1636498185;spread;home;-1.0;2.07;1.99;3.865;0;1.25;1.0;1
1636537454-spread-away--0.0-1789854300;2026-09-19T21:45:00.180292+00:00;2026-09-19T21:45:00.180292+00:00;Japan - J League;Machida Zelvia vs Kashiwa Reysol;1636537454;spread;away;-0.0;2.02;1.935;4.208;0;10.23;9.98;1
1636498201-spread-away--0.0-1789854300;2026-09-19T21:45:00.180292+00:00;2026-09-19T21:45:00.180292+00:00;USA - Major League Soccer;CF Montreal vs Columbus Crew;1636498201;spread;away;-0.0;1.862;1.794;3.652;0;1.73;1.48;1
1636506126-spread-home--0.5-1789854300;2026-09-19T21:45:00.180292+00:00;2026-09-19T21:45:00.180292+00:00;USA - Major League Soccer;D.C. United vs Charlotte FC;1636506126;spread;home;-0.5;1.82;1.8;1.099;0;1.73;1.48;1
1636506139-spread-home-0.0-1789854554;2026-09-19T21:49:14.323467+00:00;2026-09-19T21:49:14.323467+00:00;USA - Major League Soccer;New England Revolution vs Orlando City;1636506139;spread;home;0.0;2.11;2.05;2.844;0;1.68;1.43;1
1636498760-spread-away--0.0-1789854554;2026-09-19T21:49:14.323467+00:00;2026-09-19T21:49:14.323467+00:00;Mexico - Liga MX;Club America vs Chivas Guadalajara;1636498760;spread;away;-0.0;2.1;1.935;7.857;0;5.41;5.16;1
1636506142-spread-home--0.5-1789854804;2026-09-19T21:53:24.543108+00:00;2026-09-19T21:53:24.543108+00:00;USA - Major League Soccer;Houston Dynamo vs FC Cincinnati;1636506142;spread;home;-0.5;2.04;1.98;2.941;0;2.61;2.36;1
1636498196-spread-home--0.5-1789854804;2026-09-19T21:53:24.543108+00:00;2026-09-19T21:53:24.543108+00:00;USA - Major League Soccer;Colorado Rapids vs Seattle Sounders;1636498196;spread;home;-0.5;1.917;1.855;3.234;0;3.61;3.36;1
1636506134-spread-home--1.0-1789854804;2026-09-19T21:53:24.543108+00:00;2026-09-19T21:53:24.543108+00:00;USA - Major League Soccer;St Louis City SC vs Toronto FC;1636506134;spread;home;-1.0;2.05;2.02;1.463;0;2.61;2.36;1
1636532573-spread-home--1.0-1789854804;2026-09-19T21:53:24.543108+00:00;2026-09-19T21:53:24.543108+00:00;USA - USL League One;Forward Madison vs AV Alta;1636532573;spread;home;-1.0;1.962;1.909;2.701;0;1.1;0.84;1
1636498201-spread-home-0.0-1789855060;2026-09-19T21:57:40.071703+00:00;2026-09-19T21:57:40.071703+00:00;USA - Major League Soccer;CF Montreal vs Columbus Crew;1636498201;spread;home;0.0;2.05;1.952;4.78;0;1.54;1.29;1
1636531451-spread-home-0.0-1789855060;2026-09-19T21:57:40.071703+00:00;2026-09-19T21:57:40.071703+00:00;Peru - Liga 1;Deportivo Garcilaso vs Universitario de Deportes;1636531451;spread;home;0.0;1.952;1.763;9.682;0;1.04;0.78;1
1636531451-spread-away--0.0-1789855060;2026-09-19T21:57:40.071703+00:00;2026-09-19T21:57:40.071703+00:00;Peru - Liga 1;Deportivo Garcilaso vs Universitario de Deportes;1636531451;spread;away;-0.0;2.12;1.781;15.991;0;1.04;0.78;1
1636506136-spread-home--0.5-1789855060;2026-09-19T21:57:40.071703+00:00;2026-09-19T21:57:40.071703+00:00;USA - USL Championship;Colorado Springs Switchbacks vs New Mexico United;1636506136;spread;home;-0.5;1.952;1.87;4.201;0;3.03;2.77;1
1636537454-spread-home-0.0-1789855060;2026-09-19T21:57:40.071703+00:00;2026-09-19T21:57:40.071703+00:00;Japan - J League;Machida Zelvia vs Kashiwa Reysol;1636537454;spread;home;0.0;1.893;1.826;3.539;0;10.03;9.77;1
1636532616-spread-home-0.0-1789855314;2026-09-19T22:01:54.277722+00:00;2026-09-19T22:01:54.277722+00:00;Korea Republic - K League 1;Incheon United vs Daejeon Citizen;1636532616;spread;home;0.0;2.03;1.909;5.961;0;11.96;11.71;1
1636928816-total-under-2.5-1789855314;2026-09-19T22:01:54.277722+00:00;2026-09-19T22:01:54.277722+00:00;Ukraine - Persha Liga;Chernihiv vs Inhulets Petrove;1636928816;total;under;2.5;1.917;1.833;4.382;0;10.46;10.21;1
1636506126-spread-home--0.5-1789855314;2026-09-19T22:01:54.277722+00:00;2026-09-19T22:01:54.277722+00:00;USA - Major League Soccer;D.C. United vs Charlotte FC;1636506126;spread;home;-0.5;1.82;1.8;1.099;0;1.46;1.21;1
1636498201-spread-away--0.0-1789855314;2026-09-19T22:01:54.277722+00:00;2026-09-19T22:01:54.277722+00:00;USA - Major League Soccer;CF Montreal vs Columbus Crew;1636498201;spread;away;-0.0;1.862;1.794;3.652;0;1.46;1.21;1
1636986789-total-over-2.5-1789855314;2026-09-19T22:01:54.277722+00:00;2026-09-19T22:01:54.277722+00:00;Mexico - Liga Premier;Los Cabos United vs Tritones Vallarta;1636986789;total;over;2.5;1.84;1.813;1.467;0;4.96;4.7;1
1636537500-spread-home-0.0-1789855314;2026-09-19T22:01:54.277722+00:00;2026-09-19T22:01:54.277722+00:00;Korea Republic - K League 2;Seongnam FC vs Hwaseong;1636537500;spread;home;0.0;1.971;1.781;9.64;0;11.95;11.69;1
1636537454-spread-away--0.0-1789855314;2026-09-19T22:01:54.277722+00:00;2026-09-19T22:01:54.277722+00:00;Japan - J League;Machida Zelvia vs Kashiwa Reysol;1636537454;spread;away;-0.0;2.02;1.935;4.208;0;9.95;9.69;1
1636498760-spread-away--0.0-1789855572;2026-09-19T22:06:12.590802+00:00;2026-09-19T22:06:12.590802+00:00;Mexico - Liga MX;Club America vs Chivas Guadalajara;1636498760;spread;away;-0.0;2.11;1.935;8.294;0;5.14;4.89;1
1636537500-spread-away--0.0-1789855572;2026-09-19T22:06:12.590802+00:00;2026-09-19T22:06:12.590802+00:00;Korea Republic - K League 2;Seongnam FC vs Hwaseong;1636537500;spread;away;-0.0;1.935;1.862;3.773;0;11.88;11.62;1
1636537269-spread-away--0.5-1789855832;2026-09-19T22:10:32.169010+00:00;2026-09-19T22:10:32.169010+00:00;Japan - Football League;YSCC Yokohama vs Briobecca Urayasu;1636537269;spread;away;-0.5;1.885;1.833;2.759;0;9.82;9.57;1
1636498759-spread-home--0.5-1789855832;2026-09-19T22:10:32.169010+00:00;2026-09-19T22:10:32.169010+00:00;USA - Major League Soccer;Portland Timbers vs Atlanta United;1636498759;spread;home;-0.5;2.0;1.952;2.4;0;4.32;4.06;1
1636709568-spread-home--1.5-1789855832;2026-09-19T22:10:32.169010+00:00;2026-09-19T22:10:32.169010+00:00;Portugal - Cup;Fafe vs JD Lajense;1636709568;spread;home;-1.5;1.862;1.781;4.35;0;10.82;10.56;1
1636498201-spread-home-0.0-1789856092;2026-09-19T22:14:52.267242+00:00;2026-09-19T22:14:52.267242+00:00;USA - Major League Soccer;CF Montreal vs Columbus Crew;1636498201;spread;home;0.0;2.05;1.952;4.78;0;1.24;0.99;1
1636498185-spread-home--1.0-1789856092;2026-09-19T22:14:52.267242+00:00;2026-09-19T22:14:52.267242+00:00;USA - USL Championship;Lexington SC vs Orange County;1636498185;spread;home;-1.0;1.99;1.8;9.548;0;0.74;0.49;1
1636531451-spread-home-0.0-1789856092;2026-09-19T22:14:52.267242+00:00;2026-09-19T22:14:52.267242+00:00;Peru - Liga 1;Deportivo Garcilaso vs Universitario de Deportes;1636531451;spread;home;0.0;1.952;1.763;9.682;0;0.74;0.48;1
1636537454-spread-home-0.0-1789856092;2026-09-19T22:14:52.267242+00:00;2026-09-19T22:14:52.267242+00:00;Japan - J League;Machida Zelvia vs Kashiwa Reysol;1636537454;spread;home;0.0;1.893;1.826;3.539;0;9.73;9.48;1
1636506126-spread-home--0.5-1789856351;2026-09-19T22:19:11.408603+00:00;2026-09-19T22:19:11.408603+00:00;USA - Major League Soccer;D.C. United vs Charlotte FC;1636506126;spread;home;-0.5;1.82;1.8;1.099;0;1.17;0.91;1
1636506129-spread-away-1.0-1789856351;2026-09-19T22:19:11.408603+00:00;2026-09-19T22:19:11.408603+00:00;USA - Major League Soccer;FC Dallas vs Austin FC;1636506129;spread;away;1.0;1.943;1.826;6.022;0;2.17;1.91;1
1636506129-spread-home--1.0-1789856351;2026-09-19T22:19:11.408603+00:00;2026-09-19T22:19:11.408603+00:00;USA - Major League Soccer;FC Dallas vs Austin FC;1636506129;spread;home;-1.0;2.1;1.82;13.333;0;2.17;1.91;1
1636498201-spread-away--0.0-1789856351;2026-09-19T22:19:11.408603+00:00;2026-09-19T22:19:11.408603+00:00;USA - Major League Soccer;CF Montreal vs Columbus Crew;1636498201;spread;away;-0.0;1.862;1.794;3.652;0;1.17;0.91;1
1636532616-spread-home-0.0-1789856351;2026-09-19T22:19:11.408603+00:00;2026-09-19T22:19:11.408603+00:00;Korea Republic - K League 1;Incheon United vs Daejeon Citizen;1636532616;spread;home;0.0;2.03;1.909;5.961;0;11.67;11.41;1
1636532616-spread-away--0.0-1789856351;2026-09-19T22:19:11.408603+00:00;2026-09-19T22:19:11.408603+00:00;Korea Republic - K League 1;Incheon United vs Daejeon Citizen;1636532616;spread;away;-0.0;1.877;1.855;1.172;0;11.67;11.41;1
1636537500-spread-home-0.0-1789856351;2026-09-19T22:19:11.408603+00:00;2026-09-19T22:19:11.408603+00:00;Korea Republic - K League 2;Seongnam FC vs Hwaseong;1636537500;spread;home;0.0;1.98;1.781;10.051;0;11.67;11.41;1
1637050786-spread-home-0.0-1789856351;2026-09-19T22:19:11.408603+00:00;2026-09-19T22:19:11.408603+00:00;Spain - Tercera Division;Covadonga vs Caudal Deportivo;1637050786;spread;home;0.0;1.885;1.82;3.448;0;11.66;11.41;1
1636537454-spread-away--0.0-1789856351;2026-09-19T22:19:11.408603+00:00;2026-09-19T22:19:11.408603+00:00;Japan - J League;Machida Zelvia vs Kashiwa Reysol;1636537454;spread;away;-0.0;2.02;1.935;4.208;0;9.66;9.41;1
1636537500-spread-away--0.0-1789856607;2026-09-19T22:23:27.624037+00:00;2026-09-19T22:23:27.624037+00:00;Korea Republic - K League 2;Seongnam FC vs Hwaseong;1636537500;spread;away;-0.0;1.935;1.87;3.359;0;11.6;11.34;1
1636498760-spread-away--0.0-1789856607;2026-09-19T22:23:27.624037+00:00;2026-09-19T22:23:27.624037+00:00;Mexico - Liga MX;Club America vs Chivas Guadalajara;1636498760;spread;away;-0.0;2.11;1.935;8.294;0;4.84;4.59;1
1636537269-spread-home-0.5-1789856607;2026-09-19T22:23:27.624037+00:00;2026-09-19T22:23:27.624037+00:00;Japan - Football League;YSCC Yokohama vs Briobecca Urayasu;1636537269;spread;home;0.5;1.926;1.84;4.465;0;9.59;9.33;1
1636532703-spread-away-1.5-1789856865;2026-09-19T22:27:45.936438+00:00;2026-09-19T22:27:45.936438+00:00;USA - USL Championship;Charleston Battery vs Monterey Bay;1636532703;spread;away;1.5;1.901;1.862;2.052;0;0.52;0.27;1
1636812317-spread-home-0.5-1789856865;2026-09-19T22:27:45.936438+00:00;2026-09-19T22:27:45.936438+00:00;Mexico - Liga TDP;Academia Dragones FC vs CeFor Chiapas;1636812317;spread;home;0.5;1.787;1.763;1.343;0;2.52;2.27;1
1636498182-spread-away--0.0-1789857123;2026-09-19T22:32:03.550485+00:00;2026-09-19T22:32:03.550485+00:00;USA - USL Championship;Brooklyn FC vs FC Tulsa;1636498182;spread;away;-0.0;1.862;1.769;4.995;0;0.45;0.2;1
1636498201-spread-home-0.0-1789857123;2026-09-19T22:32:03.550485+00:00;2026-09-19T22:32:03.550485+00:00;USA - Major League Soccer;CF Montreal vs Columbus Crew;1636498201;spread;home;0.0;2.05;1.952;4.78;0;0.95;0.7;1
1636537454-spread-home-0.0-1789857123;2026-09-19T22:32:03.550485+00:00;2026-09-19T22:32:03.550485+00:00;Japan - J League;Machida Zelvia vs Kashiwa Reysol;1636537454;spread;home;0.0;1.893;1.826;3.539;0;9.45;9.19;1
1636537500-spread-home-0.0-1789857383;2026-09-19T22:36:23.435064+00:00;2026-09-19T22:36:23.435064+00:00;Korea Republic - K League 2;Seongnam FC vs Hwaseong;1636537500;spread;home;0.0;1.98;1.781;10.051;0;11.39;11.13;1
1636532731-spread-home--1.5-1789857383;2026-09-19T22:36:23.435064+00:00;2026-09-19T22:36:23.435064+00:00;USA - USL Championship;Tampa Bay Rowdies vs Birmingham Legion;1636532731;spread;home;-1.5;2.03;1.917;5.567;0;0.88;0.63;1
1636532616-spread-home-0.0-1789857383;2026-09-19T22:36:23.435064+00:00;2026-09-19T22:36:23.435064+00:00;Korea Republic - K League 1;Incheon United vs Daejeon Citizen;1636532616;spread;home;0.0;2.03;1.909;5.961;0;11.38;11.12;1
1636532616-spread-away--0.0-1789857383;2026-09-19T22:36:23.435064+00:00;2026-09-19T22:36:23.435064+00:00;Korea Republic - K League 1;Incheon United vs Daejeon Citizen;1636532616;spread;away;-0.0;1.877;1.855;1.172;0;11.38;11.12;1
1636506129-spread-away-1.0-1789857383;2026-09-19T22:36:23.435064+00:00;2026-09-19T22:36:23.435064+00:00;USA - Major League Soccer;FC Dallas vs Austin FC;1636506129;spread;away;1.0;1.943;1.833;5.661;0;1.88;1.62;1
1636506129-spread-home--1.0-1789857383;2026-09-19T22:36:23.435064+00:00;2026-09-19T22:36:23.435064+00:00;USA - Major League Soccer;FC Dallas vs Austin FC;1636506129;spread;home;-1.0;2.09;1.82;12.919;0;1.88;1.62;1
1636498764-spread-away--1.5-1789857383;2026-09-19T22:36:23.435064+00:00;2026-09-19T22:36:23.435064+00:00;USA - Major League Soccer;Sporting Kansas City vs Philadelphia Union;1636498764;spread;away;-1.5;1.893;1.826;3.539;0;1.88;1.62;1
1636506126-spread-home--0.5-1789857383;2026-09-19T22:36:23.435064+00:00;2026-09-19T22:36:23.435064+00:00;USA - Major League Soccer;D.C. United vs Charlotte FC;1636506126;spread;home;-0.5;1.82;1.8;1.099;0;0.88;0.62;1
1636498201-spread-away--0.0-1789857383;2026-09-19T22:36:23.435064+00:00;2026-09-19T22:36:23.435064+00:00;USA - Major League Soccer;CF Montreal vs Columbus Crew;1636498201;spread;away;-0.0;1.862;1.794;3.652;0;0.88;0.62;1
1636537454-spread-away--0.0-1789857383;2026-09-19T22:36:23.435064+00:00;2026-09-19T22:36:23.435064+00:00;Japan - J League;Machida Zelvia vs Kashiwa Reysol;1636537454;spread;away;-0.0;2.02;1.935;4.208;0;9.37;9.12;1
1636537500-spread-away--0.0-1789857641;2026-09-19T22:40:41.676915+00:00;2026-09-19T22:40:41.676915+00:00;Korea Republic - K League 2;Seongnam FC vs Hwaseong;1636537500;spread;away;-0.0;1.935;1.87;3.359;0;11.31;11.06;1
1636216242-spread-away-1.0-1789857641;2026-09-19T22:40:41.676915+00:00;2026-09-19T22:40:41.676915+00:00;Colombia - Primera A;Deportivo Cali vs Cucuta;1636216242;spread;away;1.0;2.0;1.962;1.9;0;0.47;0.21;1
1636498760-spread-away--0.0-1789857641;2026-09-19T22:40:41.676915+00:00;2026-09-19T22:40:41.676915+00:00;Mexico - Liga MX;Club America vs Chivas Guadalajara;1636498760;spread;away;-0.0;2.11;1.935;8.294;0;4.55;4.3;1
1636612095-spread-home--2.0-1789857641;2026-09-19T22:40:41.676915+00:00;2026-09-19T22:40:41.676915+00:00;Mexico - Liga Premier Serie A;Dragones de Oaxaca vs Canoneros;1636612095;spread;home;-2.0;1.971;1.775;9.944;0;1.3;1.05;1
1636498183-total-over-2.5-1789857123;2026-09-19T22:32:03.550485+00:00;2026-09-19T22:44:59.253282+00:00;Mexico - Liga MX;Atlas vs Pumas UNAM;1636498183;total;over;2.5;1.943;1.917;1.338;12.93;0.45;0.19;2
1636498183-spread-home-0.5-1789857899;2026-09-19T22:44:59.253282+00:00;2026-09-19T22:44:59.253282+00:00;Mexico - Liga MX;Atlas vs Pumas UNAM;1636498183;spread;home;0.5;1.917;1.877;2.087;0;0.23;0;1
1636498186-spread-away-0.5-1789857383;2026-09-19T22:36:23.435064+00:00;2026-09-19T22:49:17.161720+00:00;USA - USL Championship;Detroit City vs Pittsburgh Riverhounds;1636498186;spread;away;0.5;1.862;1.769;4.995;12.9;0.38;0.12;2
1636506129-spread-home-0.5-1789858157;2026-09-19T22:49:17.161720+00:00;2026-09-19T22:49:17.161720+00:00;USA - Major League Soccer;FC Dallas vs Austin FC;1636506129;spread;home;0.5;1.725;1.699;1.507;0;1.67;1.41;1
1636498201-spread-home-0.0-1789858157;2026-09-19T22:49:17.161720+00:00;2026-09-19T22:49:17.161720+00:00;USA - Major League Soccer;CF Montreal vs Columbus Crew;1636498201;spread;home;0.0;2.05;1.952;4.78;0;0.67;0.41;1
1636537454-spread-home-0.0-1789858157;2026-09-19T22:49:17.161720+00:00;2026-09-19T22:49:17.161720+00:00;Japan - J League;Machida Zelvia vs Kashiwa Reysol;1636537454;spread;home;0.0;1.893;1.826;3.539;0;9.16;8.91;1
1636537472-spread-home--1.5-1789858157;2026-09-19T22:49:17.161720+00:00;2026-09-19T22:49:17.161720+00:00;Indonesia - Championship;PSMS Medan vs Persiku Kudus;1636537472;spread;home;-1.5;1.935;1.87;3.359;0;9.66;9.4;1
1636537500-spread-home-0.0-1789858417;2026-09-19T22:53:37.543492+00:00;2026-09-19T22:53:37.543492+00:00;Korea Republic - K League 2;Seongnam FC vs Hwaseong;1636537500;spread;home;0.0;1.98;1.781;10.051;0;11.1;10.84;1
1636498760-spread-home-0.0-1789858417;2026-09-19T22:53:37.543492+00:00;2026-09-19T22:53:37.543492+00:00;Mexico - Liga MX;Club America vs Chivas Guadalajara;1636498760;spread;home;0.0;1.847;1.826;1.137;0;4.35;4.09;1
1636498201-spread-away--0.0-1789858417;2026-09-19T22:53:37.543492+00:00;2026-09-19T22:53:37.543492+00:00;USA - Major League Soccer;CF Montreal vs Columbus Crew;1636498201;spread;away;-0.0;1.862;1.794;3.652;0;0.6;0.34;1
1636506126-spread-home--0.5-1789858417;2026-09-19T22:53:37.543492+00:00;2026-09-19T22:53:37.543492+00:00;USA - Major League Soccer;D.C. United vs Charlotte FC;1636506126;spread;home;-0.5;1.82;1.8;1.099;0;0.6;0.34;1
1636506129-spread-away-1.0-1789858417;2026-09-19T22:53:37.543492+00:00;2026-09-19T22:53:37.543492+00:00;USA - Major League Soccer;FC Dallas vs Austin FC;1636506129;spread;away;1.0;1.952;1.833;6.096;0;1.6;1.34;1
1636506129-spread-home--1.0-1789858417;2026-09-19T22:53:37.543492+00:00;2026-09-19T22:53:37.543492+00:00;USA - Major League Soccer;FC Dallas vs Austin FC;1636506129;spread;home;-1.0;2.09;1.826;12.632;0;1.6;1.34;1
1636537454-spread-away--0.0-1789858417;2026-09-19T22:53:37.543492+00:00;2026-09-19T22:53:37.543492+00:00;Japan - J League;Machida Zelvia vs Kashiwa Reysol;1636537454;spread;away;-0.0;2.02;1.935;4.208;0;9.09;8.83;1
1636532616-spread-home-0.0-1789858417;2026-09-19T22:53:37.543492+00:00;2026-09-19T22:53:37.543492+00:00;Korea Republic - K League 1;Incheon United vs Daejeon Citizen;1636532616;spread;home;0.0;2.03;1.909;5.961;0;11.09;10.83;1
1636532616-spread-away--0.0-1789858417;2026-09-19T22:53:37.543492+00:00;2026-09-19T22:53:37.543492+00:00;Korea Republic - K League 1;Incheon United vs Daejeon Citizen;1636532616;spread;away;-0.0;1.877;1.855;1.172;0;11.09;10.83;1
1636216242-spread-away-1.0-1789858680;2026-09-19T22:58:00.421438+00:00;2026-09-19T22:58:00.421438+00:00;Colombia - Primera A;Deportivo Cali vs Cucuta;1636216242;spread;away;1.0;1.962;1.917;2.294;0;0.2;0;1
1636216242-spread-home--2.5-1789858680;2026-09-19T22:58:00.421438+00:00;2026-09-19T22:58:00.421438+00:00;Colombia - Primera A;Deportivo Cali vs Cucuta;1636216242;spread;home;-2.5;1.862;1.84;1.182;0;0.2;0;1
1636537500-spread-away--0.0-1789858680;2026-09-19T22:58:00.421438+00:00;2026-09-19T22:58:00.421438+00:00;Korea Republic - K League 2;Seongnam FC vs Hwaseong;1636537500;spread;away;-0.0;1.935;1.87;3.359;0;11.03;10.77;1
1636498760-spread-away--0.0-1789858680;2026-09-19T22:58:00.421438+00:00;2026-09-19T22:58:00.421438+00:00;Mexico - Liga MX;Club America vs Chivas Guadalajara;1636498760;spread;away;-0.0;2.07;1.935;6.522;0;4.28;4.02;1
1636498185-spread-home--2.5-1789858680;2026-09-19T22:58:00.421438+00:00;2026-09-19T22:58:00.421438+00:00;USA - USL Championship;Lexington SC vs Orange County;1636498185;spread;home;-2.5;1.926;1.813;5.867;0;0.01;0;1
1636042553-spread-away-0.5-1789858944;2026-09-19T23:02:24.709472+00:00;2026-09-19T23:02:24.709472+00:00;Brazil - Serie A;Sao Paulo vs Internacional;1636042553;spread;away;0.5;1.926;1.901;1.298;0;0.95;0.69;1
1636506134-spread-away-1.0-1789858417;2026-09-19T22:53:37.543492+00:00;2026-09-19T23:06:42.322469+00:00;USA - Major League Soccer;St Louis City SC vs Toronto FC;1636506134;spread;away;1.0;1.893;1.862;1.638;13.08;1.6;1.34;2
1636537454-spread-home-0.0-1789859202;2026-09-19T23:06:42.322469+00:00;2026-09-19T23:06:42.322469+00:00;Japan - J League;Machida Zelvia vs Kashiwa Reysol;1636537454;spread;home;0.0;1.885;1.826;3.13;0;8.89;8.63;1
1636532731-spread-away-1.5-1789859202;2026-09-19T23:06:42.322469+00:00;2026-09-19T23:06:42.322469+00:00;USA - USL Championship;Tampa Bay Rowdies vs Birmingham Legion;1636532731;spread;away;1.5;1.935;1.901;1.757;0;0.38;0.12;1
1636498201-spread-home-0.0-1789859202;2026-09-19T23:06:42.322469+00:00;2026-09-19T23:06:42.322469+00:00;USA - Major League Soccer;CF Montreal vs Columbus Crew;1636498201;spread;home;0.0;2.01;1.952;2.886;0;0.37;0.12;1
1636506126-spread-home-0.0-1789859202;2026-09-19T23:06:42.322469+00:00;2026-09-19T23:06:42.322469+00:00;USA - Major League Soccer;D.C. United vs Charlotte FC;1636506126;spread;home;0.0;2.12;2.07;2.358;0;0.37;0.12;1
1636537454-spread-away--0.0-1789859463;2026-09-19T23:11:03.430646+00:00;2026-09-19T23:11:03.430646+00:00;Japan - J League;Machida Zelvia vs Kashiwa Reysol;1636537454;spread;away;-0.0;2.02;1.943;3.812;0;8.81;8.56;1
1636498201-spread-away--0.0-1789859463;2026-09-19T23:11:03.430646+00:00;2026-09-19T23:11:03.430646+00:00;USA - Major League Soccer;CF Montreal vs Columbus Crew;1636498201;spread;away;-0.0;1.901;1.794;5.629;0;0.3;0.04;1
1636506129-spread-home--1.0-1789859463;2026-09-19T23:11:03.430646+00:00;2026-09-19T23:11:03.430646+00:00;USA - Major League Soccer;FC Dallas vs Austin FC;1636506129;spread;home;-1.0;2.09;1.826;12.632;0;1.3;1.04;1
1636506126-spread-home--0.5-1789859463;2026-09-19T23:11:03.430646+00:00;2026-09-19T23:11:03.430646+00:00;USA - Major League Soccer;D.C. United vs Charlotte FC;1636506126;spread;home;-0.5;1.82;1.8;1.099;0;0.3;0.04;1
1636498760-spread-home-0.0-1789859463;2026-09-19T23:11:03.430646+00:00;2026-09-19T23:11:03.430646+00:00;Mexico - Liga MX;Club America vs Chivas Guadalajara;1636498760;spread;home;0.0;1.855;1.826;1.563;0;4.05;3.79;1
1636537500-spread-home-0.0-1789859463;2026-09-19T23:11:03.430646+00:00;2026-09-19T23:11:03.430646+00:00;Korea Republic - K League 2;Seongnam FC vs Hwaseong;1636537500;spread;home;0.0;1.98;1.781;10.051;0;10.8;10.54;1
1636532616-spread-home-0.0-1789859463;2026-09-19T23:11:03.430646+00:00;2026-09-19T23:11:03.430646+00:00;Korea Republic - K League 1;Incheon United vs Daejeon Citizen;1636532616;spread;home;0.0;2.03;1.909;5.961;0;10.79;10.53;1
1636532616-spread-away--0.0-1789859463;2026-09-19T23:11:03.430646+00:00;2026-09-19T23:11:03.430646+00:00;Korea Republic - K League 1;Incheon United vs Daejeon Citizen;1636532616;spread;away;-0.0;1.877;1.855;1.172;0;10.79;10.53;1
1636537469-spread-away--0.0-1789859726;2026-09-19T23:15:26.859595+00:00;2026-09-19T23:15:26.859595+00:00;Indonesia - Championship;Deltras vs Barito Putera;1636537469;spread;away;-0.0;1.926;1.763;8.463;0;9.23;8.97;1
1636498760-spread-away--0.0-1789859726;2026-09-19T23:15:26.859595+00:00;2026-09-19T23:15:26.859595+00:00;Mexico - Liga MX;Club America vs Chivas Guadalajara;1636498760;spread;away;-0.0;2.07;1.935;6.522;0;3.97;3.72;1
1636537500-spread-away--0.0-1789859726;2026-09-19T23:15:26.859595+00:00;2026-09-19T23:15:26.859595+00:00;Korea Republic - K League 2;Seongnam FC vs Hwaseong;1636537500;spread;away;-0.0;1.935;1.87;3.359;0;10.72;10.46;1
1636506129-spread-away-1.0-1789859463;2026-09-19T23:11:03.430646+00:00;2026-09-19T23:19:46.172711+00:00;USA - Major League Soccer;FC Dallas vs Austin FC;1636506129;spread;away;1.0;1.952;1.826;6.455;8.71;1.3;1.04;2
1636498201-spread-away-0.5-1789859986;2026-09-19T23:19:46.172711+00:00;2026-09-19T23:19:46.172711+00:00;USA - Major League Soccer;CF Montreal vs Columbus Crew;1636498201;spread;away;0.5;1.926;1.806;6.231;0;0.17;0;1
1636498201-spread-home-0.0-1789860250;2026-09-19T23:24:10.653130+00:00;2026-09-19T23:24:10.653130+00:00;USA - Major League Soccer;CF Montreal vs Columbus Crew;1636498201;spread;home;0.0;2.06;1.952;5.243;0;0.09;0;1
1636537454-spread-home-0.0-1789860250;2026-09-19T23:24:10.653130+00:00;2026-09-19T23:24:10.653130+00:00;Japan - J League;Machida Zelvia vs Kashiwa Reysol;1636537454;spread;home;0.0;1.885;1.826;3.13;0;8.58;8.32;1
1636537469-total-over-2.5-1789859726;2026-09-19T23:15:26.859595+00:00;2026-09-19T23:28:37.531859+00:00;Indonesia - Championship;Deltras vs Barito Putera;1636537469;total;over;2.5;1.98;1.952;1.414;13.18;9.23;8.97;2
1636506126-spread-home--0.5-1789860517;2026-09-19T23:28:37.531859+00:00;2026-09-19T23:28:37.531859+00:00;USA - Major League Soccer;D.C. United vs Charlotte FC;1636506126;spread;home;-0.5;1.82;1.8;1.099;0;0.02;0;1
1636498201-spread-away--0.0-1789860517;2026-09-19T23:28:37.531859+00:00;2026-09-19T23:28:37.531859+00:00;USA - Major League Soccer;CF Montreal vs Columbus Crew;1636498201;spread;away;-0.0;1.855;1.794;3.288;0;0.02;0;1
1636506129-spread-home--1.0-1789860517;2026-09-19T23:28:37.531859+00:00;2026-09-19T23:28:37.531859+00:00;USA - Major League Soccer;FC Dallas vs Austin FC;1636506129;spread;home;-1.0;2.09;1.826;12.632;0;1.02;0.76;1
1636537454-spread-away--0.0-1789860517;2026-09-19T23:28:37.531859+00:00;2026-09-19T23:28:37.531859+00:00;Japan - J League;Machida Zelvia vs Kashiwa Reysol;1636537454;spread;away;-0.0;2.02;1.943;3.812;0;8.51;8.25;1
1636498760-spread-home-0.0-1789860517;2026-09-19T23:28:37.531859+00:00;2026-09-19T23:28:37.531859+00:00;Mexico - Liga MX;Club America vs Chivas Guadalajara;1636498760;spread;home;0.0;1.847;1.826;1.137;0;3.76;3.5;1
1636532616-spread-home-0.0-1789860517;2026-09-19T23:28:37.531859+00:00;2026-09-19T23:28:37.531859+00:00;Korea Republic - K League 1;Incheon United vs Daejeon Citizen;1636532616;spread;home;0.0;2.04;1.909;6.422;0;10.5;10.24;1
1636537500-spread-home-0.0-1789860517;2026-09-19T23:28:37.531859+00:00;2026-09-19T23:28:37.531859+00:00;Korea Republic - K League 2;Seongnam FC vs Hwaseong;1636537500;spread;home;0.0;1.98;1.781;10.051;0;10.5;10.24;1
1636537284-spread-away--2.0-1789860517;2026-09-19T23:28:37.531859+00:00;2026-09-19T23:28:37.531859+00:00;Cambodia - Premier League;Kirivong Soksen Chey vs Angkor Tiger;1636537284;spread;away;-2.0;1.943;1.909;1.75;0;9.25;8.99;1
1636042553-spread-away-0.5-1789860780;2026-09-19T23:33:00.714082+00:00;2026-09-19T23:33:00.714082+00:00;Brazil - Serie A;Sao Paulo vs Internacional;1636042553;spread;away;0.5;1.909;1.877;1.676;0;0.45;0.19;1
1636498760-spread-away--0.0-1789860780;2026-09-19T23:33:00.714082+00:00;2026-09-19T23:33:00.714082+00:00;Mexico - Liga MX;Club America vs Chivas Guadalajara;1636498760;spread;away;-0.0;2.07;1.935;6.522;0;3.68;3.42;1
1636537500-spread-away--0.0-1789860780;2026-09-19T23:33:00.714082+00:00;2026-09-19T23:33:00.714082+00:00;Korea Republic - K League 2;Seongnam FC vs Hwaseong;1636537500;spread;away;-0.0;1.935;1.87;3.359;0;10.43;10.17;1
1636709475-spread-away--0.0-1789861044;2026-09-19T23:37:24.171420+00:00;2026-09-19T23:37:24.171420+00:00;Venezuela - Primera Division;Deportivo La Guaira vs Deportivo Tachira;1636709475;spread;away;-0.0;2.01;1.952;2.886;0;0.37;0.11;1
1636506129-spread-away-1.0-1789861044;2026-09-19T23:37:24.171420+00:00;2026-09-19T23:37:24.171420+00:00;USA - Major League Soccer;FC Dallas vs Austin FC;1636506129;spread;away;1.0;1.952;1.826;6.455;0;0.87;0.61;1
1636537454-spread-home-0.0-1789861308;2026-09-19T23:41:48.605754+00:00;2026-09-19T23:41:48.605754+00:00;Japan - J League;Machida Zelvia vs Kashiwa Reysol;1636537454;spread;home;0.0;1.885;1.826;3.13;0;8.3;8.04;1
1636537454-spread-away--0.0-1789861578;2026-09-19T23:46:18.100336+00:00;2026-09-19T23:46:18.100336+00:00;Japan - J League;Machida Zelvia vs Kashiwa Reysol;1636537454;spread;away;-0.0;2.02;1.943;3.812;0;8.23;7.96;1
1636537500-spread-home-0.0-1789861578;2026-09-19T23:46:18.100336+00:00;2026-09-19T23:46:18.100336+00:00;Korea Republic - K League 2;Seongnam FC vs Hwaseong;1636537500;spread;home;0.0;1.98;1.781;10.051;0;10.23;9.96;1
1636537469-total-over-2.5-1789861578;2026-09-19T23:46:18.100336+00:00;2026-09-19T23:46:18.100336+00:00;Indonesia - Championship;Deltras vs Barito Putera;1636537469;total;over;2.5;1.952;1.917;1.793;0;8.72;8.46;1
1636498760-spread-home-0.0-1789861578;2026-09-19T23:46:18.100336+00:00;2026-09-19T23:46:18.100336+00:00;Mexico - Liga MX;Club America vs Chivas Guadalajara;1636498760;spread;home;0.0;1.855;1.826;1.563;0;3.47;3.21;1
1636506129-spread-home--1.0-1789861578;2026-09-19T23:46:18.100336+00:00;2026-09-19T23:46:18.100336+00:00;USA - Major League Soccer;FC Dallas vs Austin FC;1636506129;spread;home;-1.0;2.09;1.826;12.632;0;0.72;0.46;1
1636532616-spread-home-0.0-1789861578;2026-09-19T23:46:18.100336+00:00;2026-09-19T23:46:18.100336+00:00;Korea Republic - K League 1;Incheon United vs Daejeon Citizen;1636532616;spread;home;0.0;2.04;1.909;6.422;0;10.21;9.94;1
1636537500-spread-away--0.0-1789861845;2026-09-19T23:50:45.971941+00:00;2026-09-19T23:50:45.971941+00:00;Korea Republic - K League 2;Seongnam FC vs Hwaseong;1636537500;spread;away;-0.0;1.935;1.87;3.359;0;10.15;9.89;1
1636709475-spread-home-0.0-1789861845;2026-09-19T23:50:45.971941+00:00;2026-09-19T23:50:45.971941+00:00;Venezuela - Primera Division;Deportivo La Guaira vs Deportivo Tachira;1636709475;spread;home;0.0;1.87;1.82;2.674;0;0.15;0;1
1636498760-spread-away--0.0-1789861845;2026-09-19T23:50:45.971941+00:00;2026-09-19T23:50:45.971941+00:00;Mexico - Liga MX;Club America vs Chivas Guadalajara;1636498760;spread;away;-0.0;2.07;1.935;6.522;0;3.4;3.14;1
1636537454-spread-home-0.0-1789862370;2026-09-19T23:59:30.606779+00:00;2026-09-19T23:59:30.606779+00:00;Japan - J League;Machida Zelvia vs Kashiwa Reysol;1636537454;spread;home;0.0;1.885;1.826;3.13;0;7.99;7.72;1
1636498760-total-over-2.5-1789862370;2026-09-19T23:59:30.606779+00:00;2026-09-19T23:59:30.606779+00:00;Mexico - Liga MX;Club America vs Chivas Guadalajara;1636498760;total;over;2.5;1.877;1.855;1.172;0;3.24;2.97;1
1636554001-spread-away--0.5-1789862638;2026-09-20T00:03:58.529139+00:00;2026-09-20T00:03:58.529139+00:00;Sweden - Allsvenskan;Halmstads vs AIK;1636554001;spread;away;-0.5;2.05;1.87;8.78;0;11.93;11.67;1
1636532616-spread-home-0.0-1789862638;2026-09-20T00:03:58.529139+00:00;2026-09-20T00:03:58.529139+00:00;Korea Republic - K League 1;Incheon United vs Daejeon Citizen;1636532616;spread;home;0.0;2.04;1.909;6.422;0;9.93;9.66;1
1636537500-spread-home-0.0-1789862638;2026-09-20T00:03:58.529139+00:00;2026-09-20T00:03:58.529139+00:00;Korea Republic - K League 2;Seongnam FC vs Hwaseong;1636537500;spread;home;0.0;1.98;1.781;10.051;0;9.92;9.66;1
1636537454-spread-away--0.0-1789862638;2026-09-20T00:03:58.529139+00:00;2026-09-20T00:03:58.529139+00:00;Japan - J League;Machida Zelvia vs Kashiwa Reysol;1636537454;spread;away;-0.0;2.02;1.943;3.812;0;7.92;7.65;1
1636498760-spread-home-0.0-1789862638;2026-09-20T00:03:58.529139+00:00;2026-09-20T00:03:58.529139+00:00;Mexico - Liga MX;Club America vs Chivas Guadalajara;1636498760;spread;home;0.0;1.847;1.826;1.137;0;3.16;2.9;1
1636506142-spread-away-0.5-1789862103;2026-09-19T23:55:03.574004+00:00;2026-09-20T00:08:24.134413+00:00;USA - Major League Soccer;Houston Dynamo vs FC Cincinnati;1636506142;spread;away;0.5;1.901;1.877;1.262;13.34;0.57;0.31;2
1636554001-spread-home-0.5-1789862904;2026-09-20T00:08:24.134413+00:00;2026-09-20T00:08:24.134413+00:00;Sweden - Allsvenskan;Halmstads vs AIK;1636554001;spread;home;0.5;1.885;1.833;2.759;0;11.86;11.59;1
1636549991-spread-home-0.0-1789862904;2026-09-20T00:08:24.134413+00:00;2026-09-20T00:08:24.134413+00:00;Sweden - Allsvenskan;Kalmar vs Hacken;1636549991;spread;home;0.0;2.11;1.794;14.976;0;11.86;11.59;1
1636549994-spread-home--0.5-1789862904;2026-09-20T00:08:24.134413+00:00;2026-09-20T00:08:24.134413+00:00;Denmark - Division 1;AaB vs Vendsyssel;1636549994;spread;home;-0.5;1.917;1.82;5.06;0;11.86;11.59;1
1636549994-spread-away-0.5-1789862904;2026-09-20T00:08:24.134413+00:00;2026-09-20T00:08:24.134413+00:00;Denmark - Division 1;AaB vs Vendsyssel;1636549994;spread;away;0.5;1.935;1.901;1.757;0;11.86;11.59;1
1636498764-spread-home-1.0-1789862904;2026-09-20T00:08:24.134413+00:00;2026-09-20T00:08:24.134413+00:00;USA - Major League Soccer;Sporting Kansas City vs Philadelphia Union;1636498764;spread;home;1.0;2.09;2.05;1.914;0;0.35;0.08;1
1636537500-spread-away--0.0-1789862904;2026-09-20T00:08:24.134413+00:00;2026-09-20T00:08:24.134413+00:00;Korea Republic - K League 2;Seongnam FC vs Hwaseong;1636537500;spread;away;-0.0;1.935;1.87;3.359;0;9.85;9.58;1
1636498760-spread-away--0.0-1789862904;2026-09-20T00:08:24.134413+00:00;2026-09-20T00:08:24.134413+00:00;Mexico - Liga MX;Club America vs Chivas Guadalajara;1636498760;spread;away;-0.0;2.07;1.935;6.522;0;3.09;2.82;1
1636537469-spread-away--0.5-1789862370;2026-09-19T23:59:30.606779+00:00;2026-09-20T00:12:53.954518+00:00;Indonesia - Championship;Deltras vs Barito Putera;1636537469;spread;away;-0.5;1.943;1.794;7.669;13.39;8.49;8.22;2
1636549991-spread-away--0.0-1789863173;2026-09-20T00:12:53.954518+00:00;2026-09-20T00:12:53.954518+00:00;Sweden - Allsvenskan;Kalmar vs Hacken;1636549991;spread;away;-0.0;1.962;1.781;9.225;0;11.78;11.52;1
1636498190-spread-away-1.5-1789863173;2026-09-20T00:12:53.954518+00:00;2026-09-20T00:12:53.954518+00:00;USA - Major League Soccer;Minnesota United vs Los Angeles Galaxy;1636498190;spread;away;1.5;1.893;1.833;3.17;0;0.27;0.01;1
1636537469-total-over-2.5-1789863173;2026-09-20T00:12:53.954518+00:00;2026-09-20T00:12:53.954518+00:00;Indonesia - Championship;Deltras vs Barito Putera;1636537469;total;over;2.5;1.943;1.917;1.338;0;8.27;8.0;1
1636537502-spread-away--0.0-1789863446;2026-09-20T00:17:26.521828+00:00;2026-09-20T00:17:26.521828+00:00;Spain - Segunda Federacion;Ciudad de Lucena vs Tenerife II;1636537502;spread;away;-0.0;1.99;1.935;2.764;0;9.69;9.42;1
1636537454-spread-home-0.0-1789863446;2026-09-20T00:17:26.521828+00:00;2026-09-20T00:17:26.521828+00:00;Japan - J League;Machida Zelvia vs Kashiwa Reysol;1636537454;spread;home;0.0;1.885;1.826;3.13;0;7.69;7.42;1
1636554001-spread-away--0.5-1789863715;2026-09-20T00:21:55.717796+00:00;2026-09-20T00:21:55.717796+00:00;Sweden - Allsvenskan;Halmstads vs AIK;1636554001;spread;away;-0.5;2.05;1.87;8.78;0;11.63;11.36;1
1636532616-spread-home-0.0-1789863715;2026-09-20T00:21:55.717796+00:00;2026-09-20T00:21:55.717796+00:00;Korea Republic - K League 1;Incheon United vs Daejeon Citizen;1636532616;spread;home;0.0;2.04;1.909;6.422;0;9.63;9.35;1
1636498196-spread-away--0.5-1789863715;2026-09-20T00:21:55.717796+00:00;2026-09-20T00:21:55.717796+00:00;USA - Major League Soccer;Colorado Rapids vs Seattle Sounders;1636498196;spread;away;-0.5;2.08;1.99;4.327;0;1.12;0.85;1
1636537500-spread-home-0.0-1789863715;2026-09-20T00:21:55.717796+00:00;2026-09-20T00:21:55.717796+00:00;Korea Republic - K League 2;Seongnam FC vs Hwaseong;1636537500;spread;home;0.0;1.98;1.781;10.051;0;9.62;9.35;1
1636537454-spread-away--0.0-1789863715;2026-09-20T00:21:55.717796+00:00;2026-09-20T00:21:55.717796+00:00;Japan - J League;Machida Zelvia vs Kashiwa Reysol;1636537454;spread;away;-0.0;2.02;1.943;3.812;0;7.62;7.34;1
1636498760-spread-home-0.0-1789863715;2026-09-20T00:21:55.717796+00:00;2026-09-20T00:21:55.717796+00:00;Mexico - Liga MX;Club America vs Chivas Guadalajara;1636498760;spread;home;0.0;1.847;1.826;1.137;0;2.86;2.59;1
1636549994-spread-home--0.5-1789863982;2026-09-20T00:26:22.228248+00:00;2026-09-20T00:26:22.228248+00:00;Denmark - Division 1;AaB vs Vendsyssel;1636549994;spread;home;-0.5;1.917;1.82;5.06;0;11.56;11.28;1
1636549994-spread-away-0.5-1789863982;2026-09-20T00:26:22.228248+00:00;2026-09-20T00:26:22.228248+00:00;Denmark - Division 1;AaB vs Vendsyssel;1636549994;spread;away;0.5;1.935;1.901;1.757;0;11.56;11.28;1
1636506142-spread-away-0.5-1789863982;2026-09-20T00:26:22.228248+00:00;2026-09-20T00:26:22.228248+00:00;USA - Major League Soccer;Houston Dynamo vs FC Cincinnati;1636506142;spread;away;0.5;1.877;1.855;1.172;0;0.05;0;1
1636554001-spread-home-0.5-1789863982;2026-09-20T00:26:22.228248+00:00;2026-09-20T00:26:22.228248+00:00;Sweden - Allsvenskan;Halmstads vs AIK;1636554001;spread;home;0.5;1.885;1.833;2.759;0;11.55;11.27;1
1636549991-spread-home-0.0-1789863982;2026-09-20T00:26:22.228248+00:00;2026-09-20T00:26:22.228248+00:00;Sweden - Allsvenskan;Kalmar vs Hacken;1636549991;spread;home;0.0;2.11;1.794;14.976;0;11.55;11.27;1
1636537500-spread-away--0.0-1789863982;2026-09-20T00:26:22.228248+00:00;2026-09-20T00:26:22.228248+00:00;Korea Republic - K League 2;Seongnam FC vs Hwaseong;1636537500;spread;away;-0.0;1.935;1.87;3.359;0;9.55;9.27;1
1636498760-spread-away--0.0-1789863982;2026-09-20T00:26:22.228248+00:00;2026-09-20T00:26:22.228248+00:00;Mexico - Liga MX;Club America vs Chivas Guadalajara;1636498760;spread;away;-0.0;2.07;1.935;6.522;0;2.79;2.51;1
1636537469-total-over-2.5-1789864260;2026-09-20T00:31:00.200473+00:00;2026-09-20T00:31:00.200473+00:00;Indonesia - Championship;Deltras vs Barito Putera;1636537469;total;over;2.5;1.917;1.87;2.452;0;7.98;7.7;1
1636555259-spread-away--0.5-1789864260;2026-09-20T00:31:00.200473+00:00;2026-09-20T00:31:00.200473+00:00;Italy - Serie C Group B;Vado vs Pescara;1636555259;spread;away;-0.5;1.971;1.775;9.944;0;11.97;11.69;1
1636549991-spread-away--0.0-1789864260;2026-09-20T00:31:00.200473+00:00;2026-09-20T00:31:00.200473+00:00;Sweden - Allsvenskan;Kalmar vs Hacken;1636549991;spread;away;-0.0;1.962;1.781;9.225;0;11.47;11.19;1
1636928816-total-under-2.5-1789864260;2026-09-20T00:31:00.200473+00:00;2026-09-20T00:31:00.200473+00:00;Ukraine - Persha Liga;Chernihiv vs Inhulets Petrove;1636928816;total;under;2.5;1.833;1.794;2.128;0;7.97;7.69;1
1636866504-spread-home--2.0-1789864260;2026-09-20T00:31:00.200473+00:00;2026-09-20T00:31:00.200473+00:00;Spain - Tercera Division;Ibiza Islas Pitiusas vs CE Sineu;1636866504;spread;home;-2.0;1.909;1.806;5.395;0;9.47;9.19;1
1636618375-spread-home-0.0-1789864260;2026-09-20T00:31:00.200473+00:00;2026-09-20T00:31:00.200473+00:00;Spain - Tercera Division;Salamanca UDS II vs Arandina;1636618375;spread;home;0.0;1.893;1.82;3.856;0;9.47;9.19;1
1636555259-spread-home-0.5-1789864538;2026-09-20T00:35:38.650597+00:00;2026-09-20T00:35:38.650597+00:00;Italy - Serie C Group B;Vado vs Pescara;1636555259;spread;home;0.5;1.935;1.855;4.134;0;11.9;11.62;1
1636537454-spread-home-0.0-1789864538;2026-09-20T00:35:38.650597+00:00;2026-09-20T00:35:38.650597+00:00;Japan - J League;Machida Zelvia vs Kashiwa Reysol;1636537454;spread;home;0.0;1.885;1.826;3.13;0;7.39;7.11;1
1636535522-spread-home--0.5-1789864817;2026-09-20T00:40:17.474079+00:00;2026-09-20T00:40:17.474079+00:00;Chinese Taipei - Premier League;Hang Yuan vs Tatung;1636535522;spread;home;-0.5;1.885;1.862;1.22;0;7.32;7.04;1
1636537500-spread-home-0.0-1789864817;2026-09-20T00:40:17.474079+00:00;2026-09-20T00:40:17.474079+00:00;Korea Republic - K League 2;Seongnam FC vs Hwaseong;1636537500;spread;home;0.0;1.98;1.781;10.051;0;9.32;9.04;1
1636532616-spread-home-0.0-1789864817;2026-09-20T00:40:17.474079+00:00;2026-09-20T00:40:17.474079+00:00;Korea Republic - K League 1;Incheon United vs Daejeon Citizen;1636532616;spread;home;0.0;2.04;1.909;6.422;0;9.31;9.03;1
1636554001-spread-away--0.5-1789864817;2026-09-20T00:40:17.474079+00:00;2026-09-20T00:40:17.474079+00:00;Sweden - Allsvenskan;Halmstads vs AIK;1636554001;spread;away;-0.5;2.05;1.87;8.78;0;11.31;11.03;1
1636498760-spread-home-0.0-1789864817;2026-09-20T00:40:17.474079+00:00;2026-09-20T00:40:17.474079+00:00;Mexico - Liga MX;Club America vs Chivas Guadalajara;1636498760;spread;home;0.0;1.847;1.826;1.137;0;2.56;2.28;1
1636549994-spread-home--0.5-1789865101;2026-09-20T00:45:01.035796+00:00;2026-09-20T00:45:01.035796+00:00;Denmark - Division 1;AaB vs Vendsyssel;1636549994;spread;home;-0.5;1.917;1.82;5.06;0;11.24;10.97;1
1636549994-spread-away-0.5-1789865101;2026-09-20T00:45:01.035796+00:00;2026-09-20T00:45:01.035796+00:00;Denmark - Division 1;AaB vs Vendsyssel;1636549994;spread;away;0.5;1.935;1.901;1.757;0;11.24;10.97;1
1636537500-spread-away--0.0-1789865101;2026-09-20T00:45:01.035796+00:00;2026-09-20T00:45:01.035796+00:00;Korea Republic - K League 2;Seongnam FC vs Hwaseong;1636537500;spread;away;-0.0;1.935;1.87;3.359;0;9.24;8.96;1
1636535477-spread-home-1.5-1789865101;2026-09-20T00:45:01.035796+00:00;2026-09-20T00:45:01.035796+00:00;Hong Kong - HKFA 2. Division;Kwong Wah vs Wanchai;1636535477;spread;home;1.5;1.847;1.794;2.87;0;4.73;4.45;1
1636554001-spread-home-0.5-1789865101;2026-09-20T00:45:01.035796+00:00;2026-09-20T00:45:01.035796+00:00;Sweden - Allsvenskan;Halmstads vs AIK;1636554001;spread;home;0.5;1.885;1.833;2.759;0;11.23;10.95;1
1636537454-spread-away--0.0-1789865101;2026-09-20T00:45:01.035796+00:00;2026-09-20T00:45:01.035796+00:00;Japan - J League;Machida Zelvia vs Kashiwa Reysol;1636537454;spread;away;-0.0;2.02;1.943;3.812;0;7.23;6.95;1
1636498760-spread-away--0.0-1789865101;2026-09-20T00:45:01.035796+00:00;2026-09-20T00:45:01.035796+00:00;Mexico - Liga MX;Club America vs Chivas Guadalajara;1636498760;spread;away;-0.0;2.08;1.935;6.971;0;2.48;2.2;1
1636555259-spread-away--0.5-1789865381;2026-09-20T00:49:41.385951+00:00;2026-09-20T00:49:41.385951+00:00;Italy - Serie C Group B;Vado vs Pescara;1636555259;spread;away;-0.5;1.971;1.775;9.944;0;11.66;11.38;1
1636555259-spread-home-0.5-1789865658;2026-09-20T00:54:18.179973+00:00;2026-09-20T00:54:18.179973+00:00;Italy - Serie C Group B;Vado vs Pescara;1636555259;spread;home;0.5;1.935;1.855;4.134;0;11.59;11.31;1
1636532744-spread-home--1.0-1789865658;2026-09-20T00:54:18.179973+00:00;2026-09-20T00:54:18.179973+00:00;Mexico - Liga de Expansión MX;Atletico Morelia vs Leones Negros UDeG;1636532744;spread;home;-1.0;2.02;1.943;3.812;0;0.08;0;1
1636537454-spread-home-0.0-1789865658;2026-09-20T00:54:18.179973+00:00;2026-09-20T00:54:18.179973+00:00;Japan - J League;Machida Zelvia vs Kashiwa Reysol;1636537454;spread;home;0.0;1.885;1.826;3.13;0;7.08;6.79;1
1636532616-spread-home-0.0-1789865940;2026-09-20T00:59:00.297189+00:00;2026-09-20T00:59:00.297189+00:00;Korea Republic - K League 1;Incheon United vs Daejeon Citizen;1636532616;spread;home;0.0;2.04;1.909;6.422;0;9.01;8.73;1
1636537500-spread-home-0.0-1789865940;2026-09-20T00:59:00.297189+00:00;2026-09-20T00:59:00.297189+00:00;Korea Republic - K League 2;Seongnam FC vs Hwaseong;1636537500;spread;home;0.0;1.98;1.781;10.051;0;9.01;8.72;1
1636533847-spread-home--2.5-1789865940;2026-09-20T00:59:00.297189+00:00;2026-09-20T00:59:00.297189+00:00;Mexico - Liga de Expansión MX;Jaiba Brava vs Dorados;1636533847;spread;home;-2.5;1.82;1.794;1.429;0;0.0;0;1
1636581427-spread-home--1.0-1789865940;2026-09-20T00:59:00.297189+00:00;2026-09-20T00:59:00.297189+00:00;Mexico - Liga de Expansión MX;Cancun vs Alebrijes de Oaxaca;1636581427;spread;home;-1.0;1.971;1.862;5.53;0;0.0;0;2
1636581427-spread-away-1.0-1789865940;2026-09-20T00:59:00.297189+00:00;2026-09-20T00:59:00.297189+00:00;Mexico - Liga de Expansión MX;Cancun vs Alebrijes de Oaxaca;1636581427;spread;away;1.0;1.935;1.877;2.997;0;0.0;0;1
1635980515-spread-home-0.0-1789865940;2026-09-20T00:59:00.297189+00:00;2026-09-20T00:59:00.297189+00:00;France - Ligue 1;Auxerre vs Brest;1635980515;spread;home;0.0;2.12;1.813;14.481;0;12.0;11.71;1
1635980515-spread-away--0.0-1789865940;2026-09-20T00:59:00.297189+00:00;2026-09-20T00:59:00.297189+00:00;France - Ligue 1;Auxerre vs Brest;1635980515;spread;away;-0.0;1.971;1.671;15.221;0;12.0;11.71;1
1636554001-spread-away--0.5-1789865940;2026-09-20T00:59:00.297189+00:00;2026-09-20T00:59:00.297189+00:00;Sweden - Allsvenskan;Halmstads vs AIK;1636554001;spread;away;-0.5;2.05;1.87;8.78;0;11.0;10.71;1
1635918928-spread-home-0.0-1789866222;2026-09-20T01:03:42.563786+00:00;2026-09-20T01:03:42.563786+00:00;England - Premier League;Bournemouth vs Liverpool;1635918928;spread;home;0.0;1.99;1.833;7.889;0;11.93;11.64;1
1636498195-spread-home--0.5-1789866222;2026-09-20T01:03:42.563786+00:00;2026-09-20T01:03:42.563786+00:00;Italy - Serie B;Hellas Verona vs Vicenza;1636498195;spread;home;-0.5;1.909;1.813;5.029;0;11.93;11.64;1
1636498195-spread-away-0.5-1789866222;2026-09-20T01:03:42.563786+00:00;2026-09-20T01:03:42.563786+00:00;Italy - Serie B;Hellas Verona vs Vicenza;1636498195;spread;away;0.5;1.98;1.952;1.414;0;11.93;11.64;1
1636537500-spread-away--0.0-1789866222;2026-09-20T01:03:42.563786+00:00;2026-09-20T01:03:42.563786+00:00;Korea Republic - K League 2;Seongnam FC vs Hwaseong;1636537500;spread;away;-0.0;1.935;1.87;3.359;0;8.93;8.64;1
1636549994-spread-home--0.5-1789866222;2026-09-20T01:03:42.563786+00:00;2026-09-20T01:03:42.563786+00:00;Denmark - Division 1;AaB vs Vendsyssel;1636549994;spread;home;-0.5;1.917;1.82;5.06;0;10.92;10.63;1
1636549994-spread-away-0.5-1789866222;2026-09-20T01:03:42.563786+00:00;2026-09-20T01:03:42.563786+00:00;Denmark - Division 1;AaB vs Vendsyssel;1636549994;spread;away;0.5;1.935;1.901;1.757;0;10.92;10.63;1
1636688809-spread-away--0.0-1789866222;2026-09-20T01:03:42.563786+00:00;2026-09-20T01:03:42.563786+00:00;Uruguay - Primera Division;Albion vs Juventud;1636688809;spread;away;-0.0;1.962;1.8;8.257;0;11.92;11.63;1
1636537454-spread-away--0.0-1789866222;2026-09-20T01:03:42.563786+00:00;2026-09-20T01:03:42.563786+00:00;Japan - J League;Machida Zelvia vs Kashiwa Reysol;1636537454;spread;away;-0.0;2.02;1.943;3.812;0;6.92;6.63;1
1636554001-spread-home-0.5-1789866222;2026-09-20T01:03:42.563786+00:00;2026-09-20T01:03:42.563786+00:00;Sweden - Allsvenskan;Halmstads vs AIK;1636554001;spread;home;0.5;1.885;1.833;2.759;0;10.92;10.63;1
1636498760-spread-away--0.0-1789866222;2026-09-20T01:03:42.563786+00:00;2026-09-20T01:03:42.563786+00:00;Mexico - Liga MX;Club America vs Chivas Guadalajara;1636498760;spread;away;-0.0;2.08;1.935;6.971;0;2.16;1.88;1
1636555259-spread-away--0.5-1789866514;2026-09-20T01:08:34.644180+00:00;2026-09-20T01:08:34.644180+00:00;Italy - Serie C Group B;Vado vs Pescara;1636555259;spread;away;-0.5;1.971;1.775;9.944;0;11.35;11.07;1
1635918928-spread-away--0.0-1789866514;2026-09-20T01:08:34.644180+00:00;2026-09-20T01:08:34.644180+00:00;England - Premier League;Bournemouth vs Liverpool;1635918928;spread;away;-0.0;1.833;1.806;1.473;0;11.85;11.56;1
1636688809-spread-home-0.0-1789866514;2026-09-20T01:08:34.644180+00:00;2026-09-20T01:08:34.644180+00:00;Uruguay - Primera Division;Albion vs Juventud;1636688809;spread;home;0.0;1.909;1.87;2.043;0;11.84;11.56;1
1636506137-spread-home-0.5-1789866514;2026-09-20T01:08:34.644180+00:00;2026-09-20T01:08:34.644180+00:00;USA - Major League Soccer;Real Salt Lake vs Vancouver Whitecaps;1636506137;spread;home;0.5;2.06;2.03;1.456;0;0.33;0.05;1
1636506137-spread-home-1.5-1789866514;2026-09-20T01:08:34.644180+00:00;2026-09-20T01:08:34.644180+00:00;USA - Major League Soccer;Real Salt Lake vs Vancouver Whitecaps;1636506137;spread;home;1.5;1.855;1.833;1.186;0;0.33;0.05;1
1636498196-spread-away-0.5-1789866514;2026-09-20T01:08:34.644180+00:00;2026-09-20T01:08:34.644180+00:00;USA - Major League Soccer;Colorado Rapids vs Seattle Sounders;1636498196;spread;away;0.5;2.02;1.98;1.98;0;0.33;0.05;1
1636506135-spread-away-2.0-1789866514;2026-09-20T01:08:34.644180+00:00;2026-09-20T01:08:34.644180+00:00;USA - Major League Soccer;Nashville SC vs Chicago Fire;1636506135;spread;away;2.0;1.862;1.82;2.256;0;0.33;0.05;1
1636537469-total-under-2.5-1789865940;2026-09-20T00:59:00.297189+00:00;2026-09-20T01:13:24.438537+00:00;Indonesia - Championship;Deltras vs Barito Putera;1636537469;total;under;2.5;1.826;1.787;2.136;14.4;7.5;7.21;2
1636555259-spread-home-0.5-1789866804;2026-09-20T01:13:24.438537+00:00;2026-09-20T01:13:24.438537+00:00;Italy - Serie C Group B;Vado vs Pescara;1636555259;spread;home;0.5;1.935;1.855;4.134;0;11.26;10.97;1
1636537469-spread-home-0.5-1789866804;2026-09-20T01:13:24.438537+00:00;2026-09-20T01:13:24.438537+00:00;Indonesia - Championship;Deltras vs Barito Putera;1636537469;spread;home;0.5;1.917;1.84;4.017;0;7.26;6.97;1
1636537454-spread-home-0.0-1789866804;2026-09-20T01:13:24.438537+00:00;2026-09-20T01:13:24.438537+00:00;Japan - J League;Machida Zelvia vs Kashiwa Reysol;1636537454;spread;home;0.0;1.885;1.826;3.13;0;6.76;6.47;1
1636554001-spread-away--0.5-1789867089;2026-09-20T01:18:09.369529+00:00;2026-09-20T01:18:09.369529+00:00;Sweden - Allsvenskan;Halmstads vs AIK;1636554001;spread;away;-0.5;2.05;1.87;8.78;0;10.7;10.4;1
1636986789-total-over-2.5-1789867089;2026-09-20T01:18:09.369529+00:00;2026-09-20T01:18:09.369529+00:00;Mexico - Liga Premier;Los Cabos United vs Tritones Vallarta;1636986789;total;over;2.5;1.826;1.794;1.752;0;1.69;1.4;1
1636532616-spread-home-0.0-1789867089;2026-09-20T01:18:09.369529+00:00;2026-09-20T01:18:09.369529+00:00;Korea Republic - K League 1;Incheon United vs Daejeon Citizen;1636532616;spread;home;0.0;2.04;1.909;6.422;0;8.69;8.4;1
1635980515-spread-home-0.0-1789867089;2026-09-20T01:18:09.369529+00:00;2026-09-20T01:18:09.369529+00:00;France - Ligue 1;Auxerre vs Brest;1635980515;spread;home;0.0;2.12;1.813;14.481;0;11.69;11.39;1
1635980515-spread-away--0.0-1789867089;2026-09-20T01:18:09.369529+00:00;2026-09-20T01:18:09.369529+00:00;France - Ligue 1;Auxerre vs Brest;1635980515;spread;away;-0.0;1.971;1.671;15.221;0;11.69;11.39;1
1636537500-spread-home-0.0-1789867089;2026-09-20T01:18:09.369529+00:00;2026-09-20T01:18:09.369529+00:00;Korea Republic - K League 2;Seongnam FC vs Hwaseong;1636537500;spread;home;0.0;1.98;1.781;10.051;0;8.68;8.39;1
1636498760-spread-home-0.0-1789867089;2026-09-20T01:18:09.369529+00:00;2026-09-20T01:18:09.369529+00:00;Mexico - Liga MX;Club America vs Chivas Guadalajara;1636498760;spread;home;0.0;1.855;1.833;1.186;0;1.93;1.63;1
1636554001-spread-home-0.5-1789867376;2026-09-20T01:22:56.553562+00:00;2026-09-20T01:22:56.553562+00:00;Sweden - Allsvenskan;Halmstads vs AIK;1636554001;spread;home;0.5;1.885;1.833;2.759;0;10.62;10.32;1
1636549994-spread-home--0.5-1789867376;2026-09-20T01:22:56.553562+00:00;2026-09-20T01:22:56.553562+00:00;Denmark - Division 1;AaB vs Vendsyssel;1636549994;spread;home;-0.5;1.917;1.82;5.06;0;10.62;10.32;1
1636549994-spread-away-0.5-1789867376;2026-09-20T01:22:56.553562+00:00;2026-09-20T01:22:56.553562+00:00;Denmark - Division 1;AaB vs Vendsyssel;1636549994;spread;away;0.5;1.935;1.901;1.757;0;10.62;10.32;1
1635918928-spread-home-0.0-1789867376;2026-09-20T01:22:56.553562+00:00;2026-09-20T01:22:56.553562+00:00;England - Premier League;Bournemouth vs Liverpool;1635918928;spread;home;0.0;1.99;1.833;7.889;0;11.61;11.31;1
1636688809-spread-away--0.0-1789867376;2026-09-20T01:22:56.553562+00:00;2026-09-20T01:22:56.553562+00:00;Uruguay - Primera Division;Albion vs Juventud;1636688809;spread;away;-0.0;1.971;1.8;8.676;0;11.61;11.31;1
1636537500-spread-away--0.0-1789867376;2026-09-20T01:22:56.553562+00:00;2026-09-20T01:22:56.553562+00:00;Korea Republic - K League 2;Seongnam FC vs Hwaseong;1636537500;spread;away;-0.0;1.935;1.87;3.359;0;8.6;8.31;1
1636537454-spread-away--0.0-1789867376;2026-09-20T01:22:56.553562+00:00;2026-09-20T01:22:56.553562+00:00;Japan - J League;Machida Zelvia vs Kashiwa Reysol;1636537454;spread;away;-0.0;2.02;1.943;3.812;0;6.6;6.3;1
1636498195-spread-home--0.5-1789867376;2026-09-20T01:22:56.553562+00:00;2026-09-20T01:22:56.553562+00:00;Italy - Serie B;Hellas Verona vs Vicenza;1636498195;spread;home;-0.5;1.917;1.813;5.425;0;11.6;11.3;1
1636498195-spread-away-0.5-1789867376;2026-09-20T01:22:56.553562+00:00;2026-09-20T01:22:56.553562+00:00;Italy - Serie B;Hellas Verona vs Vicenza;1636498195;spread;away;0.5;1.99;1.952;1.91;0;11.6;11.3;1
1636498760-spread-away--0.0-1789867376;2026-09-20T01:22:56.553562+00:00;2026-09-20T01:22:56.553562+00:00;Mexico - Liga MX;Club America vs Chivas Guadalajara;1636498760;spread;away;-0.0;2.06;1.935;6.068;0;1.85;1.55;1
1635918928-spread-away--0.0-1789867662;2026-09-20T01:27:42.981224+00:00;2026-09-20T01:27:42.981224+00:00;England - Premier League;Bournemouth vs Liverpool;1635918928;spread;away;-0.0;1.833;1.806;1.473;0;11.53;11.31;1
1636688809-spread-home-0.0-1789867662;2026-09-20T01:27:42.981224+00:00;2026-09-20T01:27:42.981224+00:00;Uruguay - Primera Division;Albion vs Juventud;1636688809;spread;home;0.0;1.909;1.885;1.257;0;11.53;11.31;1
1636555259-spread-away--0.5-1789867662;2026-09-20T01:27:42.981224+00:00;2026-09-20T01:27:42.981224+00:00;Italy - Serie C Group B;Vado vs Pescara;1636555259;spread;away;-0.5;1.971;1.775;9.944;0;11.02;10.81;1
1636533851-total-over-2.5-1789867963;2026-09-20T01:32:43.204914+00:00;2026-09-20T01:32:43.204914+00:00;Costa Rica - Primera Division;Deportivo Saprissa vs Herediano;1636533851;total;over;2.5;1.952;1.917;1.793;0;0.45;0.23;1
1636535477-spread-home-1.0-1789867963;2026-09-20T01:32:43.204914+00:00;2026-09-20T01:32:43.204914+00:00;Hong Kong - HKFA 2. Division;Kwong Wah vs Wanchai;1636535477;spread;home;1.0;1.855;1.794;3.288;0;3.95;3.73;1
1636866492-total-over-2.5-1789867963;2026-09-20T01:32:43.204914+00:00;2026-09-20T01:32:43.204914+00:00;Italy - Serie D;Celle Varazze vs Ligorna;1636866492;total;over;2.5;1.862;1.84;1.182;0;11.44;11.22;1
1636866492-total-under-2.5-1789867963;2026-09-20T01:32:43.204914+00:00;2026-09-20T01:32:43.204914+00:00;Italy - Serie D;Celle Varazze vs Ligorna;1636866492;total;under;2.5;1.833;1.813;1.091;0;11.44;11.22;1
1636555259-spread-home-0.5-1789867963;2026-09-20T01:32:43.204914+00:00;2026-09-20T01:32:43.204914+00:00;Italy - Serie C Group B;Vado vs Pescara;1636555259;spread;home;0.5;1.935;1.855;4.134;0;10.94;10.72;1
1636537469-spread-home-0.5-1789867963;2026-09-20T01:32:43.204914+00:00;2026-09-20T01:32:43.204914+00:00;Indonesia - Championship;Deltras vs Barito Putera;1636537469;spread;home;0.5;1.84;1.769;3.859;0;6.94;6.72;1
1636537454-spread-home-0.0-1789867963;2026-09-20T01:32:43.204914+00:00;2026-09-20T01:32:43.204914+00:00;Japan - J League;Machida Zelvia vs Kashiwa Reysol;1636537454;spread;home;0.0;1.885;1.826;3.13;0;6.44;6.22;1
1636554001-spread-away--0.5-1789868263;2026-09-20T01:37:43.331449+00:00;2026-09-20T01:37:43.331449+00:00;Sweden - Allsvenskan;Halmstads vs AIK;1636554001;spread;away;-0.5;2.05;1.87;8.78;0;10.37;10.15;1
1636532616-spread-home-0.0-1789868263;2026-09-20T01:37:43.331449+00:00;2026-09-20T01:37:43.331449+00:00;Korea Republic - K League 1;Incheon United vs Daejeon Citizen;1636532616;spread;home;0.0;2.04;1.909;6.422;0;8.36;8.14;1
1635980515-spread-home-0.0-1789868263;2026-09-20T01:37:43.331449+00:00;2026-09-20T01:37:43.331449+00:00;France - Ligue 1;Auxerre vs Brest;1635980515;spread;home;0.0;2.12;1.813;14.481;0;11.36;11.14;1
1635980515-spread-away--0.0-1789868263;2026-09-20T01:37:43.331449+00:00;2026-09-20T01:37:43.331449+00:00;France - Ligue 1;Auxerre vs Brest;1635980515;spread;away;-0.0;1.971;1.671;15.221;0;11.36;11.14;1
1636537500-spread-home-0.0-1789868263;2026-09-20T01:37:43.331449+00:00;2026-09-20T01:37:43.331449+00:00;Korea Republic - K League 2;Seongnam FC vs Hwaseong;1636537500;spread;home;0.0;1.98;1.781;10.051;0;8.36;8.13;1
1636549994-spread-home--0.5-1789868566;2026-09-20T01:42:46.961403+00:00;2026-09-20T01:42:46.961403+00:00;Denmark - Division 1;AaB vs Vendsyssel;1636549994;spread;home;-0.5;1.917;1.82;5.06;0;10.29;10.07;1
1636549994-spread-away-0.5-1789868566;2026-09-20T01:42:46.961403+00:00;2026-09-20T01:42:46.961403+00:00;Denmark - Division 1;AaB vs Vendsyssel;1636549994;spread;away;0.5;1.935;1.901;1.757;0;10.29;10.07;1
1636498195-spread-home--0.5-1789868566;2026-09-20T01:42:46.961403+00:00;2026-09-20T01:42:46.961403+00:00;Italy - Serie B;Hellas Verona vs Vicenza;1636498195;spread;home;-0.5;1.917;1.813;5.425;0;11.28;11.06;1
1636498195-spread-away-0.5-1789868566;2026-09-20T01:42:46.961403+00:00;2026-09-20T01:42:46.961403+00:00;Italy - Serie B;Hellas Verona vs Vicenza;1636498195;spread;away;0.5;1.99;1.952;1.91;0;11.28;11.06;1
1636555259-spread-away--0.5-1789868566;2026-09-20T01:42:46.961403+00:00;2026-09-20T01:42:46.961403+00:00;Italy - Serie C Group B;Vado vs Pescara;1636555259;spread;away;-0.5;1.971;1.775;9.944;0;10.78;10.55;1
1636554001-spread-home-0.5-1789868566;2026-09-20T01:42:46.961403+00:00;2026-09-20T01:42:46.961403+00:00;Sweden - Allsvenskan;Halmstads vs AIK;1636554001;spread;home;0.5;1.885;1.833;2.759;0;10.27;10.05;1
1636537500-spread-away--0.0-1789868566;2026-09-20T01:42:46.961403+00:00;2026-09-20T01:42:46.961403+00:00;Korea Republic - K League 2;Seongnam FC vs Hwaseong;1636537500;spread;away;-0.0;1.935;1.87;3.359;0;8.27;8.05;1
1636688809-spread-home-0.0-1789868566;2026-09-20T01:42:46.961403+00:00;2026-09-20T01:42:46.961403+00:00;Uruguay - Primera Division;Albion vs Juventud;1636688809;spread;home;0.0;1.909;1.885;1.257;0;11.27;11.05;1
1636688809-spread-away--0.0-1789868566;2026-09-20T01:42:46.961403+00:00;2026-09-20T01:42:46.961403+00:00;Uruguay - Primera Division;Albion vs Juventud;1636688809;spread;away;-0.0;1.971;1.8;8.676;0;11.27;11.05;1
1636537454-spread-away--0.0-1789868566;2026-09-20T01:42:46.961403+00:00;2026-09-20T01:42:46.961403+00:00;Japan - J League;Machida Zelvia vs Kashiwa Reysol;1636537454;spread;away;-0.0;2.02;1.943;3.812;0;6.26;6.04;1
1635918928-spread-away--0.0-1789868566;2026-09-20T01:42:46.961403+00:00;2026-09-20T01:42:46.961403+00:00;England - Premier League;Bournemouth vs Liverpool;1635918928;spread;away;-0.0;1.833;1.806;1.473;0;11.26;11.04;1
1635918928-spread-home-0.0-1789868566;2026-09-20T01:42:46.961403+00:00;2026-09-20T01:42:46.961403+00:00;England - Premier League;Bournemouth vs Liverpool;1635918928;spread;home;0.0;1.99;1.833;7.889;0;11.26;11.04;1
1636535535-spread-home--1.0-1789868874;2026-09-20T01:47:54.612287+00:00;2026-09-20T01:47:54.612287+00:00;Indonesia - Super League;Dewa United vs PSS Sleman;1636535535;spread;home;-1.0;1.847;1.82;1.462;0;6.7;6.47;1
1636532647-spread-away--0.0-1789868874;2026-09-20T01:47:54.612287+00:00;2026-09-20T01:47:54.612287+00:00;Hong Kong - HKFA 2. Division;Kowloon Cricket Club vs Tsun Tat;1636532647;spread;away;-0.0;1.98;1.87;5.556;0;3.19;2.97;1
1636555259-spread-home-0.5-1789868874;2026-09-20T01:47:54.612287+00:00;2026-09-20T01:47:54.612287+00:00;Italy - Serie C Group B;Vado vs Pescara;1636555259;spread;home;0.5;1.935;1.855;4.134;0;10.69;10.47;1
1636537454-spread-home-0.0-1789868874;2026-09-20T01:47:54.612287+00:00;2026-09-20T01:47:54.612287+00:00;Japan - J League;Machida Zelvia vs Kashiwa Reysol;1636537454;spread;home;0.0;1.885;1.826;3.13;0;6.18;5.96;1
1636553994-spread-away--0.5-1789868874;2026-09-20T01:47:54.612287+00:00;2026-09-20T01:47:54.612287+00:00;Estonia - Meistriliiga;Tartu JK Tammeka vs Nomme Kalju;1636553994;spread;away;-0.5;1.935;1.893;2.171;0;9.68;9.46;1
1635980515-spread-home-0.0-1789869184;2026-09-20T01:53:04.718418+00:00;2026-09-20T01:53:04.718418+00:00;France - Ligue 1;Auxerre vs Brest;1635980515;spread;home;0.0;2.12;1.813;14.481;0;11.11;10.89;1
1635980515-spread-away--0.0-1789869184;2026-09-20T01:53:04.718418+00:00;2026-09-20T01:53:04.718418+00:00;France - Ligue 1;Auxerre vs Brest;1635980515;spread;away;-0.0;1.971;1.671;15.221;0;11.11;10.89;1
1636498759-spread-home--1.0-1789869184;2026-09-20T01:53:04.718418+00:00;2026-09-20T01:53:04.718418+00:00;USA - Major League Soccer;Portland Timbers vs Atlanta United;1636498759;spread;home;-1.0;1.885;1.862;1.22;0;0.6;0.38;1
1636554001-spread-away--0.5-1789869184;2026-09-20T01:53:04.718418+00:00;2026-09-20T01:53:04.718418+00:00;Sweden - Allsvenskan;Halmstads vs AIK;1636554001;spread;away;-0.5;2.05;1.87;8.78;0;10.1;9.88;1
1636532616-spread-home-0.0-1789869184;2026-09-20T01:53:04.718418+00:00;2026-09-20T01:53:04.718418+00:00;Korea Republic - K League 1;Incheon United vs Daejeon Citizen;1636532616;spread;home;0.0;2.04;1.909;6.422;0;8.1;7.88;1
1636537500-spread-home-0.0-1789869184;2026-09-20T01:53:04.718418+00:00;2026-09-20T01:53:04.718418+00:00;Korea Republic - K League 2;Seongnam FC vs Hwaseong;1636537500;spread;home;0.0;1.98;1.781;10.051;0;8.1;7.88;1
1636506132-total-over-2.5-1789868874;2026-09-20T01:47:54.612287+00:00;2026-09-20T01:58:04.097022+00:00;USA - USL Championship;Las Vegas Lights vs Hartford Athletic;1636506132;total;over;2.5;1.901;1.87;1.631;10.16;0.69;0.46;2
1636554001-spread-home-0.5-1789869484;2026-09-20T01:58:04.097022+00:00;2026-09-20T01:58:04.097022+00:00;Sweden - Allsvenskan;Halmstads vs AIK;1636554001;spread;home;0.5;1.885;1.833;2.759;0;10.03;9.8;1
1636688809-spread-home-0.0-1789869484;2026-09-20T01:58:04.097022+00:00;2026-09-20T01:58:04.097022+00:00;Uruguay - Primera Division;Albion vs Juventud;1636688809;spread;home;0.0;1.909;1.885;1.257;0;11.03;10.8;1
1636688809-spread-away--0.0-1789869484;2026-09-20T01:58:04.097022+00:00;2026-09-20T01:58:04.097022+00:00;Uruguay - Primera Division;Albion vs Juventud;1636688809;spread;away;-0.0;1.971;1.8;8.676;0;11.03;10.8;1
1636498195-spread-home--0.5-1789869484;2026-09-20T01:58:04.097022+00:00;2026-09-20T01:58:04.097022+00:00;Italy - Serie B;Hellas Verona vs Vicenza;1636498195;spread;home;-0.5;1.917;1.813;5.425;0;11.03;10.8;1
1636498195-spread-away-0.5-1789869484;2026-09-20T01:58:04.097022+00:00;2026-09-20T01:58:04.097022+00:00;Italy - Serie B;Hellas Verona vs Vicenza;1636498195;spread;away;0.5;1.99;1.952;1.91;0;11.03;10.8;1
1636555259-spread-away--0.5-1789869484;2026-09-20T01:58:04.097022+00:00;2026-09-20T01:58:04.097022+00:00;Italy - Serie C Group B;Vado vs Pescara;1636555259;spread;away;-0.5;1.971;1.775;9.944;0;10.52;10.3;1
1635918928-spread-away--0.0-1789869484;2026-09-20T01:58:04.097022+00:00;2026-09-20T01:58:04.097022+00:00;England - Premier League;Bournemouth vs Liverpool;1635918928;spread;away;-0.0;1.833;1.806;1.473;0;11.02;10.8;1
1635918928-spread-home-0.0-1789869484;2026-09-20T01:58:04.097022+00:00;2026-09-20T01:58:04.097022+00:00;England - Premier League;Bournemouth vs Liverpool;1635918928;spread;home;0.0;1.99;1.833;7.889;0;11.02;10.8;1
1636537454-spread-away--0.0-1789869484;2026-09-20T01:58:04.097022+00:00;2026-09-20T01:58:04.097022+00:00;Japan - J League;Machida Zelvia vs Kashiwa Reysol;1636537454;spread;away;-0.0;2.07;1.943;6.135;0;6.01;5.78;1
1636549994-spread-home--0.5-1789869484;2026-09-20T01:58:04.097022+00:00;2026-09-20T01:58:04.097022+00:00;Denmark - Division 1;AaB vs Vendsyssel;1636549994;spread;home;-0.5;1.917;1.82;5.06;0;10.01;9.78;1
1636549994-spread-away-0.5-1789869484;2026-09-20T01:58:04.097022+00:00;2026-09-20T01:58:04.097022+00:00;Denmark - Division 1;AaB vs Vendsyssel;1636549994;spread;away;0.5;1.935;1.901;1.757;0;10.01;9.78;1
1636537500-spread-away--0.0-1789869484;2026-09-20T01:58:04.097022+00:00;2026-09-20T01:58:04.097022+00:00;Korea Republic - K League 2;Seongnam FC vs Hwaseong;1636537500;spread;away;-0.0;1.935;1.87;3.359;0;8.01;7.78;1
1636555259-spread-home-0.5-1789869792;2026-09-20T02:03:12.331597+00:00;2026-09-20T02:03:12.331597+00:00;Italy - Serie C Group B;Vado vs Pescara;1636555259;spread;home;0.5;1.935;1.855;4.134;0;10.44;10.21;1
1636554001-spread-away--0.5-1789870107;2026-09-20T02:08:27.599216+00:00;2026-09-20T02:08:27.599216+00:00;Sweden - Allsvenskan;Halmstads vs AIK;1636554001;spread;away;-0.5;2.05;1.87;8.78;0;9.86;9.63;1
1635980515-spread-home-0.0-1789870107;2026-09-20T02:08:27.599216+00:00;2026-09-20T02:08:27.599216+00:00;France - Ligue 1;Auxerre vs Brest;1635980515;spread;home;0.0;2.12;1.813;14.481;0;10.84;10.61;1
1635980515-spread-away--0.0-1789870107;2026-09-20T02:08:27.599216+00:00;2026-09-20T02:08:27.599216+00:00;France - Ligue 1;Auxerre vs Brest;1635980515;spread;away;-0.0;1.971;1.671;15.221;0;10.84;10.61;1
1636532616-spread-home-0.0-1789870107;2026-09-20T02:08:27.599216+00:00;2026-09-20T02:08:27.599216+00:00;Korea Republic - K League 1;Incheon United vs Daejeon Citizen;1636532616;spread;home;0.0;2.04;1.909;6.422;0;7.84;7.61;1
1636498759-spread-away-0.5-1789870107;2026-09-20T02:08:27.599216+00:00;2026-09-20T02:08:27.599216+00:00;USA - Major League Soccer;Portland Timbers vs Atlanta United;1636498759;spread;away;0.5;1.952;1.893;3.023;0;0.34;0.11;1
1636537500-spread-home-0.0-1789870107;2026-09-20T02:08:27.599216+00:00;2026-09-20T02:08:27.599216+00:00;Korea Republic - K League 2;Seongnam FC vs Hwaseong;1636537500;spread;home;0.0;1.98;1.781;10.051;0;7.84;7.6;1
1636498195-spread-home--0.5-1789870424;2026-09-20T02:13:44.527457+00:00;2026-09-20T02:13:44.527457+00:00;Italy - Serie B;Hellas Verona vs Vicenza;1636498195;spread;home;-0.5;1.917;1.813;5.425;0;10.77;10.54;1
1636498195-spread-away-0.5-1789870424;2026-09-20T02:13:44.527457+00:00;2026-09-20T02:13:44.527457+00:00;Italy - Serie B;Hellas Verona vs Vicenza;1636498195;spread;away;0.5;1.99;1.952;1.91;0;10.77;10.54;1
1636554001-spread-home-0.5-1789870424;2026-09-20T02:13:44.527457+00:00;2026-09-20T02:13:44.527457+00:00;Sweden - Allsvenskan;Halmstads vs AIK;1636554001;spread;home;0.5;1.885;1.833;2.759;0;9.76;9.53;1
1636537454-spread-away--0.0-1789870424;2026-09-20T02:13:44.527457+00:00;2026-09-20T02:13:44.527457+00:00;Japan - J League;Machida Zelvia vs Kashiwa Reysol;1636537454;spread;away;-0.0;2.07;1.943;6.135;0;5.76;5.53;1
1635918928-spread-away--0.0-1789870424;2026-09-20T02:13:44.527457+00:00;2026-09-20T02:13:44.527457+00:00;England - Premier League;Bournemouth vs Liverpool;1635918928;spread;away;-0.0;1.833;1.806;1.473;0;10.76;10.52;1
1635918928-spread-home-0.0-1789870424;2026-09-20T02:13:44.527457+00:00;2026-09-20T02:13:44.527457+00:00;England - Premier League;Bournemouth vs Liverpool;1635918928;spread;home;0.0;1.99;1.833;7.889;0;10.76;10.52;1
1636555259-spread-away--0.5-1789870424;2026-09-20T02:13:44.527457+00:00;2026-09-20T02:13:44.527457+00:00;Italy - Serie C Group B;Vado vs Pescara;1636555259;spread;away;-0.5;1.971;1.775;9.944;0;10.25;10.02;1
1636688809-spread-home-0.0-1789870424;2026-09-20T02:13:44.527457+00:00;2026-09-20T02:13:44.527457+00:00;Uruguay - Primera Division;Albion vs Juventud;1636688809;spread;home;0.0;1.909;1.885;1.257;0;10.75;10.52;1
1636688809-spread-away--0.0-1789870424;2026-09-20T02:13:44.527457+00:00;2026-09-20T02:13:44.527457+00:00;Uruguay - Primera Division;Albion vs Juventud;1636688809;spread;away;-0.0;1.971;1.8;8.676;0;10.75;10.52;1
1636549994-spread-home--0.5-1789870424;2026-09-20T02:13:44.527457+00:00;2026-09-20T02:13:44.527457+00:00;Denmark - Division 1;AaB vs Vendsyssel;1636549994;spread;home;-0.5;1.917;1.82;5.06;0;9.75;9.52;1
1636549994-spread-away-0.5-1789870424;2026-09-20T02:13:44.527457+00:00;2026-09-20T02:13:44.527457+00:00;Denmark - Division 1;AaB vs Vendsyssel;1636549994;spread;away;0.5;1.935;1.901;1.757;0;9.75;9.52;1
1636553995-spread-away--1.0-1789870424;2026-09-20T02:13:44.527457+00:00;2026-09-20T02:13:44.527457+00:00;Thailand - League 1;Sukhothai vs Port FC;1636553995;spread;away;-1.0;1.98;1.952;1.414;0;9.25;9.02;1
1636537500-spread-away--0.0-1789870424;2026-09-20T02:13:44.527457+00:00;2026-09-20T02:13:44.527457+00:00;Korea Republic - K League 2;Seongnam FC vs Hwaseong;1636537500;spread;away;-0.0;1.935;1.87;3.359;0;7.75;7.51;1
1635984815-spread-home--0.5-1789870739;2026-09-20T02:18:59.354329+00:00;2026-09-20T02:18:59.354329+00:00;Italy - Serie A;Frosinone vs Como;1635984815;spread;home;-0.5;2.02;1.99;1.485;0;10.68;10.44;1
1636535501-spread-away-1.0-1789870739;2026-09-20T02:18:59.354329+00:00;2026-09-20T02:18:59.354329+00:00;Hong Kong - HKFA 1. Division;Resources Capital vs South China;1636535501;spread;away;1.0;1.909;1.8;5.71;0;5.18;4.94;1
1636549971-total-over-2.5-1789870739;2026-09-20T02:18:59.354329+00:00;2026-09-20T02:18:59.354329+00:00;Denmark - 2nd Division;Thisted vs Brabrand;1636549971;total;over;2.5;1.935;1.901;1.757;0;8.67;8.44;1
1636555259-spread-home-0.5-1789870739;2026-09-20T02:18:59.354329+00:00;2026-09-20T02:18:59.354329+00:00;Italy - Serie C Group B;Vado vs Pescara;1636555259;spread;home;0.5;1.935;1.855;4.134;0;10.17;9.93;1
1636569764-spread-home-0.0-1789870739;2026-09-20T02:18:59.354329+00:00;2026-09-20T02:18:59.354329+00:00;Spain - Segunda Division;Ceuta vs Real Valladolid;1636569764;spread;home;0.0;2.05;1.917;6.488;0;11.91;11.68;1
1636569764-spread-away--0.0-1789870739;2026-09-20T02:18:59.354329+00:00;2026-09-20T02:18:59.354329+00:00;Spain - Segunda Division;Ceuta vs Real Valladolid;1636569764;spread;away;-0.0;1.847;1.826;1.137;0;11.91;11.68;1
1635992344-spread-home-0.5-1789870739;2026-09-20T02:18:59.354329+00:00;2026-09-20T02:18:59.354329+00:00;Spain - La Liga;Atletico Madrid vs Real Madrid;1635992344;spread;home;0.5;1.885;1.826;3.13;0;11.91;11.68;1
1635992344-spread-away--0.5-1789870739;2026-09-20T02:18:59.354329+00:00;2026-09-20T02:18:59.354329+00:00;Spain - La Liga;Atletico Madrid vs Real Madrid;1635992344;spread;away;-0.5;2.03;1.971;2.906;0;11.91;11.68;1
1636498759-spread-away-0.5-1789871060;2026-09-20T02:24:20.420702+00:00;2026-09-20T02:24:20.420702+00:00;USA - Major League Soccer;Portland Timbers vs Atlanta United;1636498759;spread;away;0.5;1.893;1.87;1.215;0;0.09;0;1
1636554001-spread-away--0.5-1789871060;2026-09-20T02:24:20.420702+00:00;2026-09-20T02:24:20.420702+00:00;Sweden - Allsvenskan;Halmstads vs AIK;1636554001;spread;away;-0.5;2.05;1.87;8.78;0;9.59;9.35;1
1636532616-spread-home-0.0-1789871060;2026-09-20T02:24:20.420702+00:00;2026-09-20T02:24:20.420702+00:00;Korea Republic - K League 1;Incheon United vs Daejeon Citizen;1636532616;spread;home;0.0;2.04;1.909;6.422;0;7.58;7.35;1
1635980515-spread-home-0.0-1789871060;2026-09-20T02:24:20.420702+00:00;2026-09-20T02:24:20.420702+00:00;France - Ligue 1;Auxerre vs Brest;1635980515;spread;home;0.0;2.12;1.813;14.481;0;10.58;10.34;1
1635980515-spread-away--0.0-1789871060;2026-09-20T02:24:20.420702+00:00;2026-09-20T02:24:20.420702+00:00;France - Ligue 1;Auxerre vs Brest;1635980515;spread;away;-0.0;1.971;1.671;15.221;0;10.58;10.34;1
1636537500-spread-home-0.0-1789871060;2026-09-20T02:24:20.420702+00:00;2026-09-20T02:24:20.420702+00:00;Korea Republic - K League 2;Seongnam FC vs Hwaseong;1636537500;spread;home;0.0;1.98;1.781;10.051;0;7.57;7.33;1
1636535478-spread-away-2.5-1789870739;2026-09-20T02:18:59.354329+00:00;2026-09-20T02:29:39.030436+00:00;Hong Kong - HKFA 2. Division;Double Flower vs Wong Tai Sin;1636535478;spread;away;2.5;1.901;1.826;3.945;10.66;3.16;2.93;2
1636506132-spread-home--0.5-1789871379;2026-09-20T02:29:39.030436+00:00;2026-09-20T02:29:39.030436+00:00;USA - USL Championship;Las Vegas Lights vs Hartford Athletic;1636506132;spread;home;-0.5;2.03;1.909;5.961;0;0.0;0;2
1636506132-total-over-2.5-1789871379;2026-09-20T02:29:39.030436+00:00;2026-09-20T02:29:39.030436+00:00;USA - USL Championship;Las Vegas Lights vs Hartford Athletic;1636506132;total;over;2.5;1.87;1.847;1.23;0;0.0;0;2
1636506132-spread-away-0.5-1789871379;2026-09-20T02:29:39.030436+00:00;2026-09-20T02:29:39.030436+00:00;USA - USL Championship;Las Vegas Lights vs Hartford Athletic;1636506132;spread;away;0.5;1.855;1.826;1.563;0;0.0;0;1
1636555259-spread-away--0.5-1789871379;2026-09-20T02:29:39.030436+00:00;2026-09-20T02:29:39.030436+00:00;Italy - Serie C Group B;Vado vs Pescara;1636555259;spread;away;-0.5;1.971;1.775;9.944;0;10.0;9.76;1
1635918928-spread-away--0.0-1789871379;2026-09-20T02:29:39.030436+00:00;2026-09-20T02:29:39.030436+00:00;England - Premier League;Bournemouth vs Liverpool;1635918928;spread;away;-0.0;1.833;1.806;1.473;0;10.5;10.26;1
1635918928-spread-home-0.0-1789871379;2026-09-20T02:29:39.030436+00:00;2026-09-20T02:29:39.030436+00:00;England - Premier League;Bournemouth vs Liverpool;1635918928;spread;home;0.0;1.99;1.833;7.889;0;10.5;10.26;1
1636498195-spread-home--0.5-1789871379;2026-09-20T02:29:39.030436+00:00;2026-09-20T02:29:39.030436+00:00;Italy - Serie B;Hellas Verona vs Vicenza;1636498195;spread;home;-0.5;1.917;1.813;5.425;0;10.5;10.26;1
1636498195-spread-away-0.5-1789871379;2026-09-20T02:29:39.030436+00:00;2026-09-20T02:29:39.030436+00:00;Italy - Serie B;Hellas Verona vs Vicenza;1636498195;spread;away;0.5;1.99;1.952;1.91;0;10.5;10.26;1
1636537500-spread-away--0.0-1789871379;2026-09-20T02:29:39.030436+00:00;2026-09-20T02:29:39.030436+00:00;Korea Republic - K League 2;Seongnam FC vs Hwaseong;1636537500;spread;away;-0.0;1.935;1.87;3.359;0;7.49;7.26;1
1636549994-spread-home--0.5-1789871379;2026-09-20T02:29:39.030436+00:00;2026-09-20T02:29:39.030436+00:00;Denmark - Division 1;AaB vs Vendsyssel;1636549994;spread;home;-0.5;1.917;1.82;5.06;0;9.49;9.25;1
1636549994-spread-away-0.5-1789871379;2026-09-20T02:29:39.030436+00:00;2026-09-20T02:29:39.030436+00:00;Denmark - Division 1;AaB vs Vendsyssel;1636549994;spread;away;0.5;1.935;1.901;1.757;0;9.49;9.25;1
1636688809-spread-home-0.0-1789871379;2026-09-20T02:29:39.030436+00:00;2026-09-20T02:29:39.030436+00:00;Uruguay - Primera Division;Albion vs Juventud;1636688809;spread;home;0.0;1.909;1.885;1.257;0;10.49;10.25;1
1636688809-spread-away--0.0-1789871379;2026-09-20T02:29:39.030436+00:00;2026-09-20T02:29:39.030436+00:00;Uruguay - Primera Division;Albion vs Juventud;1636688809;spread;away;-0.0;1.971;1.8;8.676;0;10.49;10.25;1
1636537454-spread-away--0.0-1789871379;2026-09-20T02:29:39.030436+00:00;2026-09-20T02:29:39.030436+00:00;Japan - J League;Machida Zelvia vs Kashiwa Reysol;1636537454;spread;away;-0.0;2.07;1.943;6.135;0;5.49;5.25;1
1636554001-spread-home-0.5-1789871379;2026-09-20T02:29:39.030436+00:00;2026-09-20T02:29:39.030436+00:00;Sweden - Allsvenskan;Halmstads vs AIK;1636554001;spread;home;0.5;1.885;1.833;2.759;0;9.49;9.25;1
1636498760-spread-away--0.0-1789871379;2026-09-20T02:29:39.030436+00:00;2026-09-20T02:29:39.030436+00:00;Mexico - Liga MX;Club America vs Chivas Guadalajara;1636498760;spread;away;-0.0;2.07;1.952;5.7;0;0.73;0.49;1
1636590106-spread-home--0.5-1789871379;2026-09-20T02:29:39.030436+00:00;2026-09-20T02:29:39.030436+00:00;Italy - Serie D;Sassari Latte Dolce vs Citta di Anagni;1636590106;spread;home;-0.5;1.862;1.84;1.182;0;10.48;10.24;1
1636554054-total-under-2.5-1789871379;2026-09-20T02:29:39.030436+00:00;2026-09-20T02:29:39.030436+00:00;Italy - Serie D;Ternana vs Tau Altopascio;1636554054;total;under;2.5;1.794;1.769;1.394;0;10.48;10.24;1
1636498758-spread-home--2.0-1789871700;2026-09-20T02:35:00.293708+00:00;2026-09-20T02:35:00.293708+00:00;Turkey - Super League;Fenerbahce vs Eyupspor;1636498758;spread;home;-2.0;1.862;1.84;1.182;0;11.41;11.17;1
1636549971-total-over-2.5-1789871700;2026-09-20T02:35:00.293708+00:00;2026-09-20T02:35:00.293708+00:00;Denmark - 2nd Division;Thisted vs Brabrand;1636549971;total;over;2.5;1.901;1.87;1.631;0;8.41;8.17;1
1636555259-spread-home-0.5-1789871700;2026-09-20T02:35:00.293708+00:00;2026-09-20T02:35:00.293708+00:00;Italy - Serie C Group B;Vado vs Pescara;1636555259;spread;home;0.5;1.935;1.855;4.134;0;9.91;9.67;1
1636611878-spread-home-2.0-1789871700;2026-09-20T02:35:00.293708+00:00;2026-09-20T02:35:00.293708+00:00;Malaysia - FA Cup;Kelantan WTS vs Kuching City;1636611878;spread;home;2.0;1.926;1.877;2.544;0;10.41;10.16;1
1636535501-spread-home--1.0-1789871700;2026-09-20T02:35:00.293708+00:00;2026-09-20T02:35:00.293708+00:00;Hong Kong - HKFA 1. Division;Resources Capital vs South China;1636535501;spread;home;-1.0;1.917;1.787;6.781;0;4.91;4.66;1
1636569764-spread-home-0.0-1789871700;2026-09-20T02:35:00.293708+00:00;2026-09-20T02:35:00.293708+00:00;Spain - Segunda Division;Ceuta vs Real Valladolid;1636569764;spread;home;0.0;2.06;1.917;6.942;0;11.66;11.41;1
1636569764-spread-away--0.0-1789871700;2026-09-20T02:35:00.293708+00:00;2026-09-20T02:35:00.293708+00:00;Spain - Segunda Division;Ceuta vs Real Valladolid;1636569764;spread;away;-0.0;1.855;1.826;1.563;0;11.66;11.41;1
1635992344-spread-home-0.5-1789871700;2026-09-20T02:35:00.293708+00:00;2026-09-20T02:35:00.293708+00:00;Spain - La Liga;Atletico Madrid vs Real Madrid;1635992344;spread;home;0.5;1.885;1.826;3.13;0;11.64;11.4;1
1635992344-spread-away--0.5-1789871700;2026-09-20T02:35:00.293708+00:00;2026-09-20T02:35:00.293708+00:00;Spain - La Liga;Atletico Madrid vs Real Madrid;1635992344;spread;away;-0.5;2.03;1.971;2.906;0;11.64;11.4;1
1636532616-spread-home-0.0-1789872027;2026-09-20T02:40:27.962835+00:00;2026-09-20T02:40:27.962835+00:00;Korea Republic - K League 1;Incheon United vs Daejeon Citizen;1636532616;spread;home;0.0;2.04;1.909;6.422;0;7.32;7.08;1
1637050786-spread-home-0.0-1789872027;2026-09-20T02:40:27.962835+00:00;2026-09-20T02:40:27.962835+00:00;Spain - Tercera Division;Covadonga vs Caudal Deportivo;1637050786;spread;home;0.0;1.833;1.813;1.091;0;7.32;7.08;1
1636537500-spread-home-0.0-1789872027;2026-09-20T02:40:27.962835+00:00;2026-09-20T02:40:27.962835+00:00;Korea Republic - K League 2;Seongnam FC vs Hwaseong;1636537500;spread;home;0.0;1.98;1.781;10.051;0;7.31;7.07;1
1636537455-spread-away-0.5-1789872027;2026-09-20T02:40:27.962835+00:00;2026-09-20T02:40:27.962835+00:00;Japan - J3 League;Sagamihara vs Giravanz Kitakyushu;1636537455;spread;away;0.5;1.962;1.813;7.594;0;5.31;5.07;1
1635980515-spread-home-0.0-1789872027;2026-09-20T02:40:27.962835+00:00;2026-09-20T02:40:27.962835+00:00;France - Ligue 1;Auxerre vs Brest;1635980515;spread;home;0.0;2.12;1.813;14.481;0;10.31;10.06;1
1635980515-spread-away--0.0-1789872027;2026-09-20T02:40:27.962835+00:00;2026-09-20T02:40:27.962835+00:00;France - Ligue 1;Auxerre vs Brest;1635980515;spread;away;-0.0;1.971;1.671;15.221;0;10.31;10.06;1
1636554001-spread-away--0.5-1789872027;2026-09-20T02:40:27.962835+00:00;2026-09-20T02:40:27.962835+00:00;Sweden - Allsvenskan;Halmstads vs AIK;1636554001;spread;away;-0.5;2.04;1.87;8.333;0;9.31;9.06;1
1636554001-spread-home-0.5-1789872358;2026-09-20T02:45:58.227473+00:00;2026-09-20T02:45:58.227473+00:00;Sweden - Allsvenskan;Halmstads vs AIK;1636554001;spread;home;0.5;1.885;1.84;2.387;0;9.23;8.99;1
1636549994-spread-home--0.5-1789872358;2026-09-20T02:45:58.227473+00:00;2026-09-20T02:45:58.227473+00:00;Denmark - Division 1;AaB vs Vendsyssel;1636549994;spread;home;-0.5;1.917;1.82;5.06;0;9.23;8.99;1
1636549994-spread-away-0.5-1789872358;2026-09-20T02:45:58.227473+00:00;2026-09-20T02:45:58.227473+00:00;Denmark - Division 1;AaB vs Vendsyssel;1636549994;spread;away;0.5;1.935;1.901;1.757;0;9.23;8.99;1
1635918928-spread-away--0.0-1789872358;2026-09-20T02:45:58.227473+00:00;2026-09-20T02:45:58.227473+00:00;England - Premier League;Bournemouth vs Liverpool;1635918928;spread;away;-0.0;1.833;1.806;1.473;0;10.23;9.98;1
1635918928-spread-home-0.0-1789872358;2026-09-20T02:45:58.227473+00:00;2026-09-20T02:45:58.227473+00:00;England - Premier League;Bournemouth vs Liverpool;1635918928;spread;home;0.0;1.99;1.833;7.889;0;10.23;9.98;1
1636688809-spread-home-0.0-1789872358;2026-09-20T02:45:58.227473+00:00;2026-09-20T02:45:58.227473+00:00;Uruguay - Primera Division;Albion vs Juventud;1636688809;spread;home;0.0;1.909;1.885;1.257;0;10.23;9.98;1
1636688809-spread-away--0.0-1789872358;2026-09-20T02:45:58.227473+00:00;2026-09-20T02:45:58.227473+00:00;Uruguay - Primera Division;Albion vs Juventud;1636688809;spread;away;-0.0;1.971;1.8;8.676;0;10.23;9.98;1
1636532647-spread-away--0.0-1789872358;2026-09-20T02:45:58.227473+00:00;2026-09-20T02:45:58.227473+00:00;Hong Kong - HKFA 2. Division;Kowloon Cricket Club vs Tsun Tat;1636532647;spread;away;-0.0;1.87;1.769;5.401;0;2.22;1.98;1
1636537500-spread-away--0.0-1789872358;2026-09-20T02:45:58.227473+00:00;2026-09-20T02:45:58.227473+00:00;Korea Republic - K League 2;Seongnam FC vs Hwaseong;1636537500;spread;away;-0.0;1.935;1.87;3.359;0;7.22;6.97;1
1636555259-spread-away--0.5-1789872358;2026-09-20T02:45:58.227473+00:00;2026-09-20T02:45:58.227473+00:00;Italy - Serie C Group B;Vado vs Pescara;1636555259;spread;away;-0.5;1.971;1.775;9.944;0;9.72;9.47;1
1636571521-spread-away--0.5-1789872358;2026-09-20T02:45:58.227473+00:00;2026-09-20T02:45:58.227473+00:00;Netherlands - Eerste Divisie;De Graafschap vs NAC Breda;1636571521;spread;away;-0.5;1.952;1.8;7.787;0;11.97;11.72;1
1636537454-spread-away--0.0-1789872358;2026-09-20T02:45:58.227473+00:00;2026-09-20T02:45:58.227473+00:00;Japan - J League;Machida Zelvia vs Kashiwa Reysol;1636537454;spread;away;-0.0;2.07;1.943;6.135;0;5.21;4.97;1
1636498195-spread-home--0.5-1789872358;2026-09-20T02:45:58.227473+00:00;2026-09-20T02:45:58.227473+00:00;Italy - Serie B;Hellas Verona vs Vicenza;1636498195;spread;home;-0.5;1.917;1.813;5.425;0;10.21;9.97;1
1636498195-spread-away-0.5-1789872358;2026-09-20T02:45:58.227473+00:00;2026-09-20T02:45:58.227473+00:00;Italy - Serie B;Hellas Verona vs Vicenza;1636498195;spread;away;0.5;1.99;1.952;1.91;0;10.21;9.97;1
1636498760-spread-away--0.0-1789872358;2026-09-20T02:45:58.227473+00:00;2026-09-20T02:45:58.227473+00:00;Mexico - Liga MX;Club America vs Chivas Guadalajara;1636498760;spread;away;-0.0;1.952;1.917;1.793;0;0.46;0.22;1
1636569764-spread-home-0.0-1789872691;2026-09-20T02:51:31.776247+00:00;2026-09-20T02:51:31.776247+00:00;Spain - Segunda Division;Ceuta vs Real Valladolid;1636569764;spread;home;0.0;2.06;1.917;6.942;0;11.38;11.14;1
1636569764-spread-away--0.0-1789872691;2026-09-20T02:51:31.776247+00:00;2026-09-20T02:51:31.776247+00:00;Spain - Segunda Division;Ceuta vs Real Valladolid;1636569764;spread;away;-0.0;1.855;1.826;1.563;0;11.38;11.14;1
1636555259-spread-home-0.5-1789872691;2026-09-20T02:51:31.776247+00:00;2026-09-20T02:51:31.776247+00:00;Italy - Serie C Group B;Vado vs Pescara;1636555259;spread;home;0.5;1.935;1.855;4.134;0;9.63;9.38;1
1636571521-spread-home-0.5-1789872691;2026-09-20T02:51:31.776247+00:00;2026-09-20T02:51:31.776247+00:00;Netherlands - Eerste Divisie;De Graafschap vs NAC Breda;1636571521;spread;home;0.5;1.917;1.893;1.252;0;11.87;11.63;1
1636537280-total-over-2.5-1789872691;2026-09-20T02:51:31.776247+00:00;2026-09-20T02:51:31.776247+00:00;Thailand - League 3;Thonburi United vs Assumption United;1636537280;total;over;2.5;1.885;1.82;3.448;0;5.62;5.38;1
1636533855-spread-home-0.0-1789872691;2026-09-20T02:51:31.776247+00:00;2026-09-20T02:51:31.776247+00:00;Japan - J3 League;Zweigen Kanazawa vs Renofa Yamaguchi;1636533855;spread;home;0.0;1.99;1.935;2.764;0;1.12;0.87;1
1635992344-spread-home-0.5-1789872691;2026-09-20T02:51:31.776247+00:00;2026-09-20T02:51:31.776247+00:00;Spain - La Liga;Atletico Madrid vs Real Madrid;1635992344;spread;home;0.5;1.877;1.826;2.717;0;11.37;11.12;1
1635992344-spread-away--0.5-1789872691;2026-09-20T02:51:31.776247+00:00;2026-09-20T02:51:31.776247+00:00;Spain - La Liga;Atletico Madrid vs Real Madrid;1635992344;spread;away;-0.5;2.03;1.971;2.906;0;11.37;11.12;1
1636554001-spread-away--0.5-1789873025;2026-09-20T02:57:05.582835+00:00;2026-09-20T02:57:05.582835+00:00;Sweden - Allsvenskan;Halmstads vs AIK;1636554001;spread;away;-0.5;2.04;1.87;8.333;0;9.05;8.8;1
1636532616-spread-home-0.0-1789873025;2026-09-20T02:57:05.582835+00:00;2026-09-20T02:57:05.582835+00:00;Korea Republic - K League 1;Incheon United vs Daejeon Citizen;1636532616;spread;home;0.0;2.05;1.909;6.878;0;7.04;6.79;1
1635980515-spread-home-0.0-1789873025;2026-09-20T02:57:05.582835+00:00;2026-09-20T02:57:05.582835+00:00;France - Ligue 1;Auxerre vs Brest;1635980515;spread;home;0.0;2.12;1.813;14.481;0;10.04;9.79;1
1635980515-spread-away--0.0-1789873025;2026-09-20T02:57:05.582835+00:00;2026-09-20T02:57:05.582835+00:00;France - Ligue 1;Auxerre vs Brest;1635980515;spread;away;-0.0;1.971;1.671;15.221;0;10.04;9.79;1
1636537500-spread-home-0.0-1789873025;2026-09-20T02:57:05.582835+00:00;2026-09-20T02:57:05.582835+00:00;Korea Republic - K League 2;Seongnam FC vs Hwaseong;1636537500;spread;home;0.0;1.98;1.781;10.051;0;7.03;6.78;1
1636571521-spread-away--0.5-1789873360;2026-09-20T03:02:40.132566+00:00;2026-09-20T03:02:40.132566+00:00;Netherlands - Eerste Divisie;De Graafschap vs NAC Breda;1636571521;spread;away;-0.5;1.962;1.8;8.257;0;11.71;11.45;1
1636688809-spread-home-0.0-1789873360;2026-09-20T03:02:40.132566+00:00;2026-09-20T03:02:40.132566+00:00;Uruguay - Primera Division;Albion vs Juventud;1636688809;spread;home;0.0;1.909;1.885;1.257;0;9.95;9.7;1
1636688809-spread-away--0.0-1789873360;2026-09-20T03:02:40.132566+00:00;2026-09-20T03:02:40.132566+00:00;Uruguay - Primera Division;Albion vs Juventud;1636688809;spread;away;-0.0;1.971;1.8;8.676;0;9.95;9.7;1
1636537454-spread-away--0.0-1789873360;2026-09-20T03:02:40.132566+00:00;2026-09-20T03:02:40.132566+00:00;Japan - J League;Machida Zelvia vs Kashiwa Reysol;1636537454;spread;away;-0.0;2.07;1.943;6.135;0;4.95;4.7;1
1636498195-spread-home--0.5-1789873360;2026-09-20T03:02:40.132566+00:00;2026-09-20T03:02:40.132566+00:00;Italy - Serie B;Hellas Verona vs Vicenza;1636498195;spread;home;-0.5;1.917;1.813;5.425;0;9.95;9.7;1
1636498195-spread-away-0.5-1789873360;2026-09-20T03:02:40.132566+00:00;2026-09-20T03:02:40.132566+00:00;Italy - Serie B;Hellas Verona vs Vicenza;1636498195;spread;away;0.5;1.99;1.952;1.91;0;9.95;9.7;1
1636555259-spread-away--0.5-1789873360;2026-09-20T03:02:40.132566+00:00;2026-09-20T03:02:40.132566+00:00;Italy - Serie C Group B;Vado vs Pescara;1636555259;spread;away;-0.5;1.971;1.775;9.944;0;9.45;9.2;1
1636569788-spread-home--0.5-1789873360;2026-09-20T03:02:40.132566+00:00;2026-09-20T03:02:40.132566+00:00;Finland - Ykkonen;Inter Turku 2 vs TPV;1636569788;spread;home;-0.5;2.0;1.847;7.65;0;11.95;11.69;1
1636549994-spread-home--0.5-1789873360;2026-09-20T03:02:40.132566+00:00;2026-09-20T03:02:40.132566+00:00;Denmark - Division 1;AaB vs Vendsyssel;1636549994;spread;home;-0.5;1.917;1.82;5.06;0;8.94;8.69;1
1636549994-spread-away-0.5-1789873360;2026-09-20T03:02:40.132566+00:00;2026-09-20T03:02:40.132566+00:00;Denmark - Division 1;AaB vs Vendsyssel;1636549994;spread;away;0.5;1.935;1.901;1.757;0;8.94;8.69;1
1636554001-spread-home-0.5-1789873360;2026-09-20T03:02:40.132566+00:00;2026-09-20T03:02:40.132566+00:00;Sweden - Allsvenskan;Halmstads vs AIK;1636554001;spread;home;0.5;1.885;1.84;2.387;0;8.94;8.69;1
1636549971-total-over-2.5-1789873360;2026-09-20T03:02:40.132566+00:00;2026-09-20T03:02:40.132566+00:00;Denmark - 2nd Division;Thisted vs Brabrand;1636549971;total;over;2.5;1.87;1.82;2.674;0;7.94;7.69;1
1636506140-spread-home--1.0-1789873360;2026-09-20T03:02:40.132566+00:00;2026-09-20T03:02:40.132566+00:00;Norway - 1st Division;Lyn vs Ranheim;1636506140;spread;home;-1.0;2.0;1.909;4.55;0;11.94;11.69;1
1636506140-spread-away-1.0-1789873360;2026-09-20T03:02:40.132566+00:00;2026-09-20T03:02:40.132566+00:00;Norway - 1st Division;Lyn vs Ranheim;1636506140;spread;away;1.0;1.84;1.794;2.5;0;11.94;11.69;1
1636533855-spread-away--0.0-1789873360;2026-09-20T03:02:40.132566+00:00;2026-09-20T03:02:40.132566+00:00;Japan - J3 League;Zweigen Kanazawa vs Renofa Yamaguchi;1636533855;spread;away;-0.0;1.885;1.84;2.387;0;0.94;0.69;1
1636007207-spread-away-2.0-1789873360;2026-09-20T03:02:40.132566+00:00;2026-09-20T03:02:40.132566+00:00;Netherlands - Eredivisie;AZ Alkmaar vs Telstar;1636007207;spread;away;2.0;1.901;1.877;1.262;0;9.44;9.19;1
1635918928-spread-away--0.0-1789873360;2026-09-20T03:02:40.132566+00:00;2026-09-20T03:02:40.132566+00:00;England - Premier League;Bournemouth vs Liverpool;1635918928;spread;away;-0.0;1.833;1.806;1.473;0;9.94;9.69;1
1635918928-spread-home-0.0-1789873360;2026-09-20T03:02:40.132566+00:00;2026-09-20T03:02:40.132566+00:00;England - Premier League;Bournemouth vs Liverpool;1635918928;spread;home;0.0;1.99;1.833;7.889;0;9.94;9.69;1
1636535534-spread-away--0.5-1789873360;2026-09-20T03:02:40.132566+00:00;2026-09-20T03:02:40.132566+00:00;Czech Republic - 3. Liga;Hradec Kralove II vs Zapy;1636535534;spread;away;-0.5;1.98;1.909;3.586;0;5.19;4.94;1
1636498760-spread-away--0.0-1789873360;2026-09-20T03:02:40.132566+00:00;2026-09-20T03:02:40.132566+00:00;Mexico - Liga MX;Club America vs Chivas Guadalajara;1636498760;spread;away;-0.0;1.917;1.885;1.669;0;0.19;0;1
1636537500-spread-away--0.0-1789873360;2026-09-20T03:02:40.132566+00:00;2026-09-20T03:02:40.132566+00:00;Korea Republic - K League 2;Seongnam FC vs Hwaseong;1636537500;spread;away;-0.0;1.935;1.87;3.359;0;6.93;6.68;1
1636571521-spread-home-0.5-1789873700;2026-09-20T03:08:20.889665+00:00;2026-09-20T03:08:20.889665+00:00;Netherlands - Eerste Divisie;De Graafschap vs NAC Breda;1636571521;spread;home;0.5;1.917;1.893;1.252;0;11.61;11.36;1
1635992344-spread-home-0.5-1789873700;2026-09-20T03:08:20.889665+00:00;2026-09-20T03:08:20.889665+00:00;Spain - La Liga;Atletico Madrid vs Real Madrid;1635992344;spread;home;0.5;1.877;1.826;2.717;0;11.11;10.85;1
1635992344-spread-away--0.5-1789873700;2026-09-20T03:08:20.889665+00:00;2026-09-20T03:08:20.889665+00:00;Spain - La Liga;Atletico Madrid vs Real Madrid;1635992344;spread;away;-0.5;2.03;1.971;2.906;0;11.11;10.85;1
1636555259-spread-home-0.5-1789873700;2026-09-20T03:08:20.889665+00:00;2026-09-20T03:08:20.889665+00:00;Italy - Serie C Group B;Vado vs Pescara;1636555259;spread;home;0.5;1.935;1.855;4.134;0;9.35;9.1;1
1636569788-spread-away-0.5-1789873700;2026-09-20T03:08:20.889665+00:00;2026-09-20T03:08:20.889665+00:00;Finland - Ykkonen;Inter Turku 2 vs TPV;1636569788;spread;away;0.5;1.87;1.826;2.353;0;11.85;11.6;1
1636569764-spread-home-0.0-1789873700;2026-09-20T03:08:20.889665+00:00;2026-09-20T03:08:20.889665+00:00;Spain - Segunda Division;Ceuta vs Real Valladolid;1636569764;spread;home;0.0;2.06;1.917;6.942;0;11.1;10.85;1
1636569764-spread-away--0.0-1789873700;2026-09-20T03:08:20.889665+00:00;2026-09-20T03:08:20.889665+00:00;Spain - Segunda Division;Ceuta vs Real Valladolid;1636569764;spread;away;-0.0;1.855;1.826;1.563;0;11.1;10.85;1
1636535519-total-over-2.5-1789873360;2026-09-20T03:02:40.132566+00:00;2026-09-20T03:14:04.645265+00:00;Japan - J League;Gamba Osaka vs Vissel Kobe;1636535519;total;over;2.5;1.99;1.909;4.07;11.41;4.95;4.7;2
1636537455-spread-home--0.5-1789874044;2026-09-20T03:14:04.645265+00:00;2026-09-20T03:14:04.645265+00:00;Japan - J3 League;Sagamihara vs Giravanz Kitakyushu;1636537455;spread;home;-0.5;1.962;1.935;1.376;0;4.76;4.51;1
1636554001-spread-away--0.5-1789874044;2026-09-20T03:14:04.645265+00:00;2026-09-20T03:14:04.645265+00:00;Sweden - Allsvenskan;Halmstads vs AIK;1636554001;spread;away;-0.5;2.04;1.87;8.333;0;8.76;8.5;1
1636506131-spread-home-1.0-1789874044;2026-09-20T03:14:04.645265+00:00;2026-09-20T03:14:04.645265+00:00;Bulgaria - First League;Lokomotiv Plovdiv vs CSKA Sofia;1636506131;spread;home;1.0;2.0;1.935;3.25;0;11.51;11.25;1
1636532616-spread-home-0.0-1789874044;2026-09-20T03:14:04.645265+00:00;2026-09-20T03:14:04.645265+00:00;Korea Republic - K League 1;Incheon United vs Daejeon Citizen;1636532616;spread;home;0.0;2.05;1.909;6.878;0;6.75;6.5;1
1635980516-spread-home-0.0-1789874044;2026-09-20T03:14:04.645265+00:00;2026-09-20T03:14:04.645265+00:00;France - Ligue 1;Nice vs Lille;1635980516;spread;home;0.0;1.926;1.87;2.908;0;12.0;11.74;1
1635980515-spread-home-0.0-1789874044;2026-09-20T03:14:04.645265+00:00;2026-09-20T03:14:04.645265+00:00;France - Ligue 1;Auxerre vs Brest;1635980515;spread;home;0.0;2.13;1.813;14.883;0;9.75;9.49;1
1635980515-spread-away--0.0-1789874044;2026-09-20T03:14:04.645265+00:00;2026-09-20T03:14:04.645265+00:00;France - Ligue 1;Auxerre vs Brest;1635980515;spread;away;-0.0;1.971;1.671;15.221;0;9.75;9.49;1
1636537500-spread-home-0.0-1789874044;2026-09-20T03:14:04.645265+00:00;2026-09-20T03:14:04.645265+00:00;Korea Republic - K League 2;Seongnam FC vs Hwaseong;1636537500;spread;home;0.0;1.98;1.781;10.051;0;6.74;6.48;1
1636040128-spread-home-0.5-1789873700;2026-09-20T03:08:20.889665+00:00;2026-09-20T03:19:52.476338+00:00;Brazil - Serie A;Gremio vs Palmeiras;1636040128;spread;home;0.5;2.03;1.962;3.35;11.53;10.84;10.58;2
1636554091-spread-home-1.5-1789874392;2026-09-20T03:19:52.476338+00:00;2026-09-20T03:19:52.476338+00:00;Brazil - Serie B;Ponte Preta vs CRB;1636554091;spread;home;1.5;1.971;1.917;2.74;0;10.66;10.41;1
1636498195-spread-home--0.5-1789874392;2026-09-20T03:19:52.476338+00:00;2026-09-20T03:19:52.476338+00:00;Italy - Serie B;Hellas Verona vs Vicenza;1636498195;spread;home;-0.5;1.885;1.813;3.82;0;9.66;9.41;1
1636498195-spread-away-0.5-1789874392;2026-09-20T03:19:52.476338+00:00;2026-09-20T03:19:52.476338+00:00;Italy - Serie B;Hellas Verona vs Vicenza;1636498195;spread;away;0.5;2.02;1.952;3.366;0;9.66;9.41;1
1636535501-spread-home--1.0-1789874392;2026-09-20T03:19:52.476338+00:00;2026-09-20T03:19:52.476338+00:00;Hong Kong - HKFA 1. Division;Resources Capital vs South China;1636535501;spread;home;-1.0;1.787;1.769;1.007;0;4.16;3.9;1
1636554001-spread-home-0.5-1789874392;2026-09-20T03:19:52.476338+00:00;2026-09-20T03:19:52.476338+00:00;Sweden - Allsvenskan;Halmstads vs AIK;1636554001;spread;home;0.5;1.885;1.84;2.387;0;8.66;8.4;1
1636549971-total-over-2.5-1789874392;2026-09-20T03:19:52.476338+00:00;2026-09-20T03:19:52.476338+00:00;Denmark - 2nd Division;Thisted vs Brabrand;1636549971;total;over;2.5;1.82;1.794;1.429;0;7.66;7.4;1
1636537454-spread-away--0.0-1789874392;2026-09-20T03:19:52.476338+00:00;2026-09-20T03:19:52.476338+00:00;Japan - J League;Machida Zelvia vs Kashiwa Reysol;1636537454;spread;away;-0.0;2.07;1.943;6.135;0;4.65;4.4;1
1635918928-spread-away--0.0-1789874392;2026-09-20T03:19:52.476338+00:00;2026-09-20T03:19:52.476338+00:00;England - Premier League;Bournemouth vs Liverpool;1635918928;spread;away;-0.0;1.833;1.806;1.473;0;9.65;9.4;1
1635918928-spread-home-0.0-1789874392;2026-09-20T03:19:52.476338+00:00;2026-09-20T03:19:52.476338+00:00;England - Premier League;Bournemouth vs Liverpool;1635918928;spread;home;0.0;1.99;1.833;7.889;0;9.65;9.4;1
1635920598-spread-home--1.5-1789874392;2026-09-20T03:19:52.476338+00:00;2026-09-20T03:19:52.476338+00:00;England - Premier League;Manchester City vs Sunderland;1635920598;spread;home;-1.5;2.0;1.98;1.0;0;9.65;9.4;1
1636555259-spread-away--0.5-1789874392;2026-09-20T03:19:52.476338+00:00;2026-09-20T03:19:52.476338+00:00;Italy - Serie C Group B;Vado vs Pescara;1636555259;spread;away;-0.5;1.971;1.775;9.944;0;9.15;8.9;1
1636506140-spread-away-1.0-1789874392;2026-09-20T03:19:52.476338+00:00;2026-09-20T03:19:52.476338+00:00;Norway - 1st Division;Lyn vs Ranheim;1636506140;spread;away;1.0;1.847;1.794;2.87;0;11.65;11.39;1
1636866496-spread-home--1.5-1789874392;2026-09-20T03:19:52.476338+00:00;2026-09-20T03:19:52.476338+00:00;Poland - 4th Liga;Nieciecza II vs LKS Blekitni Modlnica;1636866496;spread;home;-1.5;1.806;1.775;1.717;0;5.65;5.39;1
1636532647-spread-home-0.0-1789874392;2026-09-20T03:19:52.476338+00:00;2026-09-20T03:19:52.476338+00:00;Hong Kong - HKFA 2. Division;Kowloon Cricket Club vs Tsun Tat;1636532647;spread;home;0.0;1.943;1.917;1.338;0;1.65;1.39;1
1636569788-spread-home--0.5-1789874392;2026-09-20T03:19:52.476338+00:00;2026-09-20T03:19:52.476338+00:00;Finland - Ykkonen;Inter Turku 2 vs TPV;1636569788;spread;home;-0.5;2.0;1.847;7.65;0;11.65;11.39;1
1636688809-spread-home-0.0-1789874392;2026-09-20T03:19:52.476338+00:00;2026-09-20T03:19:52.476338+00:00;Uruguay - Primera Division;Albion vs Juventud;1636688809;spread;home;0.0;1.909;1.885;1.257;0;9.65;9.39;1
1636688809-spread-away--0.0-1789874392;2026-09-20T03:19:52.476338+00:00;2026-09-20T03:19:52.476338+00:00;Uruguay - Primera Division;Albion vs Juventud;1636688809;spread;away;-0.0;1.971;1.8;8.676;0;9.65;9.39;1
1636549994-spread-home--0.5-1789874392;2026-09-20T03:19:52.476338+00:00;2026-09-20T03:19:52.476338+00:00;Denmark - Division 1;AaB vs Vendsyssel;1636549994;spread;home;-0.5;1.917;1.806;5.79;0;8.65;8.39;1
1636549994-spread-away-0.5-1789874392;2026-09-20T03:19:52.476338+00:00;2026-09-20T03:19:52.476338+00:00;Denmark - Division 1;AaB vs Vendsyssel;1636549994;spread;away;0.5;1.935;1.909;1.344;0;8.65;8.39;1
1636537500-spread-away--0.0-1789874392;2026-09-20T03:19:52.476338+00:00;2026-09-20T03:19:52.476338+00:00;Korea Republic - K League 2;Seongnam FC vs Hwaseong;1636537500;spread;away;-0.0;1.935;1.87;3.359;0;6.64;6.39;1
1636506140-spread-home--1.0-1789874392;2026-09-20T03:19:52.476338+00:00;2026-09-20T03:25:35.303685+00:00;Norway - 1st Division;Lyn vs Ranheim;1636506140;spread;home;-1.0;2.01;1.826;9.154;5.71;11.65;11.39;2
1636506128-spread-home--0.5-1789874735;2026-09-20T03:25:35.303685+00:00;2026-09-20T03:25:35.303685+00:00;Italy - Serie B;Mantova vs Pisa;1636506128;spread;home;-0.5;1.87;1.781;4.759;0;11.82;11.56;1
1636571521-spread-home-0.5-1789874735;2026-09-20T03:25:35.303685+00:00;2026-09-20T03:25:35.303685+00:00;Netherlands - Eerste Divisie;De Graafschap vs NAC Breda;1636571521;spread;home;0.5;1.917;1.893;1.252;0;11.31;11.05;1
1636571521-spread-away--0.5-1789874735;2026-09-20T03:25:35.303685+00:00;2026-09-20T03:25:35.303685+00:00;Netherlands - Eerste Divisie;De Graafschap vs NAC Breda;1636571521;spread;away;-0.5;1.962;1.806;7.951;0;11.31;11.05;1
1636555259-spread-home-0.5-1789874735;2026-09-20T03:25:35.303685+00:00;2026-09-20T03:25:35.303685+00:00;Italy - Serie C Group B;Vado vs Pescara;1636555259;spread;home;0.5;1.935;1.855;4.134;0;9.06;8.8;1
1636569764-spread-home-0.0-1789874735;2026-09-20T03:25:35.303685+00:00;2026-09-20T03:25:35.303685+00:00;Spain - Segunda Division;Ceuta vs Real Valladolid;1636569764;spread;home;0.0;2.06;1.917;6.942;0;10.8;10.54;1
1636569764-spread-away--0.0-1789874735;2026-09-20T03:25:35.303685+00:00;2026-09-20T03:25:35.303685+00:00;Spain - Segunda Division;Ceuta vs Real Valladolid;1636569764;spread;away;-0.0;1.855;1.826;1.563;0;10.8;10.54;1
1635992344-spread-home-0.5-1789874735;2026-09-20T03:25:35.303685+00:00;2026-09-20T03:25:35.303685+00:00;Spain - La Liga;Atletico Madrid vs Real Madrid;1635992344;spread;home;0.5;1.877;1.826;2.717;0;10.8;10.54;1
1635992344-spread-away--0.5-1789874735;2026-09-20T03:25:35.303685+00:00;2026-09-20T03:25:35.303685+00:00;Spain - La Liga;Atletico Madrid vs Real Madrid;1635992344;spread;away;-0.5;2.03;1.971;2.906;0;10.8;10.54;1
1636569788-spread-away-0.5-1789874735;2026-09-20T03:25:35.303685+00:00;2026-09-20T03:25:35.303685+00:00;Finland - Ykkonen;Inter Turku 2 vs TPV;1636569788;spread;away;0.5;1.87;1.826;2.353;0;11.55;11.29;1
1636532616-spread-home-0.0-1789875083;2026-09-20T03:31:23.438738+00:00;2026-09-20T03:31:23.438738+00:00;Korea Republic - K League 1;Incheon United vs Daejeon Citizen;1636532616;spread;home;0.0;2.05;1.909;6.878;0;6.47;6.21;1
1636498762-spread-home-0.0-1789875083;2026-09-20T03:31:23.438738+00:00;2026-09-20T03:31:23.438738+00:00;Poland - Ekstraklasa;Jagiellonia Bialystok vs Legia Warsaw;1636498762;spread;home;0.0;2.03;1.763;13.153;0;11.97;11.71;1
1635920597-spread-away--0.0-1789875083;2026-09-20T03:31:23.438738+00:00;2026-09-20T03:31:23.438738+00:00;England - Premier League;Fulham vs Manchester United;1635920597;spread;away;-0.0;1.917;1.654;13.719;0;11.97;11.71;1
1636537500-spread-home-0.0-1789875083;2026-09-20T03:31:23.438738+00:00;2026-09-20T03:31:23.438738+00:00;Korea Republic - K League 2;Seongnam FC vs Hwaseong;1636537500;spread;home;0.0;1.98;1.781;10.051;0;6.46;6.2;1
1635980515-spread-home-0.0-1789875083;2026-09-20T03:31:23.438738+00:00;2026-09-20T03:31:23.438738+00:00;France - Ligue 1;Auxerre vs Brest;1635980515;spread;home;0.0;2.13;1.813;14.883;0;9.46;9.19;1
1635980515-spread-away--0.0-1789875083;2026-09-20T03:31:23.438738+00:00;2026-09-20T03:31:23.438738+00:00;France - Ligue 1;Auxerre vs Brest;1635980515;spread;away;-0.0;1.971;1.671;15.221;0;9.46;9.19;1
1635980516-spread-home-0.0-1789875083;2026-09-20T03:31:23.438738+00:00;2026-09-20T03:31:23.438738+00:00;France - Ligue 1;Nice vs Lille;1635980516;spread;home;0.0;1.926;1.87;2.908;0;11.71;11.44;1
1636554001-spread-away--0.5-1789875083;2026-09-20T03:31:23.438738+00:00;2026-09-20T03:31:23.438738+00:00;Sweden - Allsvenskan;Halmstads vs AIK;1636554001;spread;away;-0.5;2.04;1.87;8.333;0;8.46;8.19;1
1636532616-spread-away--0.0-1789875083;2026-09-20T03:31:23.438738+00:00;2026-09-20T03:37:19.462607+00:00;Korea Republic - K League 1;Incheon United vs Daejeon Citizen;1636532616;spread;away;-0.0;1.862;1.84;1.182;5.93;6.47;6.21;2
1636555259-spread-away--0.5-1789875439;2026-09-20T03:37:19.462607+00:00;2026-09-20T03:37:19.462607+00:00;Italy - Serie C Group B;Vado vs Pescara;1636555259;spread;away;-0.5;1.971;1.775;9.944;0;8.87;8.61;1
1636498762-spread-away--0.0-1789875439;2026-09-20T03:37:19.462607+00:00;2026-09-20T03:37:19.462607+00:00;Poland - Ekstraklasa;Jagiellonia Bialystok vs Legia Warsaw;1636498762;spread;away;-0.0;1.962;1.855;5.454;0;11.87;11.61;1
1635920597-spread-home-0.0-1789875439;2026-09-20T03:37:19.462607+00:00;2026-09-20T03:37:19.462607+00:00;England - Premier League;Fulham vs Manchester United;1635920597;spread;home;0.0;2.06;1.885;8.495;0;11.87;11.61;1
1635918928-spread-away--0.0-1789875439;2026-09-20T03:37:19.462607+00:00;2026-09-20T03:37:19.462607+00:00;England - Premier League;Bournemouth vs Liverpool;1635918928;spread;away;-0.0;1.833;1.806;1.473;0;9.37;9.11;1
1635918928-spread-home-0.0-1789875439;2026-09-20T03:37:19.462607+00:00;2026-09-20T03:37:19.462607+00:00;England - Premier League;Bournemouth vs Liverpool;1635918928;spread;home;0.0;1.99;1.833;7.889;0;9.37;9.11;1
1636537500-spread-away--0.0-1789875439;2026-09-20T03:37:19.462607+00:00;2026-09-20T03:37:19.462607+00:00;Korea Republic - K League 2;Seongnam FC vs Hwaseong;1636537500;spread;away;-0.0;1.935;1.87;3.359;0;6.37;6.1;1
1636549994-spread-home--0.5-1789875439;2026-09-20T03:37:19.462607+00:00;2026-09-20T03:37:19.462607+00:00;Denmark - Division 1;AaB vs Vendsyssel;1636549994;spread;home;-0.5;1.917;1.806;5.79;0;8.36;8.1;1
1636549994-spread-away-0.5-1789875439;2026-09-20T03:37:19.462607+00:00;2026-09-20T03:37:19.462607+00:00;Denmark - Division 1;AaB vs Vendsyssel;1636549994;spread;away;0.5;1.935;1.909;1.344;0;8.36;8.1;1
1636688809-spread-home-0.0-1789875439;2026-09-20T03:37:19.462607+00:00;2026-09-20T03:37:19.462607+00:00;Uruguay - Primera Division;Albion vs Juventud;1636688809;spread;home;0.0;1.909;1.885;1.257;0;9.36;9.1;1
1636688809-spread-away--0.0-1789875439;2026-09-20T03:37:19.462607+00:00;2026-09-20T03:37:19.462607+00:00;Uruguay - Primera Division;Albion vs Juventud;1636688809;spread;away;-0.0;1.971;1.8;8.676;0;9.36;9.1;1
1636537454-spread-away--0.0-1789875439;2026-09-20T03:37:19.462607+00:00;2026-09-20T03:37:19.462607+00:00;Japan - J League;Machida Zelvia vs Kashiwa Reysol;1636537454;spread;away;-0.0;2.09;1.943;7.033;0;4.36;4.1;1
1636569788-spread-home--0.5-1789875439;2026-09-20T03:37:19.462607+00:00;2026-09-20T03:37:19.462607+00:00;Finland - Ykkonen;Inter Turku 2 vs TPV;1636569788;spread;home;-0.5;2.0;1.847;7.65;0;11.36;11.1;1
1636554001-spread-home-0.5-1789875439;2026-09-20T03:37:19.462607+00:00;2026-09-20T03:37:19.462607+00:00;Sweden - Allsvenskan;Halmstads vs AIK;1636554001;spread;home;0.5;1.885;1.84;2.387;0;8.36;8.09;1
1636555259-spread-home-0.5-1789875792;2026-09-20T03:43:12.119209+00:00;2026-09-20T03:43:12.119209+00:00;Italy - Serie C Group B;Vado vs Pescara;1636555259;spread;home;0.5;1.935;1.855;4.134;0;8.78;8.51;1
1636571521-spread-away--0.5-1789875792;2026-09-20T03:43:12.119209+00:00;2026-09-20T03:43:12.119209+00:00;Netherlands - Eerste Divisie;De Graafschap vs NAC Breda;1636571521;spread;away;-0.5;1.962;1.806;7.951;0;11.02;10.76;1
1636506140-spread-away-1.0-1789875792;2026-09-20T03:43:12.119209+00:00;2026-09-20T03:43:12.119209+00:00;Norway - 1st Division;Lyn vs Ranheim;1636506140;spread;away;1.0;1.885;1.847;2.016;0;11.27;11.01;1
1636506140-spread-home--1.0-1789875792;2026-09-20T03:43:12.119209+00:00;2026-09-20T03:43:12.119209+00:00;Norway - 1st Division;Lyn vs Ranheim;1636506140;spread;home;-1.0;2.01;1.826;9.154;0;11.27;11.01;1
1636569764-spread-home-0.0-1789875792;2026-09-20T03:43:12.119209+00:00;2026-09-20T03:43:12.119209+00:00;Spain - Segunda Division;Ceuta vs Real Valladolid;1636569764;spread;home;0.0;2.06;1.917;6.942;0;10.52;10.25;1
1636569764-spread-away--0.0-1789875792;2026-09-20T03:43:12.119209+00:00;2026-09-20T03:43:12.119209+00:00;Spain - Segunda Division;Ceuta vs Real Valladolid;1636569764;spread;away;-0.0;1.855;1.826;1.563;0;10.52;10.25;1
1636537302-spread-away-0.5-1789875792;2026-09-20T03:43:12.119209+00:00;2026-09-20T03:43:12.119209+00:00;Spain - Primera Federacion;Alcorcon vs Gimnastic;1636537302;spread;away;0.5;1.926;1.893;1.713;0;6.26;6.0;1
1636569788-spread-away-0.5-1789875792;2026-09-20T03:43:12.119209+00:00;2026-09-20T03:43:12.119209+00:00;Finland - Ykkonen;Inter Turku 2 vs TPV;1636569788;spread;away;0.5;1.87;1.826;2.353;0;11.26;11.0;1
1635992344-spread-home-0.5-1789875792;2026-09-20T03:43:12.119209+00:00;2026-09-20T03:43:12.119209+00:00;Spain - La Liga;Atletico Madrid vs Real Madrid;1635992344;spread;home;0.5;1.877;1.826;2.717;0;10.5;10.24;1
1635992344-spread-away--0.5-1789875792;2026-09-20T03:43:12.119209+00:00;2026-09-20T03:43:12.119209+00:00;Spain - La Liga;Atletico Madrid vs Real Madrid;1635992344;spread;away;-0.5;2.03;1.971;2.906;0;10.5;10.24;1
1636535501-spread-away-1.0-1789876147;2026-09-20T03:49:07.950747+00:00;2026-09-20T03:49:07.950747+00:00;Hong Kong - HKFA 1. Division;Resources Capital vs South China;1636535501;spread;away;1.0;1.952;1.926;1.332;0;3.68;3.41;1
1635980515-spread-home-0.0-1789876147;2026-09-20T03:49:07.950747+00:00;2026-09-20T03:49:07.950747+00:00;France - Ligue 1;Auxerre vs Brest;1635980515;spread;home;0.0;2.13;1.813;14.883;0;9.18;8.91;1
1635980515-spread-away--0.0-1789876147;2026-09-20T03:49:07.950747+00:00;2026-09-20T03:49:07.950747+00:00;France - Ligue 1;Auxerre vs Brest;1635980515;spread;away;-0.0;1.971;1.671;15.221;0;9.18;8.91;1
1635980516-spread-home-0.0-1789876147;2026-09-20T03:49:07.950747+00:00;2026-09-20T03:49:07.950747+00:00;France - Ligue 1;Nice vs Lille;1635980516;spread;home;0.0;1.926;1.87;2.908;0;11.43;11.16;1
1636498762-spread-home-0.0-1789876147;2026-09-20T03:49:07.950747+00:00;2026-09-20T03:49:07.950747+00:00;Poland - Ekstraklasa;Jagiellonia Bialystok vs Legia Warsaw;1636498762;spread;home;0.0;2.04;1.763;13.578;0;11.68;11.41;1
1636554001-spread-away--0.5-1789876147;2026-09-20T03:49:07.950747+00:00;2026-09-20T03:49:07.950747+00:00;Sweden - Allsvenskan;Halmstads vs AIK;1636554001;spread;away;-0.5;2.04;1.87;8.333;0;8.17;7.9;1
1635920597-spread-away--0.0-1789876147;2026-09-20T03:49:07.950747+00:00;2026-09-20T03:49:07.950747+00:00;England - Premier League;Fulham vs Manchester United;1635920597;spread;away;-0.0;1.917;1.654;13.719;0;11.67;11.4;1
1636532616-total-under-2.5-1789876147;2026-09-20T03:49:07.950747+00:00;2026-09-20T03:49:07.950747+00:00;Korea Republic - K League 1;Incheon United vs Daejeon Citizen;1636532616;total;under;2.5;1.901;1.847;2.841;0;6.16;5.89;1
1636537500-spread-home-0.0-1789876147;2026-09-20T03:49:07.950747+00:00;2026-09-20T03:49:07.950747+00:00;Korea Republic - K League 2;Seongnam FC vs Hwaseong;1636537500;spread;home;0.0;1.98;1.781;10.051;0;6.16;5.89;1
1636569788-spread-home--0.5-1789876507;2026-09-20T03:55:07.071443+00:00;2026-09-20T03:55:07.071443+00:00;Finland - Ykkonen;Inter Turku 2 vs TPV;1636569788;spread;home;-0.5;2.0;1.847;7.65;0;11.07;10.81;1
1636554001-spread-home-0.5-1789876507;2026-09-20T03:55:07.071443+00:00;2026-09-20T03:55:07.071443+00:00;Sweden - Allsvenskan;Halmstads vs AIK;1636554001;spread;home;0.5;1.885;1.84;2.387;0;8.07;7.8;1
1635918928-spread-away--0.0-1789876507;2026-09-20T03:55:07.071443+00:00;2026-09-20T03:55:07.071443+00:00;England - Premier League;Bournemouth vs Liverpool;1635918928;spread;away;-0.0;1.833;1.806;1.473;0;9.07;8.8;1
1635918928-spread-home-0.0-1789876507;2026-09-20T03:55:07.071443+00:00;2026-09-20T03:55:07.071443+00:00;England - Premier League;Bournemouth vs Liverpool;1635918928;spread;home;0.0;1.99;1.833;7.889;0;9.07;8.8;1
1635920597-spread-home-0.0-1789876507;2026-09-20T03:55:07.071443+00:00;2026-09-20T03:55:07.071443+00:00;England - Premier League;Fulham vs Manchester United;1635920597;spread;home;0.0;2.06;1.885;8.495;0;11.57;11.3;1
1636535532-spread-away-0.5-1789876507;2026-09-20T03:55:07.071443+00:00;2026-09-20T03:55:07.071443+00:00;Czech Republic - 3. Liga;Zbrojovka Brno II vs Hodonin;1636535532;spread;away;0.5;1.943;1.833;5.661;0;4.31;4.05;1
1636549994-spread-home--0.5-1789876507;2026-09-20T03:55:07.071443+00:00;2026-09-20T03:55:07.071443+00:00;Denmark - Division 1;AaB vs Vendsyssel;1636549994;spread;home;-0.5;1.917;1.806;5.79;0;8.06;7.79;1
1636688809-spread-home-0.0-1789876507;2026-09-20T03:55:07.071443+00:00;2026-09-20T03:55:07.071443+00:00;Uruguay - Primera Division;Albion vs Juventud;1636688809;spread;home;0.0;1.909;1.885;1.257;0;9.06;8.79;1
1636688809-spread-away--0.0-1789876507;2026-09-20T03:55:07.071443+00:00;2026-09-20T03:55:07.071443+00:00;Uruguay - Primera Division;Albion vs Juventud;1636688809;spread;away;-0.0;1.971;1.8;8.676;0;9.06;8.79;1
1636537500-spread-away--0.0-1789876507;2026-09-20T03:55:07.071443+00:00;2026-09-20T03:55:07.071443+00:00;Korea Republic - K League 2;Seongnam FC vs Hwaseong;1636537500;spread;away;-0.0;1.935;1.87;3.359;0;6.06;5.79;1
1636555259-spread-away--0.5-1789876507;2026-09-20T03:55:07.071443+00:00;2026-09-20T03:55:07.071443+00:00;Italy - Serie C Group B;Vado vs Pescara;1636555259;spread;away;-0.5;1.971;1.775;9.944;0;8.56;8.29;1
1636569764-spread-home-0.0-1789876858;2026-09-20T04:00:58.785890+00:00;2026-09-20T04:00:58.785890+00:00;Spain - Segunda Division;Ceuta vs Real Valladolid;1636569764;spread;home;0.0;2.06;1.917;6.942;0;10.23;9.95;1
1636569764-spread-away--0.0-1789876858;2026-09-20T04:00:58.785890+00:00;2026-09-20T04:00:58.785890+00:00;Spain - Segunda Division;Ceuta vs Real Valladolid;1636569764;spread;away;-0.0;1.855;1.826;1.563;0;10.23;9.95;1
1636866874-spread-home-0.0-1789876858;2026-09-20T04:00:58.785890+00:00;2026-09-20T04:00:58.785890+00:00;Italy - Serie D;Club Milano vs Virtus Ciserano Bergamo;1636866874;spread;home;0.0;2.01;1.962;2.388;0;8.97;8.7;1
1636506127-spread-home-0.0-1789876858;2026-09-20T04:00:58.785890+00:00;2026-09-20T04:00:58.785890+00:00;Iceland - Premier League;FH Hafnarfjordur vs Stjarnan;1636506127;spread;home;0.0;1.952;1.926;1.332;0;11.97;11.7;1
1636506127-spread-away--0.0-1789876858;2026-09-20T04:00:58.785890+00:00;2026-09-20T04:00:58.785890+00:00;Iceland - Premier League;FH Hafnarfjordur vs Stjarnan;1636506127;spread;away;-0.0;1.885;1.787;5.199;0;11.97;11.7;1
1636569788-spread-away-0.5-1789876858;2026-09-20T04:00:58.785890+00:00;2026-09-20T04:00:58.785890+00:00;Finland - Ykkonen;Inter Turku 2 vs TPV;1636569788;spread;away;0.5;1.87;1.826;2.353;0;10.97;10.7;1
1635980516-total-over-2.5-1789876858;2026-09-20T04:00:58.785890+00:00;2026-09-20T04:00:58.785890+00:00;France - Ligue 1;Nice vs Lille;1635980516;total;over;2.5;1.952;1.917;1.793;0;11.22;10.95;1
1636537471-spread-away-1.5-1789876858;2026-09-20T04:00:58.785890+00:00;2026-09-20T04:00:58.785890+00:00;Slovakia - 3. Liga;MFK Ruzomberok II vs Tatran Oravske Vesele;1636537471;spread;away;1.5;1.943;1.885;2.985;0;4.47;4.2;1
1636555259-spread-home-0.5-1789876858;2026-09-20T04:00:58.785890+00:00;2026-09-20T04:00:58.785890+00:00;Italy - Serie C Group B;Vado vs Pescara;1636555259;spread;home;0.5;1.935;1.855;4.134;0;8.47;8.2;1
1636571521-spread-away--0.5-1789876858;2026-09-20T04:00:58.785890+00:00;2026-09-20T04:00:58.785890+00:00;Netherlands - Eerste Divisie;De Graafschap vs NAC Breda;1636571521;spread;away;-0.5;1.962;1.806;7.951;0;10.72;10.45;1
1636537454-spread-away--0.0-1789876858;2026-09-20T04:00:58.785890+00:00;2026-09-20T04:00:58.785890+00:00;Japan - J League;Machida Zelvia vs Kashiwa Reysol;1636537454;spread;away;-0.0;2.11;1.935;8.294;0;3.96;3.69;1
1636555280-total-over-2.5-1789876858;2026-09-20T04:00:58.785890+00:00;2026-09-20T04:00:58.785890+00:00;San Marino - Campionato;San Giovanni vs SP Cailungo;1636555280;total;over;2.5;1.813;1.781;1.765;0;8.96;8.69;1
1636554056-total-under-2.5-1789876858;2026-09-20T04:00:58.785890+00:00;2026-09-20T04:00:58.785890+00:00;San Marino - Campionato;Tre Penne vs Juvenes/Dogana;1636554056;total;under;2.5;1.806;1.758;2.658;0;8.96;8.69;1
1635992344-spread-home-0.5-1789876858;2026-09-20T04:00:58.785890+00:00;2026-09-20T04:00:58.785890+00:00;Spain - La Liga;Atletico Madrid vs Real Madrid;1635992344;spread;home;0.5;1.877;1.826;2.717;0;10.21;9.94;1
1635992344-spread-away--0.5-1789876858;2026-09-20T04:00:58.785890+00:00;2026-09-20T04:00:58.785890+00:00;Spain - La Liga;Atletico Madrid vs Real Madrid;1635992344;spread;away;-0.5;2.03;1.971;2.906;0;10.21;9.94;1
1636506140-spread-away-1.0-1789876858;2026-09-20T04:00:58.785890+00:00;2026-09-20T04:00:58.785890+00:00;Norway - 1st Division;Lyn vs Ranheim;1636506140;spread;away;1.0;1.885;1.862;1.22;0;10.96;10.69;1
1636506140-spread-home--1.0-1789876858;2026-09-20T04:00:58.785890+00:00;2026-09-20T04:00:58.785890+00:00;Norway - 1st Division;Lyn vs Ranheim;1636506140;spread;home;-1.0;1.99;1.826;8.241;0;10.96;10.69;1
1636498762-spread-away--0.0-1789876507;2026-09-20T03:55:07.071443+00:00;2026-09-20T04:07:06.740946+00:00;Poland - Ekstraklasa;Jagiellonia Bialystok vs Legia Warsaw;1636498762;spread;away;-0.0;1.962;1.82;7.238;11.99;11.58;11.31;2
1636549994-spread-away-0.5-1789876507;2026-09-20T03:55:07.071443+00:00;2026-09-20T04:07:06.740946+00:00;Denmark - Division 1;AaB vs Vendsyssel;1636549994;spread;away;0.5;1.935;1.833;5.271;11.99;8.06;7.79;2
1636554001-spread-away--0.5-1789877226;2026-09-20T04:07:06.740946+00:00;2026-09-20T04:07:06.740946+00:00;Sweden - Allsvenskan;Halmstads vs AIK;1636554001;spread;away;-0.5;2.04;1.87;8.333;0;7.88;7.61;1
1636498762-spread-home-0.0-1789877226;2026-09-20T04:07:06.740946+00:00;2026-09-20T04:07:06.740946+00:00;Poland - Ekstraklasa;Jagiellonia Bialystok vs Legia Warsaw;1636498762;spread;home;0.0;2.08;1.763;15.24;0;11.38;11.11;1
1635920597-spread-away--0.0-1789877226;2026-09-20T04:07:06.740946+00:00;2026-09-20T04:07:06.740946+00:00;England - Premier League;Fulham vs Manchester United;1635920597;spread;away;-0.0;1.917;1.654;13.719;0;11.37;11.1;1
1635920598-spread-away-1.5-1789877226;2026-09-20T04:07:06.740946+00:00;2026-09-20T04:07:06.740946+00:00;England - Premier League;Manchester City vs Sunderland;1635920598;spread;away;1.5;1.926;1.901;1.298;0;8.87;8.6;1
1635980516-spread-home-0.0-1789877226;2026-09-20T04:07:06.740946+00:00;2026-09-20T04:07:06.740946+00:00;France - Ligue 1;Nice vs Lille;1635980516;spread;home;0.0;1.926;1.87;2.908;0;11.12;10.85;1
1635980515-spread-home-0.0-1789877226;2026-09-20T04:07:06.740946+00:00;2026-09-20T04:07:06.740946+00:00;France - Ligue 1;Auxerre vs Brest;1635980515;spread;home;0.0;2.12;1.813;14.481;0;8.87;8.6;1
1635980515-spread-away--0.0-1789877226;2026-09-20T04:07:06.740946+00:00;2026-09-20T04:07:06.740946+00:00;France - Ligue 1;Auxerre vs Brest;1635980515;spread;away;-0.0;1.971;1.671;15.221;0;8.87;8.6;1
1636537500-spread-home-0.0-1789877226;2026-09-20T04:07:06.740946+00:00;2026-09-20T04:07:06.740946+00:00;Korea Republic - K League 2;Seongnam FC vs Hwaseong;1636537500;spread;home;0.0;1.98;1.781;10.051;0;5.87;5.6;1
1636537335-spread-away--0.5-1789877226;2026-09-20T04:07:06.740946+00:00;2026-09-20T04:07:06.740946+00:00;Sweden - Superettan;Sundsvall vs Ljungskile;1636537335;spread;away;-0.5;1.901;1.862;2.052;0;6.86;6.59;1
1636498755-spread-away--0.0-1789877226;2026-09-20T04:07:06.740946+00:00;2026-09-20T04:07:06.740946+00:00;Bulgaria - First League;Spartak Varna vs Lokomotiv Sofia;1636498755;spread;away;-0.0;1.943;1.877;3.397;0;8.11;7.84;1
1635957958-spread-home--1.0-1789877226;2026-09-20T04:07:06.740946+00:00;2026-09-20T04:07:06.740946+00:00;Austria - Bundesliga;Salzburg vs Sturm Graz;1635957958;spread;home;-1.0;2.05;1.952;4.78;0;10.86;10.59;1
1636537454-spread-home-0.0-1789876858;2026-09-20T04:00:58.785890+00:00;2026-09-20T04:13:09.415213+00:00;Japan - J League;Machida Zelvia vs Kashiwa Reysol;1636537454;spread;home;0.0;1.826;1.806;1.095;12.18;3.96;3.69;2
1636554001-spread-home-0.5-1789877589;2026-09-20T04:13:09.415213+00:00;2026-09-20T04:13:09.415213+00:00;Sweden - Allsvenskan;Halmstads vs AIK;1636554001;spread;home;0.5;1.885;1.84;2.387;0;7.78;7.51;1
1636549994-spread-home--0.5-1789877589;2026-09-20T04:13:09.415213+00:00;2026-09-20T04:13:09.415213+00:00;Denmark - Division 1;AaB vs Vendsyssel;1636549994;spread;home;-0.5;2.03;1.806;11.034;0;7.78;7.51;1
1636535532-spread-home--0.5-1789877589;2026-09-20T04:13:09.415213+00:00;2026-09-20T04:13:09.415213+00:00;Czech Republic - 3. Liga;Zbrojovka Brno II vs Hodonin;1636535532;spread;home;-0.5;1.926;1.87;2.908;0;4.02;3.75;1
1635920597-spread-home-0.0-1789877589;2026-09-20T04:13:09.415213+00:00;2026-09-20T04:13:09.415213+00:00;England - Premier League;Fulham vs Manchester United;1635920597;spread;home;0.0;2.06;1.885;8.495;0;11.27;11.0;1
1635918928-spread-away--0.0-1789877589;2026-09-20T04:13:09.415213+00:00;2026-09-20T04:13:09.415213+00:00;England - Premier League;Bournemouth vs Liverpool;1635918928;spread;away;-0.0;1.833;1.806;1.473;0;8.77;8.5;1
1635918928-spread-home-0.0-1789877589;2026-09-20T04:13:09.415213+00:00;2026-09-20T04:13:09.415213+00:00;England - Premier League;Bournemouth vs Liverpool;1635918928;spread;home;0.0;1.99;1.833;7.889;0;8.77;8.5;1
1636688809-spread-home-0.0-1789877589;2026-09-20T04:13:09.415213+00:00;2026-09-20T04:13:09.415213+00:00;Uruguay - Primera Division;Albion vs Juventud;1636688809;spread;home;0.0;1.909;1.885;1.257;0;8.77;8.5;1
1636688809-spread-away--0.0-1789877589;2026-09-20T04:13:09.415213+00:00;2026-09-20T04:13:09.415213+00:00;Uruguay - Primera Division;Albion vs Juventud;1636688809;spread;away;-0.0;1.971;1.8;8.676;0;8.77;8.5;1
1636569788-spread-home--0.5-1789877589;2026-09-20T04:13:09.415213+00:00;2026-09-20T04:13:09.415213+00:00;Finland - Ykkonen;Inter Turku 2 vs TPV;1636569788;spread;home;-0.5;2.0;1.847;7.65;0;10.77;10.5;1
1636537500-spread-away--0.0-1789877589;2026-09-20T04:13:09.415213+00:00;2026-09-20T04:13:09.415213+00:00;Korea Republic - K League 2;Seongnam FC vs Hwaseong;1636537500;spread;away;-0.0;1.935;1.87;3.359;0;5.77;5.5;1
1636555259-spread-away--0.5-1789877589;2026-09-20T04:13:09.415213+00:00;2026-09-20T04:13:09.415213+00:00;Italy - Serie C Group B;Vado vs Pescara;1636555259;spread;away;-0.5;1.971;1.775;9.944;0;8.27;8.0;1
1636571519-spread-away--1.0-1789877589;2026-09-20T04:13:09.415213+00:00;2026-09-20T04:13:09.415213+00:00;Switzerland - Super League;Basel vs St. Gallen;1636571519;spread;away;-1.0;1.909;1.787;6.391;0;10.26;9.99;1
1636571521-spread-away--0.5-1789877952;2026-09-20T04:19:12.483689+00:00;2026-09-20T04:19:12.483689+00:00;Netherlands - Eerste Divisie;De Graafschap vs NAC Breda;1636571521;spread;away;-0.5;1.962;1.806;7.951;0;10.43;10.15;1
1636569788-spread-away-0.5-1789877952;2026-09-20T04:19:12.483689+00:00;2026-09-20T04:19:12.483689+00:00;Finland - Ykkonen;Inter Turku 2 vs TPV;1636569788;spread;away;0.5;1.87;1.826;2.353;0;10.67;10.4;1
1636555259-spread-home-0.5-1789877952;2026-09-20T04:19:12.483689+00:00;2026-09-20T04:19:12.483689+00:00;Italy - Serie C Group B;Vado vs Pescara;1636555259;spread;home;0.5;1.935;1.855;4.134;0;8.17;7.9;1
1636506127-spread-home-0.0-1789877952;2026-09-20T04:19:12.483689+00:00;2026-09-20T04:19:12.483689+00:00;Iceland - Premier League;FH Hafnarfjordur vs Stjarnan;1636506127;spread;home;0.0;1.962;1.926;1.835;0;11.67;11.4;1
1636506127-spread-away--0.0-1789877952;2026-09-20T04:19:12.483689+00:00;2026-09-20T04:19:12.483689+00:00;Iceland - Premier League;FH Hafnarfjordur vs Stjarnan;1636506127;spread;away;-0.0;1.893;1.787;5.6;0;11.67;11.4;1
1635992344-spread-home-0.5-1789877952;2026-09-20T04:19:12.483689+00:00;2026-09-20T04:19:12.483689+00:00;Spain - La Liga;Atletico Madrid vs Real Madrid;1635992344;spread;home;0.5;1.877;1.826;2.717;0;9.92;9.64;1
1635992344-spread-away--0.5-1789877952;2026-09-20T04:19:12.483689+00:00;2026-09-20T04:19:12.483689+00:00;Spain - La Liga;Atletico Madrid vs Real Madrid;1635992344;spread;away;-0.5;2.03;1.971;2.906;0;9.92;9.64;1
1636866874-spread-home-0.0-1789877952;2026-09-20T04:19:12.483689+00:00;2026-09-20T04:19:12.483689+00:00;Italy - Serie D;Club Milano vs Virtus Ciserano Bergamo;1636866874;spread;home;0.0;1.962;1.901;3.109;0;8.66;8.39;1
1636532647-spread-home-0.0-1789877952;2026-09-20T04:19:12.483689+00:00;2026-09-20T04:19:12.483689+00:00;Hong Kong - HKFA 2. Division;Kowloon Cricket Club vs Tsun Tat;1636532647;spread;home;0.0;1.917;1.893;1.252;0;0.66;0.39;1
1636537454-spread-away--0.0-1789877952;2026-09-20T04:19:12.483689+00:00;2026-09-20T04:19:12.483689+00:00;Japan - J League;Machida Zelvia vs Kashiwa Reysol;1636537454;spread;away;-0.0;2.12;1.935;8.726;0;3.66;3.39;1
1636569764-spread-home-0.0-1789877952;2026-09-20T04:19:12.483689+00:00;2026-09-20T04:19:12.483689+00:00;Spain - Segunda Division;Ceuta vs Real Valladolid;1636569764;spread;home;0.0;2.06;1.917;6.942;0;9.91;9.63;1
1636569764-spread-away--0.0-1789877952;2026-09-20T04:19:12.483689+00:00;2026-09-20T04:19:12.483689+00:00;Spain - Segunda Division;Ceuta vs Real Valladolid;1636569764;spread;away;-0.0;1.855;1.826;1.563;0;9.91;9.63;1
1636506140-spread-away-1.0-1789877952;2026-09-20T04:19:12.483689+00:00;2026-09-20T04:19:12.483689+00:00;Norway - 1st Division;Lyn vs Ranheim;1636506140;spread;away;1.0;1.885;1.862;1.22;0;10.66;10.38;1
1636506140-spread-home--1.0-1789877952;2026-09-20T04:19:12.483689+00:00;2026-09-20T04:19:12.483689+00:00;Norway - 1st Division;Lyn vs Ranheim;1636506140;spread;home;-1.0;1.99;1.826;8.241;0;10.66;10.38;1
1636535532-spread-away-0.5-1789877589;2026-09-20T04:13:09.415213+00:00;2026-09-20T04:25:18.378273+00:00;Czech Republic - 3. Liga;Zbrojovka Brno II vs Hodonin;1636535532;spread;away;0.5;1.833;1.813;1.091;12.15;4.02;3.75;2
1636558043-spread-away-0.5-1789877589;2026-09-20T04:13:09.415213+00:00;2026-09-20T04:25:18.378273+00:00;Norway - Eliteserien;Sandefjord vs Start;1636558043;spread;away;0.5;1.877;1.855;1.172;12.15;10.77;10.49;2
1635992336-spread-home--0.5-1789878318;2026-09-20T04:25:18.378273+00:00;2026-09-20T04:25:18.378273+00:00;Germany - Bundesliga;Schalke 04 vs Elversberg;1635992336;spread;home;-0.5;2.07;2.04;1.449;0;11.07;10.8;1
1636549994-total-under-2.5-1789878318;2026-09-20T04:25:18.378273+00:00;2026-09-20T04:25:18.378273+00:00;Denmark - Division 1;AaB vs Vendsyssel;1636549994;total;under;2.5;2.03;1.99;1.97;0;7.57;7.3;1
1636590065-spread-away--0.5-1789878318;2026-09-20T04:25:18.378273+00:00;2026-09-20T04:25:18.378273+00:00;Iceland - Premier League;Keflavik vs Fram Reykjavik;1636590065;spread;away;-0.5;2.04;1.952;4.314;0;11.57;11.3;1
1635980515-spread-home-0.0-1789878318;2026-09-20T04:25:18.378273+00:00;2026-09-20T04:25:18.378273+00:00;France - Ligue 1;Auxerre vs Brest;1635980515;spread;home;0.0;2.12;1.813;14.481;0;8.57;8.3;1
1635980515-spread-away--0.0-1789878318;2026-09-20T04:25:18.378273+00:00;2026-09-20T04:25:18.378273+00:00;France - Ligue 1;Auxerre vs Brest;1635980515;spread;away;-0.0;1.971;1.671;15.221;0;8.57;8.3;1
1635980516-spread-home-0.0-1789878318;2026-09-20T04:25:18.378273+00:00;2026-09-20T04:25:18.378273+00:00;France - Ligue 1;Nice vs Lille;1635980516;spread;home;0.0;1.926;1.87;2.908;0;10.82;10.55;1
1636537500-spread-home-0.0-1789878318;2026-09-20T04:25:18.378273+00:00;2026-09-20T04:25:18.378273+00:00;Korea Republic - K League 2;Seongnam FC vs Hwaseong;1636537500;spread;home;0.0;1.98;1.781;10.051;0;5.57;5.3;1
1636571519-spread-home-0.0-1789878318;2026-09-20T04:25:18.378273+00:00;2026-09-20T04:25:18.378273+00:00;Switzerland - Super League;Basel vs St. Gallen;1636571519;spread;home;0.0;1.909;1.877;1.676;0;10.07;9.79;1
1635920597-spread-away--0.0-1789878318;2026-09-20T04:25:18.378273+00:00;2026-09-20T04:25:18.378273+00:00;England - Premier League;Fulham vs Manchester United;1635920597;spread;away;-0.0;1.917;1.654;13.719;0;11.07;10.79;1
1636537268-spread-away--0.5-1789878318;2026-09-20T04:25:18.378273+00:00;2026-09-20T04:25:18.378273+00:00;Japan - J2 League;Tochigi City vs Vegalta Sendai;1636537268;spread;away;-0.5;2.03;1.98;2.463;0;3.56;3.29;1
1636554036-total-under-2.5-1789878318;2026-09-20T04:25:18.378273+00:00;2026-09-20T04:25:18.378273+00:00;Poland - Ekstraklasa;Zaglebie Lubin vs Wisla Plock;1636554036;total;under;2.5;1.971;1.909;3.146;0;8.31;8.04;1
1636498762-spread-away--0.0-1789878318;2026-09-20T04:25:18.378273+00:00;2026-09-20T04:25:18.378273+00:00;Poland - Ekstraklasa;Jagiellonia Bialystok vs Legia Warsaw;1636498762;spread;away;-0.0;1.962;1.82;7.238;0;11.06;10.79;1
1636498762-spread-home-0.0-1789878318;2026-09-20T04:25:18.378273+00:00;2026-09-20T04:25:18.378273+00:00;Poland - Ekstraklasa;Jagiellonia Bialystok vs Legia Warsaw;1636498762;spread;home;0.0;2.08;1.763;15.24;0;11.06;10.79;1
1636537279-spread-home-0.0-1789878318;2026-09-20T04:25:18.378273+00:00;2026-09-20T04:25:18.378273+00:00;Austria - 2. Liga;Austria Vienna II vs Rapid Vienna II;1636537279;spread;home;0.0;1.862;1.833;1.557;0;4.06;3.79;1
1636322255-total-under-2.5-1789878318;2026-09-20T04:25:18.378273+00:00;2026-09-20T04:25:18.378273+00:00;Czech Republic - First Liga;Jablonec vs Zlin;1636322255;total;under;2.5;1.962;1.935;1.376;0;8.56;8.29;1
1636554001-spread-away--0.5-1789878318;2026-09-20T04:25:18.378273+00:00;2026-09-20T04:25:18.378273+00:00;Sweden - Allsvenskan;Halmstads vs AIK;1636554001;spread;away;-0.5;2.04;1.87;8.333;0;7.56;7.29;1
1636537455-spread-home--0.5-1789878318;2026-09-20T04:25:18.378273+00:00;2026-09-20T04:25:18.378273+00:00;Japan - J3 League;Sagamihara vs Giravanz Kitakyushu;1636537455;spread;home;-0.5;1.943;1.917;1.338;0;3.56;3.28;1
1636571540-spread-home--0.5-1789878318;2026-09-20T04:25:18.378273+00:00;2026-09-20T04:25:18.378273+00:00;Croatia - HNL;HNK Rijeka vs Hajduk Split;1636571540;spread;home;-0.5;2.08;2.03;2.404;0;10.55;10.28;1
1636572901-total-over-2.5-1789877952;2026-09-20T04:19:12.483689+00:00;2026-09-20T04:31:25.227637+00:00;Montenegro - Prva Liga;Otrant Olympic vs Jezero Plav;1636572901;total;over;2.5;1.99;1.943;2.362;12.21;9.67;9.39;2
1636533843-spread-home-0.5-1789877952;2026-09-20T04:19:12.483689+00:00;2026-09-20T04:31:25.227637+00:00;Korea Republic - K League 1;Pohang Steelers vs FC Seoul;1636533843;spread;home;0.5;2.07;2.04;1.449;12.21;5.66;5.39;2
1636535501-spread-home--1.5-1789878685;2026-09-20T04:31:25.227637+00:00;2026-09-20T04:31:25.227637+00:00;Hong Kong - HKFA 1. Division;Resources Capital vs South China;1636535501;spread;home;-1.5;1.826;1.787;2.136;0;2.97;2.7;1
1636688809-spread-home-0.0-1789878685;2026-09-20T04:31:25.227637+00:00;2026-09-20T04:31:25.227637+00:00;Uruguay - Primera Division;Albion vs Juventud;1636688809;spread;home;0.0;1.909;1.885;1.257;0;8.47;8.2;1
1636688809-spread-away--0.0-1789878685;2026-09-20T04:31:25.227637+00:00;2026-09-20T04:31:25.227637+00:00;Uruguay - Primera Division;Albion vs Juventud;1636688809;spread;away;-0.0;1.971;1.8;8.676;0;8.47;8.2;1
1636716467-spread-away-1.5-1789878685;2026-09-20T04:31:25.227637+00:00;2026-09-20T04:31:25.227637+00:00;Portugal - Cup;AD Marco 09 vs Maia Lidador;1636716467;spread;away;1.5;1.855;1.826;1.563;0;11.47;11.2;1
1636716467-total-under-2.5-1789878685;2026-09-20T04:31:25.227637+00:00;2026-09-20T04:31:25.227637+00:00;Portugal - Cup;AD Marco 09 vs Maia Lidador;1636716467;total;under;2.5;1.962;1.909;2.701;0;11.47;11.2;1
1636569788-spread-home--0.5-1789878685;2026-09-20T04:31:25.227637+00:00;2026-09-20T04:31:25.227637+00:00;Finland - Ykkonen;Inter Turku 2 vs TPV;1636569788;spread;home;-0.5;2.0;1.847;7.65;0;10.47;10.2;1
1636555259-spread-away--0.5-1789878685;2026-09-20T04:31:25.227637+00:00;2026-09-20T04:31:25.227637+00:00;Italy - Serie C Group B;Vado vs Pescara;1636555259;spread;away;-0.5;1.971;1.775;9.944;0;7.97;7.69;1
1636537500-spread-away--0.0-1789878685;2026-09-20T04:31:25.227637+00:00;2026-09-20T04:31:25.227637+00:00;Korea Republic - K League 2;Seongnam FC vs Hwaseong;1636537500;spread;away;-0.0;1.935;1.87;3.359;0;5.47;5.19;1
1635920597-spread-home-0.0-1789878685;2026-09-20T04:31:25.227637+00:00;2026-09-20T04:31:25.227637+00:00;England - Premier League;Fulham vs Manchester United;1635920597;spread;home;0.0;2.06;1.885;8.495;0;10.96;10.69;1
1635918928-spread-away--0.0-1789878685;2026-09-20T04:31:25.227637+00:00;2026-09-20T04:31:25.227637+00:00;England - Premier League;Bournemouth vs Liverpool;1635918928;spread;away;-0.0;1.833;1.813;1.091;0;8.46;8.19;1
1635918928-spread-home-0.0-1789878685;2026-09-20T04:31:25.227637+00:00;2026-09-20T04:31:25.227637+00:00;England - Premier League;Bournemouth vs Liverpool;1635918928;spread;home;0.0;1.98;1.833;7.424;0;8.46;8.19;1
1636554001-spread-home-0.5-1789878685;2026-09-20T04:31:25.227637+00:00;2026-09-20T04:31:25.227637+00:00;Sweden - Allsvenskan;Halmstads vs AIK;1636554001;spread;home;0.5;1.885;1.84;2.387;0;7.46;7.18;1
1636537502-total-under-2.5-1789878685;2026-09-20T04:31:25.227637+00:00;2026-09-20T04:31:25.227637+00:00;Spain - Segunda Federacion;Ciudad de Lucena vs Tenerife II;1636537502;total;under;2.5;1.943;1.885;2.985;0;5.46;5.18;1
1636537454-spread-home-0.0-1789878685;2026-09-20T04:31:25.227637+00:00;2026-09-20T04:31:25.227637+00:00;Japan - J League;Machida Zelvia vs Kashiwa Reysol;1636537454;spread;home;0.0;1.826;1.8;1.424;0;3.46;3.18;1
1636569764-spread-home-0.0-1789879055;2026-09-20T04:37:35.295829+00:00;2026-09-20T04:37:35.295829+00:00;Spain - Segunda Division;Ceuta vs Real Valladolid;1636569764;spread;home;0.0;2.06;1.917;6.942;0;9.61;9.34;1
1636569764-spread-away--0.0-1789879055;2026-09-20T04:37:35.295829+00:00;2026-09-20T04:37:35.295829+00:00;Spain - Segunda Division;Ceuta vs Real Valladolid;1636569764;spread;away;-0.0;1.855;1.826;1.563;0;9.61;9.34;1
1636506127-spread-home-0.0-1789879055;2026-09-20T04:37:35.295829+00:00;2026-09-20T04:37:35.295829+00:00;Iceland - Premier League;FH Hafnarfjordur vs Stjarnan;1636506127;spread;home;0.0;1.962;1.926;1.835;0;11.36;11.08;1
1636506127-spread-away--0.0-1789879055;2026-09-20T04:37:35.295829+00:00;2026-09-20T04:37:35.295829+00:00;Iceland - Premier League;FH Hafnarfjordur vs Stjarnan;1636506127;spread;away;-0.0;1.893;1.787;5.6;0;11.36;11.08;1
1636569788-spread-away-0.5-1789879055;2026-09-20T04:37:35.295829+00:00;2026-09-20T04:37:35.295829+00:00;Finland - Ykkonen;Inter Turku 2 vs TPV;1636569788;spread;away;0.5;1.87;1.826;2.353;0;10.36;10.08;1
1636555259-spread-home-0.5-1789879055;2026-09-20T04:37:35.295829+00:00;2026-09-20T04:37:35.295829+00:00;Italy - Serie C Group B;Vado vs Pescara;1636555259;spread;home;0.5;1.935;1.855;4.134;0;7.86;7.58;1
1636571521-spread-away--0.5-1789879055;2026-09-20T04:37:35.295829+00:00;2026-09-20T04:37:35.295829+00:00;Netherlands - Eerste Divisie;De Graafschap vs NAC Breda;1636571521;spread;away;-0.5;1.962;1.806;7.951;0;10.11;9.83;1
1636537454-spread-away--0.0-1789879055;2026-09-20T04:37:35.295829+00:00;2026-09-20T04:37:35.295829+00:00;Japan - J League;Machida Zelvia vs Kashiwa Reysol;1636537454;spread;away;-0.0;2.13;1.935;9.155;0;3.35;3.08;1
1635992344-spread-home-0.5-1789879055;2026-09-20T04:37:35.295829+00:00;2026-09-20T04:37:35.295829+00:00;Spain - La Liga;Atletico Madrid vs Real Madrid;1635992344;spread;home;0.5;1.885;1.826;3.13;0;9.6;9.32;1
1635992344-spread-away--0.5-1789879055;2026-09-20T04:37:35.295829+00:00;2026-09-20T04:37:35.295829+00:00;Spain - La Liga;Atletico Madrid vs Real Madrid;1635992344;spread;away;-0.5;2.03;1.971;2.906;0;9.6;9.32;1
1636554001-spread-away--0.5-1789879423;2026-09-20T04:43:43.149431+00:00;2026-09-20T04:43:43.149431+00:00;Sweden - Allsvenskan;Halmstads vs AIK;1636554001;spread;away;-0.5;2.04;1.87;8.333;0;7.27;6.99;1
1636498762-spread-away--0.0-1789879423;2026-09-20T04:43:43.149431+00:00;2026-09-20T04:43:43.149431+00:00;Poland - Ekstraklasa;Jagiellonia Bialystok vs Legia Warsaw;1636498762;spread;away;-0.0;1.962;1.82;7.238;0;10.77;10.49;1
1636498762-spread-home-0.0-1789879423;2026-09-20T04:43:43.149431+00:00;2026-09-20T04:43:43.149431+00:00;Poland - Ekstraklasa;Jagiellonia Bialystok vs Legia Warsaw;1636498762;spread;home;0.0;2.08;1.763;15.24;0;10.77;10.49;1
1636535532-spread-away-0.5-1789879423;2026-09-20T04:43:43.149431+00:00;2026-09-20T04:43:43.149431+00:00;Czech Republic - 3. Liga;Zbrojovka Brno II vs Hodonin;1636535532;spread;away;0.5;1.813;1.775;2.096;0;3.52;3.24;1
1635920597-spread-away--0.0-1789879423;2026-09-20T04:43:43.149431+00:00;2026-09-20T04:43:43.149431+00:00;England - Premier League;Fulham vs Manchester United;1635920597;spread;away;-0.0;1.917;1.654;13.719;0;10.76;10.48;1
1635980515-spread-home-0.0-1789879423;2026-09-20T04:43:43.149431+00:00;2026-09-20T04:43:43.149431+00:00;France - Ligue 1;Auxerre vs Brest;1635980515;spread;home;0.0;2.12;1.813;14.481;0;8.26;7.98;1
1635980515-spread-away--0.0-1789879423;2026-09-20T04:43:43.149431+00:00;2026-09-20T04:43:43.149431+00:00;France - Ligue 1;Auxerre vs Brest;1635980515;spread;away;-0.0;1.971;1.671;15.221;0;8.26;7.98;1
1635980516-spread-home-0.0-1789879423;2026-09-20T04:43:43.149431+00:00;2026-09-20T04:43:43.149431+00:00;France - Ligue 1;Nice vs Lille;1635980516;spread;home;0.0;1.926;1.87;2.908;0;10.51;10.23;1
1636537500-spread-home-0.0-1789879423;2026-09-20T04:43:43.149431+00:00;2026-09-20T04:43:43.149431+00:00;Korea Republic - K League 2;Seongnam FC vs Hwaseong;1636537500;spread;home;0.0;1.98;1.781;10.051;0;5.26;4.98;1
1636537501-spread-home-0.0-1789879423;2026-09-20T04:43:43.149431+00:00;2026-09-20T04:43:43.149431+00:00;Spain - Segunda Federacion;Lorca Deportiva vs Intercity;1636537501;spread;home;0.0;2.06;2.01;2.427;0;5.25;4.97;1
1636537313-spread-away--1.5-1789879423;2026-09-20T04:43:43.149431+00:00;2026-09-20T04:43:43.149431+00:00;Greece - Super League;Kalamata vs Panathinaikos;1636537313;spread;away;-1.5;2.07;2.04;1.449;0;11.75;11.47;1
1636537508-spread-away--1.5-1789879423;2026-09-20T04:43:43.149431+00:00;2026-09-20T04:43:43.149431+00:00;Greece - Super League;Volos vs AEK Athens;1636537508;spread;away;-1.5;2.06;2.0;2.913;0;10.25;9.97;1
1636535519-total-under-2.5-1789879423;2026-09-20T04:43:43.149431+00:00;2026-09-20T04:43:43.149431+00:00;Japan - J League;Gamba Osaka vs Vissel Kobe;1636535519;total;under;2.5;1.99;1.952;1.91;0;3.25;2.97;1
1636506131-spread-home-1.0-1789879423;2026-09-20T04:43:43.149431+00:00;2026-09-20T04:43:43.149431+00:00;Bulgaria - First League;Lokomotiv Plovdiv vs CSKA Sofia;1636506131;spread;home;1.0;1.935;1.885;2.584;0;10.0;9.72;1
1636555259-spread-away--0.5-1789879798;2026-09-20T04:49:58.717236+00:00;2026-09-20T04:49:58.717236+00:00;Italy - Serie C Group B;Vado vs Pescara;1636555259;spread;away;-0.5;1.971;1.775;9.944;0;7.66;7.37;1
1636569788-spread-home--0.5-1789879798;2026-09-20T04:49:58.717236+00:00;2026-09-20T04:49:58.717236+00:00;Finland - Ykkonen;Inter Turku 2 vs TPV;1636569788;spread;home;-0.5;2.0;1.847;7.65;0;10.15;9.87;1
1636554001-spread-home-0.5-1789879798;2026-09-20T04:49:58.717236+00:00;2026-09-20T04:49:58.717236+00:00;Sweden - Allsvenskan;Halmstads vs AIK;1636554001;spread;home;0.5;1.885;1.84;2.387;0;7.15;6.87;1
1636537500-spread-away--0.0-1789879798;2026-09-20T04:49:58.717236+00:00;2026-09-20T04:49:58.717236+00:00;Korea Republic - K League 2;Seongnam FC vs Hwaseong;1636537500;spread;away;-0.0;1.935;1.87;3.359;0;5.15;4.87;1
1636866496-spread-away-1.5-1789879798;2026-09-20T04:49:58.717236+00:00;2026-09-20T04:49:58.717236+00:00;Poland - 4th Liga;Nieciecza II vs LKS Blekitni Modlnica;1636866496;spread;away;1.5;1.943;1.84;5.301;0;4.15;3.87;1
1636688809-spread-home-0.0-1789879798;2026-09-20T04:49:58.717236+00:00;2026-09-20T04:49:58.717236+00:00;Uruguay - Primera Division;Albion vs Juventud;1636688809;spread;home;0.0;1.909;1.885;1.257;0;8.15;7.86;1
1636688809-spread-away--0.0-1789879798;2026-09-20T04:49:58.717236+00:00;2026-09-20T04:49:58.717236+00:00;Uruguay - Primera Division;Albion vs Juventud;1636688809;spread;away;-0.0;1.971;1.8;8.676;0;8.15;7.86;1
1636498754-spread-away-1.5-1789879798;2026-09-20T04:49:58.717236+00:00;2026-09-20T04:49:58.717236+00:00;Norway - 1st Division;Haugesund vs Strommen;1636498754;spread;away;1.5;2.02;1.84;8.911;0;10.15;9.86;1
1636537300-spread-away-0.5-1789879798;2026-09-20T04:49:58.717236+00:00;2026-09-20T04:49:58.717236+00:00;Spain - Primera Federacion;Algeciras vs Aguilas;1636537300;spread;away;0.5;1.787;1.758;1.623;0;9.15;8.86;1
1636592258-total-over-2.5-1789879798;2026-09-20T04:49:58.717236+00:00;2026-09-20T04:49:58.717236+00:00;Thailand - League 3;Padriew City vs Burapha United;1636592258;total;over;2.5;1.971;1.943;1.421;0;5.14;4.86;1
1635918928-spread-away--0.0-1789879798;2026-09-20T04:49:58.717236+00:00;2026-09-20T04:49:58.717236+00:00;England - Premier League;Bournemouth vs Liverpool;1635918928;spread;away;-0.0;1.833;1.813;1.091;0;8.14;7.86;1
1635918928-spread-home-0.0-1789879798;2026-09-20T04:49:58.717236+00:00;2026-09-20T04:49:58.717236+00:00;England - Premier League;Bournemouth vs Liverpool;1635918928;spread;home;0.0;1.98;1.833;7.424;0;8.14;7.86;1
1635920597-spread-home-0.0-1789879798;2026-09-20T04:49:58.717236+00:00;2026-09-20T04:49:58.717236+00:00;England - Premier League;Fulham vs Manchester United;1635920597;spread;home;0.0;2.06;1.885;8.495;0;10.64;10.36;1
1636498766-spread-away--1.0-1789879423;2026-09-20T04:43:43.149431+00:00;2026-09-20T04:56:16.495211+00:00;Belgium - Pro League;Royal Antwerp vs Union Saint-Gilloise;1636498766;spread;away;-1.0;2.09;2.04;2.392;12.56;6.76;6.48;2
1636537454-spread-home-0.0-1789879798;2026-09-20T04:49:58.717236+00:00;2026-09-20T04:56:16.495211+00:00;Japan - J League;Machida Zelvia vs Kashiwa Reysol;1636537454;spread;home;0.0;1.826;1.806;1.095;6.3;3.14;2.86;2
1636549994-spread-away-0.5-1789880176;2026-09-20T04:56:16.495211+00:00;2026-09-20T04:56:16.495211+00:00;Denmark - Division 1;AaB vs Vendsyssel;1636549994;spread;away;0.5;1.909;1.806;5.395;0;7.06;6.78;1
1636549994-spread-home--0.5-1789880176;2026-09-20T04:56:16.495211+00:00;2026-09-20T04:56:16.495211+00:00;Denmark - Division 1;AaB vs Vendsyssel;1636549994;spread;home;-0.5;2.06;1.806;12.33;0;7.06;6.78;1
1636535522-spread-home--0.5-1789880176;2026-09-20T04:56:16.495211+00:00;2026-09-20T04:56:16.495211+00:00;Chinese Taipei - Premier League;Hang Yuan vs Tatung;1636535522;spread;home;-0.5;1.862;1.82;2.256;0;3.06;2.78;1
1636569764-spread-home-0.0-1789880176;2026-09-20T04:56:16.495211+00:00;2026-09-20T04:56:16.495211+00:00;Spain - Segunda Division;Ceuta vs Real Valladolid;1636569764;spread;home;0.0;2.06;1.917;6.942;0;9.3;9.02;1
1636569764-spread-away--0.0-1789880176;2026-09-20T04:56:16.495211+00:00;2026-09-20T04:56:16.495211+00:00;Spain - Segunda Division;Ceuta vs Real Valladolid;1636569764;spread;away;-0.0;1.855;1.826;1.563;0;9.3;9.02;1
1636555259-spread-home-0.5-1789880176;2026-09-20T04:56:16.495211+00:00;2026-09-20T04:56:16.495211+00:00;Italy - Serie C Group B;Vado vs Pescara;1636555259;spread;home;0.5;1.935;1.855;4.134;0;7.55;7.27;1
1636498197-spread-away-1.0-1789880176;2026-09-20T04:56:16.495211+00:00;2026-09-20T04:56:16.495211+00:00;Belgium - Pro League;Club Brugge vs Genk;1636498197;spread;away;1.0;2.07;2.03;1.932;0;11.55;11.27;1
1636569788-spread-away-0.5-1789880176;2026-09-20T04:56:16.495211+00:00;2026-09-20T04:56:16.495211+00:00;Finland - Ykkonen;Inter Turku 2 vs TPV;1636569788;spread;away;0.5;1.87;1.826;2.353;0;10.05;9.77;1
1636709568-spread-away-1.5-1789880176;2026-09-20T04:56:16.495211+00:00;2026-09-20T04:56:16.495211+00:00;Portugal - Cup;Fafe vs JD Lajense;1636709568;spread;away;1.5;1.935;1.893;2.171;0;4.05;3.77;1
1636506127-spread-home-0.0-1789880176;2026-09-20T04:56:16.495211+00:00;2026-09-20T04:56:16.495211+00:00;Iceland - Premier League;FH Hafnarfjordur vs Stjarnan;1636506127;spread;home;0.0;1.962;1.926;1.835;0;11.05;10.76;1
1636506127-spread-away--0.0-1789880176;2026-09-20T04:56:16.495211+00:00;2026-09-20T04:56:16.495211+00:00;Iceland - Premier League;FH Hafnarfjordur vs Stjarnan;1636506127;spread;away;-0.0;1.893;1.787;5.6;0;11.05;10.76;1
1636537290-spread-away-1.0-1789880176;2026-09-20T04:56:16.495211+00:00;2026-09-20T04:56:16.495211+00:00;Czech Republic - 3. Liga;Mlada Boleslav II vs Slovan Liberec II;1636537290;spread;away;1.0;1.877;1.833;2.344;0;4.05;3.76;1
1635992344-spread-home-0.5-1789880176;2026-09-20T04:56:16.495211+00:00;2026-09-20T04:56:16.495211+00:00;Spain - La Liga;Atletico Madrid vs Real Madrid;1635992344;spread;home;0.5;1.885;1.826;3.13;0;9.29;9.01;1
1635992344-spread-away--0.5-1789880176;2026-09-20T04:56:16.495211+00:00;2026-09-20T04:56:16.495211+00:00;Spain - La Liga;Atletico Madrid vs Real Madrid;1635992344;spread;away;-0.5;2.03;1.971;2.906;0;9.29;9.01;1
1636537454-spread-away--0.0-1789880176;2026-09-20T04:56:16.495211+00:00;2026-09-20T04:56:16.495211+00:00;Japan - J League;Machida Zelvia vs Kashiwa Reysol;1636537454;spread;away;-0.0;2.12;1.935;8.726;0;3.04;2.76;1
1635980516-total-over-2.5-1789880549;2026-09-20T05:02:29.547525+00:00;2026-09-20T05:02:29.547525+00:00;France - Ligue 1;Nice vs Lille;1635980516;total;over;2.5;1.917;1.877;2.087;0;10.2;9.91;1
1635980516-spread-home-0.0-1789880549;2026-09-20T05:02:29.547525+00:00;2026-09-20T05:02:29.547525+00:00;France - Ligue 1;Nice vs Lille;1635980516;spread;home;0.0;1.926;1.87;2.908;0;10.2;9.91;1
1635980515-spread-home-0.0-1789880549;2026-09-20T05:02:29.547525+00:00;2026-09-20T05:02:29.547525+00:00;France - Ligue 1;Auxerre vs Brest;1635980515;spread;home;0.0;2.12;1.833;13.538;0;7.95;7.66;1
1635980515-spread-away--0.0-1789880549;2026-09-20T05:02:29.547525+00:00;2026-09-20T05:02:29.547525+00:00;France - Ligue 1;Auxerre vs Brest;1635980515;spread;away;-0.0;1.943;1.671;13.999;0;7.95;7.66;1
1636571521-spread-away--0.5-1789880549;2026-09-20T05:02:29.547525+00:00;2026-09-20T05:02:29.547525+00:00;Netherlands - Eerste Divisie;De Graafschap vs NAC Breda;1636571521;spread;away;-0.5;1.962;1.806;7.951;0;9.7;9.41;1
1636554001-spread-away--0.5-1789880549;2026-09-20T05:02:29.547525+00:00;2026-09-20T05:02:29.547525+00:00;Sweden - Allsvenskan;Halmstads vs AIK;1636554001;spread;away;-0.5;2.04;1.87;8.333;0;6.94;6.66;1
1636498762-spread-away--0.0-1789880549;2026-09-20T05:02:29.547525+00:00;2026-09-20T05:02:29.547525+00:00;Poland - Ekstraklasa;Jagiellonia Bialystok vs Legia Warsaw;1636498762;spread;away;-0.0;1.962;1.82;7.238;0;10.43;10.15;1
1636498762-spread-home-0.0-1789880549;2026-09-20T05:02:29.547525+00:00;2026-09-20T05:02:29.547525+00:00;Poland - Ekstraklasa;Jagiellonia Bialystok vs Legia Warsaw;1636498762;spread;home;0.0;2.08;1.763;15.24;0;10.43;10.15;1
1635920597-spread-away--0.0-1789880549;2026-09-20T05:02:29.547525+00:00;2026-09-20T05:02:29.547525+00:00;England - Premier League;Fulham vs Manchester United;1635920597;spread;away;-0.0;1.917;1.654;13.719;0;10.43;10.15;1
1636554001-spread-home-0.5-1789880936;2026-09-20T05:08:56.237355+00:00;2026-09-20T05:08:56.237355+00:00;Sweden - Allsvenskan;Halmstads vs AIK;1636554001;spread;home;0.5;1.885;1.84;2.387;0;6.85;6.56;1
1635918928-spread-away--0.0-1789880936;2026-09-20T05:08:56.237355+00:00;2026-09-20T05:08:56.237355+00:00;England - Premier League;Bournemouth vs Liverpool;1635918928;spread;away;-0.0;1.833;1.813;1.091;0;7.84;7.56;1
1635918928-spread-home-0.0-1789880936;2026-09-20T05:08:56.237355+00:00;2026-09-20T05:08:56.237355+00:00;England - Premier League;Bournemouth vs Liverpool;1635918928;spread;home;0.0;1.98;1.833;7.424;0;7.84;7.56;1
1635920597-spread-home-0.0-1789880936;2026-09-20T05:08:56.237355+00:00;2026-09-20T05:08:56.237355+00:00;England - Premier League;Fulham vs Manchester United;1635920597;spread;home;0.0;2.06;1.885;8.495;0;10.34;10.06;1
1636688809-spread-home-0.0-1789880936;2026-09-20T05:08:56.237355+00:00;2026-09-20T05:08:56.237355+00:00;Uruguay - Primera Division;Albion vs Juventud;1636688809;spread;home;0.0;1.909;1.885;1.257;0;7.84;7.56;1
1636688809-spread-away--0.0-1789880936;2026-09-20T05:08:56.237355+00:00;2026-09-20T05:08:56.237355+00:00;Uruguay - Primera Division;Albion vs Juventud;1636688809;spread;away;-0.0;1.971;1.8;8.676;0;7.84;7.56;1
1636569788-spread-home--0.5-1789880936;2026-09-20T05:08:56.237355+00:00;2026-09-20T05:08:56.237355+00:00;Finland - Ykkonen;Inter Turku 2 vs TPV;1636569788;spread;home;-0.5;2.0;1.847;7.65;0;9.84;9.55;1
1636554028-spread-away-0.5-1789880936;2026-09-20T05:08:56.237355+00:00;2026-09-20T05:08:56.237355+00:00;Azerbaijan - Premier League;Shamakhi vs Araz Nakhchivan;1636554028;spread;away;0.5;1.901;1.877;1.262;0;7.34;7.05;1
1636537500-spread-away--0.0-1789880936;2026-09-20T05:08:56.237355+00:00;2026-09-20T05:08:56.237355+00:00;Korea Republic - K League 2;Seongnam FC vs Hwaseong;1636537500;spread;away;-0.0;1.935;1.87;3.359;0;4.84;4.55;1
1636537500-spread-home-0.0-1789880936;2026-09-20T05:08:56.237355+00:00;2026-09-20T05:08:56.237355+00:00;Korea Republic - K League 2;Seongnam FC vs Hwaseong;1636537500;spread;home;0.0;1.98;1.781;10.051;0;4.84;4.55;1
1636555259-spread-away--0.5-1789880936;2026-09-20T05:08:56.237355+00:00;2026-09-20T05:08:56.237355+00:00;Italy - Serie C Group B;Vado vs Pescara;1636555259;spread;away;-0.5;1.971;1.775;9.944;0;7.34;7.05;1
1636549950-total-over-2.5-1789880936;2026-09-20T05:08:56.237355+00:00;2026-09-20T05:08:56.237355+00:00;Vietnam - Cup;Hoang Anh Gia Lai vs Hung Yen;1636549950;total;over;2.5;1.971;1.943;1.421;0;4.83;4.54;1
1635984814-total-under-2.5-1789880549;2026-09-20T05:02:29.547525+00:00;2026-09-20T05:15:17.697165+00:00;Italy - Serie A;Fiorentina vs Napoli;1635984814;total;under;2.5;2.06;2.03;1.456;12.8;5.46;5.17;2
1636549994-spread-away-0.5-1789881317;2026-09-20T05:15:17.697165+00:00;2026-09-20T05:15:17.697165+00:00;Denmark - Division 1;AaB vs Vendsyssel;1636549994;spread;away;0.5;1.909;1.877;1.676;0;6.74;6.45;1
1636549994-spread-home--0.5-1789881317;2026-09-20T05:15:17.697165+00:00;2026-09-20T05:15:17.697165+00:00;Denmark - Division 1;AaB vs Vendsyssel;1636549994;spread;home;-0.5;1.98;1.806;8.788;0;6.74;6.45;1
1636572901-total-over-2.5-1789881317;2026-09-20T05:15:17.697165+00:00;2026-09-20T05:15:17.697165+00:00;Montenegro - Prva Liga;Otrant Olympic vs Jezero Plav;1636572901;total;over;2.5;1.943;1.901;2.162;0;8.74;8.45;1
1636537481-spread-home--0.5-1789881317;2026-09-20T05:15:17.697165+00:00;2026-09-20T05:15:17.697165+00:00;Czech Republic - 3. Liga;Teplice II vs Chrudim;1636537481;spread;home;-0.5;1.833;1.813;1.091;0;3.74;3.45;1
1636537290-spread-home--1.0-1789881317;2026-09-20T05:15:17.697165+00:00;2026-09-20T05:15:17.697165+00:00;Czech Republic - 3. Liga;Mlada Boleslav II vs Slovan Liberec II;1636537290;spread;home;-1.0;1.926;1.813;5.867;0;3.74;3.45;1
1636569764-spread-home-0.0-1789881317;2026-09-20T05:15:17.697165+00:00;2026-09-20T05:15:17.697165+00:00;Spain - Segunda Division;Ceuta vs Real Valladolid;1636569764;spread;home;0.0;2.06;1.917;6.942;0;8.99;8.7;1
1636569764-spread-away--0.0-1789881317;2026-09-20T05:15:17.697165+00:00;2026-09-20T05:15:17.697165+00:00;Spain - Segunda Division;Ceuta vs Real Valladolid;1636569764;spread;away;-0.0;1.855;1.826;1.563;0;8.99;8.7;1
1636506127-spread-home-0.0-1789881317;2026-09-20T05:15:17.697165+00:00;2026-09-20T05:15:17.697165+00:00;Iceland - Premier League;FH Hafnarfjordur vs Stjarnan;1636506127;spread;home;0.0;1.962;1.926;1.835;0;10.73;10.44;1
1636506127-spread-away--0.0-1789881317;2026-09-20T05:15:17.697165+00:00;2026-09-20T05:15:17.697165+00:00;Iceland - Premier League;FH Hafnarfjordur vs Stjarnan;1636506127;spread;away;-0.0;1.893;1.787;5.6;0;10.73;10.44;1
1636569788-spread-away-0.5-1789881317;2026-09-20T05:15:17.697165+00:00;2026-09-20T05:15:17.697165+00:00;Finland - Ykkonen;Inter Turku 2 vs TPV;1636569788;spread;away;0.5;1.87;1.826;2.353;0;9.73;9.44;1
1636555259-spread-home-0.5-1789881317;2026-09-20T05:15:17.697165+00:00;2026-09-20T05:15:17.697165+00:00;Italy - Serie C Group B;Vado vs Pescara;1636555259;spread;home;0.5;1.935;1.855;4.134;0;7.23;6.94;1
1636322255-total-under-2.5-1789881317;2026-09-20T05:15:17.697165+00:00;2026-09-20T05:15:17.697165+00:00;Czech Republic - First Liga;Jablonec vs Zlin;1636322255;total;under;2.5;1.935;1.862;3.773;0;7.73;7.44;1
1636537313-spread-away--1.5-1789881317;2026-09-20T05:15:17.697165+00:00;2026-09-20T05:15:17.697165+00:00;Greece - Super League;Kalamata vs Panathinaikos;1636537313;spread;away;-1.5;2.04;1.917;6.029;0;11.23;10.94;1
1636537454-spread-home-0.0-1789881317;2026-09-20T05:15:17.697165+00:00;2026-09-20T05:15:17.697165+00:00;Japan - J League;Machida Zelvia vs Kashiwa Reysol;1636537454;spread;home;0.0;1.87;1.826;2.353;0;2.73;2.44;1
1636537454-spread-away--0.0-1789881317;2026-09-20T05:15:17.697165+00:00;2026-09-20T05:15:17.697165+00:00;Japan - J League;Machida Zelvia vs Kashiwa Reysol;1636537454;spread;away;-0.0;2.05;1.935;5.61;0;2.73;2.44;1
1636506128-spread-home-0.0-1789881317;2026-09-20T05:15:17.697165+00:00;2026-09-20T05:15:17.697165+00:00;Italy - Serie B;Mantova vs Pisa;1636506128;spread;home;0.0;2.08;1.962;5.673;0;9.97;9.69;1
1636571540-spread-home--0.5-1789881317;2026-09-20T05:15:17.697165+00:00;2026-09-20T05:15:17.697165+00:00;Croatia - HNL;HNK Rijeka vs Hajduk Split;1636571540;spread;home;-0.5;2.03;1.971;2.906;0;9.72;9.43;1
1635992344-spread-home-0.5-1789881317;2026-09-20T05:15:17.697165+00:00;2026-09-20T05:15:17.697165+00:00;Spain - La Liga;Atletico Madrid vs Real Madrid;1635992344;spread;home;0.5;1.855;1.833;1.186;0;8.97;8.68;1
1635992344-spread-away--0.5-1789881317;2026-09-20T05:15:17.697165+00:00;2026-09-20T05:15:17.697165+00:00;Spain - La Liga;Atletico Madrid vs Real Madrid;1635992344;spread;away;-0.5;2.06;1.962;4.757;0;8.97;8.68;1
1636537502-total-under-2.5-1789881701;2026-09-20T05:21:41.897766+00:00;2026-09-20T05:21:41.897766+00:00;Spain - Segunda Federacion;Ciudad de Lucena vs Tenerife II;1636537502;total;under;2.5;1.885;1.862;1.22;0;4.64;4.35;1
1636554001-spread-away--0.5-1789881701;2026-09-20T05:21:41.897766+00:00;2026-09-20T05:21:41.897766+00:00;Sweden - Allsvenskan;Halmstads vs AIK;1636554001;spread;away;-0.5;2.04;1.87;8.333;0;6.64;6.35;1
1635920597-spread-away--0.0-1789881701;2026-09-20T05:21:41.897766+00:00;2026-09-20T05:21:41.897766+00:00;England - Premier League;Fulham vs Manchester United;1635920597;spread;away;-0.0;1.909;1.654;13.358;0;10.14;9.85;1
1636498762-spread-away--0.0-1789881701;2026-09-20T05:21:41.897766+00:00;2026-09-20T05:21:41.897766+00:00;Poland - Ekstraklasa;Jagiellonia Bialystok vs Legia Warsaw;1636498762;spread;away;-0.0;1.962;1.82;7.238;0;10.14;9.85;1
1636498762-spread-home-0.0-1789881701;2026-09-20T05:21:41.897766+00:00;2026-09-20T05:21:41.897766+00:00;Poland - Ekstraklasa;Jagiellonia Bialystok vs Legia Warsaw;1636498762;spread;home;0.0;2.08;1.763;15.24;0;10.14;9.85;1
1636571521-spread-home-0.5-1789881701;2026-09-20T05:21:41.897766+00:00;2026-09-20T05:21:41.897766+00:00;Netherlands - Eerste Divisie;De Graafschap vs NAC Breda;1636571521;spread;home;0.5;1.909;1.885;1.257;0;9.38;9.09;1
1636571521-spread-away--0.5-1789881701;2026-09-20T05:21:41.897766+00:00;2026-09-20T05:21:41.897766+00:00;Netherlands - Eerste Divisie;De Graafschap vs NAC Breda;1636571521;spread;away;-0.5;1.971;1.806;8.371;0;9.38;9.09;1
1636590106-spread-home--0.5-1789881701;2026-09-20T05:21:41.897766+00:00;2026-09-20T05:21:41.897766+00:00;Italy - Serie D;Sassari Latte Dolce vs Citta di Anagni;1636590106;spread;home;-0.5;1.84;1.8;2.174;0;7.63;7.34;1
1635980516-spread-home-0.0-1789881701;2026-09-20T05:21:41.897766+00:00;2026-09-20T05:21:41.897766+00:00;France - Ligue 1;Nice vs Lille;1635980516;spread;home;0.0;1.926;1.87;2.908;0;9.87;9.59;1
1635980515-spread-home-0.0-1789881701;2026-09-20T05:21:41.897766+00:00;2026-09-20T05:21:41.897766+00:00;France - Ligue 1;Auxerre vs Brest;1635980515;spread;home;0.0;2.12;1.84;13.208;0;7.62;7.34;1
1635980515-spread-away--0.0-1789881701;2026-09-20T05:21:41.897766+00:00;2026-09-20T05:21:41.897766+00:00;France - Ligue 1;Auxerre vs Brest;1635980515;spread;away;-0.0;1.952;1.671;14.395;0;7.62;7.34;1
1636532616-spread-home-0.0-1789881701;2026-09-20T05:21:41.897766+00:00;2026-09-20T05:21:41.897766+00:00;Korea Republic - K League 1;Incheon United vs Daejeon Citizen;1636532616;spread;home;0.0;2.08;1.909;8.221;0;4.62;4.33;1
1636537472-spread-home--2.5-1789881701;2026-09-20T05:21:41.897766+00:00;2026-09-20T05:21:41.897766+00:00;Indonesia - Championship;PSMS Medan vs Persiku Kudus;1636537472;spread;home;-2.5;1.813;1.752;3.365;0;3.11;2.82;1
1636554001-spread-home-0.5-1789882089;2026-09-20T05:28:09.252002+00:00;2026-09-20T05:28:09.252002+00:00;Sweden - Allsvenskan;Halmstads vs AIK;1636554001;spread;home;0.5;1.885;1.84;2.387;0;6.53;6.24;1
1635918928-spread-home-0.0-1789882089;2026-09-20T05:28:09.252002+00:00;2026-09-20T05:28:09.252002+00:00;England - Premier League;Bournemouth vs Liverpool;1635918928;spread;home;0.0;1.99;1.833;7.889;0;7.53;7.24;1
1635920597-spread-home-0.0-1789882089;2026-09-20T05:28:09.252002+00:00;2026-09-20T05:28:09.252002+00:00;England - Premier League;Fulham vs Manchester United;1635920597;spread;home;0.0;2.06;1.885;8.495;0;10.03;9.74;1
1636537500-spread-away--0.0-1789882089;2026-09-20T05:28:09.252002+00:00;2026-09-20T05:28:09.252002+00:00;Korea Republic - K League 2;Seongnam FC vs Hwaseong;1636537500;spread;away;-0.0;1.935;1.87;3.359;0;4.52;4.24;1
1636537500-spread-home-0.0-1789882089;2026-09-20T05:28:09.252002+00:00;2026-09-20T05:28:09.252002+00:00;Korea Republic - K League 2;Seongnam FC vs Hwaseong;1636537500;spread;home;0.0;1.98;1.781;10.051;0;4.52;4.24;1
1636569788-spread-home--0.5-1789882089;2026-09-20T05:28:09.252002+00:00;2026-09-20T05:28:09.252002+00:00;Finland - Ykkonen;Inter Turku 2 vs TPV;1636569788;spread;home;-0.5;2.0;1.847;7.65;0;9.52;9.23;1
1636555259-spread-away--0.5-1789882089;2026-09-20T05:28:09.252002+00:00;2026-09-20T05:28:09.252002+00:00;Italy - Serie C Group B;Vado vs Pescara;1636555259;spread;away;-0.5;1.971;1.775;9.944;0;7.02;6.73;1
1636759971-spread-away--0.0-1789882089;2026-09-20T05:28:09.252002+00:00;2026-09-20T05:28:09.252002+00:00;Saudi Arabia - Division 1;Al Jeel vs Hajer Club;1636759971;spread;away;-0.0;1.862;1.763;5.317;0;11.52;11.23;1
1636590065-spread-away--0.5-1789882089;2026-09-20T05:28:09.252002+00:00;2026-09-20T05:28:09.252002+00:00;Iceland - Premier League;Keflavik vs Fram Reykjavik;1636590065;spread;away;-0.5;1.952;1.847;5.379;0;10.51;10.23;1
1636688809-spread-home-0.0-1789882089;2026-09-20T05:28:09.252002+00:00;2026-09-20T05:28:09.252002+00:00;Uruguay - Primera Division;Albion vs Juventud;1636688809;spread;home;0.0;1.909;1.885;1.257;0;7.51;7.22;1
1636688809-spread-away--0.0-1789882089;2026-09-20T05:28:09.252002+00:00;2026-09-20T05:28:09.252002+00:00;Uruguay - Primera Division;Albion vs Juventud;1636688809;spread;away;-0.0;1.971;1.8;8.676;0;7.51;7.22;1
1636537508-spread-away--1.5-1789882089;2026-09-20T05:28:09.252002+00:00;2026-09-20T05:28:09.252002+00:00;Greece - Super League;Volos vs AEK Athens;1636537508;spread;away;-1.5;2.0;1.909;4.55;0;9.5;9.22;1
1636007212-spread-away-0.5-1789880936;2026-09-20T05:08:56.237355+00:00;2026-09-20T05:34:37.102679+00:00;Netherlands - Eredivisie;NEC Nijmegen vs Go Ahead Eagles;1636007212;spread;away;0.5;1.962;1.917;2.294;25.68;9.59;9.3;3
1636571563-spread-away--0.0-1789882477;2026-09-20T05:34:37.102679+00:00;2026-09-20T05:34:37.102679+00:00;Latvia - 1st Liga;Ventspils vs Skanstes;1636571563;spread;away;-0.0;1.952;1.87;4.201;0;10.42;10.13;1
1636555259-spread-home-0.5-1789882477;2026-09-20T05:34:37.102679+00:00;2026-09-20T05:34:37.102679+00:00;Italy - Serie C Group B;Vado vs Pescara;1636555259;spread;home;0.5;1.935;1.855;4.134;0;6.92;6.63;1
1636592258-total-over-2.5-1789882477;2026-09-20T05:34:37.102679+00:00;2026-09-20T05:34:37.102679+00:00;Thailand - League 3;Padriew City vs Burapha United;1636592258;total;over;2.5;1.943;1.877;3.397;0;4.41;4.12;1
1636537491-spread-away--0.0-1789882477;2026-09-20T05:34:37.102679+00:00;2026-09-20T05:34:37.102679+00:00;Hong Kong - HKFA 1. Division;Kui Tan vs Hoi King;1636537491;spread;away;-0.0;1.926;1.758;8.723;0;3.91;3.62;1
1636569764-spread-home-0.0-1789882477;2026-09-20T05:34:37.102679+00:00;2026-09-20T05:34:37.102679+00:00;Spain - Segunda Division;Ceuta vs Real Valladolid;1636569764;spread;home;0.0;2.06;1.917;6.942;0;8.66;8.37;1
1636569764-spread-away--0.0-1789882477;2026-09-20T05:34:37.102679+00:00;2026-09-20T05:34:37.102679+00:00;Spain - Segunda Division;Ceuta vs Real Valladolid;1636569764;spread;away;-0.0;1.855;1.826;1.563;0;8.66;8.37;1
1636533844-total-over-2.5-1789882477;2026-09-20T05:34:37.102679+00:00;2026-09-20T05:34:37.102679+00:00;Portugal - Primeira Liga;Estoril vs Casa Pia;1636533844;total;over;2.5;1.917;1.87;2.452;0;11.41;11.12;1
1636040128-spread-away--1.0-1789882477;2026-09-20T05:34:37.102679+00:00;2026-09-20T05:34:37.102679+00:00;Brazil - Serie A;Gremio vs Palmeiras;1636040128;spread;away;-1.0;1.909;1.877;1.676;0;8.41;8.12;1
1636549994-spread-away-0.5-1789882477;2026-09-20T05:34:37.102679+00:00;2026-09-20T05:34:37.102679+00:00;Denmark - Division 1;AaB vs Vendsyssel;1636549994;spread;away;0.5;1.909;1.87;2.043;0;6.41;6.12;1
1636549994-total-under-2.5-1789882477;2026-09-20T05:34:37.102679+00:00;2026-09-20T05:34:37.102679+00:00;Denmark - Division 1;AaB vs Vendsyssel;1636549994;total;under;2.5;2.0;1.962;1.9;0;6.41;6.12;1
1636549994-spread-home--0.5-1789882477;2026-09-20T05:34:37.102679+00:00;2026-09-20T05:34:37.102679+00:00;Denmark - Division 1;AaB vs Vendsyssel;1636549994;spread;home;-0.5;1.99;1.806;9.246;0;6.41;6.12;1
1636537454-spread-away--0.0-1789882477;2026-09-20T05:34:37.102679+00:00;2026-09-20T05:34:37.102679+00:00;Japan - J League;Machida Zelvia vs Kashiwa Reysol;1636537454;spread;away;-0.0;2.08;1.935;6.971;0;2.41;2.12;1
1636569788-spread-away-0.5-1789882477;2026-09-20T05:34:37.102679+00:00;2026-09-20T05:34:37.102679+00:00;Finland - Ykkonen;Inter Turku 2 vs TPV;1636569788;spread;away;0.5;1.87;1.826;2.353;0;9.4;9.11;1
1636506127-spread-home-0.0-1789882477;2026-09-20T05:34:37.102679+00:00;2026-09-20T05:34:37.102679+00:00;Iceland - Premier League;FH Hafnarfjordur vs Stjarnan;1636506127;spread;home;0.0;2.04;1.926;5.588;0;10.4;10.11;1
1636506127-spread-away--0.0-1789882477;2026-09-20T05:34:37.102679+00:00;2026-09-20T05:34:37.102679+00:00;Iceland - Premier League;FH Hafnarfjordur vs Stjarnan;1636506127;spread;away;-0.0;1.826;1.787;2.136;0;10.4;10.11;1
1636554056-total-over-2.5-1789882477;2026-09-20T05:34:37.102679+00:00;2026-09-20T05:34:37.102679+00:00;San Marino - Campionato;Tre Penne vs Juvenes/Dogana;1636554056;total;over;2.5;1.962;1.917;2.294;0;7.4;7.11;1
1635992344-spread-home-0.5-1789882477;2026-09-20T05:34:37.102679+00:00;2026-09-20T05:34:37.102679+00:00;Spain - La Liga;Atletico Madrid vs Real Madrid;1635992344;spread;home;0.5;1.855;1.833;1.186;0;8.65;8.36;1
1635992344-spread-away--0.5-1789882477;2026-09-20T05:34:37.102679+00:00;2026-09-20T05:34:37.102679+00:00;Spain - La Liga;Atletico Madrid vs Real Madrid;1635992344;spread;away;-0.5;2.06;1.962;4.757;0;8.65;8.36;1
1636571519-spread-away--0.0-1789882089;2026-09-20T05:28:09.252002+00:00;2026-09-20T05:41:03.296098+00:00;Switzerland - Super League;Basel vs St. Gallen;1636571519;spread;away;-0.0;2.02;1.962;2.871;12.9;9.03;8.74;2
1636537268-spread-home-0.5-1789882089;2026-09-20T05:28:09.252002+00:00;2026-09-20T05:41:03.296098+00:00;Japan - J2 League;Tochigi City vs Vegalta Sendai;1636537268;spread;home;0.5;1.877;1.84;1.971;12.9;2.52;2.23;2
1636532616-spread-home-0.0-1789882863;2026-09-20T05:41:03.296098+00:00;2026-09-20T05:41:03.296098+00:00;Korea Republic - K League 1;Incheon United vs Daejeon Citizen;1636532616;spread;home;0.0;2.08;1.909;8.221;0;4.31;4.02;1
1636498762-spread-away--0.0-1789882863;2026-09-20T05:41:03.296098+00:00;2026-09-20T05:41:03.296098+00:00;Poland - Ekstraklasa;Jagiellonia Bialystok vs Legia Warsaw;1636498762;spread;away;-0.0;1.962;1.82;7.238;0;9.81;9.52;1
1636498762-spread-home-0.0-1789882863;2026-09-20T05:41:03.296098+00:00;2026-09-20T05:41:03.296098+00:00;Poland - Ekstraklasa;Jagiellonia Bialystok vs Legia Warsaw;1636498762;spread;home;0.0;2.08;1.763;15.24;0;9.81;9.52;1
1636554036-spread-home-0.0-1789882863;2026-09-20T05:41:03.296098+00:00;2026-09-20T05:41:03.296098+00:00;Poland - Ekstraklasa;Zaglebie Lubin vs Wisla Plock;1636554036;spread;home;0.0;1.935;1.781;7.959;0;7.06;6.77;1
1636554036-spread-away--0.0-1789882863;2026-09-20T05:41:03.296098+00:00;2026-09-20T05:41:03.296098+00:00;Poland - Ekstraklasa;Zaglebie Lubin vs Wisla Plock;1636554036;spread;away;-0.0;2.14;1.787;16.495;0;7.06;6.77;1
1635920597-spread-away--0.0-1789882863;2026-09-20T05:41:03.296098+00:00;2026-09-20T05:41:03.296098+00:00;England - Premier League;Fulham vs Manchester United;1635920597;spread;away;-0.0;1.917;1.654;13.719;0;9.81;9.52;1
1636571521-spread-home-0.5-1789882863;2026-09-20T05:41:03.296098+00:00;2026-09-20T05:41:03.296098+00:00;Netherlands - Eerste Divisie;De Graafschap vs NAC Breda;1636571521;spread;home;0.5;1.909;1.885;1.257;0;9.06;8.77;1
1636571521-spread-away--0.5-1789882863;2026-09-20T05:41:03.296098+00:00;2026-09-20T05:41:03.296098+00:00;Netherlands - Eerste Divisie;De Graafschap vs NAC Breda;1636571521;spread;away;-0.5;1.971;1.806;8.371;0;9.06;8.77;1
1636569769-spread-home--1.0-1789882863;2026-09-20T05:41:03.296098+00:00;2026-09-20T05:41:03.296098+00:00;Portugal - Primeira Liga;Vitoria Guimaraes vs Moreirense;1636569769;spread;home;-1.0;1.909;1.862;2.462;0;8.8;8.51;1
1636709568-spread-away-1.5-1789882863;2026-09-20T05:41:03.296098+00:00;2026-09-20T05:41:03.296098+00:00;Portugal - Cup;Fafe vs JD Lajense;1636709568;spread;away;1.5;1.893;1.855;2.007;0;3.3;3.01;1
1635980515-spread-home-0.0-1789882863;2026-09-20T05:41:03.296098+00:00;2026-09-20T05:41:03.296098+00:00;France - Ligue 1;Auxerre vs Brest;1635980515;spread;home;0.0;2.12;1.84;13.208;0;7.3;7.01;1
1635980515-spread-away--0.0-1789882863;2026-09-20T05:41:03.296098+00:00;2026-09-20T05:41:03.296098+00:00;France - Ligue 1;Auxerre vs Brest;1635980515;spread;away;-0.0;1.952;1.671;14.395;0;7.3;7.01;1
1635980516-spread-home-0.0-1789882863;2026-09-20T05:41:03.296098+00:00;2026-09-20T05:41:03.296098+00:00;France - Ligue 1;Nice vs Lille;1635980516;spread;home;0.0;1.926;1.87;2.908;0;9.55;9.26;1
1636554001-spread-away--0.5-1789882863;2026-09-20T05:41:03.296098+00:00;2026-09-20T05:41:03.296098+00:00;Sweden - Allsvenskan;Halmstads vs AIK;1636554001;spread;away;-0.5;2.04;1.87;8.333;0;6.3;6.01;1
1636660506-spread-home--0.5-1789883248;2026-09-20T05:47:28.816914+00:00;2026-09-20T05:47:28.816914+00:00;Albania - 1st Division;Pogradeci vs Flamurtari Vlore;1636660506;spread;home;-0.5;1.84;1.775;3.533;0;5.71;5.41;1
1636550003-spread-away-0.5-1789883248;2026-09-20T05:47:28.816914+00:00;2026-09-20T05:47:28.816914+00:00;Italy - Serie C Group B;Reggiana vs Latina;1636550003;spread;away;0.5;1.962;1.877;4.332;0;6.7;6.41;1
1636555259-spread-away--0.5-1789883248;2026-09-20T05:47:28.816914+00:00;2026-09-20T05:47:28.816914+00:00;Italy - Serie C Group B;Vado vs Pescara;1636555259;spread;away;-0.5;1.971;1.775;9.944;0;6.7;6.41;1
1635918928-spread-home-0.0-1789883248;2026-09-20T05:47:28.816914+00:00;2026-09-20T05:47:28.816914+00:00;England - Premier League;Bournemouth vs Liverpool;1635918928;spread;home;0.0;1.99;1.833;7.889;0;7.2;6.91;1
1635920597-spread-home-0.0-1789883248;2026-09-20T05:47:28.816914+00:00;2026-09-20T05:47:28.816914+00:00;England - Premier League;Fulham vs Manchester United;1635920597;spread;home;0.0;2.06;1.885;8.495;0;9.7;9.41;1
1636602523-total-over-2.5-1789883248;2026-09-20T05:47:28.816914+00:00;2026-09-20T05:47:28.816914+00:00;Thailand - League 3;Yasothon vs Roi Et PB United;1636602523;total;over;2.5;1.935;1.901;1.757;0;2.7;2.4;1
1636498754-spread-home--1.5-1789883248;2026-09-20T05:47:28.816914+00:00;2026-09-20T05:47:28.816914+00:00;Norway - 1st Division;Haugesund vs Strommen;1636498754;spread;home;-1.5;2.02;1.952;3.366;0;9.2;8.9;1
1636537500-spread-away--0.0-1789883248;2026-09-20T05:47:28.816914+00:00;2026-09-20T05:47:28.816914+00:00;Korea Republic - K League 2;Seongnam FC vs Hwaseong;1636537500;spread;away;-0.0;1.935;1.87;3.359;0;4.2;3.9;1
1636537500-spread-home-0.0-1789883248;2026-09-20T05:47:28.816914+00:00;2026-09-20T05:47:28.816914+00:00;Korea Republic - K League 2;Seongnam FC vs Hwaseong;1636537500;spread;home;0.0;1.98;1.781;10.051;0;4.2;3.9;1
1636537257-spread-away--0.5-1789883248;2026-09-20T05:47:28.816914+00:00;2026-09-20T05:47:28.816914+00:00;Korea Republic - K League 2;Ansan Greeners vs Chungbuk Cheongju;1636537257;spread;away;-0.5;2.0;1.971;1.45;0;1.7;1.4;1
1636688809-spread-home-0.0-1789883248;2026-09-20T05:47:28.816914+00:00;2026-09-20T05:47:28.816914+00:00;Uruguay - Primera Division;Albion vs Juventud;1636688809;spread;home;0.0;1.909;1.885;1.257;0;7.19;6.9;1
1636688809-spread-away--0.0-1789883248;2026-09-20T05:47:28.816914+00:00;2026-09-20T05:47:28.816914+00:00;Uruguay - Primera Division;Albion vs Juventud;1636688809;spread;away;-0.0;1.971;1.8;8.676;0;7.19;6.9;1
1636569788-spread-home--0.5-1789883248;2026-09-20T05:47:28.816914+00:00;2026-09-20T05:47:28.816914+00:00;Finland - Ykkonen;Inter Turku 2 vs TPV;1636569788;spread;home;-0.5;2.0;1.847;7.65;0;9.19;8.9;1
1636007497-spread-away--0.5-1789883248;2026-09-20T05:47:28.816914+00:00;2026-09-20T05:47:28.816914+00:00;Argentina - Liga Pro;San Lorenzo vs Boca Juniors;1636007497;spread;away;-0.5;2.06;1.87;9.223;0;11.93;11.64;1
1636836655-spread-home--0.5-1789883248;2026-09-20T05:47:28.816914+00:00;2026-09-20T05:47:28.816914+00:00;Italy - Serie D;Siena vs Aquila Montevarchi;1636836655;spread;home;-0.5;1.781;1.758;1.291;0;7.18;6.89;1
1636533844-total-over-2.5-1789883639;2026-09-20T05:53:59.955758+00:00;2026-09-20T05:53:59.955758+00:00;Portugal - Primeira Liga;Estoril vs Casa Pia;1636533844;total;over;2.5;1.87;1.84;1.604;0;11.1;10.81;1
1636569840-spread-away-0.5-1789883639;2026-09-20T05:53:59.955758+00:00;2026-09-20T05:53:59.955758+00:00;Spain - Segunda Division;Las Palmas vs Burgos;1636569840;spread;away;0.5;1.847;1.826;1.137;0;10.6;10.3;1
1636557997-spread-away--0.0-1789883639;2026-09-20T05:53:59.955758+00:00;2026-09-20T05:53:59.955758+00:00;Austria - Landesliga;Floridsdorfer AC II vs Dinamo Helfort;1636557997;spread;away;-0.0;1.787;1.758;1.623;0;8.09;7.8;1
1636569788-spread-away-0.5-1789883639;2026-09-20T05:53:59.955758+00:00;2026-09-20T05:53:59.955758+00:00;Finland - Ykkonen;Inter Turku 2 vs TPV;1636569788;spread;away;0.5;1.87;1.826;2.353;0;9.09;8.8;1
1636555238-spread-home--1.0-1789883639;2026-09-20T05:53:59.955758+00:00;2026-09-20T05:53:59.955758+00:00;Sweden - Allsvenskan;Djurgardens vs Elfsborg;1636555238;spread;home;-1.0;1.885;1.855;1.592;0;6.09;5.79;1
1636571520-spread-away--1.5-1789883639;2026-09-20T05:53:59.955758+00:00;2026-09-20T05:53:59.955758+00:00;Sweden - Allsvenskan;Degerfors vs Hammarby;1636571520;spread;away;-1.5;1.926;1.901;1.298;0;8.59;8.29;1
1636537454-spread-away--0.0-1789883639;2026-09-20T05:53:59.955758+00:00;2026-09-20T05:53:59.955758+00:00;Japan - J League;Machida Zelvia vs Kashiwa Reysol;1636537454;spread;away;-0.0;2.1;1.935;7.857;0;2.08;1.79;1
1636549994-spread-away-0.5-1789883639;2026-09-20T05:53:59.955758+00:00;2026-09-20T05:53:59.955758+00:00;Denmark - Division 1;AaB vs Vendsyssel;1636549994;spread;away;0.5;1.909;1.87;2.043;0;6.08;5.79;1
1636549994-spread-home--0.5-1789883639;2026-09-20T05:53:59.955758+00:00;2026-09-20T05:53:59.955758+00:00;Denmark - Division 1;AaB vs Vendsyssel;1636549994;spread;home;-0.5;1.99;1.806;9.246;0;6.08;5.79;1
1636868472-spread-home-0.0-1789883639;2026-09-20T05:53:59.955758+00:00;2026-09-20T05:53:59.955758+00:00;Turkey - 2nd League;Kahramanmaras Istiklal vs Sakaryaspor;1636868472;spread;home;0.0;1.82;1.794;1.429;0;6.08;5.79;1
1635992344-spread-away--0.5-1789883639;2026-09-20T05:53:59.955758+00:00;2026-09-20T05:53:59.955758+00:00;Spain - La Liga;Atletico Madrid vs Real Madrid;1635992344;spread;away;-0.5;2.07;1.962;5.217;0;8.33;8.04;1
1636506127-spread-home-0.0-1789883639;2026-09-20T05:53:59.955758+00:00;2026-09-20T05:53:59.955758+00:00;Iceland - Premier League;FH Hafnarfjordur vs Stjarnan;1636506127;spread;home;0.0;2.04;1.926;5.588;0;10.08;9.78;1
1636506127-spread-away--0.0-1789883639;2026-09-20T05:53:59.955758+00:00;2026-09-20T05:53:59.955758+00:00;Iceland - Premier League;FH Hafnarfjordur vs Stjarnan;1636506127;spread;away;-0.0;1.826;1.787;2.136;0;10.08;9.78;1
1636555259-spread-home-0.5-1789883639;2026-09-20T05:53:59.955758+00:00;2026-09-20T05:53:59.955758+00:00;Italy - Serie C Group B;Vado vs Pescara;1636555259;spread;home;0.5;1.935;1.855;4.134;0;6.58;6.28;1
1635980516-spread-home-0.0-1789884025;2026-09-20T06:00:25.211361+00:00;2026-09-20T06:00:25.211361+00:00;France - Ligue 1;Nice vs Lille;1635980516;spread;home;0.0;1.926;1.87;2.908;0;9.24;8.94;1
1635980515-spread-home-0.0-1789884025;2026-09-20T06:00:25.211361+00:00;2026-09-20T06:00:25.211361+00:00;France - Ligue 1;Auxerre vs Brest;1635980515;spread;home;0.0;2.12;1.84;13.208;0;6.99;6.69;1
1635980515-spread-away--0.0-1789884025;2026-09-20T06:00:25.211361+00:00;2026-09-20T06:00:25.211361+00:00;France - Ligue 1;Auxerre vs Brest;1635980515;spread;away;-0.0;1.952;1.671;14.395;0;6.99;6.69;1
1636554036-spread-home-0.0-1789884025;2026-09-20T06:00:25.211361+00:00;2026-09-20T06:00:25.211361+00:00;Poland - Ekstraklasa;Zaglebie Lubin vs Wisla Plock;1636554036;spread;home;0.0;1.935;1.781;7.959;0;6.74;6.44;1
1636554036-spread-away--0.0-1789884025;2026-09-20T06:00:25.211361+00:00;2026-09-20T06:00:25.211361+00:00;Poland - Ekstraklasa;Zaglebie Lubin vs Wisla Plock;1636554036;spread;away;-0.0;2.14;1.787;16.495;0;6.74;6.44;1
1636498762-spread-away--0.0-1789884025;2026-09-20T06:00:25.211361+00:00;2026-09-20T06:00:25.211361+00:00;Poland - Ekstraklasa;Jagiellonia Bialystok vs Legia Warsaw;1636498762;spread;away;-0.0;1.962;1.82;7.238;0;9.49;9.19;1
1636498762-spread-home-0.0-1789884025;2026-09-20T06:00:25.211361+00:00;2026-09-20T06:00:25.211361+00:00;Poland - Ekstraklasa;Jagiellonia Bialystok vs Legia Warsaw;1636498762;spread;home;0.0;2.08;1.763;15.24;0;9.49;9.19;1
1636569764-spread-home-0.0-1789884025;2026-09-20T06:00:25.211361+00:00;2026-09-20T06:00:25.211361+00:00;Spain - Segunda Division;Ceuta vs Real Valladolid;1636569764;spread;home;0.0;2.09;1.917;8.278;0;8.24;7.94;1
1636498761-spread-home-0.0-1789884025;2026-09-20T06:00:25.211361+00:00;2026-09-20T06:00:25.211361+00:00;Turkey - Super League;Erzurumspor vs Samsunspor;1636498761;spread;home;0.0;1.926;1.847;4.102;0;7.99;7.69;1
1636537455-spread-home--0.5-1789884025;2026-09-20T06:00:25.211361+00:00;2026-09-20T06:00:25.211361+00:00;Japan - J3 League;Sagamihara vs Giravanz Kitakyushu;1636537455;spread;home;-0.5;1.917;1.794;6.416;0;1.99;1.69;1
1636571519-spread-away--0.0-1789884025;2026-09-20T06:00:25.211361+00:00;2026-09-20T06:00:25.211361+00:00;Switzerland - Super League;Basel vs St. Gallen;1636571519;spread;away;-0.0;1.962;1.917;2.294;0;8.49;8.19;1
1636571518-spread-home-0.5-1789884025;2026-09-20T06:00:25.211361+00:00;2026-09-20T06:00:25.211361+00:00;Switzerland - Super League;Lausanne-Sport vs FC Lugano;1636571518;spread;home;0.5;2.02;1.917;5.099;0;8.49;8.19;1
1636535523-spread-home--0.5-1789884025;2026-09-20T06:00:25.211361+00:00;2026-09-20T06:00:25.211361+00:00;Korea Republic - K3 League;Gyeongju KHNP vs Changwon City;1636535523;spread;home;-0.5;1.901;1.855;2.42;0;1.98;1.68;1
1636554001-spread-away--0.5-1789884025;2026-09-20T06:00:25.211361+00:00;2026-09-20T06:00:25.211361+00:00;Sweden - Allsvenskan;Halmstads vs AIK;1636554001;spread;away;-0.5;1.99;1.87;6.03;0;5.98;5.68;1
1636868440-total-over-2.5-1789884025;2026-09-20T06:00:25.211361+00:00;2026-09-20T06:00:25.211361+00:00;Portugal - Cup;Guarda vs Chaves;1636868440;total;over;2.5;1.794;1.775;1.059;0;7.98;7.68;1
1635920597-spread-away--0.0-1789884025;2026-09-20T06:00:25.211361+00:00;2026-09-20T06:00:25.211361+00:00;England - Premier League;Fulham vs Manchester United;1635920597;spread;away;-0.0;1.917;1.654;13.719;0;9.48;9.18;1
1636537313-spread-away--2.5-1789884025;2026-09-20T06:00:25.211361+00:00;2026-09-20T06:00:25.211361+00:00;Greece - Super League;Kalamata vs Panathinaikos;1636537313;spread;away;-2.5;1.794;1.758;2.007;0;10.48;10.18;1
1636571521-spread-home-0.5-1789884025;2026-09-20T06:00:25.211361+00:00;2026-09-20T06:00:25.211361+00:00;Netherlands - Eerste Divisie;De Graafschap vs NAC Breda;1636571521;spread;home;0.5;1.909;1.885;1.257;0;8.72;8.42;1
1636571521-spread-away--0.5-1789884025;2026-09-20T06:00:25.211361+00:00;2026-09-20T06:00:25.211361+00:00;Netherlands - Eerste Divisie;De Graafschap vs NAC Breda;1636571521;spread;away;-0.5;1.971;1.806;8.371;0;8.72;8.42;1
1636532616-spread-home-0.0-1789884025;2026-09-20T06:00:25.211361+00:00;2026-09-20T06:00:25.211361+00:00;Korea Republic - K League 1;Incheon United vs Daejeon Citizen;1636532616;spread;home;0.0;2.09;1.909;8.66;0;3.97;3.67;1
1636866496-spread-home--1.5-1789884025;2026-09-20T06:00:25.211361+00:00;2026-09-20T06:00:25.211361+00:00;Poland - 4th Liga;Nieciecza II vs LKS Blekitni Modlnica;1636866496;spread;home;-1.5;1.87;1.82;2.674;0;2.97;2.67;1
1636532616-spread-away--0.0-1789882863;2026-09-20T05:41:03.296098+00:00;2026-09-20T06:07:01.420904+00:00;Korea Republic - K League 1;Incheon United vs Daejeon Citizen;1636532616;spread;away;-0.0;1.855;1.813;2.264;25.97;4.31;4.01;3
1636007212-spread-away-0.5-1789883639;2026-09-20T05:53:59.955758+00:00;2026-09-20T06:07:01.420904+00:00;Netherlands - Eredivisie;NEC Nijmegen vs Go Ahead Eagles;1636007212;spread;away;0.5;1.917;1.862;2.869;13.02;8.84;8.54;2
1636571575-spread-home--2.0-1789884421;2026-09-20T06:07:01.420904+00:00;2026-09-20T06:07:01.420904+00:00;Turkey - 1st League;Antalyaspor vs Vanspor;1636571575;spread;home;-2.0;1.84;1.82;1.087;0;10.88;10.58;1
1636506133-spread-home--1.5-1789884421;2026-09-20T06:07:01.420904+00:00;2026-09-20T06:07:01.420904+00:00;Norway - Eliteserien;Viking vs Lillestrom;1636506133;spread;home;-1.5;2.03;1.971;2.906;0;8.88;8.58;1
1636007497-spread-away--0.5-1789884421;2026-09-20T06:07:01.420904+00:00;2026-09-20T06:07:01.420904+00:00;Argentina - Liga Pro;San Lorenzo vs Boca Juniors;1636007497;spread;away;-0.5;2.07;1.87;9.662;0;11.63;11.33;1
1636688809-spread-home-0.0-1789884421;2026-09-20T06:07:01.420904+00:00;2026-09-20T06:07:01.420904+00:00;Uruguay - Primera Division;Albion vs Juventud;1636688809;spread;home;0.0;1.909;1.885;1.257;0;6.88;6.58;1
1636688809-spread-away--0.0-1789884421;2026-09-20T06:07:01.420904+00:00;2026-09-20T06:07:01.420904+00:00;Uruguay - Primera Division;Albion vs Juventud;1636688809;spread;away;-0.0;1.971;1.8;8.676;0;6.88;6.58;1
1635985181-spread-home--0.5-1789884421;2026-09-20T06:07:01.420904+00:00;2026-09-20T06:07:01.420904+00:00;Germany - Bundesliga;Bayer Leverkusen vs RB Leipzig;1635985181;spread;home;-0.5;2.02;1.901;5.891;0;7.37;7.07;1
1636555259-spread-away--0.5-1789884421;2026-09-20T06:07:01.420904+00:00;2026-09-20T06:07:01.420904+00:00;Italy - Serie C Group B;Vado vs Pescara;1636555259;spread;away;-0.5;1.971;1.775;9.944;0;6.37;6.07;1
1635918928-spread-away--0.0-1789884421;2026-09-20T06:07:01.420904+00:00;2026-09-20T06:07:01.420904+00:00;England - Premier League;Bournemouth vs Liverpool;1635918928;spread;away;-0.0;1.87;1.82;2.674;0;6.87;6.57;1
1635918928-spread-home-0.0-1789884421;2026-09-20T06:07:01.420904+00:00;2026-09-20T06:07:01.420904+00:00;England - Premier League;Bournemouth vs Liverpool;1635918928;spread;home;0.0;1.99;1.87;6.03;0;6.87;6.57;1
1635920597-spread-home-0.0-1789884421;2026-09-20T06:07:01.420904+00:00;2026-09-20T06:07:01.420904+00:00;England - Premier League;Fulham vs Manchester United;1635920597;spread;home;0.0;2.06;1.885;8.495;0;9.37;9.07;1
1636569788-spread-home--0.5-1789884421;2026-09-20T06:07:01.420904+00:00;2026-09-20T06:07:01.420904+00:00;Finland - Ykkonen;Inter Turku 2 vs TPV;1636569788;spread;home;-0.5;2.0;1.847;7.65;0;8.86;8.56;1
1636537500-spread-away--0.0-1789884421;2026-09-20T06:07:01.420904+00:00;2026-09-20T06:07:01.420904+00:00;Korea Republic - K League 2;Seongnam FC vs Hwaseong;1636537500;spread;away;-0.0;1.935;1.84;4.91;0;3.86;3.56;1
1636537500-spread-home-0.0-1789884421;2026-09-20T06:07:01.420904+00:00;2026-09-20T06:07:01.420904+00:00;Korea Republic - K League 2;Seongnam FC vs Hwaseong;1636537500;spread;home;0.0;2.02;1.781;11.832;0;3.86;3.56;1
1636537499-spread-away--0.0-1789884421;2026-09-20T06:07:01.420904+00:00;2026-09-20T06:07:01.420904+00:00;Korea Republic - K League 2;Gimhae vs Paju Frontier;1636537499;spread;away;-0.0;1.926;1.893;1.713;0;3.86;3.56;1
1636537472-spread-away-2.5-1789884421;2026-09-20T06:07:01.420904+00:00;2026-09-20T06:07:01.420904+00:00;Indonesia - Championship;PSMS Medan vs Persiku Kudus;1636537472;spread;away;2.5;1.952;1.901;2.613;0;2.36;2.06;1
1636498755-total-over-2.5-1789884421;2026-09-20T06:07:01.420904+00:00;2026-09-20T06:07:01.420904+00:00;Bulgaria - First League;Spartak Varna vs Lokomotiv Sofia;1636498755;total;over;2.5;1.877;1.82;3.037;0;6.11;5.81;1
1636506127-spread-home-0.0-1789884816;2026-09-20T06:13:36.886493+00:00;2026-09-20T06:13:36.886493+00:00;Iceland - Premier League;FH Hafnarfjordur vs Stjarnan;1636506127;spread;home;0.0;2.04;1.926;5.588;0;9.77;9.47;1
1636506127-spread-away--0.0-1789884816;2026-09-20T06:13:36.886493+00:00;2026-09-20T06:13:36.886493+00:00;Iceland - Premier League;FH Hafnarfjordur vs Stjarnan;1636506127;spread;away;-0.0;1.826;1.787;2.136;0;9.77;9.47;1
1635992344-spread-away--0.5-1789884816;2026-09-20T06:13:36.886493+00:00;2026-09-20T06:13:36.886493+00:00;Spain - La Liga;Atletico Madrid vs Real Madrid;1635992344;spread;away;-0.5;2.07;1.962;5.217;0;8.02;7.71;1
1636549994-spread-home--0.5-1789884816;2026-09-20T06:13:36.886493+00:00;2026-09-20T06:13:36.886493+00:00;Denmark - Division 1;AaB vs Vendsyssel;1636549994;spread;home;-0.5;1.926;1.806;6.231;0;5.76;5.46;1
1636555259-spread-home-0.5-1789884816;2026-09-20T06:13:36.886493+00:00;2026-09-20T06:13:36.886493+00:00;Italy - Serie C Group B;Vado vs Pescara;1636555259;spread;home;0.5;1.935;1.855;4.134;0;6.26;5.95;1
1636569788-spread-away-0.5-1789884816;2026-09-20T06:13:36.886493+00:00;2026-09-20T06:13:36.886493+00:00;Finland - Ykkonen;Inter Turku 2 vs TPV;1636569788;spread;away;0.5;1.87;1.826;2.353;0;8.75;8.45;1
1636537454-spread-away--0.0-1789884816;2026-09-20T06:13:36.886493+00:00;2026-09-20T06:13:36.886493+00:00;Japan - J League;Machida Zelvia vs Kashiwa Reysol;1636537454;spread;away;-0.0;2.1;1.952;7.048;0;1.75;1.44;1
1636483917-spread-home--0.5-1789884816;2026-09-20T06:13:36.886493+00:00;2026-09-20T06:13:36.886493+00:00;England - Championship;Wolverhampton vs West Bromwich Albion;1636483917;spread;home;-0.5;1.901;1.87;1.631;0;4.75;4.44;1
1635992336-spread-home--0.5-1789884421;2026-09-20T06:07:01.420904+00:00;2026-09-20T06:20:17.210985+00:00;Germany - Bundesliga;Schalke 04 vs Elversberg;1635992336;spread;home;-0.5;2.04;1.971;3.382;13.26;9.37;9.06;2
1635984815-spread-home-2.5-1789884421;2026-09-20T06:07:01.420904+00:00;2026-09-20T06:20:17.210985+00:00;Italy - Serie A;Frosinone vs Como;1635984815;spread;home;2.5;1.952;1.909;2.203;13.26;6.86;6.55;2
1635980515-spread-home-0.0-1789885217;2026-09-20T06:20:17.210985+00:00;2026-09-20T06:20:17.210985+00:00;France - Ligue 1;Auxerre vs Brest;1635980515;spread;home;0.0;2.12;1.84;13.208;0;6.66;6.35;1
1635980515-spread-away--0.0-1789885217;2026-09-20T06:20:17.210985+00:00;2026-09-20T06:20:17.210985+00:00;France - Ligue 1;Auxerre vs Brest;1635980515;spread;away;-0.0;1.952;1.671;14.395;0;6.66;6.35;1
1635980516-spread-home-0.0-1789885217;2026-09-20T06:20:17.210985+00:00;2026-09-20T06:20:17.210985+00:00;France - Ligue 1;Nice vs Lille;1635980516;spread;home;0.0;1.926;1.87;2.908;0;8.91;8.6;1
1636571521-spread-home-0.5-1789885217;2026-09-20T06:20:17.210985+00:00;2026-09-20T06:20:17.210985+00:00;Netherlands - Eerste Divisie;De Graafschap vs NAC Breda;1636571521;spread;home;0.5;1.909;1.885;1.257;0;8.41;8.1;1
1636571521-spread-away--0.5-1789885217;2026-09-20T06:20:17.210985+00:00;2026-09-20T06:20:17.210985+00:00;Netherlands - Eerste Divisie;De Graafschap vs NAC Breda;1636571521;spread;away;-0.5;1.971;1.806;8.371;0;8.41;8.1;1
1636498762-spread-away--0.0-1789885217;2026-09-20T06:20:17.210985+00:00;2026-09-20T06:20:17.210985+00:00;Poland - Ekstraklasa;Jagiellonia Bialystok vs Legia Warsaw;1636498762;spread;away;-0.0;1.962;1.82;7.238;0;9.16;8.85;1
1636498762-spread-home-0.0-1789885217;2026-09-20T06:20:17.210985+00:00;2026-09-20T06:20:17.210985+00:00;Poland - Ekstraklasa;Jagiellonia Bialystok vs Legia Warsaw;1636498762;spread;home;0.0;2.08;1.763;15.24;0;9.16;8.85;1
1636554036-spread-home-0.0-1789885217;2026-09-20T06:20:17.210985+00:00;2026-09-20T06:20:17.210985+00:00;Poland - Ekstraklasa;Zaglebie Lubin vs Wisla Plock;1636554036;spread;home;0.0;1.935;1.781;7.959;0;6.41;6.1;1
1636554036-spread-away--0.0-1789885217;2026-09-20T06:20:17.210985+00:00;2026-09-20T06:20:17.210985+00:00;Poland - Ekstraklasa;Zaglebie Lubin vs Wisla Plock;1636554036;spread;away;-0.0;2.14;1.787;16.495;0;6.41;6.1;1
1637080870-total-under-2.5-1789885217;2026-09-20T06:20:17.210985+00:00;2026-09-20T06:20:17.210985+00:00;Spain - Tercera Division;Santomera vs Algar;1637080870;total;under;2.5;1.962;1.901;3.109;0;9.66;9.35;1
1636532616-spread-home-0.0-1789885217;2026-09-20T06:20:17.210985+00:00;2026-09-20T06:20:17.210985+00:00;Korea Republic - K League 1;Incheon United vs Daejeon Citizen;1636532616;spread;home;0.0;2.11;1.909;9.526;0;3.66;3.35;1
1636557980-spread-away-1.0-1789885217;2026-09-20T06:20:17.210985+00:00;2026-09-20T06:20:17.210985+00:00;Slovakia - 3. Liga;Snina vs Vranov Nad Toplou;1636557980;spread;away;1.0;1.962;1.847;5.861;0;7.15;6.84;1
1636550003-spread-away-0.5-1789885217;2026-09-20T06:20:17.210985+00:00;2026-09-20T06:20:17.210985+00:00;Italy - Serie C Group B;Reggiana vs Latina;1636550003;spread;away;0.5;1.877;1.833;2.344;0;6.15;5.84;1
1635920597-spread-away--0.0-1789885217;2026-09-20T06:20:17.210985+00:00;2026-09-20T06:20:17.210985+00:00;England - Premier League;Fulham vs Manchester United;1635920597;spread;away;-0.0;1.917;1.685;12.102;0;9.14;8.83;1
1635918926-spread-home--1.5-1789885217;2026-09-20T06:20:17.210985+00:00;2026-09-20T06:20:17.210985+00:00;England - Premier League;Leeds United vs Crystal Palace;1635918926;spread;home;-1.5;1.98;1.926;2.727;0;6.64;6.33;1
1636535501-spread-away-1.5-1789885217;2026-09-20T06:20:17.210985+00:00;2026-09-20T06:20:17.210985+00:00;Hong Kong - HKFA 1. Division;Resources Capital vs South China;1636535501;spread;away;1.5;1.926;1.833;4.829;0;1.14;0.83;1
1636554001-spread-away--0.5-1789885217;2026-09-20T06:20:17.210985+00:00;2026-09-20T06:20:17.210985+00:00;Sweden - Allsvenskan;Halmstads vs AIK;1636554001;spread;away;-0.5;1.99;1.87;6.03;0;5.64;5.33;1
1636537269-spread-away--0.5-1789884816;2026-09-20T06:13:36.886493+00:00;2026-09-20T06:27:02.718741+00:00;Japan - Football League;YSCC Yokohama vs Briobecca Urayasu;1636537269;spread;away;-0.5;1.917;1.813;5.425;13.43;1.77;1.46;2
1636007497-spread-home-0.5-1789884816;2026-09-20T06:13:36.886493+00:00;2026-09-20T06:27:02.718741+00:00;Argentina - Liga Pro;San Lorenzo vs Boca Juniors;1636007497;spread;home;0.5;1.855;1.826;1.563;13.43;11.52;11.2;2
1636868472-spread-away--0.0-1789885622;2026-09-20T06:27:02.718741+00:00;2026-09-20T06:27:02.718741+00:00;Turkey - 2nd League;Kahramanmaras Istiklal vs Sakaryaspor;1636868472;spread;away;-0.0;1.971;1.87;5.124;0;5.55;5.23;1
1636532616-spread-away--0.0-1789885622;2026-09-20T06:27:02.718741+00:00;2026-09-20T06:27:02.718741+00:00;Korea Republic - K League 1;Incheon United vs Daejeon Citizen;1636532616;spread;away;-0.0;1.855;1.813;2.264;0;3.55;3.23;1
1636537333-total-over-2.5-1789885622;2026-09-20T06:27:02.718741+00:00;2026-09-20T06:27:02.718741+00:00;Vietnam - Cup;Xuan Thien Phu Tho vs Hong Linh Ha Tinh;1636537333;total;over;2.5;1.971;1.855;5.885;0;4.55;4.23;1
1636555259-spread-away--0.5-1789885622;2026-09-20T06:27:02.718741+00:00;2026-09-20T06:27:02.718741+00:00;Italy - Serie C Group B;Vado vs Pescara;1636555259;spread;away;-0.5;1.971;1.775;9.944;0;6.04;5.73;1
1636569824-spread-home-0.0-1789885622;2026-09-20T06:27:02.718741+00:00;2026-09-20T06:27:02.718741+00:00;Belarus - Premier League;FC Vitebsk vs Torpedo Zhodino;1636569824;spread;home;0.0;1.787;1.752;1.959;0;9.54;9.23;1
1635920597-spread-home-0.0-1789885622;2026-09-20T06:27:02.718741+00:00;2026-09-20T06:27:02.718741+00:00;England - Premier League;Fulham vs Manchester United;1635920597;spread;home;0.0;2.1;1.885;10.238;0;9.04;8.73;1
1635918928-spread-away--0.0-1789885622;2026-09-20T06:27:02.718741+00:00;2026-09-20T06:27:02.718741+00:00;England - Premier League;Bournemouth vs Liverpool;1635918928;spread;away;-0.0;1.87;1.82;2.674;0;6.54;6.23;1
1635918928-spread-home-0.0-1789885622;2026-09-20T06:27:02.718741+00:00;2026-09-20T06:27:02.718741+00:00;England - Premier League;Bournemouth vs Liverpool;1635918928;spread;home;0.0;1.99;1.87;6.03;0;6.54;6.23;1
1636571575-spread-home--2.0-1789885622;2026-09-20T06:27:02.718741+00:00;2026-09-20T06:27:02.718741+00:00;Turkey - 1st League;Antalyaspor vs Vanspor;1636571575;spread;home;-2.0;1.82;1.787;1.813;0;10.54;10.22;1
1636537500-spread-away--0.0-1789885622;2026-09-20T06:27:02.718741+00:00;2026-09-20T06:27:02.718741+00:00;Korea Republic - K League 2;Seongnam FC vs Hwaseong;1636537500;spread;away;-0.0;1.935;1.84;4.91;0;3.54;3.22;1
1636537500-spread-home-0.0-1789885622;2026-09-20T06:27:02.718741+00:00;2026-09-20T06:27:02.718741+00:00;Korea Republic - K League 2;Seongnam FC vs Hwaseong;1636537500;spread;home;0.0;2.02;1.781;11.832;0;3.54;3.22;1
1636709568-spread-away-1.5-1789885622;2026-09-20T06:27:02.718741+00:00;2026-09-20T06:27:02.718741+00:00;Portugal - Cup;Fafe vs JD Lajense;1636709568;spread;away;1.5;1.855;1.833;1.186;0;2.54;2.22;1
1636498197-spread-away-1.0-1789885622;2026-09-20T06:27:02.718741+00:00;2026-09-20T06:27:02.718741+00:00;Belgium - Pro League;Club Brugge vs Genk;1636498197;spread;away;1.0;2.05;2.02;1.463;0;10.03;9.72;1
1635957958-spread-home--1.0-1789885622;2026-09-20T06:27:02.718741+00:00;2026-09-20T06:27:02.718741+00:00;Austria - Bundesliga;Salzburg vs Sturm Graz;1635957958;spread;home;-1.0;1.943;1.885;2.985;0;8.53;8.22;1
1636688809-spread-home-0.0-1789885622;2026-09-20T06:27:02.718741+00:00;2026-09-20T06:27:02.718741+00:00;Uruguay - Primera Division;Albion vs Juventud;1636688809;spread;home;0.0;1.909;1.885;1.257;0;6.53;6.22;1
1636688809-spread-away--0.0-1789885622;2026-09-20T06:27:02.718741+00:00;2026-09-20T06:27:02.718741+00:00;Uruguay - Primera Division;Albion vs Juventud;1636688809;spread;away;-0.0;1.971;1.8;8.676;0;6.53;6.22;1
1636537454-spread-home-0.0-1789885622;2026-09-20T06:27:02.718741+00:00;2026-09-20T06:27:02.718741+00:00;Japan - J League;Machida Zelvia vs Kashiwa Reysol;1636537454;spread;home;0.0;1.826;1.8;1.424;0;1.53;1.22;1
1636569788-spread-home--0.5-1789885622;2026-09-20T06:27:02.718741+00:00;2026-09-20T06:27:02.718741+00:00;Finland - Ykkonen;Inter Turku 2 vs TPV;1636569788;spread;home;-0.5;2.0;1.847;7.65;0;8.53;8.22;1
1636549944-spread-away--0.5-1789885622;2026-09-20T06:27:02.718741+00:00;2026-09-20T06:27:02.718741+00:00;Spain - Segunda Federacion;Calamocha vs Logrones II;1636549944;spread;away;-0.5;1.901;1.877;1.262;0;3.53;3.21;1
1636007497-spread-away--0.5-1789885622;2026-09-20T06:27:02.718741+00:00;2026-09-20T06:27:02.718741+00:00;Argentina - Liga Pro;San Lorenzo vs Boca Juniors;1636007497;spread;away;-0.5;2.1;1.87;10.952;0;11.27;10.96;1
1636498754-spread-home--1.5-1789885217;2026-09-20T06:20:17.210985+00:00;2026-09-20T06:33:58.371929+00:00;Norway - 1st Division;Haugesund vs Strommen;1636498754;spread;home;-1.5;1.952;1.885;3.432;13.69;8.66;8.34;2
1636571563-spread-away--0.0-1789886038;2026-09-20T06:33:58.371929+00:00;2026-09-20T06:33:58.371929+00:00;Latvia - 1st Liga;Ventspils vs Skanstes;1636571563;spread;away;-0.0;1.87;1.781;4.759;0;9.43;9.12;1
1636738964-spread-home--0.5-1789886038;2026-09-20T06:33:58.371929+00:00;2026-09-20T06:33:58.371929+00:00;Ukraine - Persha Liga;SC Poltava vs Metalist Kharkiv;1636738964;spread;home;-0.5;1.901;1.775;6.628;0;1.43;1.12;1
1636555259-spread-home-0.5-1789886038;2026-09-20T06:33:58.371929+00:00;2026-09-20T06:33:58.371929+00:00;Italy - Serie C Group B;Vado vs Pescara;1636555259;spread;home;0.5;1.935;1.855;4.134;0;5.93;5.61;1
1636555334-spread-home--1.5-1789886038;2026-09-20T06:33:58.371929+00:00;2026-09-20T06:33:58.371929+00:00;Turkey - 1st League;Manisa vs Istanbulspor;1636555334;spread;home;-1.5;1.926;1.901;1.298;0;7.42;7.11;1
1636569839-spread-home-1.0-1789886038;2026-09-20T06:33:58.371929+00:00;2026-09-20T06:33:58.371929+00:00;Spain - Segunda Division;Almeria vs Celta Vigo II;1636569839;spread;home;1.0;2.07;2.02;2.415;0;9.92;9.61;1
1636316317-spread-away-1.0-1789886038;2026-09-20T06:33:58.371929+00:00;2026-09-20T06:33:58.371929+00:00;Czech Republic - First Liga;Slavia Prague vs Viktoria Plzen;1636316317;spread;away;1.0;1.962;1.87;4.689;0;9.42;9.11;1
1636549994-spread-home--0.5-1789886038;2026-09-20T06:33:58.371929+00:00;2026-09-20T06:33:58.371929+00:00;Denmark - Division 1;AaB vs Vendsyssel;1636549994;spread;home;-0.5;1.926;1.806;6.231;0;5.42;5.1;1
1636537454-spread-away--0.0-1789886038;2026-09-20T06:33:58.371929+00:00;2026-09-20T06:33:58.371929+00:00;Japan - J League;Machida Zelvia vs Kashiwa Reysol;1636537454;spread;away;-0.0;2.13;1.952;8.357;0;1.41;1.1;1
1635909115-total-under-2.5-1789886038;2026-09-20T06:33:58.371929+00:00;2026-09-20T06:33:58.371929+00:00;Poland - 1st Liga;Pogon Siedlce vs Arka Gdynia;1635909115;total;under;2.5;1.855;1.833;1.186;0;5.91;5.6;1
1636537472-spread-away-2.5-1789886038;2026-09-20T06:33:58.371929+00:00;2026-09-20T06:33:58.371929+00:00;Indonesia - Championship;PSMS Medan vs Persiku Kudus;1636537472;spread;away;2.5;1.901;1.82;4.261;0;1.91;1.6;1
1636506127-spread-home-0.0-1789886038;2026-09-20T06:33:58.371929+00:00;2026-09-20T06:33:58.371929+00:00;Iceland - Premier League;FH Hafnarfjordur vs Stjarnan;1636506127;spread;home;0.0;2.04;1.926;5.588;0;9.41;9.1;1
1636506127-spread-away--0.0-1789886038;2026-09-20T06:33:58.371929+00:00;2026-09-20T06:33:58.371929+00:00;Iceland - Premier League;FH Hafnarfjordur vs Stjarnan;1636506127;spread;away;-0.0;1.826;1.787;2.136;0;9.41;9.1;1
1636537251-spread-home--0.5-1789886038;2026-09-20T06:33:58.371929+00:00;2026-09-20T06:33:58.371929+00:00;Hong Kong - HKFA 2. Division;Yau Tsim Mong vs GFC;1636537251;spread;home;-0.5;1.885;1.826;3.13;0;0.41;0.09;1
1635992344-spread-away--0.5-1789886038;2026-09-20T06:33:58.371929+00:00;2026-09-20T06:33:58.371929+00:00;Spain - La Liga;Atletico Madrid vs Real Madrid;1635992344;spread;away;-0.5;2.07;1.971;4.783;0;7.66;7.34;1
1635985181-spread-away-0.5-1789885622;2026-09-20T06:27:02.718741+00:00;2026-09-20T06:40:54.977019+00:00;Germany - Bundesliga;Bayer Leverkusen vs RB Leipzig;1635985181;spread;away;0.5;2.01;1.962;2.388;13.87;7.03;6.71;2
1636549994-spread-away-0.5-1789886038;2026-09-20T06:33:58.371929+00:00;2026-09-20T06:40:54.977019+00:00;Denmark - Division 1;AaB vs Vendsyssel;1636549994;spread;away;0.5;1.926;1.855;3.686;6.94;5.42;5.1;2
1635980515-spread-home-0.0-1789886454;2026-09-20T06:40:54.977019+00:00;2026-09-20T06:40:54.977019+00:00;France - Ligue 1;Auxerre vs Brest;1635980515;spread;home;0.0;2.12;1.84;13.208;0;6.32;6.01;1
1635980515-spread-away--0.0-1789886454;2026-09-20T06:40:54.977019+00:00;2026-09-20T06:40:54.977019+00:00;France - Ligue 1;Auxerre vs Brest;1635980515;spread;away;-0.0;1.952;1.671;14.395;0;6.32;6.01;1
1635980516-spread-home-0.0-1789886454;2026-09-20T06:40:54.977019+00:00;2026-09-20T06:40:54.977019+00:00;France - Ligue 1;Nice vs Lille;1635980516;spread;home;0.0;1.926;1.87;2.908;0;8.57;8.26;1
1636537269-spread-home-0.5-1789886454;2026-09-20T06:40:54.977019+00:00;2026-09-20T06:40:54.977019+00:00;Japan - Football League;YSCC Yokohama vs Briobecca Urayasu;1636537269;spread;home;0.5;1.98;1.862;5.96;0;1.32;1.0;1
1636537269-total-under-2.5-1789886454;2026-09-20T06:40:54.977019+00:00;2026-09-20T06:40:54.977019+00:00;Japan - Football League;YSCC Yokohama vs Briobecca Urayasu;1636537269;total;under;2.5;1.847;1.82;1.462;0;1.32;1.0;1
1636571521-spread-home-0.5-1789886454;2026-09-20T06:40:54.977019+00:00;2026-09-20T06:40:54.977019+00:00;Netherlands - Eerste Divisie;De Graafschap vs NAC Breda;1636571521;spread;home;0.5;1.909;1.877;1.676;0;8.07;7.75;1
1636571521-spread-away--0.5-1789886454;2026-09-20T06:40:54.977019+00:00;2026-09-20T06:40:54.977019+00:00;Netherlands - Eerste Divisie;De Graafschap vs NAC Breda;1636571521;spread;away;-0.5;1.98;1.806;8.788;0;8.07;7.75;1
1636498762-spread-away--0.0-1789886454;2026-09-20T06:40:54.977019+00:00;2026-09-20T06:40:54.977019+00:00;Poland - Ekstraklasa;Jagiellonia Bialystok vs Legia Warsaw;1636498762;spread;away;-0.0;1.962;1.862;5.097;0;8.81;8.5;1
1636498762-spread-home-0.0-1789886454;2026-09-20T06:40:54.977019+00:00;2026-09-20T06:40:54.977019+00:00;Poland - Ekstraklasa;Jagiellonia Bialystok vs Legia Warsaw;1636498762;spread;home;0.0;2.03;1.763;13.153;0;8.81;8.5;1
1636554036-spread-home-0.0-1789886454;2026-09-20T06:40:54.977019+00:00;2026-09-20T06:40:54.977019+00:00;Poland - Ekstraklasa;Zaglebie Lubin vs Wisla Plock;1636554036;spread;home;0.0;1.935;1.781;7.959;0;6.06;5.75;1
1636554036-spread-away--0.0-1789886454;2026-09-20T06:40:54.977019+00:00;2026-09-20T06:40:54.977019+00:00;Poland - Ekstraklasa;Zaglebie Lubin vs Wisla Plock;1636554036;spread;away;-0.0;2.14;1.787;16.495;0;6.06;5.75;1
1637053179-spread-home--1.0-1789886454;2026-09-20T06:40:54.977019+00:00;2026-09-20T06:40:54.977019+00:00;Spain - Tercera Division;Colonia Moscardo vs Siello;1637053179;spread;home;-1.0;1.787;1.758;1.623;0;3.31;3.0;1
1636532616-spread-home-0.0-1789886454;2026-09-20T06:40:54.977019+00:00;2026-09-20T06:40:54.977019+00:00;Korea Republic - K League 1;Incheon United vs Daejeon Citizen;1636532616;spread;home;0.0;2.11;1.909;9.526;0;3.31;3.0;1
1636498767-total-under-2.5-1789886454;2026-09-20T06:40:54.977019+00:00;2026-09-20T06:40:54.977019+00:00;Italy - Serie B;Modena vs Empoli;1636498767;total;under;2.5;1.962;1.917;2.294;0;10.81;10.5;1
1636549994-total-under-2.5-1789886454;2026-09-20T06:40:54.977019+00:00;2026-09-20T06:40:54.977019+00:00;Denmark - Division 1;AaB vs Vendsyssel;1636549994;total;under;2.5;1.971;1.862;5.53;0;5.31;4.99;1
1635920597-spread-away--0.0-1789886454;2026-09-20T06:40:54.977019+00:00;2026-09-20T06:40:54.977019+00:00;England - Premier League;Fulham vs Manchester United;1635920597;spread;away;-0.0;1.917;1.685;12.102;0;8.8;8.49;1
1636569788-spread-away-0.5-1789886454;2026-09-20T06:40:54.977019+00:00;2026-09-20T06:40:54.977019+00:00;Finland - Ykkonen;Inter Turku 2 vs TPV;1636569788;spread;away;0.5;1.87;1.826;2.353;0;8.3;7.99;1
1636554001-spread-away--0.5-1789886454;2026-09-20T06:40:54.977019+00:00;2026-09-20T06:40:54.977019+00:00;Sweden - Allsvenskan;Halmstads vs AIK;1636554001;spread;away;-0.5;1.99;1.87;6.03;0;5.3;4.99;1
1636498187-spread-away--0.0-1789886454;2026-09-20T06:40:54.977019+00:00;2026-09-20T06:40:54.977019+00:00;Turkey - Super League;Goztepe vs Caykur Rizespor;1636498187;spread;away;-0.0;2.11;2.06;2.37;0;10.29;9.98;1
1636709555-spread-away--0.0-1789886454;2026-09-20T06:40:54.977019+00:00;2026-09-20T06:40:54.977019+00:00;Argentina - Torneo Federal A;Huracan Las Heras vs Sportivo y Biblioteca Atenas;1636709555;spread;away;-0.0;1.84;1.709;7.12;0;11.29;10.98;1
1636498751-spread-home-1.5-1789886871;2026-09-20T06:47:51.059931+00:00;2026-09-20T06:47:51.059931+00:00;Norway - Eliteserien;Brann vs Bodo Glimt;1636498751;spread;home;1.5;1.952;1.87;4.201;0;10.45;10.14;1
1636007497-spread-home-0.5-1789886871;2026-09-20T06:47:51.059931+00:00;2026-09-20T06:47:51.059931+00:00;Argentina - Liga Pro;San Lorenzo vs Boca Juniors;1636007497;spread;home;0.5;1.855;1.826;1.563;0;10.95;10.63;1
1636007497-spread-away--0.5-1789886871;2026-09-20T06:47:51.059931+00:00;2026-09-20T06:47:51.059931+00:00;Argentina - Liga Pro;San Lorenzo vs Boca Juniors;1636007497;spread;away;-0.5;2.1;1.87;10.952;0;10.95;10.63;1
1637050790-spread-home--1.0-1789886871;2026-09-20T06:47:51.059931+00:00;2026-09-20T06:47:51.059931+00:00;Spain - Tercera Division;Torrent vs Atzeneta;1637050790;spread;home;-1.0;2.03;1.99;1.97;0;3.2;2.88;1
1636618320-total-over-2.5-1789886871;2026-09-20T06:47:51.059931+00:00;2026-09-20T06:47:51.059931+00:00;Spain - Tercera Division;Sporting Gijon II vs Lealtad de Villaviciosa;1636618320;total;over;2.5;1.901;1.855;2.42;0;3.2;2.88;1
1636688809-spread-home-0.0-1789886871;2026-09-20T06:47:51.059931+00:00;2026-09-20T06:47:51.059931+00:00;Uruguay - Primera Division;Albion vs Juventud;1636688809;spread;home;0.0;1.909;1.885;1.257;0;6.2;5.88;1
1636688809-spread-away--0.0-1789886871;2026-09-20T06:47:51.059931+00:00;2026-09-20T06:47:51.059931+00:00;Uruguay - Primera Division;Albion vs Juventud;1636688809;spread;away;-0.0;1.971;1.8;8.676;0;6.2;5.88;1
1636532616-spread-away--0.0-1789886871;2026-09-20T06:47:51.059931+00:00;2026-09-20T06:47:51.059931+00:00;Korea Republic - K League 1;Incheon United vs Daejeon Citizen;1636532616;spread;away;-0.0;1.855;1.813;2.264;0;3.2;2.88;1
1636555259-spread-away--0.5-1789886871;2026-09-20T06:47:51.059931+00:00;2026-09-20T06:47:51.059931+00:00;Italy - Serie C Group B;Vado vs Pescara;1636555259;spread;away;-0.5;1.971;1.775;9.944;0;5.69;5.38;1
1636537518-spread-away--0.5-1789886871;2026-09-20T06:47:51.059931+00:00;2026-09-20T06:47:51.059931+00:00;Spain - Segunda Federacion;Tamaraceite vs Recreativo Huelva;1636537518;spread;away;-0.5;2.04;2.0;1.961;0;4.19;3.87;1
1635920597-spread-home-0.0-1789886871;2026-09-20T06:47:51.059931+00:00;2026-09-20T06:47:51.059931+00:00;England - Premier League;Fulham vs Manchester United;1635920597;spread;home;0.0;2.1;1.885;10.238;0;8.69;8.37;1
1635918928-spread-away--0.0-1789886871;2026-09-20T06:47:51.059931+00:00;2026-09-20T06:47:51.059931+00:00;England - Premier League;Bournemouth vs Liverpool;1635918928;spread;away;-0.0;1.87;1.82;2.674;0;6.19;5.87;1
1635918928-spread-home-0.0-1789886871;2026-09-20T06:47:51.059931+00:00;2026-09-20T06:47:51.059931+00:00;England - Premier League;Bournemouth vs Liverpool;1635918928;spread;home;0.0;1.99;1.87;6.03;0;6.19;5.87;1
1636483856-spread-home-2.0-1789886871;2026-09-20T06:47:51.059931+00:00;2026-09-20T06:47:51.059931+00:00;Denmark - Superliga;Horsens vs AGF;1636483856;spread;home;2.0;1.893;1.794;5.23;0;7.18;6.87;1
1636535504-spread-home--2.0-1789886871;2026-09-20T06:47:51.059931+00:00;2026-09-20T06:47:51.059931+00:00;Hong Kong - HKFA 1. Division;Citizen AA vs Lucky Mile;1636535504;spread;home;-2.0;1.909;1.877;1.676;0;0.68;0.37;1
1636569788-spread-home--0.5-1789886871;2026-09-20T06:47:51.059931+00:00;2026-09-20T06:47:51.059931+00:00;Finland - Ykkonen;Inter Turku 2 vs TPV;1636569788;spread;home;-0.5;2.0;1.847;7.65;0;8.18;7.87;1
1636611836-spread-away--0.0-1789886871;2026-09-20T06:47:51.059931+00:00;2026-09-20T06:47:51.059931+00:00;Bulgaria - Second League;Nesebar vs Beroe;1636611836;spread;away;-0.0;1.952;1.73;11.373;0;7.18;6.87;1
1636537500-spread-away--0.0-1789886871;2026-09-20T06:47:51.059931+00:00;2026-09-20T06:47:51.059931+00:00;Korea Republic - K League 2;Seongnam FC vs Hwaseong;1636537500;spread;away;-0.0;1.935;1.84;4.91;0;3.18;2.87;1
1636537500-spread-home-0.0-1789886871;2026-09-20T06:47:51.059931+00:00;2026-09-20T06:47:51.059931+00:00;Korea Republic - K League 2;Seongnam FC vs Hwaseong;1636537500;spread;home;0.0;2.02;1.781;11.832;0;3.18;2.87;1
1636887069-spread-home--1.0-1789886871;2026-09-20T06:47:51.059931+00:00;2026-09-20T06:47:51.059931+00:00;Argentina - Torneo Federal A;Costa Brava vs Sol de Mayo;1636887069;spread;home;-1.0;1.833;1.794;2.128;0;11.18;10.86;1
1636569764-spread-away--0.0-1789887290;2026-09-20T06:54:50.137754+00:00;2026-09-20T06:54:50.137754+00:00;Spain - Segunda Division;Ceuta vs Real Valladolid;1636569764;spread;away;-0.0;1.826;1.787;2.136;0;7.33;7.02;1
1636569764-spread-home-0.0-1789887290;2026-09-20T06:54:50.137754+00:00;2026-09-20T06:54:50.137754+00:00;Spain - Segunda Division;Ceuta vs Real Valladolid;1636569764;spread;home;0.0;2.15;1.917;10.837;0;7.33;7.02;1
1635957959-spread-home-1.5-1789887290;2026-09-20T06:54:50.137754+00:00;2026-09-20T06:54:50.137754+00:00;Austria - Bundesliga;Hartberg vs LASK Linz;1635957959;spread;home;1.5;2.03;1.99;1.97;0;5.58;5.27;1
1636571575-spread-home--2.0-1789887290;2026-09-20T06:54:50.137754+00:00;2026-09-20T06:54:50.137754+00:00;Turkey - 1st League;Antalyaspor vs Vanspor;1636571575;spread;home;-2.0;1.787;1.769;1.007;0;10.07;9.76;1
1636537454-spread-away--0.0-1789887290;2026-09-20T06:54:50.137754+00:00;2026-09-20T06:54:50.137754+00:00;Japan - J League;Machida Zelvia vs Kashiwa Reysol;1636537454;spread;away;-0.0;2.11;1.952;7.488;0;1.07;0.76;1
1636549994-spread-home--0.5-1789887290;2026-09-20T06:54:50.137754+00:00;2026-09-20T06:54:50.137754+00:00;Denmark - Division 1;AaB vs Vendsyssel;1636549994;spread;home;-0.5;2.0;1.806;9.7;0;5.07;4.75;1
1635992344-spread-home-0.5-1789887290;2026-09-20T06:54:50.137754+00:00;2026-09-20T06:54:50.137754+00:00;Spain - La Liga;Atletico Madrid vs Real Madrid;1635992344;spread;home;0.5;1.862;1.84;1.182;0;7.31;7.0;1
1635992344-spread-away--0.5-1789887290;2026-09-20T06:54:50.137754+00:00;2026-09-20T06:54:50.137754+00:00;Spain - La Liga;Atletico Madrid vs Real Madrid;1635992344;spread;away;-0.5;2.05;1.971;3.854;0;7.31;7.0;1
1636506127-spread-home-0.0-1789887290;2026-09-20T06:54:50.137754+00:00;2026-09-20T06:54:50.137754+00:00;Iceland - Premier League;FH Hafnarfjordur vs Stjarnan;1636506127;spread;home;0.0;2.04;1.926;5.588;0;9.06;8.75;1
1636506127-spread-away--0.0-1789887290;2026-09-20T06:54:50.137754+00:00;2026-09-20T06:54:50.137754+00:00;Iceland - Premier League;FH Hafnarfjordur vs Stjarnan;1636506127;spread;away;-0.0;1.826;1.787;2.136;0;9.06;8.75;1
1636537318-total-over-2.5-1789887290;2026-09-20T06:54:50.137754+00:00;2026-09-20T06:54:50.137754+00:00;Italy - Serie C Group B;Atalanta U23 vs Ravenna;1636537318;total;over;2.5;1.885;1.82;3.448;0;3.56;3.25;1
1636555259-spread-home-0.5-1789887290;2026-09-20T06:54:50.137754+00:00;2026-09-20T06:54:50.137754+00:00;Italy - Serie C Group B;Vado vs Pescara;1636555259;spread;home;0.5;1.935;1.855;4.134;0;5.56;5.25;1
1636866496-spread-away-1.5-1789887290;2026-09-20T06:54:50.137754+00:00;2026-09-20T06:54:50.137754+00:00;Poland - 4th Liga;Nieciecza II vs LKS Blekitni Modlnica;1636866496;spread;away;1.5;1.826;1.794;1.752;0;2.06;1.75;1
1635980516-spread-home-0.0-1789887699;2026-09-20T07:01:39.156656+00:00;2026-09-20T07:01:39.156656+00:00;France - Ligue 1;Nice vs Lille;1635980516;spread;home;0.0;1.926;1.87;2.908;0;8.22;7.9;1
1635980515-spread-home-0.0-1789887699;2026-09-20T07:01:39.156656+00:00;2026-09-20T07:01:39.156656+00:00;France - Ligue 1;Auxerre vs Brest;1635980515;spread;home;0.0;2.12;1.84;13.208;0;5.97;5.65;1
1635980515-spread-away--0.0-1789887699;2026-09-20T07:01:39.156656+00:00;2026-09-20T07:01:39.156656+00:00;France - Ligue 1;Auxerre vs Brest;1635980515;spread;away;-0.0;1.952;1.671;14.395;0;5.97;5.65;1
1636498762-spread-away--0.0-1789887699;2026-09-20T07:01:39.156656+00:00;2026-09-20T07:01:39.156656+00:00;Poland - Ekstraklasa;Jagiellonia Bialystok vs Legia Warsaw;1636498762;spread;away;-0.0;1.962;1.862;5.097;0;8.47;8.15;1
1636498762-spread-home-0.0-1789887699;2026-09-20T07:01:39.156656+00:00;2026-09-20T07:01:39.156656+00:00;Poland - Ekstraklasa;Jagiellonia Bialystok vs Legia Warsaw;1636498762;spread;home;0.0;2.03;1.763;13.153;0;8.47;8.15;1
1636554036-spread-home-0.0-1789887699;2026-09-20T07:01:39.156656+00:00;2026-09-20T07:01:39.156656+00:00;Poland - Ekstraklasa;Zaglebie Lubin vs Wisla Plock;1636554036;spread;home;0.0;1.935;1.781;7.959;0;5.72;5.4;1
1636554036-spread-away--0.0-1789887699;2026-09-20T07:01:39.156656+00:00;2026-09-20T07:01:39.156656+00:00;Poland - Ekstraklasa;Zaglebie Lubin vs Wisla Plock;1636554036;spread;away;-0.0;2.14;1.787;16.495;0;5.72;5.4;1
1636578518-spread-home--1.0-1789887699;2026-09-20T07:01:39.156656+00:00;2026-09-20T07:01:39.156656+00:00;Argentina - Primera B Nacional;Deportivo Madryn vs Racing de Cordoba;1636578518;spread;home;-1.0;2.11;1.847;12.464;0;11.97;11.65;1
1636738964-spread-away-0.5-1789887699;2026-09-20T07:01:39.156656+00:00;2026-09-20T07:01:39.156656+00:00;Ukraine - Persha Liga;SC Poltava vs Metalist Kharkiv;1636738964;spread;away;0.5;1.98;1.952;1.414;0;0.97;0.65;1
1636571519-spread-away--0.0-1789887699;2026-09-20T07:01:39.156656+00:00;2026-09-20T07:01:39.156656+00:00;Switzerland - Super League;Basel vs St. Gallen;1636571519;spread;away;-0.0;1.917;1.87;2.452;0;7.46;7.15;1
1636569788-spread-away-0.5-1789887699;2026-09-20T07:01:39.156656+00:00;2026-09-20T07:01:39.156656+00:00;Finland - Ykkonen;Inter Turku 2 vs TPV;1636569788;spread;away;0.5;1.87;1.826;2.353;0;7.96;7.65;1
1636554001-spread-away--0.5-1789887699;2026-09-20T07:01:39.156656+00:00;2026-09-20T07:01:39.156656+00:00;Sweden - Allsvenskan;Halmstads vs AIK;1636554001;spread;away;-0.5;1.99;1.87;6.03;0;4.96;4.64;1
1635920597-spread-away--0.0-1789887699;2026-09-20T07:01:39.156656+00:00;2026-09-20T07:01:39.156656+00:00;England - Premier League;Fulham vs Manchester United;1635920597;spread;away;-0.0;1.917;1.685;12.102;0;8.46;8.14;1
1636549994-spread-away-0.5-1789887699;2026-09-20T07:01:39.156656+00:00;2026-09-20T07:01:39.156656+00:00;Denmark - Division 1;AaB vs Vendsyssel;1636549994;spread;away;0.5;1.909;1.855;2.829;0;4.95;4.63;1
1635992346-spread-home-0.0-1789887699;2026-09-20T07:01:39.156656+00:00;2026-09-20T07:01:39.156656+00:00;Spain - La Liga;Valencia vs Real Sociedad;1635992346;spread;home;0.0;2.03;1.8;11.33;0;11.95;11.63;1
1635992346-spread-away--0.0-1789887699;2026-09-20T07:01:39.156656+00:00;2026-09-20T07:01:39.156656+00:00;Spain - La Liga;Valencia vs Real Sociedad;1635992346;spread;away;-0.0;1.99;1.806;9.246;0;11.95;11.63;1
1636571521-spread-home-0.5-1789887699;2026-09-20T07:01:39.156656+00:00;2026-09-20T07:01:39.156656+00:00;Netherlands - Eerste Divisie;De Graafschap vs NAC Breda;1636571521;spread;home;0.5;1.909;1.877;1.676;0;7.7;7.38;1
1636571521-spread-away--0.5-1789887699;2026-09-20T07:01:39.156656+00:00;2026-09-20T07:01:39.156656+00:00;Netherlands - Eerste Divisie;De Graafschap vs NAC Breda;1636571521;spread;away;-0.5;1.98;1.806;8.788;0;7.7;7.38;1
1636555288-spread-home-0.5-1789887699;2026-09-20T07:01:39.156656+00:00;2026-09-20T07:01:39.156656+00:00;Slovenia - Prva Liga;Bravo vs Olimpija Ljubljana;1636555288;spread;home;0.5;1.847;1.82;1.462;0;5.95;5.63;1
1636532616-spread-home-0.0-1789887699;2026-09-20T07:01:39.156656+00:00;2026-09-20T07:01:39.156656+00:00;Korea Republic - K League 1;Incheon United vs Daejeon Citizen;1636532616;spread;home;0.0;2.12;1.909;9.953;0;2.95;2.63;1
1636537257-spread-home-0.5-1789887699;2026-09-20T07:01:39.156656+00:00;2026-09-20T07:01:39.156656+00:00;Korea Republic - K League 2;Ansan Greeners vs Chungbuk Cheongju;1636537257;spread;home;0.5;1.885;1.794;4.828;0;0.45;0.13;1
1635985181-spread-home--0.5-1789887290;2026-09-20T06:54:50.137754+00:00;2026-09-20T07:08:40.586777+00:00;Germany - Bundesliga;Bayer Leverkusen vs RB Leipzig;1635985181;spread;home;-0.5;1.943;1.901;2.162;13.84;6.58;6.26;2
1636549994-total-over-2.5-1789888120;2026-09-20T07:08:40.586777+00:00;2026-09-20T07:08:40.586777+00:00;Denmark - Division 1;AaB vs Vendsyssel;1636549994;total;over;2.5;1.971;1.855;5.885;0;4.86;4.54;1
1636578518-spread-away-1.0-1789888120;2026-09-20T07:08:40.586777+00:00;2026-09-20T07:08:40.586777+00:00;Argentina - Primera B Nacional;Deportivo Madryn vs Racing de Cordoba;1636578518;spread;away;1.0;1.87;1.752;6.31;0;11.85;11.54;1
1636555259-spread-away--0.5-1789888120;2026-09-20T07:08:40.586777+00:00;2026-09-20T07:08:40.586777+00:00;Italy - Serie C Group B;Vado vs Pescara;1636555259;spread;away;-0.5;1.971;1.775;9.944;0;5.34;5.03;1
1636007497-spread-home-0.5-1789888120;2026-09-20T07:08:40.586777+00:00;2026-09-20T07:08:40.586777+00:00;Argentina - Liga Pro;San Lorenzo vs Boca Juniors;1636007497;spread;home;0.5;1.855;1.826;1.563;0;10.59;10.28;1
1636007497-spread-away--0.5-1789888120;2026-09-20T07:08:40.586777+00:00;2026-09-20T07:08:40.586777+00:00;Argentina - Liga Pro;San Lorenzo vs Boca Juniors;1636007497;spread;away;-0.5;2.09;1.87;10.526;0;10.59;10.28;1
1636569788-spread-home--0.5-1789888120;2026-09-20T07:08:40.586777+00:00;2026-09-20T07:08:40.586777+00:00;Finland - Ykkonen;Inter Turku 2 vs TPV;1636569788;spread;home;-0.5;2.0;1.847;7.65;0;7.84;7.52;1
1636532616-spread-away--0.0-1789888120;2026-09-20T07:08:40.586777+00:00;2026-09-20T07:08:40.586777+00:00;Korea Republic - K League 1;Incheon United vs Daejeon Citizen;1636532616;spread;away;-0.0;1.855;1.813;2.264;0;2.84;2.52;1
1636549969-spread-home-1.0-1789888120;2026-09-20T07:08:40.586777+00:00;2026-09-20T07:08:40.586777+00:00;Thailand - League 1;Chonburi vs Buriram United;1636549969;spread;home;1.0;1.901;1.84;3.209;0;3.84;3.52;1
1636537500-spread-away--0.0-1789888120;2026-09-20T07:08:40.586777+00:00;2026-09-20T07:08:40.586777+00:00;Korea Republic - K League 2;Seongnam FC vs Hwaseong;1636537500;spread;away;-0.0;1.935;1.84;4.91;0;2.84;2.52;1
1636537500-spread-home-0.0-1789888120;2026-09-20T07:08:40.586777+00:00;2026-09-20T07:08:40.586777+00:00;Korea Republic - K League 2;Seongnam FC vs Hwaseong;1636537500;spread;home;0.0;2.02;1.781;11.832;0;2.84;2.52;1
1636663138-spread-home-0.5-1789888120;2026-09-20T07:08:40.586777+00:00;2026-09-20T07:08:40.586777+00:00;Spain - Tercera Division;L Entregu vs UP Langreo;1636663138;spread;home;0.5;1.794;1.758;2.007;0;8.84;8.52;1
1636498758-spread-away-2.0-1789888120;2026-09-20T07:08:40.586777+00:00;2026-09-20T07:08:40.586777+00:00;Turkey - Super League;Fenerbahce vs Eyupspor;1636498758;spread;away;2.0;2.07;1.917;7.391;0;6.84;6.52;1
1636688809-spread-home-0.0-1789888120;2026-09-20T07:08:40.586777+00:00;2026-09-20T07:08:40.586777+00:00;Uruguay - Primera Division;Albion vs Juventud;1636688809;spread;home;0.0;1.909;1.885;1.257;0;5.83;5.52;1
1636688809-spread-away--0.0-1789888120;2026-09-20T07:08:40.586777+00:00;2026-09-20T07:08:40.586777+00:00;Uruguay - Primera Division;Albion vs Juventud;1636688809;spread;away;-0.0;1.971;1.8;8.676;0;5.83;5.52;1
1636498750-spread-away-0.5-1789888120;2026-09-20T07:08:40.586777+00:00;2026-09-20T07:08:40.586777+00:00;Norway - 1st Division;Odd BK vs Egersunds;1636498750;spread;away;0.5;2.01;1.98;1.493;0;7.83;7.52;1
1636612099-spread-home--1.0-1789888120;2026-09-20T07:08:40.586777+00:00;2026-09-20T07:08:40.586777+00:00;Tunisia - League 1;Club Africain vs ES Zarzis;1636612099;spread;home;-1.0;1.901;1.877;1.262;0;7.83;7.51;1
1636537269-total-over-2.5-1789888120;2026-09-20T07:08:40.586777+00:00;2026-09-20T07:08:40.586777+00:00;Japan - Football League;YSCC Yokohama vs Briobecca Urayasu;1636537269;total;over;2.5;1.971;1.935;1.826;0;0.83;0.51;1
1635918928-spread-away--0.0-1789888120;2026-09-20T07:08:40.586777+00:00;2026-09-20T07:08:40.586777+00:00;England - Premier League;Bournemouth vs Liverpool;1635918928;spread;away;-0.0;1.87;1.82;2.674;0;5.83;5.51;1
1635918928-spread-home-0.0-1789888120;2026-09-20T07:08:40.586777+00:00;2026-09-20T07:08:40.586777+00:00;England - Premier League;Bournemouth vs Liverpool;1635918928;spread;home;0.0;1.99;1.87;6.03;0;5.83;5.51;1
1635920597-spread-home-0.0-1789888120;2026-09-20T07:08:40.586777+00:00;2026-09-20T07:08:40.586777+00:00;England - Premier League;Fulham vs Manchester United;1635920597;spread;home;0.0;2.1;1.885;10.238;0;8.33;8.01;1
1636537454-spread-home-0.0-1789886871;2026-09-20T06:47:51.059931+00:00;2026-09-20T07:15:36.594236+00:00;Japan - J League;Machida Zelvia vs Kashiwa Reysol;1636537454;spread;home;0.0;1.826;1.794;1.752;27.76;1.18;0.86;3
1636549994-spread-home--0.5-1789888536;2026-09-20T07:15:36.594236+00:00;2026-09-20T07:15:36.594236+00:00;Denmark - Division 1;AaB vs Vendsyssel;1636549994;spread;home;-0.5;1.971;1.806;8.371;0;4.74;4.42;1
1636569764-spread-away--0.0-1789888536;2026-09-20T07:15:36.594236+00:00;2026-09-20T07:15:36.594236+00:00;Spain - Segunda Division;Ceuta vs Real Valladolid;1636569764;spread;away;-0.0;1.826;1.787;2.136;0;6.98;6.66;1
1636569764-spread-home-0.0-1789888536;2026-09-20T07:15:36.594236+00:00;2026-09-20T07:15:36.594236+00:00;Spain - Segunda Division;Ceuta vs Real Valladolid;1636569764;spread;home;0.0;2.15;1.917;10.837;0;6.98;6.66;1
1636483917-spread-away--0.5-1789888536;2026-09-20T07:15:36.594236+00:00;2026-09-20T07:15:36.594236+00:00;England - Championship;Wolverhampton vs West Bromwich Albion;1636483917;spread;away;-0.5;1.893;1.87;1.215;0;3.73;3.41;1
1636555259-spread-home-0.5-1789888536;2026-09-20T07:15:36.594236+00:00;2026-09-20T07:15:36.594236+00:00;Italy - Serie C Group B;Vado vs Pescara;1636555259;spread;home;0.5;1.935;1.855;4.134;0;5.23;4.91;1
1636506127-spread-home-0.0-1789888536;2026-09-20T07:15:36.594236+00:00;2026-09-20T07:15:36.594236+00:00;Iceland - Premier League;FH Hafnarfjordur vs Stjarnan;1636506127;spread;home;0.0;2.04;1.926;5.588;0;8.72;8.4;1
1636506127-spread-away--0.0-1789888536;2026-09-20T07:15:36.594236+00:00;2026-09-20T07:15:36.594236+00:00;Iceland - Premier League;FH Hafnarfjordur vs Stjarnan;1636506127;spread;away;-0.0;1.826;1.787;2.136;0;8.72;8.4;1
1636537455-spread-away-0.5-1789888536;2026-09-20T07:15:36.594236+00:00;2026-09-20T07:15:36.594236+00:00;Japan - J3 League;Sagamihara vs Giravanz Kitakyushu;1636537455;spread;away;0.5;2.0;1.794;10.3;0;0.72;0.4;1
1635992344-spread-away--0.5-1789888536;2026-09-20T07:15:36.594236+00:00;2026-09-20T07:15:36.594236+00:00;Spain - La Liga;Atletico Madrid vs Real Madrid;1635992344;spread;away;-0.5;2.09;1.971;5.694;0;6.97;6.65;1
1636535501-spread-home--1.5-1789888536;2026-09-20T07:15:36.594236+00:00;2026-09-20T07:15:36.594236+00:00;Hong Kong - HKFA 1. Division;Resources Capital vs South China;1636535501;spread;home;-1.5;1.909;1.87;2.043;0;0.22;0;1
1636537454-spread-away--0.0-1789888536;2026-09-20T07:15:36.594236+00:00;2026-09-20T07:15:36.594236+00:00;Japan - J League;Machida Zelvia vs Kashiwa Reysol;1636537454;spread;away;-0.0;2.14;1.952;8.785;0;0.72;0.4;1
1636535519-spread-home-0.5-1789888536;2026-09-20T07:15:36.594236+00:00;2026-09-20T07:15:36.594236+00:00;Japan - J League;Gamba Osaka vs Vissel Kobe;1636535519;spread;home;0.5;1.885;1.847;2.016;0;0.72;0.4;1
1635957959-spread-away--1.5-1789888120;2026-09-20T07:08:40.586777+00:00;2026-09-20T07:22:42.194011+00:00;Austria - Bundesliga;Hartberg vs LASK Linz;1635957959;spread;away;-1.5;1.917;1.893;1.252;14.03;5.34;5.03;2
1636549994-spread-away-0.5-1789888962;2026-09-20T07:22:42.194011+00:00;2026-09-20T07:22:42.194011+00:00;Denmark - Division 1;AaB vs Vendsyssel;1636549994;spread;away;0.5;1.909;1.885;1.257;0;4.62;4.31;1
1636578518-spread-home--1.0-1789888962;2026-09-20T07:22:42.194011+00:00;2026-09-20T07:22:42.194011+00:00;Argentina - Primera B Nacional;Deportivo Madryn vs Racing de Cordoba;1636578518;spread;home;-1.0;2.12;1.847;12.877;0;11.62;11.31;1
1635980516-spread-home-0.0-1789888962;2026-09-20T07:22:42.194011+00:00;2026-09-20T07:22:42.194011+00:00;France - Ligue 1;Nice vs Lille;1635980516;spread;home;0.0;1.935;1.87;3.359;0;7.86;7.55;1
1635980515-spread-home-0.0-1789888962;2026-09-20T07:22:42.194011+00:00;2026-09-20T07:22:42.194011+00:00;France - Ligue 1;Auxerre vs Brest;1635980515;spread;home;0.0;2.12;1.84;13.208;0;5.61;5.3;1
1635980515-spread-away--0.0-1789888962;2026-09-20T07:22:42.194011+00:00;2026-09-20T07:22:42.194011+00:00;France - Ligue 1;Auxerre vs Brest;1635980515;spread;away;-0.0;1.952;1.671;14.395;0;5.61;5.3;1
1636558053-spread-away-0.5-1789888962;2026-09-20T07:22:42.194011+00:00;2026-09-20T07:22:42.194011+00:00;Italy - Serie C Group C;Potenza vs Cavese;1636558053;spread;away;0.5;1.806;1.787;1.052;0;8.11;7.8;1
1636558053-total-over-2.5-1789888962;2026-09-20T07:22:42.194011+00:00;2026-09-20T07:22:42.194011+00:00;Italy - Serie C Group C;Potenza vs Cavese;1636558053;total;over;2.5;1.98;1.877;5.202;0;8.11;7.8;1
1636554056-total-under-2.5-1789888962;2026-09-20T07:22:42.194011+00:00;2026-09-20T07:22:42.194011+00:00;San Marino - Campionato;Tre Penne vs Juvenes/Dogana;1636554056;total;under;2.5;1.794;1.775;1.059;0;5.61;5.3;1
1636571521-spread-home-0.5-1789888962;2026-09-20T07:22:42.194011+00:00;2026-09-20T07:22:42.194011+00:00;Netherlands - Eerste Divisie;De Graafschap vs NAC Breda;1636571521;spread;home;0.5;1.909;1.877;1.676;0;7.36;7.04;1
1636571521-spread-away--0.5-1789888962;2026-09-20T07:22:42.194011+00:00;2026-09-20T07:22:42.194011+00:00;Netherlands - Eerste Divisie;De Graafschap vs NAC Breda;1636571521;spread;away;-0.5;1.98;1.806;8.788;0;7.36;7.04;1
1636569788-spread-away-0.5-1789888962;2026-09-20T07:22:42.194011+00:00;2026-09-20T07:22:42.194011+00:00;Finland - Ykkonen;Inter Turku 2 vs TPV;1636569788;spread;away;0.5;1.87;1.826;2.353;0;7.61;7.29;1
1636554001-spread-away--0.5-1789888962;2026-09-20T07:22:42.194011+00:00;2026-09-20T07:22:42.194011+00:00;Sweden - Allsvenskan;Halmstads vs AIK;1636554001;spread;away;-0.5;1.99;1.87;6.03;0;4.61;4.29;1
1636537467-spread-away--0.0-1789888962;2026-09-20T07:22:42.194011+00:00;2026-09-20T07:22:42.194011+00:00;Slovakia - 2. Liga;Zilina II vs Povazska Bystrica;1636537467;spread;away;-0.0;1.885;1.794;4.828;0;1.11;0.79;1
1636532616-spread-home-0.0-1789888962;2026-09-20T07:22:42.194011+00:00;2026-09-20T07:22:42.194011+00:00;Korea Republic - K League 1;Incheon United vs Daejeon Citizen;1636532616;spread;home;0.0;2.12;1.909;9.953;0;2.61;2.29;1
1637053179-total-over-2.5-1789888962;2026-09-20T07:22:42.194011+00:00;2026-09-20T07:22:42.194011+00:00;Spain - Tercera Division;Colonia Moscardo vs Siello;1637053179;total;over;2.5;1.855;1.826;1.563;0;2.6;2.29;1
1636537458-spread-away-0.5-1789888962;2026-09-20T07:22:42.194011+00:00;2026-09-20T07:22:42.194011+00:00;Hong Kong - Senior Shield;Southern District vs Eastern District;1636537458;spread;away;0.5;1.943;1.893;2.573;0;0.6;0.29;1
1635992346-spread-home-0.0-1789888962;2026-09-20T07:22:42.194011+00:00;2026-09-20T07:22:42.194011+00:00;Spain - La Liga;Valencia vs Real Sociedad;1635992346;spread;home;0.0;2.03;1.8;11.33;0;11.6;11.29;1
1635992346-spread-away--0.0-1789888962;2026-09-20T07:22:42.194011+00:00;2026-09-20T07:22:42.194011+00:00;Spain - La Liga;Valencia vs Real Sociedad;1635992346;spread;away;-0.0;1.99;1.806;9.246;0;11.6;11.29;1
1636598050-total-over-2.5-1789888962;2026-09-20T07:22:42.194011+00:00;2026-09-20T07:22:42.194011+00:00;Thailand - League 3;Royal Thai Air Force vs Lopburi City FC;1636598050;total;over;2.5;1.952;1.926;1.332;0;1.1;0.78;1
1636498762-spread-away--0.0-1789888962;2026-09-20T07:22:42.194011+00:00;2026-09-20T07:22:42.194011+00:00;Poland - Ekstraklasa;Jagiellonia Bialystok vs Legia Warsaw;1636498762;spread;away;-0.0;1.962;1.862;5.097;0;8.1;7.78;1
1636498762-spread-home-0.0-1789888962;2026-09-20T07:22:42.194011+00:00;2026-09-20T07:22:42.194011+00:00;Poland - Ekstraklasa;Jagiellonia Bialystok vs Legia Warsaw;1636498762;spread;home;0.0;2.03;1.763;13.153;0;8.1;7.78;1
1636554036-spread-home-0.0-1789888962;2026-09-20T07:22:42.194011+00:00;2026-09-20T07:22:42.194011+00:00;Poland - Ekstraklasa;Zaglebie Lubin vs Wisla Plock;1636554036;spread;home;0.0;1.935;1.781;7.959;0;5.35;5.03;1
1636554036-spread-away--0.0-1789888962;2026-09-20T07:22:42.194011+00:00;2026-09-20T07:22:42.194011+00:00;Poland - Ekstraklasa;Zaglebie Lubin vs Wisla Plock;1636554036;spread;away;-0.0;2.14;1.787;16.495;0;5.35;5.03;1
1635920597-spread-away--0.0-1789888962;2026-09-20T07:22:42.194011+00:00;2026-09-20T07:22:42.194011+00:00;England - Premier League;Fulham vs Manchester United;1635920597;spread;away;-0.0;1.917;1.741;9.181;0;8.09;7.78;1
1636537268-spread-away--0.5-1789888536;2026-09-20T07:15:36.594236+00:00;2026-09-20T07:29:45.172366+00:00;Japan - J2 League;Tochigi City vs Vegalta Sendai;1636537268;spread;away;-0.5;2.03;1.99;1.97;14.14;0.73;0.42;2
1636498187-spread-away--0.0-1789888536;2026-09-20T07:15:36.594236+00:00;2026-09-20T07:29:45.172366+00:00;Turkey - Super League;Goztepe vs Caykur Rizespor;1636498187;spread;away;-0.0;2.06;1.962;4.757;14.14;9.72;9.41;2
1636537526-total-under-2.5-1789888962;2026-09-20T07:22:42.194011+00:00;2026-09-20T07:29:45.172366+00:00;Lithuania - A Lyga;Hegelmann vs Suduva;1636537526;total;under;2.5;1.862;1.84;1.182;7.05;3.86;3.55;2
1636537501-spread-home-0.0-1789889385;2026-09-20T07:29:45.172366+00:00;2026-09-20T07:29:45.172366+00:00;Spain - Segunda Federacion;Lorca Deportiva vs Intercity;1636537501;spread;home;0.0;2.02;1.935;4.208;0;2.5;2.19;1
1635920597-spread-home-0.0-1789889385;2026-09-20T07:29:45.172366+00:00;2026-09-20T07:29:45.172366+00:00;England - Premier League;Fulham vs Manchester United;1635920597;spread;home;0.0;2.02;1.885;6.683;0;8.0;7.69;1
1635918928-spread-away--0.0-1789889385;2026-09-20T07:29:45.172366+00:00;2026-09-20T07:29:45.172366+00:00;England - Premier League;Bournemouth vs Liverpool;1635918928;spread;away;-0.0;1.87;1.82;2.674;0;5.5;5.19;1
1635918928-spread-home-0.0-1789889385;2026-09-20T07:29:45.172366+00:00;2026-09-20T07:29:45.172366+00:00;England - Premier League;Bournemouth vs Liverpool;1635918928;spread;home;0.0;1.99;1.87;6.03;0;5.5;5.19;1
1636571519-spread-away--0.0-1789889385;2026-09-20T07:29:45.172366+00:00;2026-09-20T07:29:45.172366+00:00;Switzerland - Super League;Basel vs St. Gallen;1636571519;spread;away;-0.0;1.877;1.847;1.598;0;7.0;6.69;1
1636571519-spread-home-1.0-1789889385;2026-09-20T07:29:45.172366+00:00;2026-09-20T07:29:45.172366+00:00;Switzerland - Super League;Basel vs St. Gallen;1636571519;spread;home;1.0;1.935;1.885;2.584;0;7.0;6.69;1
1636537500-spread-away--0.0-1789889385;2026-09-20T07:29:45.172366+00:00;2026-09-20T07:29:45.172366+00:00;Korea Republic - K League 2;Seongnam FC vs Hwaseong;1636537500;spread;away;-0.0;1.935;1.84;4.91;0;2.5;2.18;1
1636537500-spread-home-0.0-1789889385;2026-09-20T07:29:45.172366+00:00;2026-09-20T07:29:45.172366+00:00;Korea Republic - K League 2;Seongnam FC vs Hwaseong;1636537500;spread;home;0.0;2.02;1.781;11.832;0;2.5;2.18;1
1636555328-spread-home--0.5-1789889385;2026-09-20T07:29:45.172366+00:00;2026-09-20T07:29:45.172366+00:00;Belgium - Challenger Pro League;Lokeren-Temse vs Royal Excelsior Virton;1636555328;spread;home;-0.5;1.952;1.877;3.842;0;6.5;6.18;1
1636537281-total-under-2.5-1789889385;2026-09-20T07:29:45.172366+00:00;2026-09-20T07:29:45.172366+00:00;Romania - Liga 2;Ramnicu Valcea vs Bihor Oradea;1636537281;total;under;2.5;1.909;1.84;3.614;0;1.0;0.68;1
1636569788-spread-home--0.5-1789889385;2026-09-20T07:29:45.172366+00:00;2026-09-20T07:29:45.172366+00:00;Finland - Ykkonen;Inter Turku 2 vs TPV;1636569788;spread;home;-0.5;2.0;1.847;7.65;0;7.5;7.18;1
1636555259-spread-away--0.5-1789889385;2026-09-20T07:29:45.172366+00:00;2026-09-20T07:29:45.172366+00:00;Italy - Serie C Group B;Vado vs Pescara;1636555259;spread;away;-0.5;1.971;1.775;9.944;0;4.99;4.68;1
1636535534-spread-away--0.5-1789889385;2026-09-20T07:29:45.172366+00:00;2026-09-20T07:29:45.172366+00:00;Czech Republic - 3. Liga;Hradec Kralove II vs Zapy;1636535534;spread;away;-0.5;1.926;1.806;6.231;0;0.74;0.43;1
1636535522-spread-home--0.5-1789889385;2026-09-20T07:29:45.172366+00:00;2026-09-20T07:29:45.172366+00:00;Chinese Taipei - Premier League;Hang Yuan vs Tatung;1636535522;spread;home;-0.5;1.833;1.787;2.51;0;0.49;0.18;1
1636578518-spread-away-1.0-1789889385;2026-09-20T07:29:45.172366+00:00;2026-09-20T07:29:45.172366+00:00;Argentina - Primera B Nacional;Deportivo Madryn vs Racing de Cordoba;1636578518;spread;away;1.0;1.87;1.763;5.722;0;11.49;11.18;1
1636578411-spread-home--0.5-1789889385;2026-09-20T07:29:45.172366+00:00;2026-09-20T07:29:45.172366+00:00;Bulgaria - Second League;Etar Veliko Tarnovo vs Chernomorets 1919 Burgas;1636578411;spread;home;-0.5;1.855;1.813;2.264;0;9.98;9.67;1
1636007497-spread-home-0.5-1789889385;2026-09-20T07:29:45.172366+00:00;2026-09-20T07:29:45.172366+00:00;Argentina - Liga Pro;San Lorenzo vs Boca Juniors;1636007497;spread;home;0.5;1.855;1.826;1.563;0;10.23;9.92;1
1636007497-spread-away--0.5-1789889385;2026-09-20T07:29:45.172366+00:00;2026-09-20T07:29:45.172366+00:00;Argentina - Liga Pro;San Lorenzo vs Boca Juniors;1636007497;spread;away;-0.5;2.09;1.87;10.526;0;10.23;9.92;1
1636569823-spread-away--1.5-1789889385;2026-09-20T07:29:45.172366+00:00;2026-09-20T07:29:45.172366+00:00;Norway - 2nd Division;Trygg/Lade vs Levanger;1636569823;spread;away;-1.5;1.935;1.87;3.359;0;8.48;8.17;1
1636688809-spread-home-0.0-1789889385;2026-09-20T07:29:45.172366+00:00;2026-09-20T07:29:45.172366+00:00;Uruguay - Primera Division;Albion vs Juventud;1636688809;spread;home;0.0;1.909;1.885;1.257;0;5.48;5.17;1
1636688809-spread-away--0.0-1789889385;2026-09-20T07:29:45.172366+00:00;2026-09-20T07:29:45.172366+00:00;Uruguay - Primera Division;Albion vs Juventud;1636688809;spread;away;-0.0;1.971;1.8;8.676;0;5.48;5.17;1
1636569840-spread-home--0.5-1789888120;2026-09-20T07:08:40.586777+00:00;2026-09-20T07:36:46.546117+00:00;Spain - Segunda Division;Las Palmas vs Burgos;1636569840;spread;home;-0.5;2.09;2.03;2.871;28.1;9.35;9.03;3
1636572914-total-under-2.5-1789888962;2026-09-20T07:22:42.194011+00:00;2026-09-20T07:36:46.546117+00:00;Poland - 2nd Liga;GKS Tychy vs Sandecja Nowy Sacz;1636572914;total;under;2.5;1.943;1.917;1.338;14.07;10.12;9.81;2
1636533843-spread-away--0.5-1789888962;2026-09-20T07:22:42.194011+00:00;2026-09-20T07:36:46.546117+00:00;Korea Republic - K League 1;Pohang Steelers vs FC Seoul;1636533843;spread;away;-0.5;1.87;1.847;1.23;14.07;2.61;2.29;2
1636532616-spread-away--0.0-1789889385;2026-09-20T07:29:45.172366+00:00;2026-09-20T07:36:46.546117+00:00;Korea Republic - K League 1;Incheon United vs Daejeon Citizen;1636532616;spread;away;-0.0;1.855;1.806;2.642;7.02;2.48;2.17;2
1636535537-spread-away-0.5-1789889806;2026-09-20T07:36:46.546117+00:00;2026-09-20T07:36:46.546117+00:00;Austria - Landesliga;Bad Waltersdorf vs UFC Fehring;1636535537;spread;away;0.5;1.813;1.787;1.434;0;0.88;0.57;1
1635992337-spread-away--0.5-1789889806;2026-09-20T07:36:46.546117+00:00;2026-09-20T07:36:46.546117+00:00;Germany - Bundesliga;Paderborn vs Hoffenheim;1635992337;spread;away;-0.5;2.12;2.04;3.774;0;9.88;9.57;1
1636555259-spread-home-0.5-1789889806;2026-09-20T07:36:46.546117+00:00;2026-09-20T07:36:46.546117+00:00;Italy - Serie C Group B;Vado vs Pescara;1636555259;spread;home;0.5;1.935;1.855;4.134;0;4.88;4.56;1
1636506133-spread-home--1.5-1789889806;2026-09-20T07:36:46.546117+00:00;2026-09-20T07:36:46.546117+00:00;Norway - Eliteserien;Viking vs Lillestrom;1636506133;spread;home;-1.5;1.99;1.943;2.362;0;7.38;7.06;1
1636739046-spread-home--0.5-1789889806;2026-09-20T07:36:46.546117+00:00;2026-09-20T07:36:46.546117+00:00;Turkey - 3rd League;Etimesgut Belediyespor vs Bucaspor 1928;1636739046;spread;home;-0.5;1.901;1.775;6.628;0;4.87;4.56;1
1635992344-spread-away--0.5-1789889806;2026-09-20T07:36:46.546117+00:00;2026-09-20T07:36:46.546117+00:00;Spain - La Liga;Atletico Madrid vs Real Madrid;1635992344;spread;away;-0.5;2.09;1.971;5.694;0;6.62;6.31;1
1636506127-spread-home-0.0-1789889806;2026-09-20T07:36:46.546117+00:00;2026-09-20T07:36:46.546117+00:00;Iceland - Premier League;FH Hafnarfjordur vs Stjarnan;1636506127;spread;home;0.0;2.04;1.926;5.588;0;8.37;8.06;1
1636506127-spread-away--0.0-1789889806;2026-09-20T07:36:46.546117+00:00;2026-09-20T07:36:46.546117+00:00;Iceland - Premier League;FH Hafnarfjordur vs Stjarnan;1636506127;spread;away;-0.0;1.826;1.787;2.136;0;8.37;8.06;1
1636537454-spread-away--0.0-1789889806;2026-09-20T07:36:46.546117+00:00;2026-09-20T07:36:46.546117+00:00;Japan - J League;Machida Zelvia vs Kashiwa Reysol;1636537454;spread;away;-0.0;2.1;1.952;7.048;0;0.37;0.06;1
1636549994-spread-home--0.5-1789889806;2026-09-20T07:36:46.546117+00:00;2026-09-20T07:36:46.546117+00:00;Denmark - Division 1;AaB vs Vendsyssel;1636549994;spread;home;-0.5;1.971;1.806;8.371;0;4.37;4.05;1
1635980446-spread-away-0.5-1789889806;2026-09-20T07:36:46.546117+00:00;2026-09-20T07:36:46.546117+00:00;Austria - Bundesliga;SV Ried vs Wolfsberger AC;1635980446;spread;away;0.5;1.926;1.901;1.298;0;4.86;4.55;1
1636569764-spread-away--0.0-1789889806;2026-09-20T07:36:46.546117+00:00;2026-09-20T07:36:46.546117+00:00;Spain - Segunda Division;Ceuta vs Real Valladolid;1636569764;spread;away;-0.0;1.826;1.787;2.136;0;6.61;6.3;1
1636569764-spread-home-0.0-1789889806;2026-09-20T07:36:46.546117+00:00;2026-09-20T07:36:46.546117+00:00;Spain - Segunda Division;Ceuta vs Real Valladolid;1636569764;spread;home;0.0;2.15;1.917;10.837;0;6.61;6.3;1
1636537269-total-over-2.5-1789889385;2026-09-20T07:29:45.172366+00:00;2026-09-20T07:43:34.064792+00:00;Japan - Football League;YSCC Yokohama vs Briobecca Urayasu;1636537269;total;over;2.5;1.935;1.901;1.757;13.81;0.5;0.18;2
1636554001-spread-away--0.5-1789890214;2026-09-20T07:43:34.064792+00:00;2026-09-20T07:43:34.064792+00:00;Sweden - Allsvenskan;Halmstads vs AIK;1636554001;spread;away;-0.5;1.99;1.87;6.03;0;4.27;3.96;1
1635920597-spread-away--0.0-1789890214;2026-09-20T07:43:34.064792+00:00;2026-09-20T07:43:34.064792+00:00;England - Premier League;Fulham vs Manchester United;1635920597;spread;away;-0.0;1.926;1.741;9.605;0;7.77;7.46;1
1636572910-spread-home-0.0-1789890214;2026-09-20T07:43:34.064792+00:00;2026-09-20T07:43:34.064792+00:00;Belgium - Pro League;KV Kortrijk vs Beveren;1636572910;spread;home;0.0;1.99;1.952;1.91;0;9.52;9.2;1
1636498762-spread-away--0.0-1789890214;2026-09-20T07:43:34.064792+00:00;2026-09-20T07:43:34.064792+00:00;Poland - Ekstraklasa;Jagiellonia Bialystok vs Legia Warsaw;1636498762;spread;away;-0.0;1.962;1.862;5.097;0;7.77;7.45;1
1636498762-spread-home-0.0-1789890214;2026-09-20T07:43:34.064792+00:00;2026-09-20T07:43:34.064792+00:00;Poland - Ekstraklasa;Jagiellonia Bialystok vs Legia Warsaw;1636498762;spread;home;0.0;2.03;1.763;13.153;0;7.77;7.45;1
1636554036-spread-home-0.0-1789890214;2026-09-20T07:43:34.064792+00:00;2026-09-20T07:43:34.064792+00:00;Poland - Ekstraklasa;Zaglebie Lubin vs Wisla Plock;1636554036;spread;home;0.0;1.935;1.781;7.959;0;5.02;4.7;1
1636554036-spread-away--0.0-1789890214;2026-09-20T07:43:34.064792+00:00;2026-09-20T07:43:34.064792+00:00;Poland - Ekstraklasa;Zaglebie Lubin vs Wisla Plock;1636554036;spread;away;-0.0;2.14;1.787;16.495;0;5.02;4.7;1
1636537268-spread-home-0.5-1789890214;2026-09-20T07:43:34.064792+00:00;2026-09-20T07:43:34.064792+00:00;Japan - J2 League;Tochigi City vs Vegalta Sendai;1636537268;spread;home;0.5;1.87;1.82;2.674;0;0.27;0;1
1636571521-spread-home-0.5-1789890214;2026-09-20T07:43:34.064792+00:00;2026-09-20T07:43:34.064792+00:00;Netherlands - Eerste Divisie;De Graafschap vs NAC Breda;1636571521;spread;home;0.5;1.909;1.877;1.676;0;7.02;6.7;1
1636571521-spread-away--0.5-1789890214;2026-09-20T07:43:34.064792+00:00;2026-09-20T07:43:34.064792+00:00;Netherlands - Eerste Divisie;De Graafschap vs NAC Breda;1636571521;spread;away;-0.5;1.98;1.806;8.788;0;7.02;6.7;1
1636569788-spread-away-0.5-1789890214;2026-09-20T07:43:34.064792+00:00;2026-09-20T07:43:34.064792+00:00;Finland - Ykkonen;Inter Turku 2 vs TPV;1636569788;spread;away;0.5;1.87;1.826;2.353;0;7.27;6.95;1
1636714064-spread-home--2.0-1789890214;2026-09-20T07:43:34.064792+00:00;2026-09-20T07:43:34.064792+00:00;Portugal - Cup;Fatima vs Vinhais;1636714064;spread;home;-2.0;1.952;1.855;4.969;0;6.26;5.94;1
1636569786-spread-away--0.5-1789890214;2026-09-20T07:43:34.064792+00:00;2026-09-20T07:43:34.064792+00:00;Andorra - Premier Division;Casa de Portugal vs Atletic Club d'Escaldes;1636569786;spread;away;-0.5;1.971;1.885;4.363;0;7.26;6.94;1
1635980515-spread-home-0.0-1789890214;2026-09-20T07:43:34.064792+00:00;2026-09-20T07:43:34.064792+00:00;France - Ligue 1;Auxerre vs Brest;1635980515;spread;home;0.0;2.12;1.84;13.208;0;5.26;4.94;1
1635980515-spread-away--0.0-1789890214;2026-09-20T07:43:34.064792+00:00;2026-09-20T07:43:34.064792+00:00;France - Ligue 1;Auxerre vs Brest;1635980515;spread;away;-0.0;1.952;1.671;14.395;0;5.26;4.94;1
1635980516-spread-home-0.0-1789890214;2026-09-20T07:43:34.064792+00:00;2026-09-20T07:43:34.064792+00:00;France - Ligue 1;Nice vs Lille;1635980516;spread;home;0.0;1.935;1.87;3.359;0;7.51;7.19;1
1636569769-total-over-2.5-1789890214;2026-09-20T07:43:34.064792+00:00;2026-09-20T07:43:34.064792+00:00;Portugal - Primeira Liga;Vitoria Guimaraes vs Moreirense;1636569769;total;over;2.5;1.943;1.901;2.162;0;6.76;6.44;1
1635992346-spread-home-0.0-1789890214;2026-09-20T07:43:34.064792+00:00;2026-09-20T07:43:34.064792+00:00;Spain - La Liga;Valencia vs Real Sociedad;1635992346;spread;home;0.0;2.03;1.8;11.33;0;11.26;10.94;1
1636578518-spread-home--1.0-1789890214;2026-09-20T07:43:34.064792+00:00;2026-09-20T07:43:34.064792+00:00;Argentina - Primera B Nacional;Deportivo Madryn vs Racing de Cordoba;1636578518;spread;home;-1.0;2.12;1.847;12.877;0;11.26;10.94;1
1636549994-spread-away-0.5-1789890214;2026-09-20T07:43:34.064792+00:00;2026-09-20T07:43:34.064792+00:00;Denmark - Division 1;AaB vs Vendsyssel;1636549994;spread;away;0.5;1.909;1.885;1.257;0;4.25;3.94;1
1636498195-total-under-2.5-1789890214;2026-09-20T07:43:34.064792+00:00;2026-09-20T07:43:34.064792+00:00;Italy - Serie B;Hellas Verona vs Vicenza;1636498195;total;under;2.5;2.06;2.0;2.913;0;5.25;4.94;1
1636532616-spread-home-0.0-1789890214;2026-09-20T07:43:34.064792+00:00;2026-09-20T07:43:34.064792+00:00;Korea Republic - K League 1;Incheon United vs Daejeon Citizen;1636532616;spread;home;0.0;2.12;1.909;9.953;0;2.25;1.93;1
1636572929-spread-home--0.5-1789890214;2026-09-20T07:43:34.064792+00:00;2026-09-20T07:43:34.064792+00:00;Spain - Segunda Division;Leganes vs Granada;1636572929;spread;home;-0.5;2.12;2.08;1.887;0;11.25;10.93;1
1636739046-total-over-2.5-1789888962;2026-09-20T07:22:42.194011+00:00;2026-09-20T07:50:31.667755+00:00;Turkey - 3rd League;Etimesgut Belediyespor vs Bucaspor 1928;1636739046;total;over;2.5;1.877;1.82;3.037;27.82;5.12;4.79;3
1636554028-total-under-2.5-1789889806;2026-09-20T07:36:46.546117+00:00;2026-09-20T07:50:31.667755+00:00;Azerbaijan - Premier League;Shamakhi vs Araz Nakhchivan;1636554028;total;under;2.5;1.82;1.787;1.813;13.75;4.87;4.55;2
1635992346-spread-away--0.0-1789890214;2026-09-20T07:43:34.064792+00:00;2026-09-20T07:50:31.667755+00:00;Spain - La Liga;Valencia vs Real Sociedad;1635992346;spread;away;-0.0;1.99;1.775;10.804;6.96;11.26;10.94;2
1635920597-spread-away--0.5-1789890631;2026-09-20T07:50:31.667755+00:00;2026-09-20T07:50:31.667755+00:00;England - Premier League;Fulham vs Manchester United;1635920597;spread;away;-0.5;2.04;2.01;1.471;0;7.66;7.33;1
1635918928-spread-away--0.0-1789890631;2026-09-20T07:50:31.667755+00:00;2026-09-20T07:50:31.667755+00:00;England - Premier League;Bournemouth vs Liverpool;1635918928;spread;away;-0.0;1.87;1.82;2.674;0;5.16;4.83;1
1635918928-spread-home-0.0-1789890631;2026-09-20T07:50:31.667755+00:00;2026-09-20T07:50:31.667755+00:00;England - Premier League;Bournemouth vs Liverpool;1635918928;spread;home;0.0;1.99;1.87;6.03;0;5.16;4.83;1
1636506131-spread-home-1.0-1789890631;2026-09-20T07:50:31.667755+00:00;2026-09-20T07:50:31.667755+00:00;Bulgaria - First League;Lokomotiv Plovdiv vs CSKA Sofia;1636506131;spread;home;1.0;1.885;1.826;3.13;0;6.91;6.58;1
1636537500-spread-away--0.0-1789890631;2026-09-20T07:50:31.667755+00:00;2026-09-20T07:50:31.667755+00:00;Korea Republic - K League 2;Seongnam FC vs Hwaseong;1636537500;spread;away;-0.0;1.935;1.84;4.91;0;2.15;1.83;1
1636537500-spread-home-0.0-1789890631;2026-09-20T07:50:31.667755+00:00;2026-09-20T07:50:31.667755+00:00;Korea Republic - K League 2;Seongnam FC vs Hwaseong;1636537500;spread;home;0.0;2.02;1.781;11.832;0;2.15;1.83;1
1636569788-spread-home--0.5-1789890631;2026-09-20T07:50:31.667755+00:00;2026-09-20T07:50:31.667755+00:00;Finland - Ykkonen;Inter Turku 2 vs TPV;1636569788;spread;home;-0.5;2.0;1.847;7.65;0;7.15;6.83;1
1636592261-spread-home--0.5-1789890631;2026-09-20T07:50:31.667755+00:00;2026-09-20T07:50:31.667755+00:00;Italy - Serie D;Vibonese vs Athletic Club Palermo;1636592261;spread;home;-0.5;1.901;1.781;6.312;0;5.15;4.83;1
1636555259-spread-away--0.5-1789890631;2026-09-20T07:50:31.667755+00:00;2026-09-20T07:50:31.667755+00:00;Italy - Serie C Group B;Vado vs Pescara;1636555259;spread;away;-0.5;1.971;1.775;9.944;0;4.65;4.33;1
1636506133-spread-away-1.5-1789890631;2026-09-20T07:50:31.667755+00:00;2026-09-20T07:50:31.667755+00:00;Norway - Eliteserien;Viking vs Lillestrom;1636506133;spread;away;1.5;1.943;1.909;1.75;0;7.15;6.83;1
1636549993-spread-away--0.0-1789890631;2026-09-20T07:50:31.667755+00:00;2026-09-20T07:50:31.667755+00:00;Georgia - Erovnuli Liga 2;Odishi 1919 Zugdidi vs Telavi;1636549993;spread;away;-0.0;1.87;1.826;2.353;0;4.15;3.82;1
1636928816-total-over-2.5-1789890631;2026-09-20T07:50:31.667755+00:00;2026-09-20T07:50:31.667755+00:00;Ukraine - Persha Liga;Chernihiv vs Inhulets Petrove;1636928816;total;over;2.5;1.935;1.806;6.667;0;0.64;0.32;1
1635992345-spread-home-0.5-1789890631;2026-09-20T07:50:31.667755+00:00;2026-09-20T07:50:31.667755+00:00;Spain - La Liga;Villarreal vs Levante;1635992345;spread;home;0.5;2.06;2.03;1.456;0;8.64;8.32;1
1636578518-spread-away-1.0-1789890631;2026-09-20T07:50:31.667755+00:00;2026-09-20T07:50:31.667755+00:00;Argentina - Primera B Nacional;Deportivo Madryn vs Racing de Cordoba;1636578518;spread;away;1.0;1.87;1.763;5.722;0;11.14;10.82;1
1636535519-total-over-2.5-1789890631;2026-09-20T07:50:31.667755+00:00;2026-09-20T07:50:31.667755+00:00;Japan - J League;Gamba Osaka vs Vissel Kobe;1636535519;total;over;2.5;1.943;1.917;1.338;0;0.14;0;1
1636535519-spread-away--0.0-1789890631;2026-09-20T07:50:31.667755+00:00;2026-09-20T07:50:31.667755+00:00;Japan - J League;Gamba Osaka vs Vissel Kobe;1636535519;spread;away;-0.0;1.909;1.855;2.829;0;0.14;0;1
1635984815-spread-away--2.5-1789890631;2026-09-20T07:50:31.667755+00:00;2026-09-20T07:50:31.667755+00:00;Italy - Serie A;Frosinone vs Como;1635984815;spread;away;-2.5;1.909;1.885;1.257;0;5.14;4.82;1
1636007497-spread-home-0.5-1789890631;2026-09-20T07:50:31.667755+00:00;2026-09-20T07:50:31.667755+00:00;Argentina - Liga Pro;San Lorenzo vs Boca Juniors;1636007497;spread;home;0.5;1.855;1.826;1.563;0;9.89;9.57;1
1636007497-spread-away--0.5-1789890631;2026-09-20T07:50:31.667755+00:00;2026-09-20T07:50:31.667755+00:00;Argentina - Liga Pro;San Lorenzo vs Boca Juniors;1636007497;spread;away;-0.5;2.09;1.87;10.526;0;9.89;9.57;1
1635957959-spread-away--1.5-1789890631;2026-09-20T07:50:31.667755+00:00;2026-09-20T07:50:31.667755+00:00;Austria - Bundesliga;Hartberg vs LASK Linz;1635957959;spread;away;-1.5;1.893;1.87;1.215;0;4.63;4.31;1
1636688809-spread-home-0.0-1789890631;2026-09-20T07:50:31.667755+00:00;2026-09-20T07:50:31.667755+00:00;Uruguay - Primera Division;Albion vs Juventud;1636688809;spread;home;0.0;1.909;1.885;1.257;0;5.13;4.81;1
1636688809-spread-away--0.0-1789890631;2026-09-20T07:50:31.667755+00:00;2026-09-20T07:50:31.667755+00:00;Uruguay - Primera Division;Albion vs Juventud;1636688809;spread;away;-0.0;1.971;1.8;8.676;0;5.13;4.81;1
1635985127-spread-away-0.5-1789890631;2026-09-20T07:50:31.667755+00:00;2026-09-20T07:50:31.667755+00:00;Germany - Bundesliga 2;Hannover 96 vs Bochum;1635985127;spread;away;0.5;2.06;2.03;1.456;0;3.63;3.31;1
1636498197-spread-away-1.0-1789890214;2026-09-20T07:43:34.064792+00:00;2026-09-20T07:57:36.538204+00:00;Belgium - Pro League;Club Brugge vs Genk;1636498197;spread;away;1.0;2.02;1.952;3.366;14.04;8.77;8.45;2
1636537268-spread-away--1.0-1789891056;2026-09-20T07:57:36.538204+00:00;2026-09-20T07:57:36.538204+00:00;Japan - J2 League;Tochigi City vs Vegalta Sendai;1636537268;spread;away;-1.0;1.926;1.82;5.504;0;0.04;0;1
1635992344-spread-away--0.5-1789891056;2026-09-20T07:57:36.538204+00:00;2026-09-20T07:57:36.538204+00:00;Spain - La Liga;Atletico Madrid vs Real Madrid;1635992344;spread;away;-0.5;2.09;1.971;5.694;0;6.29;5.96;1
1636555259-spread-home-0.5-1789891056;2026-09-20T07:57:36.538204+00:00;2026-09-20T07:57:36.538204+00:00;Italy - Serie C Group B;Vado vs Pescara;1636555259;spread;home;0.5;1.935;1.855;4.134;0;4.53;4.21;1
1636537269-spread-away--0.5-1789891056;2026-09-20T07:57:36.538204+00:00;2026-09-20T07:57:36.538204+00:00;Japan - Football League;YSCC Yokohama vs Briobecca Urayasu;1636537269;spread;away;-0.5;1.926;1.826;5.192;0;0.03;0;1
1636537269-total-under-2.5-1789891056;2026-09-20T07:57:36.538204+00:00;2026-09-20T07:57:36.538204+00:00;Japan - Football League;YSCC Yokohama vs Briobecca Urayasu;1636537269;total;under;2.5;1.885;1.84;2.387;0;0.03;0;1
1636498749-spread-home-0.0-1789891056;2026-09-20T07:57:36.538204+00:00;2026-09-20T07:57:36.538204+00:00;Switzerland - Challenge League;Yverdon-Sport vs Stade Lausanne Ouchy;1636498749;spread;home;0.0;1.909;1.87;2.043;0;4.03;3.71;1
1636569764-spread-away--0.0-1789891056;2026-09-20T07:57:36.538204+00:00;2026-09-20T07:57:36.538204+00:00;Spain - Segunda Division;Ceuta vs Real Valladolid;1636569764;spread;away;-0.0;1.826;1.794;1.752;0;6.28;5.96;1
1636569764-spread-home-0.0-1789891056;2026-09-20T07:57:36.538204+00:00;2026-09-20T07:57:36.538204+00:00;Spain - Segunda Division;Ceuta vs Real Valladolid;1636569764;spread;home;0.0;2.15;1.917;10.837;0;6.28;5.96;1
1636549994-spread-home--0.5-1789891056;2026-09-20T07:57:36.538204+00:00;2026-09-20T07:57:36.538204+00:00;Denmark - Division 1;AaB vs Vendsyssel;1636549994;spread;home;-0.5;1.971;1.806;8.371;0;4.03;3.7;1
1636709568-spread-home--1.5-1789891056;2026-09-20T07:57:36.538204+00:00;2026-09-20T07:57:36.538204+00:00;Portugal - Cup;Fafe vs JD Lajense;1636709568;spread;home;-1.5;1.893;1.806;4.596;0;1.03;0.7;1
1636549988-spread-home-0.5-1789891056;2026-09-20T07:57:36.538204+00:00;2026-09-20T07:57:36.538204+00:00;Switzerland - Super League;FC Vaduz vs Thun;1636549988;spread;home;0.5;1.87;1.787;4.439;0;4.02;3.7;1
1636571519-spread-home-1.0-1789891056;2026-09-20T07:57:36.538204+00:00;2026-09-20T07:57:36.538204+00:00;Switzerland - Super League;Basel vs St. Gallen;1636571519;spread;home;1.0;1.885;1.787;5.199;0;6.52;6.2;1
1636535532-spread-away-1.0-1789891056;2026-09-20T07:57:36.538204+00:00;2026-09-20T07:57:36.538204+00:00;Czech Republic - 3. Liga;Zbrojovka Brno II vs Hodonin;1636535532;spread;away;1.0;1.926;1.813;5.867;0;0.27;0;1
1636537281-spread-home-0.5-1789891056;2026-09-20T07:57:36.538204+00:00;2026-09-20T07:57:36.538204+00:00;Romania - Liga 2;Ramnicu Valcea vs Bihor Oradea;1636537281;spread;home;0.5;1.826;1.806;1.095;0;0.52;0.2;1
1636571540-spread-home--0.5-1789891056;2026-09-20T07:57:36.538204+00:00;2026-09-20T07:57:36.538204+00:00;Croatia - HNL;HNK Rijeka vs Hajduk Split;1636571540;spread;home;-0.5;1.971;1.935;1.826;0;7.02;6.69;1
1636532616-spread-away--0.0-1789891056;2026-09-20T07:57:36.538204+00:00;2026-09-20T07:57:36.538204+00:00;Korea Republic - K League 1;Incheon United vs Daejeon Citizen;1636532616;spread;away;-0.0;1.855;1.806;2.642;0;2.01;1.69;1
1635920597-spread-home-0.0-1789890631;2026-09-20T07:50:31.667755+00:00;2026-09-20T08:04:36.479931+00:00;England - Premier League;Fulham vs Manchester United;1635920597;spread;home;0.0;2.02;1.885;6.683;14.08;7.66;7.33;2
1636571521-spread-home-0.5-1789891476;2026-09-20T08:04:36.479931+00:00;2026-09-20T08:04:36.479931+00:00;Netherlands - Eerste Divisie;De Graafschap vs NAC Breda;1636571521;spread;home;0.5;1.909;1.877;1.676;0;6.67;6.35;1
1636571521-spread-away--0.5-1789891476;2026-09-20T08:04:36.479931+00:00;2026-09-20T08:04:36.479931+00:00;Netherlands - Eerste Divisie;De Graafschap vs NAC Breda;1636571521;spread;away;-0.5;1.98;1.806;8.788;0;6.67;6.35;1
1636555237-total-under-2.5-1789891476;2026-09-20T08:04:36.479931+00:00;2026-09-20T08:04:36.479931+00:00;Andorra - Premier Division;Esperanca d'Andorra vs Ordino;1636555237;total;under;2.5;1.952;1.826;6.455;0;3.92;3.6;1
1636483917-spread-away--0.5-1789891476;2026-09-20T08:04:36.479931+00:00;2026-09-20T08:04:36.479931+00:00;England - Championship;Wolverhampton vs West Bromwich Albion;1636483917;spread;away;-0.5;1.877;1.855;1.172;0;2.92;2.59;1
1635980529-spread-away--0.0-1789891476;2026-09-20T08:04:36.479931+00:00;2026-09-20T08:04:36.479931+00:00;Spain - La Liga;Getafe vs Malaga;1635980529;spread;away;-0.0;1.855;1.826;1.563;0;3.92;3.59;1
1635992346-spread-home-0.0-1789891476;2026-09-20T08:04:36.479931+00:00;2026-09-20T08:04:36.479931+00:00;Spain - La Liga;Valencia vs Real Sociedad;1635992346;spread;home;0.0;2.04;1.8;11.765;0;10.92;10.59;1
1636578439-spread-away--0.0-1789891476;2026-09-20T08:04:36.479931+00:00;2026-09-20T08:04:36.479931+00:00;Argentina - Primera B Nacional;Guemes vs Ferrocarril Midland;1636578439;spread;away;-0.0;1.909;1.813;5.029;0;11.92;11.59;1
1636578518-spread-home--1.0-1789891476;2026-09-20T08:04:36.479931+00:00;2026-09-20T08:04:36.479931+00:00;Argentina - Primera B Nacional;Deportivo Madryn vs Racing de Cordoba;1636578518;spread;home;-1.0;2.12;1.847;12.877;0;10.92;10.59;1
1636569788-spread-away-0.5-1789891476;2026-09-20T08:04:36.479931+00:00;2026-09-20T08:04:36.479931+00:00;Finland - Ykkonen;Inter Turku 2 vs TPV;1636569788;spread;away;0.5;1.87;1.826;2.353;0;6.91;6.59;1
1636549994-spread-away-0.5-1789891476;2026-09-20T08:04:36.479931+00:00;2026-09-20T08:04:36.479931+00:00;Denmark - Division 1;AaB vs Vendsyssel;1636549994;spread;away;0.5;1.909;1.885;1.257;0;3.91;3.58;1
1636555280-spread-home--0.5-1789891476;2026-09-20T08:04:36.479931+00:00;2026-09-20T08:04:36.479931+00:00;San Marino - Campionato;San Giovanni vs SP Cailungo;1636555280;spread;home;-0.5;1.87;1.769;5.401;0;4.91;4.58;1
1636554001-spread-away--0.5-1789891476;2026-09-20T08:04:36.479931+00:00;2026-09-20T08:04:36.479931+00:00;Sweden - Allsvenskan;Halmstads vs AIK;1636554001;spread;away;-0.5;1.99;1.87;6.03;0;3.91;3.58;1
1636316317-spread-home--1.0-1789891476;2026-09-20T08:04:36.479931+00:00;2026-09-20T08:04:36.479931+00:00;Czech Republic - First Liga;Slavia Prague vs Viktoria Plzen;1636316317;spread;home;-1.0;2.01;1.893;5.821;0;7.91;7.58;1
1636836511-spread-home--1.5-1789891476;2026-09-20T08:04:36.479931+00:00;2026-09-20T08:04:36.479931+00:00;Bosnia and Herzegovina - 1st League;Stupcanica Olovo vs Buducnost Banovici;1636836511;spread;home;-1.5;1.787;1.758;1.623;0;5.41;5.08;1
1636498184-spread-home--0.5-1789891476;2026-09-20T08:04:36.479931+00:00;2026-09-20T08:04:36.479931+00:00;Poland - Ekstraklasa;Piast Gliwice vs Pogon Szczecin;1636498184;spread;home;-0.5;1.901;1.826;3.945;0;2.15;1.83;1
1636554036-spread-home-0.0-1789891476;2026-09-20T08:04:36.479931+00:00;2026-09-20T08:04:36.479931+00:00;Poland - Ekstraklasa;Zaglebie Lubin vs Wisla Plock;1636554036;spread;home;0.0;1.935;1.781;7.959;0;4.65;4.33;1
1636554036-spread-away--0.0-1789891476;2026-09-20T08:04:36.479931+00:00;2026-09-20T08:04:36.479931+00:00;Poland - Ekstraklasa;Zaglebie Lubin vs Wisla Plock;1636554036;spread;away;-0.0;2.14;1.787;16.495;0;4.65;4.33;1
1636498762-spread-away--0.0-1789891476;2026-09-20T08:04:36.479931+00:00;2026-09-20T08:04:36.479931+00:00;Poland - Ekstraklasa;Jagiellonia Bialystok vs Legia Warsaw;1636498762;spread;away;-0.0;1.962;1.862;5.097;0;7.4;7.08;1
1636498762-spread-home-0.0-1789891476;2026-09-20T08:04:36.479931+00:00;2026-09-20T08:04:36.479931+00:00;Poland - Ekstraklasa;Jagiellonia Bialystok vs Legia Warsaw;1636498762;spread;home;0.0;2.03;1.763;13.153;0;7.4;7.08;1
1637080870-total-over-2.5-1789891476;2026-09-20T08:04:36.479931+00:00;2026-09-20T08:04:36.479931+00:00;Spain - Tercera Division;Santomera vs Algar;1637080870;total;over;2.5;1.855;1.813;2.264;0;7.9;7.58;1
1635920597-spread-away--0.0-1789891476;2026-09-20T08:04:36.479931+00:00;2026-09-20T08:04:36.479931+00:00;England - Premier League;Fulham vs Manchester United;1635920597;spread;away;-0.0;1.926;1.833;4.829;0;7.4;7.08;1
1635920598-spread-away--1.0-1789891476;2026-09-20T08:04:36.479931+00:00;2026-09-20T08:04:36.479931+00:00;England - Premier League;Manchester City vs Sunderland;1635920598;spread;away;-1.0;2.1;2.03;3.333;0;4.9;4.58;1
1636506133-spread-home--1.5-1789891476;2026-09-20T08:04:36.479931+00:00;2026-09-20T08:04:36.479931+00:00;Norway - Eliteserien;Viking vs Lillestrom;1636506133;spread;home;-1.5;1.99;1.943;2.362;0;6.9;6.58;1
1635980524-spread-away--0.0-1789891476;2026-09-20T08:04:36.479931+00:00;2026-09-20T08:04:36.479931+00:00;Italy - Serie A;Parma vs Genoa;1635980524;spread;away;-0.0;1.893;1.775;6.233;0;4.9;4.57;1
1635980524-spread-home-0.0-1789891476;2026-09-20T08:04:36.479931+00:00;2026-09-20T08:04:36.479931+00:00;Italy - Serie A;Parma vs Genoa;1635980524;spread;home;0.0;2.19;1.84;15.982;0;4.9;4.57;1
1636537518-spread-home-0.5-1789891476;2026-09-20T08:04:36.479931+00:00;2026-09-20T08:04:36.479931+00:00;Spain - Segunda Federacion;Tamaraceite vs Recreativo Huelva;1636537518;spread;home;0.5;1.8;1.781;1.056;0;2.9;2.57;1
1635980515-spread-home-0.0-1789891476;2026-09-20T08:04:36.479931+00:00;2026-09-20T08:04:36.479931+00:00;France - Ligue 1;Auxerre vs Brest;1635980515;spread;home;0.0;2.12;1.84;13.208;0;4.9;4.57;1
1635980515-spread-away--0.0-1789891476;2026-09-20T08:04:36.479931+00:00;2026-09-20T08:04:36.479931+00:00;France - Ligue 1;Auxerre vs Brest;1635980515;spread;away;-0.0;1.952;1.671;14.395;0;4.9;4.57;1
1635980516-spread-home-0.0-1789891476;2026-09-20T08:04:36.479931+00:00;2026-09-20T08:04:36.479931+00:00;France - Ligue 1;Nice vs Lille;1635980516;spread;home;0.0;1.935;1.87;3.359;0;7.15;6.82;1
1635984782-spread-away-1.5-1789891476;2026-09-20T08:04:36.479931+00:00;2026-09-20T08:04:36.479931+00:00;Scotland - Premiership;Celtic vs Rangers;1635984782;spread;away;1.5;1.893;1.82;3.856;0;2.9;2.57;1
1636532616-spread-home-0.0-1789891476;2026-09-20T08:04:36.479931+00:00;2026-09-20T08:04:36.479931+00:00;Korea Republic - K League 1;Incheon United vs Daejeon Citizen;1636532616;spread;home;0.0;2.13;1.917;10.0;0;1.89;1.57;1
1636558053-total-under-2.5-1789891056;2026-09-20T07:57:36.538204+00:00;2026-09-20T08:11:50.520191+00:00;Italy - Serie C Group C;Potenza vs Cavese;1636558053;total;under;2.5;1.909;1.855;2.829;14.23;7.54;7.18;2
1636554003-spread-away-0.5-1789891910;2026-09-20T08:11:50.520191+00:00;2026-09-20T08:11:50.520191+00:00;Thailand - League 1;Bangkok United vs BG Pathum United;1636554003;spread;away;0.5;1.862;1.833;1.557;0;3.8;3.44;1
1636007497-spread-home-0.5-1789891910;2026-09-20T08:11:50.520191+00:00;2026-09-20T08:11:50.520191+00:00;Argentina - Liga Pro;San Lorenzo vs Boca Juniors;1636007497;spread;home;0.5;1.855;1.826;1.563;0;9.55;9.19;1
1636007497-spread-away--0.5-1789891910;2026-09-20T08:11:50.520191+00:00;2026-09-20T08:11:50.520191+00:00;Argentina - Liga Pro;San Lorenzo vs Boca Juniors;1636007497;spread;away;-0.5;2.09;1.87;10.526;0;9.55;9.19;1
1636537280-spread-home--1.0-1789891910;2026-09-20T08:11:50.520191+00:00;2026-09-20T08:11:50.520191+00:00;Thailand - League 3;Thonburi United vs Assumption United;1636537280;spread;home;-1.0;2.0;1.98;1.0;0;0.3;0;1
1636537280-total-over-2.5-1789891910;2026-09-20T08:11:50.520191+00:00;2026-09-20T08:11:50.520191+00:00;Thailand - League 3;Thonburi United vs Assumption United;1636537280;total;over;2.5;1.806;1.787;1.052;0;0.3;0;1
1636537281-spread-away--0.5-1789891910;2026-09-20T08:11:50.520191+00:00;2026-09-20T08:11:50.520191+00:00;Romania - Liga 2;Ramnicu Valcea vs Bihor Oradea;1636537281;spread;away;-0.5;1.99;1.763;11.407;0;0.3;0;1
1636549988-spread-away--0.0-1789891910;2026-09-20T08:11:50.520191+00:00;2026-09-20T08:11:50.520191+00:00;Switzerland - Super League;FC Vaduz vs Thun;1636549988;spread;away;-0.0;2.03;1.8;11.33;0;3.8;3.44;1
1635957958-spread-away-1.0-1789891910;2026-09-20T08:11:50.520191+00:00;2026-09-20T08:11:50.520191+00:00;Austria - Bundesliga;Salzburg vs Sturm Graz;1635957958;spread;away;1.0;2.02;1.99;1.485;0;6.8;6.44;1
1636688809-spread-home-0.0-1789891910;2026-09-20T08:11:50.520191+00:00;2026-09-20T08:11:50.520191+00:00;Uruguay - Primera Division;Albion vs Juventud;1636688809;spread;home;0.0;1.909;1.885;1.257;0;4.8;4.44;1
1636688809-spread-away--0.0-1789891910;2026-09-20T08:11:50.520191+00:00;2026-09-20T08:11:50.520191+00:00;Uruguay - Primera Division;Albion vs Juventud;1636688809;spread;away;-0.0;1.971;1.8;8.676;0;4.8;4.44;1
1636578518-spread-away-1.0-1789891910;2026-09-20T08:11:50.520191+00:00;2026-09-20T08:11:50.520191+00:00;Argentina - Primera B Nacional;Deportivo Madryn vs Racing de Cordoba;1636578518;spread;away;1.0;1.87;1.763;5.722;0;10.8;10.43;1
1636555259-spread-away--0.5-1789891910;2026-09-20T08:11:50.520191+00:00;2026-09-20T08:11:50.520191+00:00;Italy - Serie C Group B;Vado vs Pescara;1636555259;spread;away;-0.5;1.971;1.775;9.944;0;4.29;3.93;1
1636483855-spread-home-0.0-1789891910;2026-09-20T08:11:50.520191+00:00;2026-09-20T08:11:50.520191+00:00;Denmark - Superliga;Sonderjyske vs Randers;1636483855;spread;home;0.0;2.1;1.813;13.667;0;3.79;3.43;1
1635918928-spread-away--0.0-1789891910;2026-09-20T08:11:50.520191+00:00;2026-09-20T08:11:50.520191+00:00;England - Premier League;Bournemouth vs Liverpool;1635918928;spread;away;-0.0;1.84;1.82;1.087;0;4.79;4.43;1
1635918928-spread-home-0.0-1789891910;2026-09-20T08:11:50.520191+00:00;2026-09-20T08:11:50.520191+00:00;England - Premier League;Bournemouth vs Liverpool;1635918928;spread;home;0.0;1.99;1.901;4.472;0;4.79;4.43;1
1635992346-spread-away--0.0-1789891910;2026-09-20T08:11:50.520191+00:00;2026-09-20T08:11:50.520191+00:00;Spain - La Liga;Valencia vs Real Sociedad;1635992346;spread;away;-0.0;1.99;1.775;10.804;0;10.79;10.43;1
1635995377-spread-away-0.5-1789891910;2026-09-20T08:11:50.520191+00:00;2026-09-20T08:11:50.520191+00:00;Spain - La Liga;Deportivo La Coruna vs Real Betis;1635995377;spread;away;0.5;1.82;1.8;1.099;0;8.29;7.93;1
1636506125-spread-home-0.5-1789891910;2026-09-20T08:11:50.520191+00:00;2026-09-20T08:11:50.520191+00:00;Czech Republic - First Liga;Sigma Olomouc vs Sparta Prague;1636506125;spread;home;0.5;1.943;1.826;6.022;0;4.79;4.43;1
1636506125-spread-away--0.5-1789891910;2026-09-20T08:11:50.520191+00:00;2026-09-20T08:11:50.520191+00:00;Czech Republic - First Liga;Sigma Olomouc vs Sparta Prague;1636506125;spread;away;-0.5;2.03;1.775;12.562;0;4.79;4.43;1
1636537290-spread-away-1.0-1789891910;2026-09-20T08:11:50.520191+00:00;2026-09-20T08:11:50.520191+00:00;Czech Republic - 3. Liga;Mlada Boleslav II vs Slovan Liberec II;1636537290;spread;away;1.0;1.962;1.901;3.109;0;0.78;0.42;1
1636535530-spread-home-0.0-1789891910;2026-09-20T08:11:50.520191+00:00;2026-09-20T08:11:50.520191+00:00;Czech Republic - 3. Liga;Admira Prague vs Pisek;1636535530;spread;home;0.0;1.885;1.847;2.016;0;0.03;0;1
1636537275-spread-home--1.0-1789891910;2026-09-20T08:11:50.520191+00:00;2026-09-20T08:11:50.520191+00:00;Czech Republic - 3. Liga;MFK Karvina II vs Blansko;1636537275;spread;home;-1.0;1.909;1.826;4.348;0;0.03;0;1
1636537500-spread-away--0.0-1789891910;2026-09-20T08:11:50.520191+00:00;2026-09-20T08:11:50.520191+00:00;Korea Republic - K League 2;Seongnam FC vs Hwaseong;1636537500;spread;away;-0.0;1.926;1.84;4.465;0;1.78;1.42;1
1636537500-spread-home-0.0-1789891910;2026-09-20T08:11:50.520191+00:00;2026-09-20T08:11:50.520191+00:00;Korea Republic - K League 2;Seongnam FC vs Hwaseong;1636537500;spread;home;0.0;2.02;1.8;10.891;0;1.78;1.42;1
1636866496-spread-home--1.5-1789891476;2026-09-20T08:04:36.479931+00:00;2026-09-20T08:18:59.254978+00:00;Poland - 4th Liga;Nieciecza II vs LKS Blekitni Modlnica;1636866496;spread;home;-1.5;1.862;1.84;1.182;14.38;0.91;0.55;2
1636532618-spread-home-0.0-1789892339;2026-09-20T08:18:59.254978+00:00;2026-09-20T08:18:59.254978+00:00;Portugal - Primeira Liga;Porto vs Benfica;1636532618;spread;home;0.0;2.09;2.04;2.392;0;11.18;10.82;1
1636716467-spread-away-1.5-1789892339;2026-09-20T08:18:59.254978+00:00;2026-09-20T08:18:59.254978+00:00;Portugal - Cup;AD Marco 09 vs Maia Lidador;1636716467;spread;away;1.5;1.826;1.8;1.424;0;7.68;7.32;1
1636716467-total-under-2.5-1789892339;2026-09-20T08:18:59.254978+00:00;2026-09-20T08:18:59.254978+00:00;Portugal - Cup;AD Marco 09 vs Maia Lidador;1636716467;total;under;2.5;1.909;1.855;2.829;0;7.68;7.32;1
1636555259-spread-home-0.5-1789892339;2026-09-20T08:18:59.254978+00:00;2026-09-20T08:18:59.254978+00:00;Italy - Serie C Group B;Vado vs Pescara;1636555259;spread;home;0.5;1.935;1.855;4.134;0;4.18;3.82;1
1636550003-spread-home--0.5-1789892339;2026-09-20T08:18:59.254978+00:00;2026-09-20T08:18:59.254978+00:00;Italy - Serie C Group B;Reggiana vs Latina;1636550003;spread;home;-0.5;1.99;1.826;8.241;0;4.18;3.82;1
1636483855-spread-away--0.0-1789892339;2026-09-20T08:18:59.254978+00:00;2026-09-20T08:18:59.254978+00:00;Denmark - Superliga;Sonderjyske vs Randers;1636483855;spread;away;-0.0;1.909;1.826;4.348;0;3.68;3.32;1
1636569788-spread-home--0.5-1789892339;2026-09-20T08:18:59.254978+00:00;2026-09-20T08:18:59.254978+00:00;Finland - Ykkonen;Inter Turku 2 vs TPV;1636569788;spread;home;-0.5;2.0;1.847;7.65;0;6.68;6.32;1
1636316317-spread-home--2.5-1789892339;2026-09-20T08:18:59.254978+00:00;2026-09-20T08:18:59.254978+00:00;Czech Republic - First Liga;Slavia Prague vs Viktoria Plzen;1636316317;spread;home;-2.5;1.87;1.794;4.064;0;7.67;7.31;1
1636569764-spread-away--0.0-1789892339;2026-09-20T08:18:59.254978+00:00;2026-09-20T08:18:59.254978+00:00;Spain - Segunda Division;Ceuta vs Real Valladolid;1636569764;spread;away;-0.0;1.826;1.794;1.752;0;5.92;5.56;1
1636569764-spread-home-0.0-1789892339;2026-09-20T08:18:59.254978+00:00;2026-09-20T08:18:59.254978+00:00;Spain - Segunda Division;Ceuta vs Real Valladolid;1636569764;spread;home;0.0;2.15;1.917;10.837;0;5.92;5.56;1
1636532616-spread-away--0.0-1789892339;2026-09-20T08:18:59.254978+00:00;2026-09-20T08:18:59.254978+00:00;Korea Republic - K League 1;Incheon United vs Daejeon Citizen;1636532616;spread;away;-0.0;1.862;1.806;3.008;0;1.66;1.31;1
1636537327-spread-home-0.5-1789892339;2026-09-20T08:18:59.254978+00:00;2026-09-20T08:18:59.254978+00:00;Romania - Liga 1;Voluntari vs Universitatea Cluj;1636537327;spread;home;0.5;1.909;1.833;3.981;0;2.66;2.3;1
1636549994-spread-home--0.5-1789892339;2026-09-20T08:18:59.254978+00:00;2026-09-20T08:18:59.254978+00:00;Denmark - Division 1;AaB vs Vendsyssel;1636549994;spread;home;-0.5;1.971;1.806;8.371;0;3.66;3.3;1
1636572910-spread-away--0.0-1789891910;2026-09-20T08:11:50.520191+00:00;2026-09-20T08:28:10.726640+00:00;Belgium - Pro League;KV Kortrijk vs Beveren;1636572910;spread;away;-0.0;1.952;1.82;6.762;16.34;9.05;8.73;2
1635918900-spread-home--2.0-1789891910;2026-09-20T08:11:50.520191+00:00;2026-09-20T08:28:10.726640+00:00;Cyprus - 1st Division;Omonia Nicosia vs Ypsonas;1635918900;spread;home;-2.0;2.0;1.893;5.35;16.34;7.79;7.46;2
1636537315-spread-away--1.5-1789891910;2026-09-20T08:11:50.520191+00:00;2026-09-20T08:28:10.726640+00:00;Greece - Super League;Levadiakos vs Olympiakos;1636537315;spread;away;-1.5;2.08;2.05;1.442;16.34;5.78;5.46;2
1636569772-spread-away--0.0-1789892339;2026-09-20T08:18:59.254978+00:00;2026-09-20T08:28:10.726640+00:00;Slovenia - 2. SNL;Bilje vs Jesenice;1636569772;spread;away;-0.0;1.98;1.82;8.081;9.19;6.17;5.84;2
1636554001-spread-away--0.5-1789892890;2026-09-20T08:28:10.726640+00:00;2026-09-20T08:28:10.726640+00:00;Sweden - Allsvenskan;Halmstads vs AIK;1636554001;spread;away;-0.5;1.99;1.87;6.03;0;3.53;3.2;1
1636572910-spread-home-0.0-1789892890;2026-09-20T08:28:10.726640+00:00;2026-09-20T08:28:10.726640+00:00;Belgium - Pro League;KV Kortrijk vs Beveren;1636572910;spread;home;0.0;1.99;1.901;4.472;0;8.78;8.45;1
1636537281-spread-home-0.5-1789892890;2026-09-20T08:28:10.726640+00:00;2026-09-20T08:28:10.726640+00:00;Romania - Liga 2;Ramnicu Valcea vs Bihor Oradea;1636537281;spread;home;0.5;1.893;1.8;4.913;0;0.03;0;1
1636571519-spread-home-0.0-1789892890;2026-09-20T08:28:10.726640+00:00;2026-09-20T08:28:10.726640+00:00;Switzerland - Super League;Basel vs St. Gallen;1636571519;spread;home;0.0;2.05;2.02;1.463;0;6.03;5.7;1
1635980446-spread-away-0.5-1789892890;2026-09-20T08:28:10.726640+00:00;2026-09-20T08:28:10.726640+00:00;Austria - Bundesliga;SV Ried vs Wolfsberger AC;1635980446;spread;away;0.5;1.901;1.877;1.262;0;4.02;3.7;1
1635980446-spread-home--1.0-1789892890;2026-09-20T08:28:10.726640+00:00;2026-09-20T08:28:10.726640+00:00;Austria - Bundesliga;SV Ried vs Wolfsberger AC;1635980446;spread;home;-1.0;1.893;1.82;3.856;0;4.02;3.7;1
1636578518-spread-home--1.0-1789892890;2026-09-20T08:28:10.726640+00:00;2026-09-20T08:28:10.726640+00:00;Argentina - Primera B Nacional;Deportivo Madryn vs Racing de Cordoba;1636578518;spread;home;-1.0;2.12;1.847;12.877;0;10.52;10.2;1
1636578439-spread-home-0.0-1789892890;2026-09-20T08:28:10.726640+00:00;2026-09-20T08:28:10.726640+00:00;Argentina - Primera B Nacional;Guemes vs Ferrocarril Midland;1636578439;spread;home;0.0;1.98;1.909;3.586;0;11.52;11.2;1
1636578439-spread-away--0.0-1789892890;2026-09-20T08:28:10.726640+00:00;2026-09-20T08:28:10.726640+00:00;Argentina - Primera B Nacional;Guemes vs Ferrocarril Midland;1636578439;spread;away;-0.0;1.877;1.813;3.41;0;11.52;11.2;1
1635920597-spread-home-0.0-1789892890;2026-09-20T08:28:10.726640+00:00;2026-09-20T08:28:10.726640+00:00;England - Premier League;Fulham vs Manchester United;1635920597;spread;home;0.0;1.909;1.885;1.257;0;7.02;6.7;1
1635920597-spread-away--0.0-1789892890;2026-09-20T08:28:10.726640+00:00;2026-09-20T08:28:10.726640+00:00;England - Premier League;Fulham vs Manchester United;1635920597;spread;away;-0.0;1.926;1.833;4.829;0;7.02;6.7;1
1636569788-spread-away-0.5-1789892890;2026-09-20T08:28:10.726640+00:00;2026-09-20T08:28:10.726640+00:00;Finland - Ykkonen;Inter Turku 2 vs TPV;1636569788;spread;away;0.5;1.87;1.826;2.353;0;6.52;6.2;1
1636571521-spread-home-0.5-1789892890;2026-09-20T08:28:10.726640+00:00;2026-09-20T08:28:10.726640+00:00;Netherlands - Eerste Divisie;De Graafschap vs NAC Breda;1636571521;spread;home;0.5;1.909;1.877;1.676;0;6.27;5.95;1
1636571521-spread-away--0.5-1789892890;2026-09-20T08:28:10.726640+00:00;2026-09-20T08:28:10.726640+00:00;Netherlands - Eerste Divisie;De Graafschap vs NAC Breda;1636571521;spread;away;-0.5;1.98;1.806;8.788;0;6.27;5.95;1
1635992346-spread-home-0.0-1789892890;2026-09-20T08:28:10.726640+00:00;2026-09-20T08:28:10.726640+00:00;Spain - La Liga;Valencia vs Real Sociedad;1635992346;spread;home;0.0;2.04;1.8;11.765;0;10.52;10.2;1
1635995377-spread-home-0.0-1789892890;2026-09-20T08:28:10.726640+00:00;2026-09-20T08:28:10.726640+00:00;Spain - La Liga;Deportivo La Coruna vs Real Betis;1635995377;spread;home;0.0;1.826;1.752;4.053;0;8.02;7.7;1
1636498762-spread-away--0.0-1789892890;2026-09-20T08:28:10.726640+00:00;2026-09-20T08:28:10.726640+00:00;Poland - Ekstraklasa;Jagiellonia Bialystok vs Legia Warsaw;1636498762;spread;away;-0.0;1.962;1.862;5.097;0;7.02;6.69;1
1636498762-spread-home-0.0-1789892890;2026-09-20T08:28:10.726640+00:00;2026-09-20T08:28:10.726640+00:00;Poland - Ekstraklasa;Jagiellonia Bialystok vs Legia Warsaw;1636498762;spread;home;0.0;2.03;1.763;13.153;0;7.02;6.69;1
1636498768-spread-away-1.5-1789892890;2026-09-20T08:28:10.726640+00:00;2026-09-20T08:28:10.726640+00:00;Poland - Ekstraklasa;Lech Poznan vs Radomiak Radom;1636498768;spread;away;1.5;2.03;1.893;6.749;0;9.77;9.44;1
1635980524-spread-away--0.0-1789892890;2026-09-20T08:28:10.726640+00:00;2026-09-20T08:28:10.726640+00:00;Italy - Serie A;Parma vs Genoa;1635980524;spread;away;-0.0;1.893;1.775;6.233;0;4.52;4.19;1
1635980524-spread-home-0.0-1789892890;2026-09-20T08:28:10.726640+00:00;2026-09-20T08:28:10.726640+00:00;Italy - Serie A;Parma vs Genoa;1635980524;spread;home;0.0;2.19;1.84;15.982;0;4.52;4.19;1
1635980515-spread-home-0.0-1789892890;2026-09-20T08:28:10.726640+00:00;2026-09-20T08:28:10.726640+00:00;France - Ligue 1;Auxerre vs Brest;1635980515;spread;home;0.0;2.12;1.84;13.208;0;4.51;4.19;1
1635980515-spread-away--0.0-1789892890;2026-09-20T08:28:10.726640+00:00;2026-09-20T08:28:10.726640+00:00;France - Ligue 1;Auxerre vs Brest;1635980515;spread;away;-0.0;1.952;1.671;14.395;0;4.51;4.19;1
1635980516-spread-home-0.0-1789892890;2026-09-20T08:28:10.726640+00:00;2026-09-20T08:28:10.726640+00:00;France - Ligue 1;Nice vs Lille;1635980516;spread;home;0.0;1.935;1.87;3.359;0;6.76;6.44;1
1636537333-spread-away--1.0-1789892890;2026-09-20T08:28:10.726640+00:00;2026-09-20T08:28:10.726640+00:00;Vietnam - Cup;Xuan Thien Phu Tho vs Hong Linh Ha Tinh;1636537333;spread;away;-1.0;1.971;1.725;12.481;0;2.51;2.19;1
1636532616-spread-home-0.0-1789892890;2026-09-20T08:28:10.726640+00:00;2026-09-20T08:28:10.726640+00:00;Korea Republic - K League 1;Incheon United vs Daejeon Citizen;1636532616;spread;home;0.0;2.13;1.917;10.0;0;1.51;1.19;1
1636480728-spread-away-2.0-1789892890;2026-09-20T08:28:10.726640+00:00;2026-09-20T08:28:10.726640+00:00;England - Championship;Norwich City vs Bolton Wanderers;1636480728;spread;away;2.0;1.962;1.917;2.294;0;4.01;3.69;1
1636555265-spread-home-0.0-1789892890;2026-09-20T08:28:10.726640+00:00;2026-09-20T08:28:10.726640+00:00;Hungary - NB 1;MTK Budapest vs Gyori ETO;1636555265;spread;home;0.0;1.943;1.855;4.529;0;4.26;3.93;1
1636535539-spread-away--0.0-1789892890;2026-09-20T08:28:10.726640+00:00;2026-09-20T08:28:10.726640+00:00;Indonesia - Super League;Borneo Samarinda vs Bali United Pusam;1636535539;spread;away;-0.0;2.03;1.962;3.35;0;0.01;0;1
1636498187-spread-away--0.0-1789892890;2026-09-20T08:28:10.726640+00:00;2026-09-20T08:28:10.726640+00:00;Turkey - Super League;Goztepe vs Caykur Rizespor;1636498187;spread;away;-0.0;1.962;1.909;2.701;0;8.5;8.18;1
1636549994-spread-away-0.5-1789892890;2026-09-20T08:28:10.726640+00:00;2026-09-20T08:28:10.726640+00:00;Denmark - Division 1;AaB vs Vendsyssel;1636549994;spread;away;0.5;1.909;1.885;1.257;0;3.5;3.18;1
1636581384-spread-away--0.0-1789892339;2026-09-20T08:18:59.254978+00:00;2026-09-20T08:35:29.114667+00:00;Argentina - Primera B Nacional;Chacarita Juniors vs Quilmes;1636581384;spread;away;-0.0;2.1;1.98;5.714;16.5;9.68;9.36;2
1635980516-total-over-2.5-1789892339;2026-09-20T08:18:59.254978+00:00;2026-09-20T08:35:29.114667+00:00;France - Ligue 1;Nice vs Lille;1635980516;total;over;2.5;1.901;1.847;2.841;16.5;6.92;6.6;2
1636555334-spread-home--0.5-1789893329;2026-09-20T08:35:29.114667+00:00;2026-09-20T08:35:29.114667+00:00;Turkey - 1st League;Manisa vs Istanbulspor;1636555334;spread;home;-0.5;1.962;1.833;6.575;0;5.41;5.09;1
1636007497-spread-home-0.5-1789893329;2026-09-20T08:35:29.114667+00:00;2026-09-20T08:35:29.114667+00:00;Argentina - Liga Pro;San Lorenzo vs Boca Juniors;1636007497;spread;home;0.5;1.855;1.826;1.563;0;9.16;8.84;1
1636007497-spread-away--0.5-1789893329;2026-09-20T08:35:29.114667+00:00;2026-09-20T08:35:29.114667+00:00;Argentina - Liga Pro;San Lorenzo vs Boca Juniors;1636007497;spread;away;-0.5;2.09;1.87;10.526;0;9.16;8.84;1
1636532618-spread-away--0.0-1789893329;2026-09-20T08:35:29.114667+00:00;2026-09-20T08:35:29.114667+00:00;Portugal - Primeira Liga;Porto vs Benfica;1636532618;spread;away;-0.0;1.87;1.8;3.743;0;10.91;10.59;1
1636688809-spread-home-0.0-1789893329;2026-09-20T08:35:29.114667+00:00;2026-09-20T08:35:29.114667+00:00;Uruguay - Primera Division;Albion vs Juventud;1636688809;spread;home;0.0;1.909;1.885;1.257;0;4.4;4.08;1
1636688809-spread-away--0.0-1789893329;2026-09-20T08:35:29.114667+00:00;2026-09-20T08:35:29.114667+00:00;Uruguay - Primera Division;Albion vs Juventud;1636688809;spread;away;-0.0;1.971;1.8;8.676;0;4.4;4.08;1
1636578518-spread-away-1.0-1789893329;2026-09-20T08:35:29.114667+00:00;2026-09-20T08:35:29.114667+00:00;Argentina - Primera B Nacional;Deportivo Madryn vs Racing de Cordoba;1636578518;spread;away;1.0;1.87;1.763;5.722;0;10.4;10.08;1
1636555259-spread-away--0.5-1789893329;2026-09-20T08:35:29.114667+00:00;2026-09-20T08:35:29.114667+00:00;Italy - Serie C Group B;Vado vs Pescara;1636555259;spread;away;-0.5;1.971;1.775;9.944;0;3.9;3.58;1
1636483855-spread-home-0.0-1789893329;2026-09-20T08:35:29.114667+00:00;2026-09-20T08:35:29.114667+00:00;Denmark - Superliga;Sonderjyske vs Randers;1636483855;spread;home;0.0;2.1;1.813;13.667;0;3.4;3.08;1
1635918928-spread-away--0.0-1789893329;2026-09-20T08:35:29.114667+00:00;2026-09-20T08:35:29.114667+00:00;England - Premier League;Bournemouth vs Liverpool;1635918928;spread;away;-0.0;1.84;1.82;1.087;0;4.4;4.08;1
1635918928-spread-home-0.0-1789893329;2026-09-20T08:35:29.114667+00:00;2026-09-20T08:35:29.114667+00:00;England - Premier League;Bournemouth vs Liverpool;1635918928;spread;home;0.0;1.99;1.901;4.472;0;4.4;4.08;1
1635992346-spread-away--0.0-1789893329;2026-09-20T08:35:29.114667+00:00;2026-09-20T08:35:29.114667+00:00;Spain - La Liga;Valencia vs Real Sociedad;1635992346;spread;away;-0.0;1.99;1.775;10.804;0;10.4;10.08;1
1635984816-spread-home-0.5-1789893329;2026-09-20T08:35:29.114667+00:00;2026-09-20T08:35:29.114667+00:00;Italy - Serie A;Juventus vs Atalanta;1635984816;spread;home;0.5;1.847;1.826;1.137;0;7.4;7.08;1
1636578432-spread-away-0.5-1789893329;2026-09-20T08:35:29.114667+00:00;2026-09-20T08:35:29.114667+00:00;Brazil - Serie B;Goias vs Avai;1636578432;spread;away;0.5;1.943;1.917;1.338;0;10.39;10.08;1
1635985154-spread-away--2.0-1789893329;2026-09-20T08:35:29.114667+00:00;2026-09-20T08:35:29.114667+00:00;France - Ligue 1;Marseille vs Paris Saint-Germain;1635985154;spread;away;-2.0;1.833;1.813;1.091;0;10.14;9.82;1
1636739046-total-under-2.5-1789893329;2026-09-20T08:35:29.114667+00:00;2026-09-20T08:35:29.114667+00:00;Turkey - 3rd League;Etimesgut Belediyespor vs Bucaspor 1928;1636739046;total;under;2.5;1.893;1.87;1.215;0;3.89;3.57;1
1636537500-spread-away--0.0-1789893329;2026-09-20T08:35:29.114667+00:00;2026-09-20T08:35:29.114667+00:00;Korea Republic - K League 2;Seongnam FC vs Hwaseong;1636537500;spread;away;-0.0;1.926;1.84;4.465;0;1.38;1.06;1
1636537500-spread-home-0.0-1789893329;2026-09-20T08:35:29.114667+00:00;2026-09-20T08:35:29.114667+00:00;Korea Republic - K League 2;Seongnam FC vs Hwaseong;1636537500;spread;home;0.0;2.02;1.8;10.891;0;1.38;1.06;1
1636571518-spread-away--0.5-1789892890;2026-09-20T08:28:10.726640+00:00;2026-09-20T08:42:33.134778+00:00;Switzerland - Super League;Lausanne-Sport vs FC Lugano;1636571518;spread;away;-0.5;1.962;1.901;3.109;14.37;6.03;5.71;2
1635995377-spread-away--0.0-1789892890;2026-09-20T08:28:10.726640+00:00;2026-09-20T08:42:33.134778+00:00;Spain - La Liga;Deportivo La Coruna vs Real Betis;1635995377;spread;away;-0.0;2.0;1.943;2.85;14.37;8.02;7.7;2
1636549944-spread-home-0.5-1789892890;2026-09-20T08:28:10.726640+00:00;2026-09-20T08:42:33.134778+00:00;Spain - Segunda Federacion;Calamocha vs Logrones II;1636549944;spread;home;0.5;1.909;1.885;1.257;14.37;1.51;1.19;2
1635957958-spread-away-1.0-1789893753;2026-09-20T08:42:33.134778+00:00;2026-09-20T08:42:33.134778+00:00;Austria - Bundesliga;Salzburg vs Sturm Graz;1635957958;spread;away;1.0;1.99;1.926;3.216;0;6.28;5.97;1
1636555259-spread-home-0.5-1789893753;2026-09-20T08:42:33.134778+00:00;2026-09-20T08:42:33.134778+00:00;Italy - Serie C Group B;Vado vs Pescara;1636555259;spread;home;0.5;1.935;1.855;4.134;0;3.78;3.46;1
1636483855-spread-away--0.0-1789893753;2026-09-20T08:42:33.134778+00:00;2026-09-20T08:42:33.134778+00:00;Denmark - Superliga;Sonderjyske vs Randers;1636483855;spread;away;-0.0;1.909;1.826;4.348;0;3.28;2.96;1
1636569788-spread-home--0.5-1789893753;2026-09-20T08:42:33.134778+00:00;2026-09-20T08:42:33.134778+00:00;Finland - Ykkonen;Inter Turku 2 vs TPV;1636569788;spread;home;-0.5;2.0;1.847;7.65;0;6.28;5.96;1
1636569764-spread-away--0.0-1789893753;2026-09-20T08:42:33.134778+00:00;2026-09-20T08:42:33.134778+00:00;Spain - Segunda Division;Ceuta vs Real Valladolid;1636569764;spread;away;-0.0;1.826;1.794;1.752;0;5.52;5.2;1
1636569764-spread-home-0.0-1789893753;2026-09-20T08:42:33.134778+00:00;2026-09-20T08:42:33.134778+00:00;Spain - Segunda Division;Ceuta vs Real Valladolid;1636569764;spread;home;0.0;2.15;1.917;10.837;0;5.52;5.2;1
1636532616-spread-away--0.0-1789893753;2026-09-20T08:42:33.134778+00:00;2026-09-20T08:42:33.134778+00:00;Korea Republic - K League 1;Incheon United vs Daejeon Citizen;1636532616;spread;away;-0.0;1.862;1.806;3.008;0;1.27;0.95;1
1636498187-spread-home-0.0-1789893753;2026-09-20T08:42:33.134778+00:00;2026-09-20T08:42:33.134778+00:00;Turkey - Super League;Goztepe vs Caykur Rizespor;1636498187;spread;home;0.0;2.0;1.962;1.9;0;8.27;7.95;1
1636549994-spread-home--0.5-1789893753;2026-09-20T08:42:33.134778+00:00;2026-09-20T08:42:33.134778+00:00;Denmark - Division 1;AaB vs Vendsyssel;1636549994;spread;home;-0.5;1.935;1.806;6.667;0;3.27;2.95;1
1636554001-spread-away--0.5-1789894174;2026-09-20T08:49:34.964775+00:00;2026-09-20T08:49:34.964775+00:00;Sweden - Allsvenskan;Halmstads vs AIK;1636554001;spread;away;-0.5;1.98;1.87;5.556;0;3.17;2.85;1
1636572910-spread-home-0.0-1789894174;2026-09-20T08:49:34.964775+00:00;2026-09-20T08:49:34.964775+00:00;Belgium - Pro League;KV Kortrijk vs Beveren;1636572910;spread;home;0.0;2.0;1.901;4.95;0;8.42;8.1;1
1636572910-spread-away--0.0-1789894174;2026-09-20T08:49:34.964775+00:00;2026-09-20T08:49:34.964775+00:00;Belgium - Pro League;KV Kortrijk vs Beveren;1636572910;spread;away;-0.0;1.909;1.82;4.662;0;8.42;8.1;1
1636660545-spread-home-1.5-1789894174;2026-09-20T08:49:34.964775+00:00;2026-09-20T08:49:34.964775+00:00;Sweden - Division 2;Eker Orebro vs Haninge;1636660545;spread;home;1.5;1.935;1.847;4.548;0;2.17;1.85;1
1636714068-total-under-2.5-1789894174;2026-09-20T08:49:34.964775+00:00;2026-09-20T08:49:34.964775+00:00;Portugal - Cup;Sintrense vs AVS;1636714068;total;under;2.5;1.962;1.935;1.376;0;5.17;4.85;1
1636578518-spread-home--1.0-1789894174;2026-09-20T08:49:34.964775+00:00;2026-09-20T08:49:34.964775+00:00;Argentina - Primera B Nacional;Deportivo Madryn vs Racing de Cordoba;1636578518;spread;home;-1.0;2.12;1.847;12.877;0;10.17;9.85;1
1636578439-spread-home-0.0-1789894174;2026-09-20T08:49:34.964775+00:00;2026-09-20T08:49:34.964775+00:00;Argentina - Primera B Nacional;Guemes vs Ferrocarril Midland;1636578439;spread;home;0.0;1.98;1.909;3.586;0;11.17;10.85;1
1636578439-spread-away--0.0-1789894174;2026-09-20T08:49:34.964775+00:00;2026-09-20T08:49:34.964775+00:00;Argentina - Primera B Nacional;Guemes vs Ferrocarril Midland;1636578439;spread;away;-0.0;1.877;1.813;3.41;0;11.17;10.85;1
1635920598-spread-away-1.5-1789894174;2026-09-20T08:49:34.964775+00:00;2026-09-20T08:49:34.964775+00:00;England - Premier League;Manchester City vs Sunderland;1635920598;spread;away;1.5;1.935;1.877;2.997;0;4.17;3.84;1
1635920597-spread-away--0.0-1789894174;2026-09-20T08:49:34.964775+00:00;2026-09-20T08:49:34.964775+00:00;England - Premier League;Fulham vs Manchester United;1635920597;spread;away;-0.0;1.926;1.833;4.829;0;6.67;6.34;1
1635918926-spread-home--1.5-1789894174;2026-09-20T08:49:34.964775+00:00;2026-09-20T08:49:34.964775+00:00;England - Premier League;Leeds United vs Crystal Palace;1635918926;spread;home;-1.5;1.909;1.855;2.829;0;4.17;3.84;1
1635918926-spread-away--0.5-1789894174;2026-09-20T08:49:34.964775+00:00;2026-09-20T08:49:34.964775+00:00;England - Premier League;Leeds United vs Crystal Palace;1635918926;spread;away;-0.5;1.926;1.855;3.686;0;4.17;3.84;1
1636569788-spread-away-0.5-1789894174;2026-09-20T08:49:34.964775+00:00;2026-09-20T08:49:34.964775+00:00;Finland - Ykkonen;Inter Turku 2 vs TPV;1636569788;spread;away;0.5;1.87;1.826;2.353;0;6.17;5.84;1
1636571521-spread-home-0.5-1789894174;2026-09-20T08:49:34.964775+00:00;2026-09-20T08:49:34.964775+00:00;Netherlands - Eerste Divisie;De Graafschap vs NAC Breda;1636571521;spread;home;0.5;1.909;1.877;1.676;0;5.91;5.59;1
1636571521-spread-away--0.5-1789894174;2026-09-20T08:49:34.964775+00:00;2026-09-20T08:49:34.964775+00:00;Netherlands - Eerste Divisie;De Graafschap vs NAC Breda;1636571521;spread;away;-0.5;1.98;1.806;8.788;0;5.91;5.59;1
1635992346-spread-home-0.0-1789894174;2026-09-20T08:49:34.964775+00:00;2026-09-20T08:49:34.964775+00:00;Spain - La Liga;Valencia vs Real Sociedad;1635992346;spread;home;0.0;2.04;1.8;11.765;0;10.16;9.84;1
1635995377-spread-home-0.0-1789894174;2026-09-20T08:49:34.964775+00:00;2026-09-20T08:49:34.964775+00:00;Spain - La Liga;Deportivo La Coruna vs Real Betis;1635995377;spread;home;0.0;1.87;1.752;6.31;0;7.66;7.34;1
1636498762-spread-away--0.0-1789894174;2026-09-20T08:49:34.964775+00:00;2026-09-20T08:49:34.964775+00:00;Poland - Ekstraklasa;Jagiellonia Bialystok vs Legia Warsaw;1636498762;spread;away;-0.0;1.962;1.862;5.097;0;6.66;6.34;1
1636498762-spread-home-0.0-1789894174;2026-09-20T08:49:34.964775+00:00;2026-09-20T08:49:34.964775+00:00;Poland - Ekstraklasa;Jagiellonia Bialystok vs Legia Warsaw;1636498762;spread;home;0.0;2.03;1.763;13.153;0;6.66;6.34;1
1635980524-spread-away--0.0-1789894174;2026-09-20T08:49:34.964775+00:00;2026-09-20T08:49:34.964775+00:00;Italy - Serie A;Parma vs Genoa;1635980524;spread;away;-0.0;1.893;1.775;6.233;0;4.16;3.84;1
1635980524-spread-home-0.0-1789894174;2026-09-20T08:49:34.964775+00:00;2026-09-20T08:49:34.964775+00:00;Italy - Serie A;Parma vs Genoa;1635980524;spread;home;0.0;2.19;1.84;15.982;0;4.16;3.84;1
1636866484-total-over-2.5-1789894174;2026-09-20T08:49:34.964775+00:00;2026-09-20T08:49:34.964775+00:00;Albania - 1st Division;Oriku vs Burreli;1636866484;total;over;2.5;1.952;1.877;3.842;0;5.16;4.84;1
1636611878-spread-home-2.0-1789894174;2026-09-20T08:49:34.964775+00:00;2026-09-20T08:49:34.964775+00:00;Malaysia - FA Cup;Kelantan WTS vs Kuching City;1636611878;spread;home;2.0;1.877;1.794;4.422;0;4.16;3.84;1
1636537303-total-over-2.5-1789894174;2026-09-20T08:49:34.964775+00:00;2026-09-20T08:49:34.964775+00:00;Spain - Segunda Federacion;Real Valladolid Promesas vs Atletico Albacete;1636537303;total;over;2.5;2.02;1.99;1.485;0;1.16;0.84;1
1635980516-spread-home-0.0-1789894174;2026-09-20T08:49:34.964775+00:00;2026-09-20T08:49:34.964775+00:00;France - Ligue 1;Nice vs Lille;1635980516;spread;home;0.0;1.935;1.87;3.359;0;6.41;6.09;1
1635980515-spread-home-0.0-1789894174;2026-09-20T08:49:34.964775+00:00;2026-09-20T08:49:34.964775+00:00;France - Ligue 1;Auxerre vs Brest;1635980515;spread;home;0.0;2.12;1.84;13.208;0;4.16;3.84;1
1635980515-spread-away--0.0-1789894174;2026-09-20T08:49:34.964775+00:00;2026-09-20T08:49:34.964775+00:00;France - Ligue 1;Auxerre vs Brest;1635980515;spread;away;-0.0;1.952;1.671;14.395;0;4.16;3.84;1
1636866857-spread-away-0.5-1789894174;2026-09-20T08:49:34.964775+00:00;2026-09-20T08:49:34.964775+00:00;Netherlands - Derde Divisie;Blauw Geel 38 vs VV Dongen;1636866857;spread;away;0.5;1.909;1.885;1.257;0;3.16;2.83;1
1636537491-spread-home-0.0-1789894174;2026-09-20T08:49:34.964775+00:00;2026-09-20T08:49:34.964775+00:00;Hong Kong - HKFA 1. Division;Kui Tan vs Hoi King;1636537491;spread;home;0.0;1.99;1.84;7.538;0;0.65;0.33;1
1636040128-spread-home-0.0-1789894598;2026-09-20T08:56:38.975377+00:00;2026-09-20T08:56:38.975377+00:00;Brazil - Serie A;Gremio vs Palmeiras;1636040128;spread;home;0.0;1.752;1.704;2.74;0;5.05;4.73;1
1636007497-spread-home-0.5-1789894598;2026-09-20T08:56:38.975377+00:00;2026-09-20T08:56:38.975377+00:00;Argentina - Liga Pro;San Lorenzo vs Boca Juniors;1636007497;spread;home;0.5;1.855;1.826;1.563;0;8.8;8.48;1
1636007497-spread-away--0.5-1789894598;2026-09-20T08:56:38.975377+00:00;2026-09-20T08:56:38.975377+00:00;Argentina - Liga Pro;San Lorenzo vs Boca Juniors;1636007497;spread;away;-0.5;2.09;1.87;10.526;0;8.8;8.48;1
1636555276-total-under-2.5-1789894598;2026-09-20T08:56:38.975377+00:00;2026-09-20T08:56:38.975377+00:00;South Africa - PSL;Marumo Gallants vs Orlando Pirates;1636555276;total;under;2.5;1.877;1.847;1.598;0;4.05;3.73;1
1636688809-spread-home-0.0-1789894598;2026-09-20T08:56:38.975377+00:00;2026-09-20T08:56:38.975377+00:00;Uruguay - Primera Division;Albion vs Juventud;1636688809;spread;home;0.0;1.909;1.885;1.257;0;4.05;3.73;1
1636688809-spread-away--0.0-1789894598;2026-09-20T08:56:38.975377+00:00;2026-09-20T08:56:38.975377+00:00;Uruguay - Primera Division;Albion vs Juventud;1636688809;spread;away;-0.0;1.971;1.8;8.676;0;4.05;3.73;1
1636578518-spread-away-1.0-1789894598;2026-09-20T08:56:38.975377+00:00;2026-09-20T08:56:38.975377+00:00;Argentina - Primera B Nacional;Deportivo Madryn vs Racing de Cordoba;1636578518;spread;away;1.0;1.87;1.763;5.722;0;10.05;9.73;1
1636555259-spread-away--0.5-1789894598;2026-09-20T08:56:38.975377+00:00;2026-09-20T08:56:38.975377+00:00;Italy - Serie C Group B;Vado vs Pescara;1636555259;spread;away;-0.5;1.971;1.775;9.944;0;3.55;3.23;1
1636483855-spread-home-0.0-1789894598;2026-09-20T08:56:38.975377+00:00;2026-09-20T08:56:38.975377+00:00;Denmark - Superliga;Sonderjyske vs Randers;1636483855;spread;home;0.0;2.1;1.813;13.667;0;3.05;2.73;1
1635918928-spread-away--0.0-1789894598;2026-09-20T08:56:38.975377+00:00;2026-09-20T08:56:38.975377+00:00;England - Premier League;Bournemouth vs Liverpool;1635918928;spread;away;-0.0;1.84;1.82;1.087;0;4.05;3.73;1
1635918928-spread-home-0.0-1789894598;2026-09-20T08:56:38.975377+00:00;2026-09-20T08:56:38.975377+00:00;England - Premier League;Bournemouth vs Liverpool;1635918928;spread;home;0.0;1.99;1.901;4.472;0;4.05;3.73;1
1635992346-spread-away--0.0-1789894598;2026-09-20T08:56:38.975377+00:00;2026-09-20T08:56:38.975377+00:00;Spain - La Liga;Valencia vs Real Sociedad;1635992346;spread;away;-0.0;1.99;1.775;10.804;0;10.05;9.73;1
1636569840-spread-home--0.5-1789894598;2026-09-20T08:56:38.975377+00:00;2026-09-20T08:56:38.975377+00:00;Spain - Segunda Division;Las Palmas vs Burgos;1636569840;spread;home;-0.5;2.03;1.99;1.97;0;7.54;7.22;1
1635985181-spread-home--0.5-1789894598;2026-09-20T08:56:38.975377+00:00;2026-09-20T08:56:38.975377+00:00;Germany - Bundesliga;Bayer Leverkusen vs RB Leipzig;1635985181;spread;home;-0.5;1.917;1.893;1.252;0;4.54;4.22;1
1637131524-spread-home-0.0-1789894598;2026-09-20T08:56:38.975377+00:00;2026-09-20T08:56:38.975377+00:00;Spain - Tercera Division;Cabeza del Buey vs Azuaga;1637131524;spread;home;0.0;2.03;1.909;5.961;0;1.54;1.22;1
1637064568-spread-away--0.0-1789894598;2026-09-20T08:56:38.975377+00:00;2026-09-20T08:56:38.975377+00:00;Spain - Tercera Division;Huetor Vega vs Marbelli;1637064568;spread;away;-0.0;1.87;1.84;1.604;0;1.04;0.72;1
1637137644-spread-home-0.0-1789894598;2026-09-20T08:56:38.975377+00:00;2026-09-20T08:56:38.975377+00:00;Spain - Tercera Division;Tamarite vs Epila;1637137644;spread;home;0.0;1.917;1.806;5.79;0;1.04;0.72;1
1636549994-spread-away-0.5-1789894598;2026-09-20T08:56:38.975377+00:00;2026-09-20T08:56:38.975377+00:00;Denmark - Division 1;AaB vs Vendsyssel;1636549994;spread;away;0.5;1.971;1.909;3.146;0;3.03;2.71;1
1636537500-spread-away--0.0-1789894598;2026-09-20T08:56:38.975377+00:00;2026-09-20T08:56:38.975377+00:00;Korea Republic - K League 2;Seongnam FC vs Hwaseong;1636537500;spread;away;-0.0;1.926;1.84;4.465;0;1.03;0.71;1
1636537500-spread-home-0.0-1789894598;2026-09-20T08:56:38.975377+00:00;2026-09-20T08:56:38.975377+00:00;Korea Republic - K League 2;Seongnam FC vs Hwaseong;1636537500;spread;home;0.0;2.02;1.8;10.891;0;1.03;0.71;1
1636569772-spread-away--0.0-1789894174;2026-09-20T08:49:34.964775+00:00;2026-09-20T09:03:40.898233+00:00;Slovenia - 2. SNL;Bilje vs Jesenice;1636569772;spread;away;-0.0;1.82;1.735;4.67;14.1;5.66;5.34;2
1636532616-spread-home-0.0-1789894174;2026-09-20T08:49:34.964775+00:00;2026-09-20T09:03:40.898233+00:00;Korea Republic - K League 1;Incheon United vs Daejeon Citizen;1636532616;spread;home;0.0;2.13;1.909;10.376;14.1;1.16;0.83;2
1636549943-spread-away-0.5-1789895020;2026-09-20T09:03:40.898233+00:00;2026-09-20T09:03:40.898233+00:00;Spain - Segunda Federacion;Alaves II vs Real Oviedo II;1636549943;spread;away;0.5;1.87;1.826;2.353;0;0.94;0.62;1
1636569788-spread-home--0.5-1789895020;2026-09-20T09:03:40.898233+00:00;2026-09-20T09:03:40.898233+00:00;Finland - Ykkonen;Inter Turku 2 vs TPV;1636569788;spread;home;-0.5;2.0;1.847;7.65;0;5.93;5.61;1
1636555259-spread-home-0.5-1789895020;2026-09-20T09:03:40.898233+00:00;2026-09-20T09:03:40.898233+00:00;Italy - Serie C Group B;Vado vs Pescara;1636555259;spread;home;0.5;1.935;1.855;4.134;0;3.43;3.11;1
1635995377-spread-away--0.0-1789895020;2026-09-20T09:03:40.898233+00:00;2026-09-20T09:03:40.898233+00:00;Spain - La Liga;Deportivo La Coruna vs Real Betis;1635995377;spread;away;-0.0;2.0;1.943;2.85;0;7.42;7.1;1
1636483855-spread-away--0.0-1789895020;2026-09-20T09:03:40.898233+00:00;2026-09-20T09:03:40.898233+00:00;Denmark - Superliga;Sonderjyske vs Randers;1636483855;spread;away;-0.0;1.909;1.826;4.348;0;2.92;2.6;1
1636549994-spread-home--0.5-1789895020;2026-09-20T09:03:40.898233+00:00;2026-09-20T09:03:40.898233+00:00;Denmark - Division 1;AaB vs Vendsyssel;1636549994;spread;home;-0.5;1.885;1.806;4.191;0;2.92;2.6;1
1636532616-spread-away--0.0-1789895020;2026-09-20T09:03:40.898233+00:00;2026-09-20T09:03:40.898233+00:00;Korea Republic - K League 1;Incheon United vs Daejeon Citizen;1636532616;spread;away;-0.0;1.862;1.794;3.652;0;0.92;0.59;1
1636498758-spread-away-2.0-1789895020;2026-09-20T09:03:40.898233+00:00;2026-09-20T09:03:40.898233+00:00;Turkey - Super League;Fenerbahce vs Eyupspor;1636498758;spread;away;2.0;1.943;1.862;4.169;0;4.91;4.59;1
1636569764-spread-away--0.0-1789895020;2026-09-20T09:03:40.898233+00:00;2026-09-20T09:03:40.898233+00:00;Spain - Segunda Division;Ceuta vs Real Valladolid;1636569764;spread;away;-0.0;1.826;1.794;1.752;0;5.16;4.84;1
1636569764-spread-home-0.0-1789895020;2026-09-20T09:03:40.898233+00:00;2026-09-20T09:03:40.898233+00:00;Spain - Segunda Division;Ceuta vs Real Valladolid;1636569764;spread;home;0.0;2.15;1.917;10.837;0;5.16;4.84;1
1636554001-spread-away--0.5-1789895449;2026-09-20T09:10:49.853127+00:00;2026-09-20T09:10:49.853127+00:00;Sweden - Allsvenskan;Halmstads vs AIK;1636554001;spread;away;-0.5;1.98;1.87;5.556;0;2.82;2.5;1
1635920597-spread-away--0.0-1789895449;2026-09-20T09:10:49.853127+00:00;2026-09-20T09:10:49.853127+00:00;England - Premier League;Fulham vs Manchester United;1635920597;spread;away;-0.0;1.926;1.833;4.829;0;6.32;6.0;1
1636537331-total-over-2.5-1789895449;2026-09-20T09:10:49.853127+00:00;2026-09-20T09:10:49.853127+00:00;Thailand - League 3;Phuket Andaman vs PSU Surat Thani City;1636537331;total;over;2.5;1.935;1.909;1.344;0;1.82;1.5;1
1637064575-spread-home-0.0-1789895449;2026-09-20T09:10:49.853127+00:00;2026-09-20T09:10:49.853127+00:00;Spain - Tercera Division;Alhaurino vs Churriana de la Vega CF;1637064575;spread;home;0.0;1.833;1.806;1.473;0;1.07;0.75;1
1636572910-spread-home-0.0-1789895449;2026-09-20T09:10:49.853127+00:00;2026-09-20T09:10:49.853127+00:00;Belgium - Pro League;KV Kortrijk vs Beveren;1636572910;spread;home;0.0;2.0;1.901;4.95;0;8.07;7.75;1
1636572910-spread-away--0.0-1789895449;2026-09-20T09:10:49.853127+00:00;2026-09-20T09:10:49.853127+00:00;Belgium - Pro League;KV Kortrijk vs Beveren;1636572910;spread;away;-0.0;1.909;1.82;4.662;0;8.07;7.75;1
1636498766-spread-home-1.0-1789895449;2026-09-20T09:10:49.853127+00:00;2026-09-20T09:10:49.853127+00:00;Belgium - Pro League;Royal Antwerp vs Union Saint-Gilloise;1636498766;spread;home;1.0;1.926;1.893;1.713;0;2.32;2.0;1
1636498762-spread-away--0.0-1789895449;2026-09-20T09:10:49.853127+00:00;2026-09-20T09:10:49.853127+00:00;Poland - Ekstraklasa;Jagiellonia Bialystok vs Legia Warsaw;1636498762;spread;away;-0.0;1.962;1.862;5.097;0;6.32;5.99;1
1636498762-spread-home-0.0-1789895449;2026-09-20T09:10:49.853127+00:00;2026-09-20T09:10:49.853127+00:00;Poland - Ekstraklasa;Jagiellonia Bialystok vs Legia Warsaw;1636498762;spread;home;0.0;2.03;1.763;13.153;0;6.32;5.99;1
1636569853-total-over-2.5-1789895449;2026-09-20T09:10:49.853127+00:00;2026-09-20T09:10:49.853127+00:00;Belgium - Challenger Pro League;Dender vs Patro Eisden Maasmechelen;1636569853;total;over;2.5;1.901;1.855;2.42;0;8.06;7.74;1
1635985181-spread-away--0.5-1789895449;2026-09-20T09:10:49.853127+00:00;2026-09-20T09:10:49.853127+00:00;Germany - Bundesliga;Bayer Leverkusen vs RB Leipzig;1635985181;spread;away;-0.5;2.12;1.962;7.453;0;4.31;3.99;1
1636571521-spread-home-0.5-1789895449;2026-09-20T09:10:49.853127+00:00;2026-09-20T09:10:49.853127+00:00;Netherlands - Eerste Divisie;De Graafschap vs NAC Breda;1636571521;spread;home;0.5;1.909;1.877;1.676;0;5.56;5.24;1
1636571521-spread-away--0.5-1789895449;2026-09-20T09:10:49.853127+00:00;2026-09-20T09:10:49.853127+00:00;Netherlands - Eerste Divisie;De Graafschap vs NAC Breda;1636571521;spread;away;-0.5;1.98;1.806;8.788;0;5.56;5.24;1
1636569788-spread-away-0.5-1789895449;2026-09-20T09:10:49.853127+00:00;2026-09-20T09:10:49.853127+00:00;Finland - Ykkonen;Inter Turku 2 vs TPV;1636569788;spread;away;0.5;1.87;1.826;2.353;0;5.81;5.49;1
1636549951-spread-home-0.5-1789895449;2026-09-20T09:10:49.853127+00:00;2026-09-20T09:10:49.853127+00:00;Ukraine - Premier League;Kudrivka vs Kolos Kovalivka;1636549951;spread;home;0.5;1.926;1.806;6.231;0;0.81;0.49;1
1636549951-spread-away--0.5-1789895449;2026-09-20T09:10:49.853127+00:00;2026-09-20T09:10:49.853127+00:00;Ukraine - Premier League;Kudrivka vs Kolos Kovalivka;1636549951;spread;away;-0.5;2.06;1.82;11.65;0;0.81;0.49;1
1635980516-spread-home-0.0-1789895449;2026-09-20T09:10:49.853127+00:00;2026-09-20T09:10:49.853127+00:00;France - Ligue 1;Nice vs Lille;1635980516;spread;home;0.0;1.935;1.87;3.359;0;6.06;5.73;1
1635980515-spread-away--0.0-1789895449;2026-09-20T09:10:49.853127+00:00;2026-09-20T09:10:49.853127+00:00;France - Ligue 1;Auxerre vs Brest;1635980515;spread;away;-0.0;1.952;1.671;14.395;0;3.81;3.48;1
1636533844-spread-home--1.5-1789895449;2026-09-20T09:10:49.853127+00:00;2026-09-20T09:10:49.853127+00:00;Portugal - Primeira Liga;Estoril vs Casa Pia;1636533844;spread;home;-1.5;1.971;1.893;3.957;0;7.81;7.48;1
1635995377-spread-home-0.0-1789895449;2026-09-20T09:10:49.853127+00:00;2026-09-20T09:10:49.853127+00:00;Spain - La Liga;Deportivo La Coruna vs Real Betis;1635995377;spread;home;0.0;1.87;1.752;6.31;0;7.3;6.98;1
1635992346-spread-home-0.0-1789895449;2026-09-20T09:10:49.853127+00:00;2026-09-20T09:10:49.853127+00:00;Spain - La Liga;Valencia vs Real Sociedad;1635992346;spread;home;0.0;2.04;1.8;11.765;0;9.8;9.48;1
1636578518-spread-home--1.0-1789895449;2026-09-20T09:10:49.853127+00:00;2026-09-20T09:10:49.853127+00:00;Argentina - Primera B Nacional;Deportivo Madryn vs Racing de Cordoba;1636578518;spread;home;-1.0;2.12;1.847;12.877;0;9.8;9.48;1
1636578439-spread-home-0.0-1789895449;2026-09-20T09:10:49.853127+00:00;2026-09-20T09:10:49.853127+00:00;Argentina - Primera B Nacional;Guemes vs Ferrocarril Midland;1636578439;spread;home;0.0;1.98;1.909;3.586;0;10.8;10.48;1
1636578439-spread-away--0.0-1789895449;2026-09-20T09:10:49.853127+00:00;2026-09-20T09:10:49.853127+00:00;Argentina - Primera B Nacional;Guemes vs Ferrocarril Midland;1636578439;spread;away;-0.0;1.877;1.813;3.41;0;10.8;10.48;1
1635980524-spread-away--0.0-1789895449;2026-09-20T09:10:49.853127+00:00;2026-09-20T09:10:49.853127+00:00;Italy - Serie A;Parma vs Genoa;1635980524;spread;away;-0.0;1.893;1.775;6.233;0;3.8;3.48;1
1635980524-spread-home-0.0-1789895449;2026-09-20T09:10:49.853127+00:00;2026-09-20T09:10:49.853127+00:00;Italy - Serie A;Parma vs Genoa;1635980524;spread;home;0.0;2.19;1.84;15.982;0;3.8;3.48;1
1636498761-spread-home-0.0-1789895449;2026-09-20T09:10:49.853127+00:00;2026-09-20T09:10:49.853127+00:00;Turkey - Super League;Erzurumspor vs Samsunspor;1636498761;spread;home;0.0;1.847;1.826;1.137;0;4.79;4.47;1
1636549950-spread-home-0.5-1789895449;2026-09-20T09:10:49.853127+00:00;2026-09-20T09:10:49.853127+00:00;Vietnam - Cup;Hoang Anh Gia Lai vs Hung Yen;1636549950;spread;home;0.5;1.794;1.775;1.059;0;0.79;0.47;1
1636571518-spread-home-0.5-1789895020;2026-09-20T09:03:40.898233+00:00;2026-09-20T09:17:50.893991+00:00;Switzerland - Super League;Lausanne-Sport vs FC Lugano;1636571518;spread;home;0.5;2.0;1.962;1.9;14.17;5.43;5.11;2
1636554091-spread-home-1.5-1789895020;2026-09-20T09:03:40.898233+00:00;2026-09-20T09:17:50.893991+00:00;Brazil - Serie B;Ponte Preta vs CRB;1636554091;spread;home;1.5;1.917;1.84;4.017;14.17;4.93;4.6;2
1635980515-spread-home-0.0-1789895449;2026-09-20T09:10:49.853127+00:00;2026-09-20T09:17:50.893991+00:00;France - Ligue 1;Auxerre vs Brest;1635980515;spread;home;0.0;2.12;1.833;13.538;7.02;3.81;3.48;2
1636688809-spread-home-0.0-1789895870;2026-09-20T09:17:50.893991+00:00;2026-09-20T09:17:50.893991+00:00;Uruguay - Primera Division;Albion vs Juventud;1636688809;spread;home;0.0;1.909;1.885;1.257;0;3.7;3.38;1
1636688809-spread-away--0.0-1789895870;2026-09-20T09:17:50.893991+00:00;2026-09-20T09:17:50.893991+00:00;Uruguay - Primera Division;Albion vs Juventud;1636688809;spread;away;-0.0;1.971;1.8;8.676;0;3.7;3.38;1
1635992344-spread-away--0.0-1789895870;2026-09-20T09:17:50.893991+00:00;2026-09-20T09:17:50.893991+00:00;Spain - La Liga;Atletico Madrid vs Real Madrid;1635992344;spread;away;-0.0;2.1;1.847;12.048;0;4.95;4.62;1
1636578518-spread-away-1.0-1789895870;2026-09-20T09:17:50.893991+00:00;2026-09-20T09:17:50.893991+00:00;Argentina - Primera B Nacional;Deportivo Madryn vs Racing de Cordoba;1636578518;spread;away;1.0;1.87;1.763;5.722;0;9.7;9.37;1
1636555328-spread-away-0.5-1789895870;2026-09-20T09:17:50.893991+00:00;2026-09-20T09:17:50.893991+00:00;Belgium - Challenger Pro League;Lokeren-Temse vs Royal Excelsior Virton;1636555328;spread;away;0.5;1.99;1.943;2.362;0;4.69;4.37;1
1636483855-spread-home-0.0-1789895870;2026-09-20T09:17:50.893991+00:00;2026-09-20T09:17:50.893991+00:00;Denmark - Superliga;Sonderjyske vs Randers;1636483855;spread;home;0.0;2.1;1.813;13.667;0;2.69;2.37;1
1636007497-spread-home-0.5-1789895870;2026-09-20T09:17:50.893991+00:00;2026-09-20T09:17:50.893991+00:00;Argentina - Liga Pro;San Lorenzo vs Boca Juniors;1636007497;spread;home;0.5;1.855;1.826;1.563;0;8.44;8.11;1
1636007497-spread-away--0.5-1789895870;2026-09-20T09:17:50.893991+00:00;2026-09-20T09:17:50.893991+00:00;Argentina - Liga Pro;San Lorenzo vs Boca Juniors;1636007497;spread;away;-0.5;2.09;1.87;10.526;0;8.44;8.11;1
1635918928-spread-away--0.0-1789895870;2026-09-20T09:17:50.893991+00:00;2026-09-20T09:17:50.893991+00:00;England - Premier League;Bournemouth vs Liverpool;1635918928;spread;away;-0.0;1.84;1.82;1.087;0;3.68;3.36;1
1635918928-spread-home-0.0-1789895870;2026-09-20T09:17:50.893991+00:00;2026-09-20T09:17:50.893991+00:00;England - Premier League;Bournemouth vs Liverpool;1635918928;spread;home;0.0;1.99;1.901;4.472;0;3.68;3.36;1
1636498758-spread-home--2.0-1789895870;2026-09-20T09:17:50.893991+00:00;2026-09-20T09:17:50.893991+00:00;Turkey - Super League;Fenerbahce vs Eyupspor;1636498758;spread;home;-2.0;2.03;1.99;1.97;0;4.68;4.36;1
1636537491-spread-away-0.5-1789895870;2026-09-20T09:17:50.893991+00:00;2026-09-20T09:17:50.893991+00:00;Hong Kong - HKFA 1. Division;Kui Tan vs Hoi King;1636537491;spread;away;0.5;1.926;1.775;7.84;0;0.18;0;1
1636554054-total-over-2.5-1789895870;2026-09-20T09:17:50.893991+00:00;2026-09-20T09:17:50.893991+00:00;Italy - Serie D;Ternana vs Tau Altopascio;1636554054;total;over;2.5;1.952;1.917;1.793;0;3.68;3.35;1
1636537500-spread-away--0.0-1789895870;2026-09-20T09:17:50.893991+00:00;2026-09-20T09:17:50.893991+00:00;Korea Republic - K League 2;Seongnam FC vs Hwaseong;1636537500;spread;away;-0.0;1.926;1.84;4.465;0;0.68;0.35;1
1636537500-spread-home-0.0-1789895870;2026-09-20T09:17:50.893991+00:00;2026-09-20T09:17:50.893991+00:00;Korea Republic - K League 2;Seongnam FC vs Hwaseong;1636537500;spread;home;0.0;2.02;1.8;10.891;0;0.68;0.35;1
1636571540-total-over-2.5-1789895870;2026-09-20T09:17:50.893991+00:00;2026-09-20T09:17:50.893991+00:00;Croatia - HNL;HNK Rijeka vs Hajduk Split;1636571540;total;over;2.5;1.943;1.909;1.75;0;5.68;5.35;1
1636555240-spread-home-0.5-1789895870;2026-09-20T09:17:50.893991+00:00;2026-09-20T09:17:50.893991+00:00;Belarus - Premier League;Baranovichi vs FK Gomel;1636555240;spread;home;0.5;1.99;1.833;7.889;0;2.67;2.35;1
1636554023-total-under-2.5-1789894598;2026-09-20T08:56:38.975377+00:00;2026-09-20T09:25:00.524177+00:00;Ukraine - Premier League;Karpaty Lviv vs Veres Rivne;1636554023;total;under;2.5;1.962;1.885;3.925;28.36;3.54;3.21;3
1636554011-total-over-2.5-1789894598;2026-09-20T08:56:38.975377+00:00;2026-09-20T09:25:00.524177+00:00;Indonesia - Super League;Persijap Jepara vs Persib Bandung;1636554011;total;over;2.5;2.0;1.962;1.9;28.36;3.03;2.71;3
1635995377-spread-away--0.0-1789896300;2026-09-20T09:25:00.524177+00:00;2026-09-20T09:25:00.524177+00:00;Spain - La Liga;Deportivo La Coruna vs Real Betis;1635995377;spread;away;-0.0;2.0;1.901;4.95;0;7.08;6.75;1
1635992346-spread-away--0.0-1789896300;2026-09-20T09:25:00.524177+00:00;2026-09-20T09:25:00.524177+00:00;Spain - La Liga;Valencia vs Real Sociedad;1635992346;spread;away;-0.0;1.99;1.885;5.276;0;9.58;9.25;1
1636549969-spread-away--1.0-1789896300;2026-09-20T09:25:00.524177+00:00;2026-09-20T09:25:00.524177+00:00;Thailand - League 1;Chonburi vs Buriram United;1636549969;spread;away;-1.0;1.98;1.952;1.414;0;1.58;1.25;1
1636555259-spread-home-0.5-1789896300;2026-09-20T09:25:00.524177+00:00;2026-09-20T09:25:00.524177+00:00;Italy - Serie C Group B;Vado vs Pescara;1636555259;spread;home;0.5;1.935;1.855;4.134;0;3.08;2.75;1
1636555259-spread-away--0.5-1789896300;2026-09-20T09:25:00.524177+00:00;2026-09-20T09:25:00.524177+00:00;Italy - Serie C Group B;Vado vs Pescara;1636555259;spread;away;-0.5;1.971;1.775;9.944;0;3.08;2.75;1
1636592258-total-over-2.5-1789896300;2026-09-20T09:25:00.524177+00:00;2026-09-20T09:25:00.524177+00:00;Thailand - League 3;Padriew City vs Burapha United;1636592258;total;over;2.5;1.893;1.8;4.913;0;0.58;0.25;1
1636569788-spread-home--0.5-1789896300;2026-09-20T09:25:00.524177+00:00;2026-09-20T09:25:00.524177+00:00;Finland - Ykkonen;Inter Turku 2 vs TPV;1636569788;spread;home;-0.5;2.0;1.847;7.65;0;5.57;5.25;1
1636483855-spread-away--0.0-1789896300;2026-09-20T09:25:00.524177+00:00;2026-09-20T09:25:00.524177+00:00;Denmark - Superliga;Sonderjyske vs Randers;1636483855;spread;away;-0.0;1.909;1.826;4.348;0;2.57;2.25;1
1636572884-total-under-2.5-1789896300;2026-09-20T09:25:00.524177+00:00;2026-09-20T09:25:00.524177+00:00;Malta - Premier League;Hibernians vs Floriana;1636572884;total;under;2.5;1.901;1.877;1.262;0;6.57;6.25;1
1636549994-spread-home--0.5-1789896300;2026-09-20T09:25:00.524177+00:00;2026-09-20T09:25:00.524177+00:00;Denmark - Division 1;AaB vs Vendsyssel;1636549994;spread;home;-0.5;1.855;1.806;2.642;0;2.57;2.25;1
1636549994-spread-away-0.5-1789896300;2026-09-20T09:25:00.524177+00:00;2026-09-20T09:25:00.524177+00:00;Denmark - Division 1;AaB vs Vendsyssel;1636549994;spread;away;0.5;2.0;1.909;4.55;0;2.57;2.25;1
1637064556-spread-home--0.5-1789896300;2026-09-20T09:25:00.524177+00:00;2026-09-20T09:25:00.524177+00:00;Spain - Tercera Division;Trival Valderas vs Pozuelo de Alarcon;1637064556;spread;home;-0.5;2.04;1.885;7.598;0;0.06;0;1
1635992337-spread-away--1.5-1789896300;2026-09-20T09:25:00.524177+00:00;2026-09-20T09:25:00.524177+00:00;Germany - Bundesliga;Paderborn vs Hoffenheim;1635992337;spread;away;-1.5;1.971;1.935;1.826;0;8.06;7.74;1
1635980446-spread-away-0.5-1789896300;2026-09-20T09:25:00.524177+00:00;2026-09-20T09:25:00.524177+00:00;Austria - Bundesliga;SV Ried vs Wolfsberger AC;1635980446;spread;away;0.5;1.877;1.855;1.172;0;3.06;2.74;1
1636554023-spread-away-1.0-1789896300;2026-09-20T09:25:00.524177+00:00;2026-09-20T09:25:00.524177+00:00;Ukraine - Premier League;Karpaty Lviv vs Veres Rivne;1636554023;spread;away;1.0;1.971;1.926;2.283;0;3.06;2.74;1
1636532616-spread-away--0.0-1789896300;2026-09-20T09:25:00.524177+00:00;2026-09-20T09:25:00.524177+00:00;Korea Republic - K League 1;Incheon United vs Daejeon Citizen;1636532616;spread;away;-0.0;1.87;1.794;4.064;0;0.56;0.23;1
1636532616-spread-home-0.0-1789896300;2026-09-20T09:25:00.524177+00:00;2026-09-20T09:25:00.524177+00:00;Korea Republic - K League 1;Incheon United vs Daejeon Citizen;1636532616;spread;home;0.0;2.14;1.909;10.794;0;0.56;0.23;1
1636572916-spread-away--0.0-1789896300;2026-09-20T09:25:00.524177+00:00;2026-09-20T09:25:00.524177+00:00;USA - MLS Next Pro League;Orlando City II vs Atlanta United II;1636572916;spread;away;-0.0;1.806;1.781;1.384;0;8.56;8.23;1
1636506131-spread-away--1.0-1789895870;2026-09-20T09:17:50.893991+00:00;2026-09-20T09:32:08.285355+00:00;Bulgaria - First League;Lokomotiv Plovdiv vs CSKA Sofia;1636506131;spread;away;-1.0;2.03;1.99;1.97;14.29;5.42;5.1;2
1636537501-spread-home-0.0-1789896728;2026-09-20T09:32:08.285355+00:00;2026-09-20T09:32:08.285355+00:00;Spain - Segunda Federacion;Lorca Deportiva vs Intercity;1636537501;spread;home;0.0;1.943;1.826;6.022;0;0.46;0.14;1
1636554001-spread-away--0.5-1789896728;2026-09-20T09:32:08.285355+00:00;2026-09-20T09:32:08.285355+00:00;Sweden - Allsvenskan;Halmstads vs AIK;1636554001;spread;away;-0.5;1.98;1.87;5.556;0;2.46;2.14;1
1635920597-spread-away--0.0-1789896728;2026-09-20T09:32:08.285355+00:00;2026-09-20T09:32:08.285355+00:00;England - Premier League;Fulham vs Manchester United;1635920597;spread;away;-0.0;1.926;1.833;4.829;0;5.96;5.64;1
1636572910-spread-home-0.0-1789896728;2026-09-20T09:32:08.285355+00:00;2026-09-20T09:32:08.285355+00:00;Belgium - Pro League;KV Kortrijk vs Beveren;1636572910;spread;home;0.0;2.0;1.901;4.95;0;7.71;7.39;1
1636572910-spread-away--0.0-1789896728;2026-09-20T09:32:08.285355+00:00;2026-09-20T09:32:08.285355+00:00;Belgium - Pro League;KV Kortrijk vs Beveren;1636572910;spread;away;-0.0;1.909;1.82;4.662;0;7.71;7.39;1
1636498762-spread-away--0.0-1789896728;2026-09-20T09:32:08.285355+00:00;2026-09-20T09:32:08.285355+00:00;Poland - Ekstraklasa;Jagiellonia Bialystok vs Legia Warsaw;1636498762;spread;away;-0.0;1.962;1.862;5.097;0;5.96;5.64;1
1636498762-spread-home-0.0-1789896728;2026-09-20T09:32:08.285355+00:00;2026-09-20T09:32:08.285355+00:00;Poland - Ekstraklasa;Jagiellonia Bialystok vs Legia Warsaw;1636498762;spread;home;0.0;2.03;1.763;13.153;0;5.96;5.64;1
1636571574-total-over-2.5-1789896728;2026-09-20T09:32:08.285355+00:00;2026-09-20T09:32:08.285355+00:00;Montenegro - Druga Liga;Rudar Pljevlja vs Kom;1636571574;total;over;2.5;1.855;1.806;2.642;0;4.46;4.13;1
1636571521-spread-home-0.5-1789896728;2026-09-20T09:32:08.285355+00:00;2026-09-20T09:32:08.285355+00:00;Netherlands - Eerste Divisie;De Graafschap vs NAC Breda;1636571521;spread;home;0.5;1.909;1.877;1.676;0;5.21;4.88;1
1636571521-spread-away--0.5-1789896728;2026-09-20T09:32:08.285355+00:00;2026-09-20T09:32:08.285355+00:00;Netherlands - Eerste Divisie;De Graafschap vs NAC Breda;1636571521;spread;away;-0.5;1.98;1.806;8.788;0;5.21;4.88;1
1636569788-spread-away-0.5-1789896728;2026-09-20T09:32:08.285355+00:00;2026-09-20T09:32:08.285355+00:00;Finland - Ykkonen;Inter Turku 2 vs TPV;1636569788;spread;away;0.5;1.87;1.826;2.353;0;5.46;5.13;1
1636549951-spread-home-0.5-1789896728;2026-09-20T09:32:08.285355+00:00;2026-09-20T09:32:08.285355+00:00;Ukraine - Premier League;Kudrivka vs Kolos Kovalivka;1636549951;spread;home;0.5;1.909;1.806;5.395;0;0.45;0.13;1
1636549951-spread-away--0.5-1789896728;2026-09-20T09:32:08.285355+00:00;2026-09-20T09:32:08.285355+00:00;Ukraine - Premier League;Kudrivka vs Kolos Kovalivka;1636549951;spread;away;-0.5;2.06;1.82;11.65;0;0.45;0.13;1
1636537302-spread-away-0.5-1789896728;2026-09-20T09:32:08.285355+00:00;2026-09-20T09:32:08.285355+00:00;Spain - Primera Federacion;Alcorcon vs Gimnastic;1636537302;spread;away;0.5;1.926;1.877;2.544;0;0.45;0.13;1
1636572953-spread-home-0.0-1789896728;2026-09-20T09:32:08.285355+00:00;2026-09-20T09:32:08.285355+00:00;Brazil - Serie B;Londrina vs Fortaleza;1636572953;spread;home;0.0;2.05;1.926;6.049;0;11.95;11.63;1
1636572953-spread-away--0.0-1789896728;2026-09-20T09:32:08.285355+00:00;2026-09-20T09:32:08.285355+00:00;Brazil - Serie B;Londrina vs Fortaleza;1636572953;spread;away;-0.0;1.833;1.794;2.128;0;11.95;11.63;1
1636555288-spread-home-0.5-1789896728;2026-09-20T09:32:08.285355+00:00;2026-09-20T09:32:08.285355+00:00;Slovenia - Prva Liga;Bravo vs Olimpija Ljubljana;1636555288;spread;home;0.5;1.82;1.8;1.099;0;3.45;3.13;1
1636498750-spread-away-0.5-1789896728;2026-09-20T09:32:08.285355+00:00;2026-09-20T09:32:08.285355+00:00;Norway - 1st Division;Odd BK vs Egersunds;1636498750;spread;away;0.5;1.98;1.952;1.414;0;5.45;5.12;1
1635980516-spread-home-0.0-1789896728;2026-09-20T09:32:08.285355+00:00;2026-09-20T09:32:08.285355+00:00;France - Ligue 1;Nice vs Lille;1635980516;spread;home;0.0;1.935;1.87;3.359;0;5.7;5.37;1
1635980515-spread-away--0.0-1789896728;2026-09-20T09:32:08.285355+00:00;2026-09-20T09:32:08.285355+00:00;France - Ligue 1;Auxerre vs Brest;1635980515;spread;away;-0.0;1.962;1.671;14.832;0;3.45;3.12;1
1635995377-spread-home-0.0-1789896728;2026-09-20T09:32:08.285355+00:00;2026-09-20T09:32:08.285355+00:00;Spain - La Liga;Deportivo La Coruna vs Real Betis;1635995377;spread;home;0.0;1.917;1.752;8.607;0;6.95;6.62;1
1635980529-spread-home--0.5-1789896728;2026-09-20T09:32:08.285355+00:00;2026-09-20T09:32:08.285355+00:00;Spain - La Liga;Getafe vs Malaga;1635980529;spread;home;-0.5;2.06;2.02;1.942;0;2.45;2.12;1
1635992346-spread-home-0.0-1789896728;2026-09-20T09:32:08.285355+00:00;2026-09-20T09:32:08.285355+00:00;Spain - La Liga;Valencia vs Real Sociedad;1635992346;spread;home;0.0;2.04;1.8;11.765;0;9.45;9.12;1
1636578439-spread-home-0.0-1789896728;2026-09-20T09:32:08.285355+00:00;2026-09-20T09:32:08.285355+00:00;Argentina - Primera B Nacional;Guemes vs Ferrocarril Midland;1636578439;spread;home;0.0;1.98;1.909;3.586;0;10.45;10.12;1
1636578439-spread-away--0.0-1789896728;2026-09-20T09:32:08.285355+00:00;2026-09-20T09:32:08.285355+00:00;Argentina - Primera B Nacional;Guemes vs Ferrocarril Midland;1636578439;spread;away;-0.0;1.877;1.813;3.41;0;10.45;10.12;1
1636578518-spread-home--1.0-1789896728;2026-09-20T09:32:08.285355+00:00;2026-09-20T09:32:08.285355+00:00;Argentina - Primera B Nacional;Deportivo Madryn vs Racing de Cordoba;1636578518;spread;home;-1.0;2.0;1.847;7.65;0;9.45;9.12;1
1636555280-total-under-2.5-1789896728;2026-09-20T09:32:08.285355+00:00;2026-09-20T09:32:08.285355+00:00;San Marino - Campionato;San Giovanni vs SP Cailungo;1636555280;total;under;2.5;1.917;1.855;3.234;0;3.45;3.12;1
1635984816-total-over-2.5-1789896728;2026-09-20T09:32:08.285355+00:00;2026-09-20T09:32:08.285355+00:00;Italy - Serie A;Juventus vs Atalanta;1635984816;total;over;2.5;1.943;1.901;2.162;0;6.44;6.12;1
1635980524-spread-away--0.0-1789896728;2026-09-20T09:32:08.285355+00:00;2026-09-20T09:32:08.285355+00:00;Italy - Serie A;Parma vs Genoa;1635980524;spread;away;-0.0;1.893;1.775;6.233;0;3.44;3.12;1
1635980524-spread-home-0.0-1789896728;2026-09-20T09:32:08.285355+00:00;2026-09-20T09:32:08.285355+00:00;Italy - Serie A;Parma vs Genoa;1635980524;spread;home;0.0;2.19;1.84;15.982;0;3.44;3.12;1
1635984814-total-over-2.5-1789896728;2026-09-20T09:32:08.285355+00:00;2026-09-20T09:32:08.285355+00:00;Italy - Serie A;Fiorentina vs Napoli;1635984814;total;over;2.5;1.862;1.8;3.33;0;0.94;0.62;2
1635984814-total-under-2.5-1789896728;2026-09-20T09:32:08.285355+00:00;2026-09-20T09:32:08.285355+00:00;Italy - Serie A;Fiorentina vs Napoli;1635984814;total;under;2.5;2.06;2.03;1.456;0;0.94;0.62;1
1636549971-total-under-2.5-1789896728;2026-09-20T09:32:08.285355+00:00;2026-09-20T09:32:08.285355+00:00;Denmark - 2nd Division;Thisted vs Brabrand;1636549971;total;under;2.5;2.01;1.952;2.886;0;1.44;1.12;1
1636533843-total-over-2.5-1789896728;2026-09-20T09:32:08.285355+00:00;2026-09-20T09:32:08.285355+00:00;Korea Republic - K League 1;Pohang Steelers vs FC Seoul;1636533843;total;over;2.5;2.03;1.962;3.35;0;0.44;0.12;1
1636533843-spread-home-1.0-1789896728;2026-09-20T09:32:08.285355+00:00;2026-09-20T09:32:08.285355+00:00;Korea Republic - K League 1;Pohang Steelers vs FC Seoul;1636533843;spread;home;1.0;1.98;1.935;2.273;0;0.44;0.12;1
1636569764-spread-away--0.0-1789896728;2026-09-20T09:32:08.285355+00:00;2026-09-20T09:32:08.285355+00:00;Spain - Segunda Division;Ceuta vs Real Valladolid;1636569764;spread;away;-0.0;1.826;1.794;1.752;0;4.69;4.36;1
1636569764-spread-home-0.0-1789896728;2026-09-20T09:32:08.285355+00:00;2026-09-20T09:32:08.285355+00:00;Spain - Segunda Division;Ceuta vs Real Valladolid;1636569764;spread;home;0.0;2.15;1.917;10.837;0;4.69;4.36;1
1636549991-spread-home-0.0-1789897161;2026-09-20T09:39:21.328241+00:00;2026-09-20T09:39:21.328241+00:00;Sweden - Allsvenskan;Kalmar vs Hacken;1636549991;spread;home;0.0;1.8;1.781;1.056;0;2.34;2.02;1
1636569770-spread-home-0.0-1789897161;2026-09-20T09:39:21.328241+00:00;2026-09-20T09:39:21.328241+00:00;Sweden - Allsvenskan;Mjallby vs GAIS;1636569770;spread;home;0.0;2.02;1.971;2.426;0;4.84;4.52;1
1636569770-spread-away--0.0-1789897161;2026-09-20T09:39:21.328241+00:00;2026-09-20T09:39:21.328241+00:00;Sweden - Allsvenskan;Mjallby vs GAIS;1636569770;spread;away;-0.0;1.862;1.775;4.672;0;4.84;4.52;1
1635918928-spread-away--0.0-1789897161;2026-09-20T09:39:21.328241+00:00;2026-09-20T09:39:21.328241+00:00;England - Premier League;Bournemouth vs Liverpool;1635918928;spread;away;-0.0;1.84;1.82;1.087;0;3.34;3.02;1
1635918928-spread-home-0.0-1789897161;2026-09-20T09:39:21.328241+00:00;2026-09-20T09:39:21.328241+00:00;England - Premier League;Bournemouth vs Liverpool;1635918928;spread;home;0.0;1.99;1.901;4.472;0;3.34;3.02;1
1636569771-spread-away--0.5-1789897161;2026-09-20T09:39:21.328241+00:00;2026-09-20T09:39:21.328241+00:00;Uzbekistan - Super League;Lokomotiv Tashkent vs Neftchi Fergona;1636569771;spread;away;-0.5;1.99;1.833;7.889;0;4.84;4.52;1
1636537500-spread-away--0.0-1789897161;2026-09-20T09:39:21.328241+00:00;2026-09-20T09:39:21.328241+00:00;Korea Republic - K League 2;Seongnam FC vs Hwaseong;1636537500;spread;away;-0.0;1.926;1.833;4.829;0;0.34;0.01;1
1636537500-spread-home-0.0-1789897161;2026-09-20T09:39:21.328241+00:00;2026-09-20T09:39:21.328241+00:00;Korea Republic - K League 2;Seongnam FC vs Hwaseong;1636537500;spread;home;0.0;2.03;1.8;11.33;0;0.34;0.01;1
1636739046-total-over-2.5-1789897161;2026-09-20T09:39:21.328241+00:00;2026-09-20T09:39:21.328241+00:00;Turkey - 3rd League;Etimesgut Belediyespor vs Bucaspor 1928;1636739046;total;over;2.5;1.84;1.813;1.467;0;2.83;2.51;1
1635980515-spread-home-0.0-1789897161;2026-09-20T09:39:21.328241+00:00;2026-09-20T09:39:21.328241+00:00;France - Ligue 1;Auxerre vs Brest;1635980515;spread;home;0.0;2.12;1.833;13.538;0;3.33;3.0;1
1636483855-spread-home-0.0-1789897161;2026-09-20T09:39:21.328241+00:00;2026-09-20T09:39:21.328241+00:00;Denmark - Superliga;Sonderjyske vs Randers;1636483855;spread;home;0.0;2.1;1.813;13.667;0;2.32;2.0;1
1636007497-spread-home-0.5-1789897161;2026-09-20T09:39:21.328241+00:00;2026-09-20T09:39:21.328241+00:00;Argentina - Liga Pro;San Lorenzo vs Boca Juniors;1636007497;spread;home;0.5;1.855;1.833;1.186;0;8.07;7.75;1
1636007497-spread-away--0.5-1789897161;2026-09-20T09:39:21.328241+00:00;2026-09-20T09:39:21.328241+00:00;Argentina - Liga Pro;San Lorenzo vs Boca Juniors;1636007497;spread;away;-0.5;2.09;1.87;10.526;0;8.07;7.75;1
1636688809-spread-home-0.0-1789897161;2026-09-20T09:39:21.328241+00:00;2026-09-20T09:39:21.328241+00:00;Uruguay - Primera Division;Albion vs Juventud;1636688809;spread;home;0.0;1.909;1.885;1.257;0;3.32;2.99;1
1636688809-spread-away--0.0-1789897161;2026-09-20T09:39:21.328241+00:00;2026-09-20T09:39:21.328241+00:00;Uruguay - Primera Division;Albion vs Juventud;1636688809;spread;away;-0.0;1.971;1.8;8.676;0;3.32;2.99;1
1636483917-spread-away-0.5-1789896728;2026-09-20T09:32:08.285355+00:00;2026-09-20T09:46:27.002403+00:00;England - Championship;Wolverhampton vs West Bromwich Albion;1636483917;spread;away;0.5;2.06;2.0;2.913;14.31;1.46;1.14;2
1636571519-spread-home-0.0-1789896728;2026-09-20T09:32:08.285355+00:00;2026-09-20T09:46:27.002403+00:00;Switzerland - Super League;Basel vs St. Gallen;1636571519;spread;home;0.0;2.02;1.962;2.871;14.31;4.96;4.64;2
1636569787-total-over-2.5-1789896728;2026-09-20T09:32:08.285355+00:00;2026-09-20T09:46:27.002403+00:00;Ghana - Premier League;Port City vs Berekum Chelsea;1636569787;total;over;2.5;1.917;1.769;7.72;14.31;5.45;5.13;2
1635992346-spread-home-0.5-1789896728;2026-09-20T09:32:08.285355+00:00;2026-09-20T09:46:27.002403+00:00;Spain - La Liga;Valencia vs Real Sociedad;1635992346;spread;home;0.5;1.735;1.714;1.21;14.31;9.45;9.13;2
1635984816-spread-away--0.5-1789896728;2026-09-20T09:32:08.285355+00:00;2026-09-20T09:46:27.002403+00:00;Italy - Serie A;Juventus vs Atalanta;1635984816;spread;away;-0.5;1.917;1.84;4.017;14.31;6.44;6.12;2
1636549994-spread-home--0.5-1789897587;2026-09-20T09:46:27.002403+00:00;2026-09-20T09:46:27.002403+00:00;Denmark - Division 1;AaB vs Vendsyssel;1636549994;spread;home;-0.5;1.833;1.806;1.473;0;2.23;1.9;1
1636549994-spread-away-0.5-1789897587;2026-09-20T09:46:27.002403+00:00;2026-09-20T09:46:27.002403+00:00;Denmark - Division 1;AaB vs Vendsyssel;1636549994;spread;away;0.5;2.03;1.909;5.961;0;2.23;1.9;1
1636571530-spread-home--1.0-1789897587;2026-09-20T09:46:27.002403+00:00;2026-09-20T09:46:27.002403+00:00;Ukraine - Premier League;Shakhtar Donetsk vs LNZ Cherkasy;1636571530;spread;home;-1.0;2.04;1.99;2.451;0;5.22;4.9;1
1635984816-total-under-2.5-1789897587;2026-09-20T09:46:27.002403+00:00;2026-09-20T09:46:27.002403+00:00;Italy - Serie A;Juventus vs Atalanta;1635984816;total;under;2.5;2.01;1.952;2.886;0;6.22;5.9;1
1636483856-spread-home-0.5-1789897587;2026-09-20T09:46:27.002403+00:00;2026-09-20T09:46:27.002403+00:00;Denmark - Superliga;Horsens vs AGF;1636483856;spread;home;0.5;2.06;2.03;1.456;0;4.22;3.9;1
1636483855-spread-away--0.0-1789897587;2026-09-20T09:46:27.002403+00:00;2026-09-20T09:46:27.002403+00:00;Denmark - Superliga;Sonderjyske vs Randers;1636483855;spread;away;-0.0;1.909;1.826;4.348;0;2.22;1.9;1
1636549944-spread-away--0.5-1789897587;2026-09-20T09:46:27.002403+00:00;2026-09-20T09:46:27.002403+00:00;Spain - Segunda Federacion;Calamocha vs Logrones II;1636549944;spread;away;-0.5;1.935;1.901;1.757;0;0.22;0;1
1636549943-spread-home--0.5-1789897587;2026-09-20T09:46:27.002403+00:00;2026-09-20T09:46:27.002403+00:00;Spain - Segunda Federacion;Alaves II vs Real Oviedo II;1636549943;spread;home;-0.5;2.0;1.935;3.25;0;0.22;0;1
1636660592-spread-away-1.0-1789897587;2026-09-20T09:46:27.002403+00:00;2026-09-20T09:46:27.002403+00:00;Sweden - Division 2;Lidkopings vs Vanersborgs IF;1636660592;spread;away;1.0;1.787;1.752;1.959;0;5.22;4.9;1
1636483917-total-under-2.5-1789897587;2026-09-20T09:46:27.002403+00:00;2026-09-20T09:46:27.002403+00:00;England - Championship;Wolverhampton vs West Bromwich Albion;1636483917;total;under;2.5;1.971;1.935;1.826;0;1.21;0.89;1
1636555259-spread-home-0.5-1789897587;2026-09-20T09:46:27.002403+00:00;2026-09-20T09:46:27.002403+00:00;Italy - Serie C Group B;Vado vs Pescara;1636555259;spread;home;0.5;1.935;1.855;4.134;0;2.71;2.39;1
1636555259-spread-away--0.5-1789897587;2026-09-20T09:46:27.002403+00:00;2026-09-20T09:46:27.002403+00:00;Italy - Serie C Group B;Vado vs Pescara;1636555259;spread;away;-0.5;1.971;1.775;9.944;0;2.71;2.39;1
1636569788-spread-home--0.5-1789897587;2026-09-20T09:46:27.002403+00:00;2026-09-20T09:46:27.002403+00:00;Finland - Ykkonen;Inter Turku 2 vs TPV;1636569788;spread;home;-0.5;2.0;1.847;7.65;0;5.21;4.89;1
1637137644-spread-away--0.0-1789897587;2026-09-20T09:46:27.002403+00:00;2026-09-20T09:46:27.002403+00:00;Spain - Tercera Division;Tamarite vs Epila;1637137644;spread;away;-0.0;1.99;1.962;1.407;0;0.21;0;1
1636506141-spread-home-1.0-1789897587;2026-09-20T09:46:27.002403+00:00;2026-09-20T09:46:27.002403+00:00;Turkey - Super League;Amedspor vs Besiktas;1636506141;spread;home;1.0;1.847;1.826;1.137;0;7.21;6.89;1
1635995377-spread-away--0.0-1789897587;2026-09-20T09:46:27.002403+00:00;2026-09-20T09:46:27.002403+00:00;Spain - La Liga;Deportivo La Coruna vs Real Betis;1635995377;spread;away;-0.0;2.0;1.901;4.95;0;6.7;6.38;1
1635992346-spread-away--0.0-1789897587;2026-09-20T09:46:27.002403+00:00;2026-09-20T09:46:27.002403+00:00;Spain - La Liga;Valencia vs Real Sociedad;1635992346;spread;away;-0.0;1.99;1.885;5.276;0;9.2;8.88;1
1636558052-spread-home-2.0-1789897587;2026-09-20T09:46:27.002403+00:00;2026-09-20T09:46:27.002403+00:00;Slovenia - Prva Liga;Mura vs Celje;1636558052;spread;home;2.0;1.8;1.763;2.056;0;5.7;5.38;1
1636868441-spread-away-2.5-1789896300;2026-09-20T09:25:00.524177+00:00;2026-09-20T09:53:37.531436+00:00;Poland - 4th Liga;Polonia Piotrkow vs LZS Justynow;1636868441;spread;away;2.5;1.901;1.719;9.574;28.62;4.57;4.26;3
1636663193-spread-home-0.0-1789896300;2026-09-20T09:25:00.524177+00:00;2026-09-20T09:53:37.531436+00:00;Brazil - Copa Paulista;Linense vs Gremio Prudente;1636663193;spread;home;0.0;1.806;1.758;2.658;28.62;3.57;3.25;3
1636578518-spread-home--1.0-1789898017;2026-09-20T09:53:37.531436+00:00;2026-09-20T09:53:37.531436+00:00;Argentina - Primera B Nacional;Deportivo Madryn vs Racing de Cordoba;1636578518;spread;home;-1.0;2.0;1.847;7.65;0;9.11;8.79;1
1636578439-spread-home-0.0-1789898017;2026-09-20T09:53:37.531436+00:00;2026-09-20T09:53:37.531436+00:00;Argentina - Primera B Nacional;Guemes vs Ferrocarril Midland;1636578439;spread;home;0.0;1.98;1.909;3.586;0;10.11;9.79;1
1636578439-spread-away--0.0-1789898017;2026-09-20T09:53:37.531436+00:00;2026-09-20T09:53:37.531436+00:00;Argentina - Primera B Nacional;Guemes vs Ferrocarril Midland;1636578439;spread;away;-0.0;1.877;1.813;3.41;0;10.11;9.79;1
1636549951-spread-home-0.5-1789898017;2026-09-20T09:53:37.531436+00:00;2026-09-20T09:53:37.531436+00:00;Ukraine - Premier League;Kudrivka vs Kolos Kovalivka;1636549951;spread;home;0.5;2.03;1.909;5.961;0;0.1;0;1
1635984814-spread-away--0.5-1789898017;2026-09-20T09:53:37.531436+00:00;2026-09-20T09:53:37.531436+00:00;Italy - Serie A;Fiorentina vs Napoli;1635984814;spread;away;-0.5;1.862;1.84;1.182;0;0.6;0.29;1
1635980524-spread-away--0.0-1789898017;2026-09-20T09:53:37.531436+00:00;2026-09-20T09:53:37.531436+00:00;Italy - Serie A;Parma vs Genoa;1635980524;spread;away;-0.0;1.893;1.775;6.233;0;3.1;2.79;1
1635980524-spread-home-0.0-1789898017;2026-09-20T09:53:37.531436+00:00;2026-09-20T09:53:37.531436+00:00;Italy - Serie A;Parma vs Genoa;1635980524;spread;home;0.0;2.19;1.84;15.982;0;3.1;2.79;1
1636549971-total-under-2.5-1789898017;2026-09-20T09:53:37.531436+00:00;2026-09-20T09:53:37.531436+00:00;Denmark - 2nd Division;Thisted vs Brabrand;1636549971;total;under;2.5;1.952;1.901;2.613;0;1.1;0.79;1
1635980515-spread-away--0.0-1789898017;2026-09-20T09:53:37.531436+00:00;2026-09-20T09:53:37.531436+00:00;France - Ligue 1;Auxerre vs Brest;1635980515;spread;away;-0.0;1.962;1.671;14.832;0;3.1;2.78;1
1635980516-spread-home-0.0-1789898017;2026-09-20T09:53:37.531436+00:00;2026-09-20T09:53:37.531436+00:00;France - Ligue 1;Nice vs Lille;1635980516;spread;home;0.0;1.935;1.87;3.359;0;5.35;5.03;1
1636569764-spread-away--0.0-1789898017;2026-09-20T09:53:37.531436+00:00;2026-09-20T09:53:37.531436+00:00;Spain - Segunda Division;Ceuta vs Real Valladolid;1636569764;spread;away;-0.0;1.826;1.794;1.752;0;4.35;4.03;1
1636569764-spread-home-0.0-1789898017;2026-09-20T09:53:37.531436+00:00;2026-09-20T09:53:37.531436+00:00;Spain - Segunda Division;Ceuta vs Real Valladolid;1636569764;spread;home;0.0;2.14;1.917;10.421;0;4.35;4.03;1
1636549993-spread-home-0.0-1789898017;2026-09-20T09:53:37.531436+00:00;2026-09-20T09:53:37.531436+00:00;Georgia - Erovnuli Liga 2;Odishi 1919 Zugdidi vs Telavi;1636549993;spread;home;0.0;1.885;1.862;1.22;0;2.1;1.78;1
1636572910-spread-home-0.0-1789898017;2026-09-20T09:53:37.531436+00:00;2026-09-20T09:53:37.531436+00:00;Belgium - Pro League;KV Kortrijk vs Beveren;1636572910;spread;home;0.0;2.0;1.901;4.95;0;7.34;7.03;1
1636572910-spread-away--0.0-1789898017;2026-09-20T09:53:37.531436+00:00;2026-09-20T09:53:37.531436+00:00;Belgium - Pro League;KV Kortrijk vs Beveren;1636572910;spread;away;-0.0;1.909;1.82;4.662;0;7.34;7.03;1
1636571521-spread-home-0.5-1789898017;2026-09-20T09:53:37.531436+00:00;2026-09-20T09:53:37.531436+00:00;Netherlands - Eerste Divisie;De Graafschap vs NAC Breda;1636571521;spread;home;0.5;1.909;1.877;1.676;0;4.84;4.53;1
1636571521-spread-away--0.5-1789898017;2026-09-20T09:53:37.531436+00:00;2026-09-20T09:53:37.531436+00:00;Netherlands - Eerste Divisie;De Graafschap vs NAC Breda;1636571521;spread;away;-0.5;1.98;1.806;8.788;0;4.84;4.53;1
1636569788-spread-away-0.5-1789898017;2026-09-20T09:53:37.531436+00:00;2026-09-20T09:53:37.531436+00:00;Finland - Ykkonen;Inter Turku 2 vs TPV;1636569788;spread;away;0.5;1.87;1.826;2.353;0;5.09;4.78;1
1636554001-spread-away--0.5-1789898017;2026-09-20T09:53:37.531436+00:00;2026-09-20T09:53:37.531436+00:00;Sweden - Allsvenskan;Halmstads vs AIK;1636554001;spread;away;-0.5;1.98;1.87;5.556;0;2.09;1.78;1
1636572881-spread-home-0.0-1789898017;2026-09-20T09:53:37.531436+00:00;2026-09-20T09:53:37.531436+00:00;Canada - Premier League;Atletico Ottawa vs Supra du Quebec;1636572881;spread;home;0.0;1.926;1.855;3.686;0;6.09;5.78;1
1636533843-total-under-2.5-1789898017;2026-09-20T09:53:37.531436+00:00;2026-09-20T09:53:37.531436+00:00;Korea Republic - K League 1;Pohang Steelers vs FC Seoul;1636533843;total;under;2.5;1.926;1.893;1.713;0;0.09;0;1
1636537499-spread-home-0.0-1789898017;2026-09-20T09:53:37.531436+00:00;2026-09-20T09:53:37.531436+00:00;Korea Republic - K League 2;Gimhae vs Paju Frontier;1636537499;spread;home;0.0;1.962;1.794;8.563;0;0.09;0;1
1636618374-spread-away--0.0-1789898017;2026-09-20T09:53:37.531436+00:00;2026-09-20T09:53:37.531436+00:00;Spain - Tercera Division;Montanesa vs Fundacio Esportiva Grama;1636618374;spread;away;-0.0;1.813;1.73;4.578;0;0.09;0;1
1636868441-spread-home--2.5-1789898017;2026-09-20T09:53:37.531436+00:00;2026-09-20T09:53:37.531436+00:00;Poland - 4th Liga;Polonia Piotrkow vs LZS Justynow;1636868441;spread;home;-2.5;1.935;1.901;1.757;0;4.08;3.77;1
1636572953-spread-home-0.0-1789898017;2026-09-20T09:53:37.531436+00:00;2026-09-20T09:53:37.531436+00:00;Brazil - Serie B;Londrina vs Fortaleza;1636572953;spread;home;0.0;2.06;1.926;6.505;0;11.58;11.27;1
1636572953-spread-away--0.0-1789898017;2026-09-20T09:53:37.531436+00:00;2026-09-20T09:53:37.531436+00:00;Brazil - Serie B;Londrina vs Fortaleza;1636572953;spread;away;-0.0;1.84;1.794;2.5;0;11.58;11.27;1
1635992346-spread-home-0.0-1789898017;2026-09-20T09:53:37.531436+00:00;2026-09-20T09:53:37.531436+00:00;Spain - La Liga;Valencia vs Real Sociedad;1635992346;spread;home;0.0;2.04;1.8;11.765;0;9.08;8.77;1
1635995377-spread-home-0.0-1789898017;2026-09-20T09:53:37.531436+00:00;2026-09-20T09:53:37.531436+00:00;Spain - La Liga;Deportivo La Coruna vs Real Betis;1635995377;spread;home;0.0;1.917;1.752;8.607;0;6.58;6.27;1
1636598044-spread-away-0.5-1789898017;2026-09-20T09:53:37.531436+00:00;2026-09-20T09:53:37.531436+00:00;Thailand - League 3;Maejo United vs Khelang United;1636598044;spread;away;0.5;1.87;1.833;1.979;0;1.08;0.77;1
1636498762-spread-away--0.0-1789898017;2026-09-20T09:53:37.531436+00:00;2026-09-20T09:53:37.531436+00:00;Poland - Ekstraklasa;Jagiellonia Bialystok vs Legia Warsaw;1636498762;spread;away;-0.0;1.962;1.862;5.097;0;5.58;5.26;1
1636498762-spread-home-0.0-1789898017;2026-09-20T09:53:37.531436+00:00;2026-09-20T09:53:37.531436+00:00;Poland - Ekstraklasa;Jagiellonia Bialystok vs Legia Warsaw;1636498762;spread;home;0.0;2.03;1.763;13.153;0;5.58;5.26;1
1635920597-spread-away--0.0-1789898017;2026-09-20T09:53:37.531436+00:00;2026-09-20T09:53:37.531436+00:00;England - Premier League;Fulham vs Manchester United;1635920597;spread;away;-0.0;1.926;1.847;4.102;0;5.58;5.26;1
1635984814-total-under-2.5-1789898017;2026-09-20T09:53:37.531436+00:00;2026-09-20T10:00:48.931270+00:00;Italy - Serie A;Fiorentina vs Napoli;1635984814;total;under;2.5;2.03;1.926;5.123;7.19;0.6;0.29;2
1635984814-total-over-2.5-1789898017;2026-09-20T09:53:37.531436+00:00;2026-09-20T10:00:48.931270+00:00;Italy - Serie A;Fiorentina vs Napoli;1635984814;total;over;2.5;1.952;1.758;9.939;7.19;0.6;0.29;2
1635980515-spread-home-0.0-1789898448;2026-09-20T10:00:48.931270+00:00;2026-09-20T10:00:48.931270+00:00;France - Ligue 1;Auxerre vs Brest;1635980515;spread;home;0.0;2.12;1.833;13.538;0;2.98;2.67;1
1636498193-spread-home--0.5-1789898448;2026-09-20T10:00:48.931270+00:00;2026-09-20T10:00:48.931270+00:00;Iceland - Premier League;IA Akranes vs Breidablik;1636498193;spread;home;-0.5;2.02;1.885;6.683;0;5.98;5.67;1
1636554092-spread-away-0.5-1789898448;2026-09-20T10:00:48.931270+00:00;2026-09-20T10:00:48.931270+00:00;Turkey - 1st League;Pendikspor vs Bodrumspor;1636554092;spread;away;0.5;1.909;1.833;3.981;0;3.98;3.67;1
1636483917-spread-home--0.5-1789898448;2026-09-20T10:00:48.931270+00:00;2026-09-20T10:00:48.931270+00:00;England - Championship;Wolverhampton vs West Bromwich Albion;1636483917;spread;home;-0.5;1.901;1.87;1.631;0;0.98;0.67;1
1636868472-spread-away--0.5-1789898448;2026-09-20T10:00:48.931270+00:00;2026-09-20T10:00:48.931270+00:00;Turkey - 2nd League;Kahramanmaras Istiklal vs Sakaryaspor;1636868472;spread;away;-0.5;1.962;1.909;2.701;0;1.98;1.67;1
1636007497-spread-home-0.5-1789898448;2026-09-20T10:00:48.931270+00:00;2026-09-20T10:00:48.931270+00:00;Argentina - Liga Pro;San Lorenzo vs Boca Juniors;1636007497;spread;home;0.5;1.855;1.833;1.186;0;7.73;7.42;1
1636007497-spread-away--0.5-1789898448;2026-09-20T10:00:48.931270+00:00;2026-09-20T10:00:48.931270+00:00;Argentina - Liga Pro;San Lorenzo vs Boca Juniors;1636007497;spread;away;-0.5;2.09;1.87;10.526;0;7.73;7.42;1
1636688809-spread-home-0.0-1789898448;2026-09-20T10:00:48.931270+00:00;2026-09-20T10:00:48.931270+00:00;Uruguay - Primera Division;Albion vs Juventud;1636688809;spread;home;0.0;1.909;1.885;1.257;0;2.97;2.66;1
1636688809-spread-away--0.0-1789898448;2026-09-20T10:00:48.931270+00:00;2026-09-20T10:00:48.931270+00:00;Uruguay - Primera Division;Albion vs Juventud;1636688809;spread;away;-0.0;1.971;1.8;8.676;0;2.97;2.66;1
1636569770-spread-home-0.0-1789898448;2026-09-20T10:00:48.931270+00:00;2026-09-20T10:00:48.931270+00:00;Sweden - Allsvenskan;Mjallby vs GAIS;1636569770;spread;home;0.0;2.02;1.971;2.426;0;4.47;4.16;1
1636569770-spread-away--0.0-1789898448;2026-09-20T10:00:48.931270+00:00;2026-09-20T10:00:48.931270+00:00;Sweden - Allsvenskan;Mjallby vs GAIS;1636569770;spread;away;-0.0;1.862;1.775;4.672;0;4.47;4.16;1
1636483855-spread-home-0.0-1789898448;2026-09-20T10:00:48.931270+00:00;2026-09-20T10:00:48.931270+00:00;Denmark - Superliga;Sonderjyske vs Randers;1636483855;spread;home;0.0;2.1;1.813;13.667;0;1.97;1.66;1
1636549970-spread-home-0.5-1789898448;2026-09-20T10:00:48.931270+00:00;2026-09-20T10:00:48.931270+00:00;Thailand - League 1;Rayong FC vs Ratchaburi;1636549970;spread;home;0.5;1.893;1.806;4.596;0;0.97;0.66;1
1636571519-spread-away--0.0-1789898448;2026-09-20T10:00:48.931270+00:00;2026-09-20T10:00:48.931270+00:00;Switzerland - Super League;Basel vs St. Gallen;1636571519;spread;away;-0.0;1.943;1.909;1.75;0;4.46;4.15;1
1636868440-total-under-2.5-1789898448;2026-09-20T10:00:48.931270+00:00;2026-09-20T10:00:48.931270+00:00;Portugal - Cup;Guarda vs Chaves;1636868440;total;under;2.5;1.943;1.909;1.75;0;3.96;3.65;1
1635918928-spread-away--0.0-1789898448;2026-09-20T10:00:48.931270+00:00;2026-09-20T10:00:48.931270+00:00;England - Premier League;Bournemouth vs Liverpool;1635918928;spread;away;-0.0;1.84;1.82;1.087;0;2.96;2.65;1
1635918928-spread-home-0.0-1789898448;2026-09-20T10:00:48.931270+00:00;2026-09-20T10:00:48.931270+00:00;England - Premier League;Bournemouth vs Liverpool;1635918928;spread;home;0.0;1.99;1.901;4.472;0;2.96;2.65;1
1636007497-spread-away--0.5-1789901562;2026-09-20T10:52:42.109625+00:00;2026-09-20T10:52:42.109625+00:00;Argentina - Liga Pro;San Lorenzo vs Boca Juniors;1636007497;spread;away;-0.5;2.09;1.87;10.526;0;6.87;6.55;1
1636569770-spread-home-0.0-1789901562;2026-09-20T10:52:42.109625+00:00;2026-09-20T10:52:42.109625+00:00;Sweden - Allsvenskan;Mjallby vs GAIS;1636569770;spread;home;0.0;2.02;1.971;2.426;0;3.62;3.3;1
1636569770-spread-away--0.0-1789901562;2026-09-20T10:52:42.109625+00:00;2026-09-20T10:52:42.109625+00:00;Sweden - Allsvenskan;Mjallby vs GAIS;1636569770;spread;away;-0.0;1.862;1.775;4.672;0;3.62;3.3;1
1636554001-spread-away--0.5-1789901562;2026-09-20T10:52:42.109625+00:00;2026-09-20T10:52:42.109625+00:00;Sweden - Allsvenskan;Halmstads vs AIK;1636554001;spread;away;-0.5;1.98;1.877;5.202;0;1.12;0.8;1
1636572910-spread-home-0.0-1789901562;2026-09-20T10:52:42.109625+00:00;2026-09-20T10:52:42.109625+00:00;Belgium - Pro League;KV Kortrijk vs Beveren;1636572910;spread;home;0.0;2.0;1.901;4.95;0;6.37;6.05;1
1636572910-spread-away--0.0-1789901562;2026-09-20T10:52:42.109625+00:00;2026-09-20T10:52:42.109625+00:00;Belgium - Pro League;KV Kortrijk vs Beveren;1636572910;spread;away;-0.0;1.909;1.82;4.662;0;6.37;6.05;1
1636688809-spread-away--0.0-1789901562;2026-09-20T10:52:42.109625+00:00;2026-09-20T10:52:42.109625+00:00;Uruguay - Primera Division;Albion vs Juventud;1636688809;spread;away;-0.0;1.971;1.8;8.676;0;2.12;1.8;1
1636498193-spread-away-0.5-1789901562;2026-09-20T10:52:42.109625+00:00;2026-09-20T10:52:42.109625+00:00;Iceland - Premier League;IA Akranes vs Breidablik;1636498193;spread;away;0.5;2.02;1.833;9.257;0;5.11;4.8;1
1636578518-spread-home--1.0-1789901562;2026-09-20T10:52:42.109625+00:00;2026-09-20T10:52:42.109625+00:00;Argentina - Primera B Nacional;Deportivo Madryn vs Racing de Cordoba;1636578518;spread;home;-1.0;2.12;1.847;12.877;0;8.11;7.8;1
1636555259-spread-away--0.5-1789901562;2026-09-20T10:52:42.109625+00:00;2026-09-20T10:52:42.109625+00:00;Italy - Serie C Group B;Vado vs Pescara;1636555259;spread;away;-0.5;1.99;1.787;10.201;0;1.61;1.3;1
1636483855-spread-home-0.0-1789901562;2026-09-20T10:52:42.109625+00:00;2026-09-20T10:52:42.109625+00:00;Denmark - Superliga;Sonderjyske vs Randers;1636483855;spread;home;0.0;2.11;1.82;13.744;0;1.11;0.8;1
1635920597-spread-home-0.0-1789901562;2026-09-20T10:52:42.109625+00:00;2026-09-20T10:52:42.109625+00:00;England - Premier League;Fulham vs Manchester United;1635920597;spread;home;0.0;1.885;1.84;2.387;0;4.61;4.3;1
1635920597-spread-away--0.0-1789901562;2026-09-20T10:52:42.109625+00:00;2026-09-20T10:52:42.109625+00:00;England - Premier League;Fulham vs Manchester United;1635920597;spread;away;-0.0;1.926;1.901;1.298;0;4.61;4.3;1
1635918928-spread-home-0.0-1789901562;2026-09-20T10:52:42.109625+00:00;2026-09-20T10:52:42.109625+00:00;England - Premier League;Bournemouth vs Liverpool;1635918928;spread;home;0.0;1.99;1.901;4.472;0;2.11;1.8;1
1636569788-spread-away-0.5-1789901562;2026-09-20T10:52:42.109625+00:00;2026-09-20T10:52:42.109625+00:00;Finland - Ykkonen;Inter Turku 2 vs TPV;1636569788;spread;away;0.5;1.98;1.87;5.556;0;4.11;3.8;1
1636571521-spread-away--0.5-1789901562;2026-09-20T10:52:42.109625+00:00;2026-09-20T10:52:42.109625+00:00;Netherlands - Eerste Divisie;De Graafschap vs NAC Breda;1636571521;spread;away;-0.5;1.98;1.806;8.788;0;3.86;3.55;1
1635992346-spread-home-0.0-1789901562;2026-09-20T10:52:42.109625+00:00;2026-09-20T10:52:42.109625+00:00;Spain - La Liga;Valencia vs Real Sociedad;1635992346;spread;home;0.0;2.06;1.8;12.621;0;8.11;7.79;1
1635995377-spread-home-0.0-1789901562;2026-09-20T10:52:42.109625+00:00;2026-09-20T10:52:42.109625+00:00;Spain - La Liga;Deportivo La Coruna vs Real Betis;1635995377;spread;home;0.0;1.877;1.752;6.66;0;5.61;5.29;1
1635980524-spread-home-0.0-1789901562;2026-09-20T10:52:42.109625+00:00;2026-09-20T10:52:42.109625+00:00;Italy - Serie A;Parma vs Genoa;1635980524;spread;home;0.0;2.19;1.84;15.982;0;2.11;1.79;1
1636572953-spread-home-0.0-1789901562;2026-09-20T10:52:42.109625+00:00;2026-09-20T10:52:42.109625+00:00;Brazil - Serie B;Londrina vs Fortaleza;1636572953;spread;home;0.0;2.06;1.926;6.505;0;10.61;10.29;1
1636572953-spread-away--0.0-1789901562;2026-09-20T10:52:42.109625+00:00;2026-09-20T10:52:42.109625+00:00;Brazil - Serie B;Londrina vs Fortaleza;1636572953;spread;away;-0.0;1.84;1.794;2.5;0;10.61;10.29;1
1636569764-spread-home-0.0-1789901562;2026-09-20T10:52:42.109625+00:00;2026-09-20T10:52:42.109625+00:00;Spain - Segunda Division;Ceuta vs Real Valladolid;1636569764;spread;home;0.0;2.15;1.917;10.837;0;3.35;3.04;1
1635980515-spread-away--0.0-1789901562;2026-09-20T10:52:42.109625+00:00;2026-09-20T10:52:42.109625+00:00;France - Ligue 1;Auxerre vs Brest;1635980515;spread;away;-0.0;1.962;1.68;14.373;0;2.1;1.79;1
1635980516-spread-home-0.0-1789901562;2026-09-20T10:52:42.109625+00:00;2026-09-20T10:52:42.109625+00:00;France - Ligue 1;Nice vs Lille;1635980516;spread;home;0.0;1.935;1.87;3.359;0;4.35;4.04;1
1636549994-spread-home--0.5-1789901562;2026-09-20T10:52:42.109625+00:00;2026-09-20T10:52:42.109625+00:00;Denmark - Division 1;AaB vs Vendsyssel;1636549994;spread;home;-0.5;1.901;1.82;4.261;0;1.09;0.78;1
1636549994-spread-away-0.5-1789901562;2026-09-20T10:52:42.109625+00:00;2026-09-20T10:52:42.109625+00:00;Denmark - Division 1;AaB vs Vendsyssel;1636549994;spread;away;0.5;1.952;1.909;2.203;0;1.09;0.78;1
1636572902-spread-away--0.0-1789901996;2026-09-20T10:59:56.365817+00:00;2026-09-20T10:59:56.365817+00:00;Turkey - 1st League;Mardin 1969 vs Kayserispor;1636572902;spread;away;-0.0;2.01;1.885;6.219;0;6.0;5.69;1
1636007497-spread-home-0.5-1789901996;2026-09-20T10:59:56.365817+00:00;2026-09-20T10:59:56.365817+00:00;Argentina - Liga Pro;San Lorenzo vs Boca Juniors;1636007497;spread;home;0.5;1.855;1.833;1.186;0;6.75;6.44;1
1636549991-spread-away--0.0-1789901996;2026-09-20T10:59:56.365817+00:00;2026-09-20T10:59:56.365817+00:00;Sweden - Allsvenskan;Kalmar vs Hacken;1636549991;spread;away;-0.0;1.971;1.8;8.676;0;1.0;0.69;1
1636549991-spread-home-0.0-1789901996;2026-09-20T10:59:56.365817+00:00;2026-09-20T10:59:56.365817+00:00;Sweden - Allsvenskan;Kalmar vs Hacken;1636549991;spread;home;0.0;2.09;1.794;14.163;0;1.0;0.69;1
1636688809-spread-home-0.0-1789901996;2026-09-20T10:59:56.365817+00:00;2026-09-20T10:59:56.365817+00:00;Uruguay - Primera Division;Albion vs Juventud;1636688809;spread;home;0.0;1.962;1.909;2.701;0;1.99;1.69;1
1636498193-spread-home--0.5-1789901996;2026-09-20T10:59:56.365817+00:00;2026-09-20T10:59:56.365817+00:00;Iceland - Premier League;IA Akranes vs Breidablik;1636498193;spread;home;-0.5;1.885;1.84;2.387;0;4.99;4.68;1
1636498195-spread-home--0.5-1789901996;2026-09-20T10:59:56.365817+00:00;2026-09-20T10:59:56.365817+00:00;Italy - Serie B;Hellas Verona vs Vicenza;1636498195;spread;home;-0.5;1.917;1.833;4.382;0;1.99;1.68;1
1636498195-spread-away-0.5-1789901996;2026-09-20T10:59:56.365817+00:00;2026-09-20T10:59:56.365817+00:00;Italy - Serie B;Hellas Verona vs Vicenza;1636498195;spread;away;0.5;1.99;1.935;2.764;0;1.99;1.68;1
1636578439-spread-home-0.0-1789901996;2026-09-20T10:59:56.365817+00:00;2026-09-20T10:59:56.365817+00:00;Argentina - Primera B Nacional;Guemes vs Ferrocarril Midland;1636578439;spread;home;0.0;1.98;1.909;3.586;0;8.99;8.68;1
1636578439-spread-away--0.0-1789901996;2026-09-20T10:59:56.365817+00:00;2026-09-20T10:59:56.365817+00:00;Argentina - Primera B Nacional;Guemes vs Ferrocarril Midland;1636578439;spread;away;-0.0;1.877;1.813;3.41;0;8.99;8.68;1
1636578518-spread-away-1.0-1789901996;2026-09-20T10:59:56.365817+00:00;2026-09-20T10:59:56.365817+00:00;Argentina - Primera B Nacional;Deportivo Madryn vs Racing de Cordoba;1636578518;spread;away;1.0;1.87;1.763;5.722;0;7.99;7.68;1
1636555259-spread-home-0.5-1789901996;2026-09-20T10:59:56.365817+00:00;2026-09-20T10:59:56.365817+00:00;Italy - Serie C Group B;Vado vs Pescara;1636555259;spread;home;0.5;1.943;1.87;3.757;0;1.49;1.18;1
1636483856-spread-away--0.5-1789901996;2026-09-20T10:59:56.365817+00:00;2026-09-20T10:59:56.365817+00:00;Denmark - Superliga;Horsens vs AGF;1636483856;spread;away;-0.5;1.877;1.855;1.172;0;2.99;2.68;1
1636483855-spread-away--0.0-1789901996;2026-09-20T10:59:56.365817+00:00;2026-09-20T10:59:56.365817+00:00;Denmark - Superliga;Sonderjyske vs Randers;1636483855;spread;away;-0.0;1.909;1.813;5.029;0;0.99;0.68;1
1635918928-spread-away--0.0-1789901996;2026-09-20T10:59:56.365817+00:00;2026-09-20T10:59:56.365817+00:00;England - Premier League;Bournemouth vs Liverpool;1635918928;spread;away;-0.0;1.84;1.82;1.087;0;1.99;1.68;1
1636571521-spread-home-0.5-1789901996;2026-09-20T10:59:56.365817+00:00;2026-09-20T10:59:56.365817+00:00;Netherlands - Eerste Divisie;De Graafschap vs NAC Breda;1636571521;spread;home;0.5;1.909;1.877;1.676;0;3.74;3.43;1
1635992346-spread-away--0.0-1789901996;2026-09-20T10:59:56.365817+00:00;2026-09-20T10:59:56.365817+00:00;Spain - La Liga;Valencia vs Real Sociedad;1635992346;spread;away;-0.0;1.99;1.877;5.678;0;7.99;7.68;1
1635995377-spread-away--0.0-1789901996;2026-09-20T10:59:56.365817+00:00;2026-09-20T10:59:56.365817+00:00;Spain - La Liga;Deportivo La Coruna vs Real Betis;1635995377;spread;away;-0.0;2.0;1.935;3.25;0;5.49;5.18;1
1636498762-spread-home-0.0-1789901996;2026-09-20T10:59:56.365817+00:00;2026-09-20T10:59:56.365817+00:00;Poland - Ekstraklasa;Jagiellonia Bialystok vs Legia Warsaw;1636498762;spread;home;0.0;2.04;1.763;13.578;0;4.49;4.18;1
1635980524-spread-away--0.0-1789901996;2026-09-20T10:59:56.365817+00:00;2026-09-20T10:59:56.365817+00:00;Italy - Serie A;Parma vs Genoa;1635980524;spread;away;-0.0;1.893;1.775;6.233;0;1.99;1.68;1
1636569764-spread-away--0.0-1789901996;2026-09-20T10:59:56.365817+00:00;2026-09-20T10:59:56.365817+00:00;Spain - Segunda Division;Ceuta vs Real Valladolid;1636569764;spread;away;-0.0;1.826;1.787;2.136;0;3.23;2.92;1
1635980515-spread-home-0.0-1789901996;2026-09-20T10:59:56.365817+00:00;2026-09-20T10:59:56.365817+00:00;France - Ligue 1;Auxerre vs Brest;1635980515;spread;home;0.0;2.1;1.833;12.714;0;1.98;1.67;1
1636571530-spread-home--1.0-1789901996;2026-09-20T10:59:56.365817+00:00;2026-09-20T10:59:56.365817+00:00;Ukraine - Premier League;Shakhtar Donetsk vs LNZ Cherkasy;1636571530;spread;home;-1.0;1.99;1.787;10.201;0;3.98;3.67;1
1635984816-total-over-2.5-1789901562;2026-09-20T10:52:42.109625+00:00;2026-09-20T11:06:51.529589+00:00;Italy - Serie A;Juventus vs Atalanta;1635984816;total;over;2.5;1.926;1.82;5.504;14.16;5.11;4.8;2
1635980529-spread-home--0.5-1789902411;2026-09-20T11:06:51.529589+00:00;2026-09-20T11:06:51.529589+00:00;Spain - La Liga;Getafe vs Malaga;1635980529;spread;home;-0.5;2.02;1.917;5.099;0;0.88;0.57;1
1636498762-spread-away--0.0-1789902411;2026-09-20T11:06:51.529589+00:00;2026-09-20T11:06:51.529589+00:00;Poland - Ekstraklasa;Jagiellonia Bialystok vs Legia Warsaw;1636498762;spread;away;-0.0;1.962;1.855;5.454;0;4.37;4.06;1
1635984815-spread-home-2.5-1789902411;2026-09-20T11:06:51.529589+00:00;2026-09-20T11:06:51.529589+00:00;Italy - Serie A;Frosinone vs Como;1635984815;spread;home;2.5;1.917;1.84;4.017;0;1.86;1.55;1
1636537526-spread-away--1.0-1789902411;2026-09-20T11:06:51.529589+00:00;2026-09-20T11:06:51.529589+00:00;Lithuania - A Lyga;Hegelmann vs Suduva;1636537526;spread;away;-1.0;2.0;1.84;8.0;0;0.11;0;1
1636578411-spread-away-0.5-1789902411;2026-09-20T11:06:51.529589+00:00;2026-09-20T11:06:51.529589+00:00;Bulgaria - Second League;Etar Veliko Tarnovo vs Chernomorets 1919 Burgas;1636578411;spread;away;0.5;1.893;1.82;3.856;0;6.36;6.05;1
1635980516-total-over-2.5-1789902411;2026-09-20T11:06:51.529589+00:00;2026-09-20T11:06:51.529589+00:00;France - Ligue 1;Nice vs Lille;1635980516;total;over;2.5;1.862;1.84;1.182;0;4.11;3.8;1
1636572931-spread-away-0.5-1789902411;2026-09-20T11:06:51.529589+00:00;2026-09-20T11:06:51.529589+00:00;Bolivia - Cup;Real Oruro vs GV San Jose;1636572931;spread;away;0.5;1.833;1.8;1.8;0;7.86;7.55;1
1636554092-spread-home--0.5-1789901996;2026-09-20T10:59:56.365817+00:00;2026-09-20T11:13:39.922451+00:00;Turkey - 1st League;Pendikspor vs Bodrumspor;1636554092;spread;home;-0.5;2.03;1.84;9.36;13.73;3.0;2.69;2
1636498197-spread-away-1.0-1789901996;2026-09-20T10:59:56.365817+00:00;2026-09-20T11:13:39.922451+00:00;Belgium - Pro League;Club Brugge vs Genk;1636498197;spread;away;1.0;1.971;1.943;1.421;13.73;5.5;5.19;2
1636498766-spread-home-1.0-1789901996;2026-09-20T10:59:56.365817+00:00;2026-09-20T11:13:39.922451+00:00;Belgium - Pro League;Royal Antwerp vs Union Saint-Gilloise;1636498766;spread;home;1.0;1.98;1.952;1.414;13.73;0.5;0.19;2
1636868472-spread-away--0.5-1789901996;2026-09-20T10:59:56.365817+00:00;2026-09-20T11:13:39.922451+00:00;Turkey - 2nd League;Kahramanmaras Istiklal vs Sakaryaspor;1636868472;spread;away;-0.5;1.926;1.781;7.529;13.73;0.99;0.68;2
1636709474-total-over-2.5-1789901996;2026-09-20T10:59:56.365817+00:00;2026-09-20T11:13:39.922451+00:00;Venezuela - Primera Division;Estudiantes de Merida vs Trujillanos;1636709474;total;over;2.5;1.962;1.87;4.689;13.73;9.98;9.67;2
1636571521-spread-away--0.5-1789902819;2026-09-20T11:13:39.922451+00:00;2026-09-20T11:13:39.922451+00:00;Netherlands - Eerste Divisie;De Graafschap vs NAC Breda;1636571521;spread;away;-0.5;1.98;1.806;8.788;0;3.52;3.21;1
1636688809-spread-away--0.0-1789902819;2026-09-20T11:13:39.922451+00:00;2026-09-20T11:13:39.922451+00:00;Uruguay - Primera Division;Albion vs Juventud;1636688809;spread;away;-0.0;1.893;1.8;4.913;0;1.77;1.46;1
1636572953-spread-home-0.0-1789902819;2026-09-20T11:13:39.922451+00:00;2026-09-20T11:13:39.922451+00:00;Brazil - Serie B;Londrina vs Fortaleza;1636572953;spread;home;0.0;2.06;1.926;6.505;0;10.27;9.96;1
1636572953-spread-away--0.0-1789902819;2026-09-20T11:13:39.922451+00:00;2026-09-20T11:13:39.922451+00:00;Brazil - Serie B;Londrina vs Fortaleza;1636572953;spread;away;-0.0;1.84;1.794;2.5;0;10.27;9.96;1
1635992346-spread-home-0.0-1789902819;2026-09-20T11:13:39.922451+00:00;2026-09-20T11:13:39.922451+00:00;Spain - La Liga;Valencia vs Real Sociedad;1635992346;spread;home;0.0;2.06;1.806;12.33;0;7.77;7.46;1
1635995377-spread-home-0.0-1789902819;2026-09-20T11:13:39.922451+00:00;2026-09-20T11:13:39.922451+00:00;Spain - La Liga;Deportivo La Coruna vs Real Betis;1635995377;spread;home;0.0;1.877;1.752;6.66;0;5.27;4.96;1
1636572910-spread-home-0.0-1789902819;2026-09-20T11:13:39.922451+00:00;2026-09-20T11:13:39.922451+00:00;Belgium - Pro League;KV Kortrijk vs Beveren;1636572910;spread;home;0.0;2.0;1.901;4.95;0;6.02;5.71;1
1636572910-spread-away--0.0-1789902819;2026-09-20T11:13:39.922451+00:00;2026-09-20T11:13:39.922451+00:00;Belgium - Pro League;KV Kortrijk vs Beveren;1636572910;spread;away;-0.0;1.909;1.82;4.662;0;6.02;5.71;1
1635985127-spread-away-0.5-1789902819;2026-09-20T11:13:39.922451+00:00;2026-09-20T11:13:39.922451+00:00;Germany - Bundesliga 2;Hannover 96 vs Bochum;1635985127;spread;away;0.5;1.952;1.885;3.432;0;0.27;0;1
1636555259-spread-away--0.5-1789902819;2026-09-20T11:13:39.922451+00:00;2026-09-20T11:13:39.922451+00:00;Italy - Serie C Group B;Vado vs Pescara;1636555259;spread;away;-0.5;1.99;1.787;10.201;0;1.26;0.96;1
1636569788-spread-away-0.5-1789902819;2026-09-20T11:13:39.922451+00:00;2026-09-20T11:13:39.922451+00:00;Finland - Ykkonen;Inter Turku 2 vs TPV;1636569788;spread;away;0.5;1.98;1.87;5.556;0;3.76;3.45;1
1636555239-spread-home--0.5-1789902819;2026-09-20T11:13:39.922451+00:00;2026-09-20T11:13:39.922451+00:00;Sweden - Damallsvenskan;Kristianstads vs Pitea IF;1636555239;spread;home;-0.5;1.87;1.82;2.674;0;0.76;0.45;1
1636483855-spread-home-0.0-1789902819;2026-09-20T11:13:39.922451+00:00;2026-09-20T11:13:39.922451+00:00;Denmark - Superliga;Sonderjyske vs Randers;1636483855;spread;home;0.0;2.11;1.82;13.744;0;0.76;0.45;1
1636498749-spread-home-0.0-1789902819;2026-09-20T11:13:39.922451+00:00;2026-09-20T11:13:39.922451+00:00;Switzerland - Challenge League;Yverdon-Sport vs Stade Lausanne Ouchy;1636498749;spread;home;0.0;1.87;1.84;1.604;0;0.76;0.45;1
1636569764-spread-home-0.0-1789902819;2026-09-20T11:13:39.922451+00:00;2026-09-20T11:13:39.922451+00:00;Spain - Segunda Division;Ceuta vs Real Valladolid;1636569764;spread;home;0.0;2.15;1.917;10.837;0;3.01;2.7;1
1636549994-spread-home--0.5-1789902819;2026-09-20T11:13:39.922451+00:00;2026-09-20T11:13:39.922451+00:00;Denmark - Division 1;AaB vs Vendsyssel;1636549994;spread;home;-0.5;1.909;1.806;5.395;0;0.76;0.45;1
1636007497-spread-away--0.5-1789902819;2026-09-20T11:13:39.922451+00:00;2026-09-20T11:13:39.922451+00:00;Argentina - Liga Pro;San Lorenzo vs Boca Juniors;1636007497;spread;away;-0.5;2.09;1.87;10.526;0;6.51;6.2;1
1636554001-spread-away--0.5-1789902819;2026-09-20T11:13:39.922451+00:00;2026-09-20T11:13:39.922451+00:00;Sweden - Allsvenskan;Halmstads vs AIK;1636554001;spread;away;-0.5;1.971;1.877;4.769;0;0.76;0.45;1
1636569770-spread-home-0.0-1789902819;2026-09-20T11:13:39.922451+00:00;2026-09-20T11:13:39.922451+00:00;Sweden - Allsvenskan;Mjallby vs GAIS;1636569770;spread;home;0.0;2.02;1.971;2.426;0;3.26;2.95;1
1636569770-spread-away--0.0-1789902819;2026-09-20T11:13:39.922451+00:00;2026-09-20T11:13:39.922451+00:00;Sweden - Allsvenskan;Mjallby vs GAIS;1636569770;spread;away;-0.0;1.862;1.775;4.672;0;3.26;2.95;1
1636498193-spread-away-0.5-1789902819;2026-09-20T11:13:39.922451+00:00;2026-09-20T11:13:39.922451+00:00;Iceland - Premier League;IA Akranes vs Breidablik;1636498193;spread;away;0.5;2.02;1.833;9.257;0;4.76;4.45;1
1635918928-spread-home-0.0-1789902819;2026-09-20T11:13:39.922451+00:00;2026-09-20T11:13:39.922451+00:00;England - Premier League;Bournemouth vs Liverpool;1635918928;spread;home;0.0;1.99;1.901;4.472;0;1.75;1.44;1
1635920597-spread-home-0.0-1789902819;2026-09-20T11:13:39.922451+00:00;2026-09-20T11:13:39.922451+00:00;England - Premier League;Fulham vs Manchester United;1635920597;spread;home;0.0;1.885;1.84;2.387;0;4.25;3.94;1
1635920597-spread-away--0.0-1789902819;2026-09-20T11:13:39.922451+00:00;2026-09-20T11:13:39.922451+00:00;England - Premier League;Fulham vs Manchester United;1635920597;spread;away;-0.0;1.926;1.901;1.298;0;4.25;3.94;1
1636549988-spread-home-0.0-1789902819;2026-09-20T11:13:39.922451+00:00;2026-09-20T11:13:39.922451+00:00;Switzerland - Super League;FC Vaduz vs Thun;1636549988;spread;home;0.0;1.926;1.87;2.908;0;0.75;0.44;1
1636549988-spread-away--0.0-1789902819;2026-09-20T11:13:39.922451+00:00;2026-09-20T11:13:39.922451+00:00;Switzerland - Super League;FC Vaduz vs Thun;1636549988;spread;away;-0.0;2.04;1.806;11.471;0;0.75;0.44;1
1636571517-spread-home-0.0-1789902819;2026-09-20T11:13:39.922451+00:00;2026-09-20T11:13:39.922451+00:00;Czech Republic - 3. Liga;Caslav vs Horni Redice;1636571517;spread;home;0.0;1.943;1.901;2.162;0;3.25;2.94;1
1636571530-spread-away-1.0-1789902819;2026-09-20T11:13:39.922451+00:00;2026-09-20T11:13:39.922451+00:00;Ukraine - Premier League;Shakhtar Donetsk vs LNZ Cherkasy;1636571530;spread;away;1.0;1.98;1.885;4.798;0;3.75;3.44;1
1635980524-spread-home-0.0-1789902819;2026-09-20T11:13:39.922451+00:00;2026-09-20T11:13:39.922451+00:00;Italy - Serie A;Parma vs Genoa;1635980524;spread;home;0.0;2.19;1.84;15.982;0;1.75;1.44;1
1636569849-spread-away-2.0-1789902819;2026-09-20T11:13:39.922451+00:00;2026-09-20T11:13:39.922451+00:00;Serbia - Super Liga;Crvena Zvezda vs Radnicki Nis;1636569849;spread;away;2.0;1.909;1.877;1.676;0;5.75;5.44;1
1636569769-total-over-2.5-1789902819;2026-09-20T11:13:39.922451+00:00;2026-09-20T11:13:39.922451+00:00;Portugal - Primeira Liga;Vitoria Guimaraes vs Moreirense;1636569769;total;over;2.5;1.901;1.855;2.42;0;3.25;2.94;1
1635980515-spread-away--0.0-1789902819;2026-09-20T11:13:39.922451+00:00;2026-09-20T11:13:39.922451+00:00;France - Ligue 1;Auxerre vs Brest;1635980515;spread;away;-0.0;1.962;1.68;14.373;0;1.75;1.44;1
1635980516-spread-home-0.0-1789902819;2026-09-20T11:13:39.922451+00:00;2026-09-20T11:13:39.922451+00:00;France - Ligue 1;Nice vs Lille;1635980516;spread;home;0.0;1.935;1.87;3.359;0;4.0;3.69;1
1636549979-spread-home--0.5-1789902411;2026-09-20T11:06:51.529589+00:00;2026-09-20T11:20:30.353251+00:00;Germany - Bundesliga 2;Arminia Bielefeld vs Heidenheim;1636549979;spread;home;-0.5;2.01;1.98;1.493;13.65;0.38;0.07;2
1636316317-spread-away-1.0-1789902411;2026-09-20T11:06:51.529589+00:00;2026-09-20T11:20:30.353251+00:00;Czech Republic - First Liga;Slavia Prague vs Viktoria Plzen;1636316317;spread;away;1.0;1.952;1.855;4.969;13.65;4.87;4.56;2
1636498189-spread-home--0.5-1789902411;2026-09-20T11:06:51.529589+00:00;2026-09-20T11:20:30.353251+00:00;Norway - Eliteserien;Valerenga vs Fredrikstad;1636498189;spread;home;-0.5;2.03;1.99;1.97;13.65;1.37;1.06;2
1636578411-spread-home--0.5-1789903230;2026-09-20T11:20:30.353251+00:00;2026-09-20T11:20:30.353251+00:00;Bulgaria - Second League;Etar Veliko Tarnovo vs Chernomorets 1919 Burgas;1636578411;spread;home;-0.5;1.893;1.833;3.17;0;6.16;5.85;1
1636571521-spread-home-0.5-1789903230;2026-09-20T11:20:30.353251+00:00;2026-09-20T11:20:30.353251+00:00;Netherlands - Eerste Divisie;De Graafschap vs NAC Breda;1636571521;spread;home;0.5;1.909;1.877;1.676;0;3.41;3.1;1
1636688809-spread-home-0.0-1789903230;2026-09-20T11:20:30.353251+00:00;2026-09-20T11:20:30.353251+00:00;Uruguay - Primera Division;Albion vs Juventud;1636688809;spread;home;0.0;1.962;1.909;2.701;0;1.65;1.35;1
1636578439-spread-home-0.0-1789903230;2026-09-20T11:20:30.353251+00:00;2026-09-20T11:20:30.353251+00:00;Argentina - Primera B Nacional;Guemes vs Ferrocarril Midland;1636578439;spread;home;0.0;1.98;1.909;3.586;0;8.65;8.34;1
1636578439-spread-away--0.0-1789903230;2026-09-20T11:20:30.353251+00:00;2026-09-20T11:20:30.353251+00:00;Argentina - Primera B Nacional;Guemes vs Ferrocarril Midland;1636578439;spread;away;-0.0;1.877;1.813;3.41;0;8.65;8.34;1
1636555259-spread-home-0.5-1789903230;2026-09-20T11:20:30.353251+00:00;2026-09-20T11:20:30.353251+00:00;Italy - Serie C Group B;Vado vs Pescara;1636555259;spread;home;0.5;1.943;1.87;3.757;0;1.15;0.84;1
1636498193-spread-home--0.5-1789903230;2026-09-20T11:20:30.353251+00:00;2026-09-20T11:20:30.353251+00:00;Iceland - Premier League;IA Akranes vs Breidablik;1636498193;spread;home;-0.5;1.885;1.847;2.016;0;4.65;4.34;1
1635980524-spread-away--0.0-1789903230;2026-09-20T11:20:30.353251+00:00;2026-09-20T11:20:30.353251+00:00;Italy - Serie A;Parma vs Genoa;1635980524;spread;away;-0.0;1.893;1.775;6.233;0;1.65;1.34;1
1635984816-total-under-2.5-1789903230;2026-09-20T11:20:30.353251+00:00;2026-09-20T11:20:30.353251+00:00;Italy - Serie A;Juventus vs Atalanta;1635984816;total;under;2.5;2.01;1.971;1.94;0;4.65;4.34;1
1636498195-spread-home--0.5-1789903230;2026-09-20T11:20:30.353251+00:00;2026-09-20T11:20:30.353251+00:00;Italy - Serie B;Hellas Verona vs Vicenza;1636498195;spread;home;-0.5;1.917;1.84;4.017;0;1.65;1.34;1
1636498195-spread-away-0.5-1789903230;2026-09-20T11:20:30.353251+00:00;2026-09-20T11:20:30.353251+00:00;Italy - Serie B;Hellas Verona vs Vicenza;1636498195;spread;away;0.5;1.99;1.943;2.362;0;1.65;1.34;1
1635980515-spread-home-0.0-1789903230;2026-09-20T11:20:30.353251+00:00;2026-09-20T11:20:30.353251+00:00;France - Ligue 1;Auxerre vs Brest;1635980515;spread;home;0.0;2.1;1.833;12.714;0;1.65;1.34;1
1636007497-spread-home-0.5-1789903230;2026-09-20T11:20:30.353251+00:00;2026-09-20T11:20:30.353251+00:00;Argentina - Liga Pro;San Lorenzo vs Boca Juniors;1636007497;spread;home;0.5;1.855;1.833;1.186;0;6.4;6.09;1
1635918928-spread-away--0.0-1789903230;2026-09-20T11:20:30.353251+00:00;2026-09-20T11:20:30.353251+00:00;England - Premier League;Bournemouth vs Liverpool;1635918928;spread;away;-0.0;1.84;1.82;1.087;0;1.65;1.34;1
1636572902-spread-away--0.0-1789903230;2026-09-20T11:20:30.353251+00:00;2026-09-20T11:20:30.353251+00:00;Turkey - 1st League;Mardin 1969 vs Kayserispor;1636572902;spread;away;-0.0;2.01;1.885;6.219;0;5.65;5.34;1
1635992346-spread-away--0.0-1789903230;2026-09-20T11:20:30.353251+00:00;2026-09-20T11:20:30.353251+00:00;Spain - La Liga;Valencia vs Real Sociedad;1635992346;spread;away;-0.0;2.0;1.877;6.15;0;7.64;7.34;1
1635995377-spread-away--0.0-1789903230;2026-09-20T11:20:30.353251+00:00;2026-09-20T11:20:30.353251+00:00;Spain - La Liga;Deportivo La Coruna vs Real Betis;1635995377;spread;away;-0.0;2.0;1.935;3.25;0;5.14;4.84;1
1635992345-spread-home-0.5-1789903230;2026-09-20T11:20:30.353251+00:00;2026-09-20T11:20:30.353251+00:00;Spain - La Liga;Villarreal vs Levante;1635992345;spread;home;0.5;2.0;1.98;1.0;0;5.14;4.84;1
1636498762-spread-home-0.0-1789903230;2026-09-20T11:20:30.353251+00:00;2026-09-20T11:20:30.353251+00:00;Poland - Ekstraklasa;Jagiellonia Bialystok vs Legia Warsaw;1636498762;spread;home;0.0;2.04;1.763;13.578;0;4.14;3.83;1
1636483855-spread-away--0.0-1789903230;2026-09-20T11:20:30.353251+00:00;2026-09-20T11:20:30.353251+00:00;Denmark - Superliga;Sonderjyske vs Randers;1636483855;spread;away;-0.0;1.909;1.82;4.662;0;0.64;0.33;1
1636660506-spread-away-0.5-1789903230;2026-09-20T11:20:30.353251+00:00;2026-09-20T11:20:30.353251+00:00;Albania - 1st Division;Pogradeci vs Flamurtari Vlore;1636660506;spread;away;0.5;1.962;1.833;6.575;0;0.14;0;1
1636549991-spread-away--0.0-1789903230;2026-09-20T11:20:30.353251+00:00;2026-09-20T11:20:30.353251+00:00;Sweden - Allsvenskan;Kalmar vs Hacken;1636549991;spread;away;-0.0;1.971;1.84;6.646;0;0.64;0.33;1
1636549991-spread-home-0.0-1789903230;2026-09-20T11:20:30.353251+00:00;2026-09-20T11:20:30.353251+00:00;Sweden - Allsvenskan;Kalmar vs Hacken;1636549991;spread;home;0.0;2.04;1.794;12.059;0;0.64;0.33;1
1636569764-spread-away--0.0-1789903230;2026-09-20T11:20:30.353251+00:00;2026-09-20T11:20:30.353251+00:00;Spain - Segunda Division;Ceuta vs Real Valladolid;1636569764;spread;away;-0.0;1.826;1.787;2.136;0;2.88;2.58;1
1636739055-total-over-2.5-1789903230;2026-09-20T11:20:30.353251+00:00;2026-09-20T11:20:30.353251+00:00;Kosovo - Superliga;Drenica vs Llapi;1636739055;total;over;2.5;1.971;1.943;1.421;0;5.63;5.33;1
1636738951-spread-away--1.5-1789903230;2026-09-20T11:20:30.353251+00:00;2026-09-20T11:20:30.353251+00:00;Hungary - NB 3;1908 Szac Budapest vs Bicskei;1636738951;spread;away;-1.5;1.926;1.893;1.713;0;2.63;2.32;1
1636571533-spread-away-1.5-1789903230;2026-09-20T11:20:30.353251+00:00;2026-09-20T11:20:30.353251+00:00;Ghana - Premier League;Hearts of Oak vs Bechem United;1636571533;spread;away;1.5;1.87;1.813;3.048;0;3.63;3.32;1
1635985127-spread-away-2.0-1789902819;2026-09-20T11:13:39.922451+00:00;2026-09-20T11:27:26.372008+00:00;Germany - Bundesliga 2;Hannover 96 vs Bochum;1635985127;spread;away;2.0;1.926;1.833;4.829;13.77;0.27;0;2
1636572913-spread-away--1.0-1789902819;2026-09-20T11:13:39.922451+00:00;2026-09-20T11:27:26.372008+00:00;Hungary - NB 1;Nyiregyhaza Spartacus vs Ferencvaros;1636572913;spread;away;-1.0;1.862;1.82;2.256;13.77;6.26;5.95;2
1636506143-spread-home--0.5-1789902819;2026-09-20T11:13:39.922451+00:00;2026-09-20T11:27:26.372008+00:00;Germany - 3. Liga;Rot-Weiss Essen vs Hansa Rostock;1636506143;spread;home;-0.5;2.04;1.952;4.314;13.77;0.26;0;2
1637053180-total-over-2.5-1789903646;2026-09-20T11:27:26.372008+00:00;2026-09-20T11:27:26.372008+00:00;Spain - Tercera Division;Galapagar vs Las Rozas;1637053180;total;over;2.5;1.926;1.885;2.129;0;3.04;2.73;1
1636663138-spread-home-0.5-1789903646;2026-09-20T11:27:26.372008+00:00;2026-09-20T11:27:26.372008+00:00;Spain - Tercera Division;L Entregu vs UP Langreo;1636663138;spread;home;0.5;1.794;1.763;1.728;0;4.54;4.23;1
1635984816-total-over-2.5-1789903646;2026-09-20T11:27:26.372008+00:00;2026-09-20T11:27:26.372008+00:00;Italy - Serie A;Juventus vs Atalanta;1635984816;total;over;2.5;1.926;1.82;5.504;0;4.53;4.23;1
1636498762-spread-away--0.0-1789903646;2026-09-20T11:27:26.372008+00:00;2026-09-20T11:27:26.372008+00:00;Poland - Ekstraklasa;Jagiellonia Bialystok vs Legia Warsaw;1636498762;spread;away;-0.0;1.962;1.855;5.454;0;4.03;3.72;1
1636868472-spread-home-0.5-1789903646;2026-09-20T11:27:26.372008+00:00;2026-09-20T11:27:26.372008+00:00;Turkey - 2nd League;Kahramanmaras Istiklal vs Sakaryaspor;1636868472;spread;home;0.5;2.02;1.98;1.98;0;0.52;0.22;1
1636555238-spread-away-1.0-1789903646;2026-09-20T11:27:26.372008+00:00;2026-09-20T11:27:26.372008+00:00;Sweden - Allsvenskan;Djurgardens vs Elfsborg;1636555238;spread;away;1.0;2.01;1.962;2.388;0;0.52;0.22;1
1635985127-spread-home--0.5-1789903646;2026-09-20T11:27:26.372008+00:00;2026-09-20T11:27:26.372008+00:00;Germany - Bundesliga 2;Hannover 96 vs Bochum;1635985127;spread;home;-0.5;2.01;1.971;1.94;0;0.02;0;1
1636571521-spread-away--0.5-1789904055;2026-09-20T11:34:15.490508+00:00;2026-09-20T11:34:15.490508+00:00;Netherlands - Eerste Divisie;De Graafschap vs NAC Breda;1636571521;spread;away;-0.5;1.98;1.806;8.788;0;3.18;2.87;1
1636688809-spread-away--0.0-1789904055;2026-09-20T11:34:15.490508+00:00;2026-09-20T11:34:15.490508+00:00;Uruguay - Primera Division;Albion vs Juventud;1636688809;spread;away;-0.0;1.893;1.806;4.596;0;1.43;1.12;1
1636572953-spread-home-0.0-1789904055;2026-09-20T11:34:15.490508+00:00;2026-09-20T11:34:15.490508+00:00;Brazil - Serie B;Londrina vs Fortaleza;1636572953;spread;home;0.0;2.06;1.926;6.505;0;9.92;9.62;1
1636572953-spread-away--0.0-1789904055;2026-09-20T11:34:15.490508+00:00;2026-09-20T11:34:15.490508+00:00;Brazil - Serie B;Londrina vs Fortaleza;1636572953;spread;away;-0.0;1.84;1.794;2.5;0;9.92;9.62;1
1635992346-spread-home-0.0-1789904055;2026-09-20T11:34:15.490508+00:00;2026-09-20T11:34:15.490508+00:00;Spain - La Liga;Valencia vs Real Sociedad;1635992346;spread;home;0.0;2.06;1.806;12.33;0;7.42;7.12;1
1635995377-spread-home-0.0-1789904055;2026-09-20T11:34:15.490508+00:00;2026-09-20T11:34:15.490508+00:00;Spain - La Liga;Deportivo La Coruna vs Real Betis;1635995377;spread;home;0.0;1.877;1.752;6.66;0;4.92;4.62;1
1636572910-spread-home-0.0-1789904055;2026-09-20T11:34:15.490508+00:00;2026-09-20T11:34:15.490508+00:00;Belgium - Pro League;KV Kortrijk vs Beveren;1636572910;spread;home;0.0;2.0;1.901;4.95;0;5.67;5.37;1
1636572910-spread-away--0.0-1789904055;2026-09-20T11:34:15.490508+00:00;2026-09-20T11:34:15.490508+00:00;Belgium - Pro League;KV Kortrijk vs Beveren;1636572910;spread;away;-0.0;1.909;1.82;4.662;0;5.67;5.37;1
1636555259-spread-away--0.5-1789904055;2026-09-20T11:34:15.490508+00:00;2026-09-20T11:34:15.490508+00:00;Italy - Serie C Group B;Vado vs Pescara;1636555259;spread;away;-0.5;1.99;1.787;10.201;0;0.92;0.62;1
1636739055-spread-home-0.0-1789904055;2026-09-20T11:34:15.490508+00:00;2026-09-20T11:34:15.490508+00:00;Kosovo - Superliga;Drenica vs Llapi;1636739055;spread;home;0.0;1.901;1.862;2.052;0;5.42;5.12;1
1636483855-spread-home-0.0-1789904055;2026-09-20T11:34:15.490508+00:00;2026-09-20T11:34:15.490508+00:00;Denmark - Superliga;Sonderjyske vs Randers;1636483855;spread;home;0.0;2.11;1.82;13.744;0;0.42;0.11;1
1636569764-spread-home-0.0-1789904055;2026-09-20T11:34:15.490508+00:00;2026-09-20T11:34:15.490508+00:00;Spain - Segunda Division;Ceuta vs Real Valladolid;1636569764;spread;home;0.0;2.15;1.917;10.837;0;2.67;2.36;1
1636549994-spread-home--0.5-1789904055;2026-09-20T11:34:15.490508+00:00;2026-09-20T11:34:15.490508+00:00;Denmark - Division 1;AaB vs Vendsyssel;1636549994;spread;home;-0.5;1.909;1.806;5.395;0;0.42;0.11;1
1636007497-spread-away--0.5-1789904055;2026-09-20T11:34:15.490508+00:00;2026-09-20T11:34:15.490508+00:00;Argentina - Liga Pro;San Lorenzo vs Boca Juniors;1636007497;spread;away;-0.5;2.08;1.87;10.096;0;6.17;5.86;1
1636569770-spread-home-0.0-1789904055;2026-09-20T11:34:15.490508+00:00;2026-09-20T11:34:15.490508+00:00;Sweden - Allsvenskan;Mjallby vs GAIS;1636569770;spread;home;0.0;2.02;1.971;2.426;0;2.92;2.61;1
1636569770-spread-away--0.0-1789904055;2026-09-20T11:34:15.490508+00:00;2026-09-20T11:34:15.490508+00:00;Sweden - Allsvenskan;Mjallby vs GAIS;1636569770;spread;away;-0.0;1.862;1.775;4.672;0;2.92;2.61;1
1636554001-spread-away--0.5-1789904055;2026-09-20T11:34:15.490508+00:00;2026-09-20T11:34:15.490508+00:00;Sweden - Allsvenskan;Halmstads vs AIK;1636554001;spread;away;-0.5;1.909;1.826;4.348;0;0.42;0.11;1
1636498193-spread-away-0.5-1789904055;2026-09-20T11:34:15.490508+00:00;2026-09-20T11:34:15.490508+00:00;Iceland - Premier League;IA Akranes vs Breidablik;1636498193;spread;away;0.5;2.01;1.833;8.806;0;4.41;4.11;1
1636571533-total-under-2.5-1789904055;2026-09-20T11:34:15.490508+00:00;2026-09-20T11:34:15.490508+00:00;Ghana - Premier League;Hearts of Oak vs Bechem United;1636571533;total;under;2.5;1.971;1.794;8.98;0;3.41;3.11;1
1635918928-spread-home-0.0-1789904055;2026-09-20T11:34:15.490508+00:00;2026-09-20T11:34:15.490508+00:00;England - Premier League;Bournemouth vs Liverpool;1635918928;spread;home;0.0;1.99;1.901;4.472;0;1.41;1.11;1
1635920597-spread-home-0.0-1789904055;2026-09-20T11:34:15.490508+00:00;2026-09-20T11:34:15.490508+00:00;England - Premier League;Fulham vs Manchester United;1635920597;spread;home;0.0;1.885;1.84;2.387;0;3.91;3.61;1
1635920597-spread-away--0.0-1789904055;2026-09-20T11:34:15.490508+00:00;2026-09-20T11:34:15.490508+00:00;England - Premier League;Fulham vs Manchester United;1635920597;spread;away;-0.0;1.926;1.901;1.298;0;3.91;3.61;1
1636549988-spread-home-0.0-1789904055;2026-09-20T11:34:15.490508+00:00;2026-09-20T11:34:15.490508+00:00;Switzerland - Super League;FC Vaduz vs Thun;1636549988;spread;home;0.0;1.926;1.87;2.908;0;0.41;0.11;1
1636549988-spread-away--0.0-1789904055;2026-09-20T11:34:15.490508+00:00;2026-09-20T11:34:15.490508+00:00;Switzerland - Super League;FC Vaduz vs Thun;1636549988;spread;away;-0.0;2.04;1.806;11.471;0;0.41;0.11;1
1635980524-spread-home-0.0-1789904055;2026-09-20T11:34:15.490508+00:00;2026-09-20T11:34:15.490508+00:00;Italy - Serie A;Parma vs Genoa;1635980524;spread;home;0.0;2.19;1.84;15.982;0;1.41;1.1;1
1635980515-spread-away--0.0-1789904055;2026-09-20T11:34:15.490508+00:00;2026-09-20T11:34:15.490508+00:00;France - Ligue 1;Auxerre vs Brest;1635980515;spread;away;-0.0;1.962;1.68;14.373;0;1.41;1.1;1
1635980516-spread-home-0.0-1789904055;2026-09-20T11:34:15.490508+00:00;2026-09-20T11:34:15.490508+00:00;France - Ligue 1;Nice vs Lille;1635980516;spread;home;0.0;1.935;1.87;3.359;0;3.66;3.35;1
1636048898-total-over-2.5-1789904055;2026-09-20T11:34:15.490508+00:00;2026-09-20T11:34:15.490508+00:00;Brazil - Serie A;Vitoria vs Cruzeiro;1636048898;total;over;2.5;1.893;1.87;1.215;0;7.41;7.1;1
1636557973-spread-home-0.0-1789903646;2026-09-20T11:27:26.372008+00:00;2026-09-20T11:40:57.687706+00:00;Denmark - Division 1;Fredericia vs Vejle;1636557973;spread;home;0.0;1.847;1.787;3.249;13.52;1.54;1.23;2
1636569849-spread-home--2.0-1789903646;2026-09-20T11:27:26.372008+00:00;2026-09-20T11:40:57.687706+00:00;Serbia - Super Liga;Crvena Zvezda vs Radnicki Nis;1636569849;spread;home;-2.0;1.893;1.826;3.539;13.52;5.53;5.23;2
1636571530-spread-home--1.0-1789903646;2026-09-20T11:27:26.372008+00:00;2026-09-20T11:40:57.687706+00:00;Ukraine - Premier League;Shakhtar Donetsk vs LNZ Cherkasy;1636571530;spread;home;-1.0;1.917;1.746;8.92;13.52;3.53;3.22;2
1636571521-spread-home-0.5-1789904457;2026-09-20T11:40:57.687706+00:00;2026-09-20T11:40:57.687706+00:00;Netherlands - Eerste Divisie;De Graafschap vs NAC Breda;1636571521;spread;home;0.5;1.909;1.877;1.676;0;3.07;2.76;1
1636688809-spread-home-0.0-1789904457;2026-09-20T11:40:57.687706+00:00;2026-09-20T11:40:57.687706+00:00;Uruguay - Primera Division;Albion vs Juventud;1636688809;spread;home;0.0;1.962;1.909;2.701;0;1.32;1.01;1
1636572902-spread-away--0.0-1789904457;2026-09-20T11:40:57.687706+00:00;2026-09-20T11:40:57.687706+00:00;Turkey - 1st League;Mardin 1969 vs Kayserispor;1636572902;spread;away;-0.0;2.01;1.885;6.219;0;5.32;5.01;1
1636498195-spread-home--0.5-1789904457;2026-09-20T11:40:57.687706+00:00;2026-09-20T11:40:57.687706+00:00;Italy - Serie B;Hellas Verona vs Vicenza;1636498195;spread;home;-0.5;1.917;1.84;4.017;0;1.31;1.01;1
1636498195-spread-away-0.5-1789904457;2026-09-20T11:40:57.687706+00:00;2026-09-20T11:40:57.687706+00:00;Italy - Serie B;Hellas Verona vs Vicenza;1636498195;spread;away;0.5;1.99;1.943;2.362;0;1.31;1.01;1
1635992346-spread-away--0.0-1789904457;2026-09-20T11:40:57.687706+00:00;2026-09-20T11:40:57.687706+00:00;Spain - La Liga;Valencia vs Real Sociedad;1635992346;spread;away;-0.0;2.0;1.877;6.15;0;7.31;7.01;1
1635995377-spread-away--0.0-1789904457;2026-09-20T11:40:57.687706+00:00;2026-09-20T11:40:57.687706+00:00;Spain - La Liga;Deportivo La Coruna vs Real Betis;1635995377;spread;away;-0.0;2.0;1.935;3.25;0;4.81;4.51;1
1636578439-spread-home-0.0-1789904457;2026-09-20T11:40:57.687706+00:00;2026-09-20T11:40:57.687706+00:00;Argentina - Primera B Nacional;Guemes vs Ferrocarril Midland;1636578439;spread;home;0.0;1.98;1.909;3.586;0;8.31;8.01;1
1636578439-spread-away--0.0-1789904457;2026-09-20T11:40:57.687706+00:00;2026-09-20T11:40:57.687706+00:00;Argentina - Primera B Nacional;Guemes vs Ferrocarril Midland;1636578439;spread;away;-0.0;1.877;1.813;3.41;0;8.31;8.01;1
1636555259-spread-home-0.5-1789904457;2026-09-20T11:40:57.687706+00:00;2026-09-20T11:40:57.687706+00:00;Italy - Serie C Group B;Vado vs Pescara;1636555259;spread;home;0.5;1.943;1.87;3.757;0;0.81;0.51;1
1636268570-spread-home-0.0-1789904457;2026-09-20T11:40:57.687706+00:00;2026-09-20T11:40:57.687706+00:00;Colombia - Primera A;Fortaleza CEIF vs Junior de Barranquilla;1636268570;spread;home;0.0;2.05;2.02;1.463;0;7.31;7.0;1
1636569764-spread-away--0.0-1789904457;2026-09-20T11:40:57.687706+00:00;2026-09-20T11:40:57.687706+00:00;Spain - Segunda Division;Ceuta vs Real Valladolid;1636569764;spread;away;-0.0;1.826;1.787;2.136;0;2.56;2.25;1
1636549994-total-under-2.5-1789904457;2026-09-20T11:40:57.687706+00:00;2026-09-20T11:40:57.687706+00:00;Denmark - Division 1;AaB vs Vendsyssel;1636549994;total;under;2.5;2.0;1.962;1.9;0;0.31;0;1
1636007497-spread-home-0.5-1789904457;2026-09-20T11:40:57.687706+00:00;2026-09-20T11:40:57.687706+00:00;Argentina - Liga Pro;San Lorenzo vs Boca Juniors;1636007497;spread;home;0.5;1.855;1.833;1.186;0;6.06;5.75;1
1636549991-spread-away--0.0-1789904457;2026-09-20T11:40:57.687706+00:00;2026-09-20T11:40:57.687706+00:00;Sweden - Allsvenskan;Kalmar vs Hacken;1636549991;spread;away;-0.0;1.971;1.917;2.74;0;0.3;0;1
1636549991-spread-home-0.0-1789904457;2026-09-20T11:40:57.687706+00:00;2026-09-20T11:40:57.687706+00:00;Sweden - Allsvenskan;Kalmar vs Hacken;1636549991;spread;home;0.0;1.952;1.794;8.094;0;0.3;0;1
1636498193-spread-home--0.5-1789904457;2026-09-20T11:40:57.687706+00:00;2026-09-20T11:40:57.687706+00:00;Iceland - Premier League;IA Akranes vs Breidablik;1636498193;spread;home;-0.5;1.885;1.847;2.016;0;4.3;4.0;1
1636836511-spread-away-1.5-1789904457;2026-09-20T11:40:57.687706+00:00;2026-09-20T11:40:57.687706+00:00;Bosnia and Herzegovina - 1st League;Stupcanica Olovo vs Buducnost Banovici;1636836511;spread;away;1.5;1.962;1.917;2.294;0;1.8;1.5;1
1636498762-spread-home-0.0-1789904457;2026-09-20T11:40:57.687706+00:00;2026-09-20T11:40:57.687706+00:00;Poland - Ekstraklasa;Jagiellonia Bialystok vs Legia Warsaw;1636498762;spread;home;0.0;2.04;1.763;13.578;0;3.8;3.49;1
1635918926-spread-away--0.5-1789904457;2026-09-20T11:40:57.687706+00:00;2026-09-20T11:40:57.687706+00:00;England - Premier League;Leeds United vs Crystal Palace;1635918926;spread;away;-0.5;1.806;1.775;1.717;0;1.3;0.99;1
1635918928-spread-away--0.0-1789904457;2026-09-20T11:40:57.687706+00:00;2026-09-20T11:40:57.687706+00:00;England - Premier League;Bournemouth vs Liverpool;1635918928;spread;away;-0.0;1.84;1.82;1.087;0;1.3;0.99;1
1635980524-spread-away--0.0-1789904457;2026-09-20T11:40:57.687706+00:00;2026-09-20T11:40:57.687706+00:00;Italy - Serie A;Parma vs Genoa;1635980524;spread;away;-0.0;1.893;1.775;6.233;0;1.3;0.99;1
1636654299-spread-home--0.5-1789904457;2026-09-20T11:40:57.687706+00:00;2026-09-20T11:40:57.687706+00:00;Albania - 1st Division;Kukesi vs Korabi Peshkopi;1636654299;spread;home;-0.5;1.926;1.893;1.713;0;2.29;1.99;1
1635980515-spread-home-0.0-1789904457;2026-09-20T11:40:57.687706+00:00;2026-09-20T11:40:57.687706+00:00;France - Ligue 1;Auxerre vs Brest;1635980515;spread;home;0.0;2.1;1.833;12.714;0;1.29;0.99;1
1636578422-spread-home--2.0-1789904457;2026-09-20T11:40:57.687706+00:00;2026-09-20T11:40:57.687706+00:00;Croatia - HNL;Dinamo Zagreb vs Lokomotiva Zagreb;1636578422;spread;home;-2.0;1.877;1.855;1.172;0;6.29;5.99;1
1636660570-spread-away--0.0-1789904457;2026-09-20T11:40:57.687706+00:00;2026-09-20T11:40:57.687706+00:00;Greece - Super League 2;Kallithea vs Panserraikos;1636660570;spread;away;-0.0;2.07;1.893;8.551;0;0.04;0;1
1636506141-spread-home-0.5-1789904055;2026-09-20T11:34:15.490508+00:00;2026-09-20T11:47:44.436163+00:00;Turkey - Super League;Amedspor vs Besiktas;1636506141;spread;home;0.5;2.06;2.0;2.913;13.48;5.41;5.11;2
1635984816-total-under-2.5-1789904457;2026-09-20T11:40:57.687706+00:00;2026-09-20T11:47:44.436163+00:00;Italy - Serie A;Juventus vs Atalanta;1635984816;total;under;2.5;2.01;1.893;5.821;6.78;4.3;3.99;2
1636518714-spread-away-0.5-1789904864;2026-09-20T11:47:44.436163+00:00;2026-09-20T11:47:44.436163+00:00;Slovenia - 3. SNL;Sencur vs Rudar Trbovlje;1636518714;spread;away;0.5;1.877;1.82;3.037;0;5.7;5.4;1
1636554008-spread-home-0.5-1789904864;2026-09-20T11:47:44.436163+00:00;2026-09-20T11:47:44.436163+00:00;Serbia - Prva Liga;Teleoptik vs Borac Cacak;1636554008;spread;home;0.5;1.794;1.775;1.059;0;0.2;0;1
1636537316-spread-away--1.0-1789904864;2026-09-20T11:47:44.436163+00:00;2026-09-20T11:47:44.436163+00:00;Greece - Super League;Panetolikos vs PAOK;1636537316;spread;away;-1.0;1.909;1.862;2.462;0;6.2;5.9;1
1636554003-total-under-2.5-1789904864;2026-09-20T11:47:44.436163+00:00;2026-09-20T11:47:44.436163+00:00;Thailand - League 1;Bangkok United vs BG Pathum United;1636554003;total;under;2.5;1.893;1.84;2.8;0;0.2;0;1
1636581384-spread-away--0.0-1789904864;2026-09-20T11:47:44.436163+00:00;2026-09-20T11:47:44.436163+00:00;Argentina - Primera B Nacional;Chacarita Juniors vs Quilmes;1636581384;spread;away;-0.0;1.98;1.935;2.273;0;6.2;5.9;1
1636592252-spread-away--0.0-1789904864;2026-09-20T11:47:44.436163+00:00;2026-09-20T11:47:44.436163+00:00;Thailand - League 2;Uttaradit FC vs Chanthaburi;1636592252;spread;away;-0.0;1.971;1.943;1.421;0;0.2;0;1
1636739055-spread-away--0.0-1789904864;2026-09-20T11:47:44.436163+00:00;2026-09-20T11:47:44.436163+00:00;Kosovo - Superliga;Drenica vs Llapi;1636739055;spread;away;-0.0;1.847;1.746;5.468;0;5.2;4.89;1
1636498749-spread-home-0.0-1789904864;2026-09-20T11:47:44.436163+00:00;2026-09-20T11:47:44.436163+00:00;Switzerland - Challenge League;Yverdon-Sport vs Stade Lausanne Ouchy;1636498749;spread;home;0.0;1.84;1.794;2.5;0;0.19;0;1
1636590065-spread-home-0.5-1789904864;2026-09-20T11:47:44.436163+00:00;2026-09-20T11:47:44.436163+00:00;Iceland - Premier League;Keflavik vs Fram Reykjavik;1636590065;spread;home;0.5;2.01;1.847;8.109;0;4.19;3.89;1
1636571554-total-over-2.5-1789904864;2026-09-20T11:47:44.436163+00:00;2026-09-20T11:47:44.436163+00:00;Saudi Arabia - Division 1;Al-Jabalain vs Al Orubah;1636571554;total;over;2.5;1.935;1.885;2.584;0;4.1;3.8;1
1636498762-spread-away--0.0-1789904864;2026-09-20T11:47:44.436163+00:00;2026-09-20T11:47:44.436163+00:00;Poland - Ekstraklasa;Jagiellonia Bialystok vs Legia Warsaw;1636498762;spread;away;-0.0;1.962;1.855;5.454;0;3.69;3.38;1
1635984817-spread-home-0.5-1789904864;2026-09-20T11:47:44.436163+00:00;2026-09-20T11:47:44.436163+00:00;Italy - Serie A;AC Milan vs Lecce;1635984817;spread;home;0.5;2.0;1.971;1.45;0;6.93;6.63;1
1635980516-total-over-2.5-1789904864;2026-09-20T11:47:44.436163+00:00;2026-09-20T11:47:44.436163+00:00;France - Ligue 1;Nice vs Lille;1635980516;total;over;2.5;1.84;1.8;2.174;0;3.43;3.13;1
1636549994-spread-away-0.5-1789904055;2026-09-20T11:34:15.490508+00:00;2026-09-20T11:54:28.722549+00:00;Denmark - Division 1;AaB vs Vendsyssel;1636549994;spread;away;0.5;1.943;1.833;5.661;20.22;0.42;0.12;3
1636554011-total-under-2.5-1789904457;2026-09-20T11:40:57.687706+00:00;2026-09-20T11:54:28.722549+00:00;Indonesia - Super League;Persijap Jepara vs Persib Bandung;1636554011;total;under;2.5;1.885;1.862;1.22;13.52;0.31;0.01;2
1636555238-spread-home--1.0-1789904457;2026-09-20T11:40:57.687706+00:00;2026-09-20T11:54:28.722549+00:00;Sweden - Allsvenskan;Djurgardens vs Elfsborg;1636555238;spread;home;-1.0;1.909;1.87;2.043;13.52;0.3;0.0;2
1635980446-spread-home--0.5-1789904457;2026-09-20T11:40:57.687706+00:00;2026-09-20T11:54:28.722549+00:00;Austria - Bundesliga;SV Ried vs Wolfsberger AC;1635980446;spread;home;-0.5;2.06;1.952;5.243;13.52;0.8;0.5;2
1635957959-spread-home-1.5-1789904457;2026-09-20T11:40:57.687706+00:00;2026-09-20T11:54:28.722549+00:00;Austria - Bundesliga;Hartberg vs LASK Linz;1635957959;spread;home;1.5;2.02;1.893;6.287;13.52;0.8;0.5;2
1636572953-spread-home-0.0-1789905268;2026-09-20T11:54:28.722549+00:00;2026-09-20T11:54:28.722549+00:00;Brazil - Serie B;Londrina vs Fortaleza;1636572953;spread;home;0.0;2.06;1.926;6.505;0;9.59;9.29;1
1636572953-spread-away--0.0-1789905268;2026-09-20T11:54:28.722549+00:00;2026-09-20T11:54:28.722549+00:00;Brazil - Serie B;Londrina vs Fortaleza;1636572953;spread;away;-0.0;1.84;1.794;2.5;0;9.59;9.29;1
1636555240-spread-away--0.5-1789905268;2026-09-20T11:54:28.722549+00:00;2026-09-20T11:54:28.722549+00:00;Belarus - Premier League;Baranovichi vs FK Gomel;1636555240;spread;away;-0.5;1.935;1.8;6.977;0;0.09;0;1
1636554001-spread-home-0.5-1789905268;2026-09-20T11:54:28.722549+00:00;2026-09-20T11:54:28.722549+00:00;Sweden - Allsvenskan;Halmstads vs AIK;1636554001;spread;home;0.5;1.943;1.87;3.757;0;0.08;0;1
1636554001-spread-away--0.5-1789905268;2026-09-20T11:54:28.722549+00:00;2026-09-20T11:54:28.722549+00:00;Sweden - Allsvenskan;Halmstads vs AIK;1636554001;spread;away;-0.5;2.0;1.826;8.7;0;0.08;0;1
1636569770-spread-home-0.0-1789905268;2026-09-20T11:54:28.722549+00:00;2026-09-20T11:54:28.722549+00:00;Sweden - Allsvenskan;Mjallby vs GAIS;1636569770;spread;home;0.0;2.02;1.971;2.426;0;2.58;2.28;1
1636569770-spread-away--0.0-1789905268;2026-09-20T11:54:28.722549+00:00;2026-09-20T11:54:28.722549+00:00;Sweden - Allsvenskan;Mjallby vs GAIS;1636569770;spread;away;-0.0;1.862;1.775;4.672;0;2.58;2.28;1
1636498755-spread-home-0.0-1789905268;2026-09-20T11:54:28.722549+00:00;2026-09-20T11:54:28.722549+00:00;Bulgaria - First League;Spartak Varna vs Lokomotiv Sofia;1636498755;spread;home;0.0;1.99;1.943;2.362;0;0.33;0.03;1
1636571521-spread-away--0.5-1789905268;2026-09-20T11:54:28.722549+00:00;2026-09-20T11:54:28.722549+00:00;Netherlands - Eerste Divisie;De Graafschap vs NAC Breda;1636571521;spread;away;-0.5;1.98;1.813;8.434;0;2.83;2.53;1
1636007497-spread-away--0.5-1789905268;2026-09-20T11:54:28.722549+00:00;2026-09-20T11:54:28.722549+00:00;Argentina - Liga Pro;San Lorenzo vs Boca Juniors;1636007497;spread;away;-0.5;2.09;1.87;10.526;0;5.83;5.53;1
1636572910-spread-home-0.0-1789905268;2026-09-20T11:54:28.722549+00:00;2026-09-20T11:54:28.722549+00:00;Belgium - Pro League;KV Kortrijk vs Beveren;1636572910;spread;home;0.0;2.0;1.901;4.95;0;5.33;5.03;1
1636572910-spread-away--0.0-1789905268;2026-09-20T11:54:28.722549+00:00;2026-09-20T11:54:28.722549+00:00;Belgium - Pro League;KV Kortrijk vs Beveren;1636572910;spread;away;-0.0;1.909;1.82;4.662;0;5.33;5.03;1
1636498193-spread-away-0.5-1789905268;2026-09-20T11:54:28.722549+00:00;2026-09-20T11:54:28.722549+00:00;Iceland - Premier League;IA Akranes vs Breidablik;1636498193;spread;away;0.5;2.01;1.833;8.806;0;4.08;3.78;1
1636537540-spread-away-0.5-1789905268;2026-09-20T11:54:28.722549+00:00;2026-09-20T11:54:28.722549+00:00;Indonesia - Championship;Semen Padang vs PSIS Semarang;1636537540;spread;away;0.5;1.962;1.877;4.332;0;0.08;0;1
1636554011-spread-home-1.5-1789905268;2026-09-20T11:54:28.722549+00:00;2026-09-20T11:54:28.722549+00:00;Indonesia - Super League;Persijap Jepara vs Persib Bandung;1636554011;spread;home;1.5;1.943;1.806;7.051;0;0.08;0;1
1635918928-spread-home-0.0-1789905268;2026-09-20T11:54:28.722549+00:00;2026-09-20T11:54:28.722549+00:00;England - Premier League;Bournemouth vs Liverpool;1635918928;spread;home;0.0;1.99;1.901;4.472;0;1.08;0.78;1
1635920597-spread-home-0.0-1789905268;2026-09-20T11:54:28.722549+00:00;2026-09-20T11:54:28.722549+00:00;England - Premier League;Fulham vs Manchester United;1635920597;spread;home;0.0;1.885;1.84;2.387;0;3.58;3.28;1
1635920597-spread-away--0.0-1789905268;2026-09-20T11:54:28.722549+00:00;2026-09-20T11:54:28.722549+00:00;England - Premier League;Fulham vs Manchester United;1635920597;spread;away;-0.0;1.926;1.901;1.298;0;3.58;3.28;1
1635985181-spread-home-0.5-1789905268;2026-09-20T11:54:28.722549+00:00;2026-09-20T11:54:28.722549+00:00;Germany - Bundesliga;Bayer Leverkusen vs RB Leipzig;1635985181;spread;home;0.5;1.769;1.741;1.583;0;1.57;1.28;1
1636555259-spread-away--0.5-1789905268;2026-09-20T11:54:28.722549+00:00;2026-09-20T11:54:28.722549+00:00;Italy - Serie C Group B;Vado vs Pescara;1636555259;spread;away;-0.5;1.971;1.787;9.335;0;0.57;0.27;1
1635980515-spread-away--0.0-1789905268;2026-09-20T11:54:28.722549+00:00;2026-09-20T11:54:28.722549+00:00;France - Ligue 1;Auxerre vs Brest;1635980515;spread;away;-0.0;1.962;1.68;14.373;0;1.07;0.77;1
1635980516-spread-home-0.0-1789905268;2026-09-20T11:54:28.722549+00:00;2026-09-20T11:54:28.722549+00:00;France - Ligue 1;Nice vs Lille;1635980516;spread;home;0.0;1.935;1.87;3.359;0;3.32;3.02;1
1636868449-spread-home--1.5-1789905268;2026-09-20T11:54:28.722549+00:00;2026-09-20T11:54:28.722549+00:00;Poland - 4th Liga;Arka Pawlow vs Hetman Wloszczowa;1636868449;spread;home;-1.5;1.775;1.741;1.915;0;2.07;1.77;1
1636868449-spread-away-1.5-1789905268;2026-09-20T11:54:28.722549+00:00;2026-09-20T11:54:28.722549+00:00;Poland - 4th Liga;Arka Pawlow vs Hetman Wloszczowa;1636868449;spread;away;1.5;1.943;1.909;1.75;0;2.07;1.77;1
1636569793-spread-away--1.0-1789905268;2026-09-20T11:54:28.722549+00:00;2026-09-20T11:54:28.722549+00:00;Greece - Super League 2;Olympiakos II vs Marko;1636569793;spread;away;-1.0;1.877;1.758;6.34;0;2.07;1.77;1
1636569764-spread-home-0.0-1789905268;2026-09-20T11:54:28.722549+00:00;2026-09-20T11:54:28.722549+00:00;Spain - Segunda Division;Ceuta vs Real Valladolid;1636569764;spread;home;0.0;2.15;1.917;10.837;0;2.32;2.02;1
1635992346-spread-home-0.0-1789905268;2026-09-20T11:54:28.722549+00:00;2026-09-20T11:54:28.722549+00:00;Spain - La Liga;Valencia vs Real Sociedad;1635992346;spread;home;0.0;2.06;1.806;12.33;0;7.07;6.77;1
1635995377-spread-home-0.0-1789905268;2026-09-20T11:54:28.722549+00:00;2026-09-20T11:54:28.722549+00:00;Spain - La Liga;Deportivo La Coruna vs Real Betis;1635995377;spread;home;0.0;1.877;1.752;6.66;0;4.57;4.27;1
1636688809-spread-away--0.0-1789905268;2026-09-20T11:54:28.722549+00:00;2026-09-20T11:54:28.722549+00:00;Uruguay - Primera Division;Albion vs Juventud;1636688809;spread;away;-0.0;1.893;1.806;4.596;0;1.07;0.77;1
1636549994-spread-home--0.5-1789905268;2026-09-20T11:54:28.722549+00:00;2026-09-20T11:54:28.722549+00:00;Denmark - Division 1;AaB vs Vendsyssel;1636549994;spread;home;-0.5;2.03;1.806;11.034;0;0.07;0;1
1636554003-spread-away-1.0-1789905268;2026-09-20T11:54:28.722549+00:00;2026-09-20T11:54:28.722549+00:00;Thailand - League 1;Bangkok United vs BG Pathum United;1636554003;spread;away;1.0;1.87;1.769;5.401;0;0.07;0;1
1636549988-spread-away--0.0-1789905268;2026-09-20T11:54:28.722549+00:00;2026-09-20T11:54:28.722549+00:00;Switzerland - Super League;FC Vaduz vs Thun;1636549988;spread;away;-0.0;2.0;1.806;9.7;0;0.07;0;1
1636569787-spread-home--1.0-1789905268;2026-09-20T11:54:28.722549+00:00;2026-09-20T11:54:28.722549+00:00;Ghana - Premier League;Port City vs Berekum Chelsea;1636569787;spread;home;-1.0;1.971;1.826;7.357;0;3.07;2.77;1
1636611878-spread-away--2.0-1789905268;2026-09-20T11:54:28.722549+00:00;2026-09-20T11:54:28.722549+00:00;Malaysia - FA Cup;Kelantan WTS vs Kuching City;1636611878;spread;away;-2.0;1.917;1.806;5.79;0;1.07;0.77;1
1636498195-spread-home--0.5-1789905677;2026-09-20T12:01:17.001106+00:00;2026-09-20T12:01:17.001106+00:00;Italy - Serie B;Hellas Verona vs Vicenza;1636498195;spread;home;-0.5;1.862;1.84;1.182;0;0.97;0.68;1
1636498195-spread-away-0.5-1789905677;2026-09-20T12:01:17.001106+00:00;2026-09-20T12:01:17.001106+00:00;Italy - Serie B;Hellas Verona vs Vicenza;1636498195;spread;away;0.5;2.06;1.943;5.68;0;0.97;0.68;1
1636572902-spread-away--0.0-1789905677;2026-09-20T12:01:17.001106+00:00;2026-09-20T12:01:17.001106+00:00;Turkey - 1st League;Mardin 1969 vs Kayserispor;1636572902;spread;away;-0.0;2.01;1.885;6.219;0;4.97;4.68;1
1636554036-spread-away--0.0-1789905677;2026-09-20T12:01:17.001106+00:00;2026-09-20T12:01:17.001106+00:00;Poland - Ekstraklasa;Zaglebie Lubin vs Wisla Plock;1636554036;spread;away;-0.0;2.07;1.794;13.333;0;0.72;0.42;1
1636498762-spread-home-0.0-1789905677;2026-09-20T12:01:17.001106+00:00;2026-09-20T12:01:17.001106+00:00;Poland - Ekstraklasa;Jagiellonia Bialystok vs Legia Warsaw;1636498762;spread;home;0.0;2.04;1.763;13.578;0;3.47;3.17;1
1636007497-spread-home-0.5-1789905677;2026-09-20T12:01:17.001106+00:00;2026-09-20T12:01:17.001106+00:00;Argentina - Liga Pro;San Lorenzo vs Boca Juniors;1636007497;spread;home;0.5;1.855;1.833;1.186;0;5.72;5.42;1
1636498187-spread-home-0.0-1789905677;2026-09-20T12:01:17.001106+00:00;2026-09-20T12:01:17.001106+00:00;Turkey - Super League;Goztepe vs Caykur Rizespor;1636498187;spread;home;0.0;1.98;1.935;2.273;0;4.96;4.67;1
1636578439-spread-home-0.0-1789905677;2026-09-20T12:01:17.001106+00:00;2026-09-20T12:01:17.001106+00:00;Argentina - Primera B Nacional;Guemes vs Ferrocarril Midland;1636578439;spread;home;0.0;1.98;1.909;3.586;0;7.96;7.67;1
1636578439-spread-away--0.0-1789905677;2026-09-20T12:01:17.001106+00:00;2026-09-20T12:01:17.001106+00:00;Argentina - Primera B Nacional;Guemes vs Ferrocarril Midland;1636578439;spread;away;-0.0;1.877;1.813;3.41;0;7.96;7.67;1
1636868484-total-over-2.5-1789905677;2026-09-20T12:01:17.001106+00:00;2026-09-20T12:01:17.001106+00:00;Turkey - 2nd League;68 Aksaray Belediyespor vs Inegol Kafkasspor;1636868484;total;over;2.5;1.847;1.82;1.462;0;0.46;0.17;1
1635918928-spread-away--0.0-1789905677;2026-09-20T12:01:17.001106+00:00;2026-09-20T12:01:17.001106+00:00;England - Premier League;Bournemouth vs Liverpool;1635918928;spread;away;-0.0;1.84;1.82;1.087;0;0.96;0.67;1
1636555259-spread-home-0.5-1789905677;2026-09-20T12:01:17.001106+00:00;2026-09-20T12:01:17.001106+00:00;Italy - Serie C Group B;Vado vs Pescara;1636555259;spread;home;0.5;1.943;1.885;2.985;0;0.46;0.16;1
1635980515-spread-home-0.0-1789905677;2026-09-20T12:01:17.001106+00:00;2026-09-20T12:01:17.001106+00:00;France - Ligue 1;Auxerre vs Brest;1635980515;spread;home;0.0;2.1;1.87;10.952;0;0.96;0.66;1
1636660592-spread-home--0.5-1789905677;2026-09-20T12:01:17.001106+00:00;2026-09-20T12:01:17.001106+00:00;Sweden - Division 2;Lidkopings vs Vanersborgs IF;1636660592;spread;home;-0.5;1.8;1.763;2.056;0;2.96;2.66;1
1636569764-spread-away--0.0-1789905677;2026-09-20T12:01:17.001106+00:00;2026-09-20T12:01:17.001106+00:00;Spain - Segunda Division;Ceuta vs Real Valladolid;1636569764;spread;away;-0.0;1.826;1.787;2.136;0;2.21;1.91;1
1635992346-spread-away--0.0-1789905677;2026-09-20T12:01:17.001106+00:00;2026-09-20T12:01:17.001106+00:00;Spain - La Liga;Valencia vs Real Sociedad;1635992346;spread;away;-0.0;2.0;1.877;6.15;0;6.96;6.66;1
1635995377-spread-away--0.0-1789905677;2026-09-20T12:01:17.001106+00:00;2026-09-20T12:01:17.001106+00:00;Spain - La Liga;Deportivo La Coruna vs Real Betis;1635995377;spread;away;-0.0;2.0;1.935;3.25;0;4.46;4.16;1
1636866531-spread-away-1.5-1789905677;2026-09-20T12:01:17.001106+00:00;2026-09-20T12:01:17.001106+00:00;Brazil - Carioca B2;Paduano vs Barra Mansa;1636866531;spread;away;1.5;1.877;1.8;4.102;0;5.7;5.41;1
1636688809-spread-home-0.0-1789905677;2026-09-20T12:01:17.001106+00:00;2026-09-20T12:01:17.001106+00:00;Uruguay - Primera Division;Albion vs Juventud;1636688809;spread;home;0.0;1.962;1.909;2.701;0;0.95;0.66;1
1635909115-total-under-2.5-1789906074;2026-09-20T12:07:54.233064+00:00;2026-09-20T12:07:54.233064+00:00;Poland - 1st Liga;Pogon Siedlce vs Arka Gdynia;1635909115;total;under;2.5;1.84;1.8;2.174;0;0.37;0.07;1
1636550004-spread-home-0.0-1789906074;2026-09-20T12:07:54.233064+00:00;2026-09-20T12:07:54.233064+00:00;Italy - Serie C Group A;Ospitaletto vs Cittadella;1636550004;spread;home;0.0;2.06;1.99;3.398;0;0.37;0.07;1
1636738956-spread-home--0.5-1789906074;2026-09-20T12:07:54.233064+00:00;2026-09-20T12:07:54.233064+00:00;Bosnia and Herzegovina - 1st League;Omarska vs Slavija Sarajevo;1636738956;spread;home;-0.5;1.917;1.885;1.669;0;1.87;1.57;1
1636498762-spread-away--0.0-1789906074;2026-09-20T12:07:54.233064+00:00;2026-09-20T12:07:54.233064+00:00;Poland - Ekstraklasa;Jagiellonia Bialystok vs Legia Warsaw;1636498762;spread;away;-0.0;1.962;1.855;5.454;0;3.37;3.07;1
1636571562-total-over-2.5-1789906074;2026-09-20T12:07:54.233064+00:00;2026-09-20T12:07:54.233064+00:00;Georgia - Erovnuli Liga 2;Shturmi vs Gareji;1636571562;total;over;2.5;1.901;1.877;1.262;0;3.86;3.56;1
1635984816-total-under-2.5-1789906074;2026-09-20T12:07:54.233064+00:00;2026-09-20T12:07:54.233064+00:00;Italy - Serie A;Juventus vs Atalanta;1635984816;total;under;2.5;1.98;1.893;4.394;0;3.85;3.56;1
1636738960-spread-away--0.0-1789906074;2026-09-20T12:07:54.233064+00:00;2026-09-20T12:07:54.233064+00:00;Kosovo - Superliga;Dukagjini vs Drita;1636738960;spread;away;-0.0;1.99;1.935;2.764;0;4.85;4.56;1
1636578517-spread-home-0.0-1789906074;2026-09-20T12:07:54.233064+00:00;2026-09-20T12:07:54.233064+00:00;Italy - Serie C Group B;Grosseto vs Perugia;1636578517;spread;home;0.0;2.07;2.01;2.899;0;6.35;6.06;1
1636498189-spread-home--0.5-1789906074;2026-09-20T12:07:54.233064+00:00;2026-09-20T12:07:54.233064+00:00;Norway - Eliteserien;Valerenga vs Fredrikstad;1636498189;spread;home;-0.5;2.0;1.917;4.15;0;0.35;0.06;1
1636569784-spread-away-0.5-1789906074;2026-09-20T12:07:54.233064+00:00;2026-09-20T12:07:54.233064+00:00;Spain - Segunda Federacion;Gernika vs Llanera;1636569784;spread;away;0.5;1.926;1.893;1.713;0;2.85;2.55;1
1636316317-spread-home--1.0-1789906074;2026-09-20T12:07:54.233064+00:00;2026-09-20T12:07:54.233064+00:00;Czech Republic - First Liga;Slavia Prague vs Viktoria Plzen;1636316317;spread;home;-1.0;1.99;1.952;1.91;0;3.85;3.55;1
1636554015-spread-away--0.0-1789906074;2026-09-20T12:07:54.233064+00:00;2026-09-20T12:07:54.233064+00:00;Uzbekistan - Super League;Andijan vs Nasaf Qarshi;1636554015;spread;away;-0.0;1.833;1.813;1.091;0;0.1;0;1
1636498755-spread-away--0.0-1789906074;2026-09-20T12:07:54.233064+00:00;2026-09-20T12:07:54.233064+00:00;Bulgaria - First League;Spartak Varna vs Lokomotiv Sofia;1636498755;spread;away;-0.0;1.909;1.885;1.257;0;0.1;0;1
1635980446-spread-away-0.5-1789906074;2026-09-20T12:07:54.233064+00:00;2026-09-20T12:07:54.233064+00:00;Austria - Bundesliga;SV Ried vs Wolfsberger AC;1635980446;spread;away;0.5;1.952;1.917;1.793;0;0.34;0.05;1
1636572931-spread-home--0.5-1789906074;2026-09-20T12:07:54.233064+00:00;2026-09-20T12:07:54.233064+00:00;Bolivia - Cup;Real Oruro vs GV San Jose;1636572931;spread;home;-0.5;1.917;1.758;8.294;0;6.84;6.55;1
1637053180-spread-away--0.5-1789905677;2026-09-20T12:01:17.001106+00:00;2026-09-20T12:14:27.985408+00:00;Spain - Tercera Division;Galapagar vs Las Rozas;1637053180;spread;away;-0.5;1.901;1.8;5.313;13.18;2.47;2.18;2
1636554036-spread-home-0.0-1789905677;2026-09-20T12:01:17.001106+00:00;2026-09-20T12:14:27.985408+00:00;Poland - Ekstraklasa;Zaglebie Lubin vs Wisla Plock;1636554036;spread;home;0.0;1.943;1.82;6.33;13.18;0.72;0.42;2
1636554036-total-under-2.5-1789905677;2026-09-20T12:01:17.001106+00:00;2026-09-20T12:14:27.985408+00:00;Poland - Ekstraklasa;Zaglebie Lubin vs Wisla Plock;1636554036;total;under;2.5;1.877;1.855;1.172;13.18;0.72;0.42;2
1636571521-spread-home-0.5-1789905677;2026-09-20T12:01:17.001106+00:00;2026-09-20T12:14:27.985408+00:00;Netherlands - Eerste Divisie;De Graafschap vs NAC Breda;1636571521;spread;home;0.5;1.901;1.87;1.631;13.18;2.72;2.42;2
1636322255-spread-away-1.0-1789905677;2026-09-20T12:01:17.001106+00:00;2026-09-20T12:14:27.985408+00:00;Czech Republic - First Liga;Jablonec vs Zlin;1636322255;spread;away;1.0;2.04;1.893;7.206;13.18;0.96;0.67;2
1636816797-spread-home--0.5-1789905677;2026-09-20T12:01:17.001106+00:00;2026-09-20T12:14:27.985408+00:00;Sweden - Division 1 Norra;Pitea IF vs Jarfalla;1636816797;spread;home;-0.5;1.99;1.8;9.548;13.18;0.46;0.16;2
1636569770-spread-home-0.0-1789906467;2026-09-20T12:14:27.985408+00:00;2026-09-20T12:14:27.985408+00:00;Sweden - Allsvenskan;Mjallby vs GAIS;1636569770;spread;home;0.0;2.02;1.971;2.426;0;2.26;1.96;1
1636569770-spread-away--0.0-1789906467;2026-09-20T12:14:27.985408+00:00;2026-09-20T12:14:27.985408+00:00;Sweden - Allsvenskan;Mjallby vs GAIS;1636569770;spread;away;-0.0;1.862;1.775;4.672;0;2.26;1.96;1
1636007497-spread-away--0.5-1789906467;2026-09-20T12:14:27.985408+00:00;2026-09-20T12:14:27.985408+00:00;Argentina - Liga Pro;San Lorenzo vs Boca Juniors;1636007497;spread;away;-0.5;2.09;1.87;10.526;0;5.5;5.21;1
1635920597-spread-away--0.0-1789906467;2026-09-20T12:14:27.985408+00:00;2026-09-20T12:14:27.985408+00:00;England - Premier League;Fulham vs Manchester United;1635920597;spread;away;-0.0;1.926;1.901;1.298;0;3.25;2.95;1
1636688809-spread-away--0.0-1789906467;2026-09-20T12:14:27.985408+00:00;2026-09-20T12:14:27.985408+00:00;Uruguay - Primera Division;Albion vs Juventud;1636688809;spread;away;-0.0;1.893;1.806;4.596;0;0.75;0.45;1
1636569764-spread-home-0.0-1789906467;2026-09-20T12:14:27.985408+00:00;2026-09-20T12:14:27.985408+00:00;Spain - Segunda Division;Ceuta vs Real Valladolid;1636569764;spread;home;0.0;2.15;1.917;10.837;0;2.0;1.7;1
1636498193-spread-away-0.5-1789906467;2026-09-20T12:14:27.985408+00:00;2026-09-20T12:14:27.985408+00:00;Iceland - Premier League;IA Akranes vs Breidablik;1636498193;spread;away;0.5;1.99;1.833;7.889;0;3.75;3.45;1
1635980516-spread-home-0.0-1789906467;2026-09-20T12:14:27.985408+00:00;2026-09-20T12:14:27.985408+00:00;France - Ligue 1;Nice vs Lille;1635980516;spread;home;0.0;1.935;1.87;3.359;0;3.0;2.7;1
1635980515-spread-away--0.0-1789906467;2026-09-20T12:14:27.985408+00:00;2026-09-20T12:14:27.985408+00:00;France - Ligue 1;Auxerre vs Brest;1635980515;spread;away;-0.0;1.926;1.68;12.773;0;0.75;0.45;1
1636572910-spread-home-0.0-1789906467;2026-09-20T12:14:27.985408+00:00;2026-09-20T12:14:27.985408+00:00;Belgium - Pro League;KV Kortrijk vs Beveren;1636572910;spread;home;0.0;2.05;1.901;7.268;0;4.99;4.7;1
1636572910-spread-away--0.0-1789906467;2026-09-20T12:14:27.985408+00:00;2026-09-20T12:14:27.985408+00:00;Belgium - Pro League;KV Kortrijk vs Beveren;1636572910;spread;away;-0.0;1.87;1.82;2.674;0;4.99;4.7;1
1636555259-spread-away--0.5-1789906467;2026-09-20T12:14:27.985408+00:00;2026-09-20T12:14:27.985408+00:00;Italy - Serie C Group B;Vado vs Pescara;1636555259;spread;away;-0.5;1.971;1.787;9.335;0;0.24;0;1
1636571521-spread-away--0.5-1789906467;2026-09-20T12:14:27.985408+00:00;2026-09-20T12:14:27.985408+00:00;Netherlands - Eerste Divisie;De Graafschap vs NAC Breda;1636571521;spread;away;-0.5;1.98;1.813;8.434;0;2.49;2.19;1
1636557964-spread-home--0.5-1789906467;2026-09-20T12:14:27.985408+00:00;2026-09-20T12:14:27.985408+00:00;Norway - 2nd Division;Stjordals-Blink vs Lorenskog;1636557964;spread;home;-0.5;1.962;1.885;3.925;0;0.74;0.44;1
1636322255-total-under-2.5-1789906467;2026-09-20T12:14:27.985408+00:00;2026-09-20T12:14:27.985408+00:00;Czech Republic - First Liga;Jablonec vs Zlin;1636322255;total;under;2.5;1.877;1.847;1.598;0;0.74;0.44;1
1636572953-spread-home-0.0-1789906467;2026-09-20T12:14:27.985408+00:00;2026-09-20T12:14:27.985408+00:00;Brazil - Serie B;Londrina vs Fortaleza;1636572953;spread;home;0.0;2.06;1.926;6.505;0;9.24;8.94;1
1636572953-spread-away--0.0-1789906467;2026-09-20T12:14:27.985408+00:00;2026-09-20T12:14:27.985408+00:00;Brazil - Serie B;Londrina vs Fortaleza;1636572953;spread;away;-0.0;1.84;1.794;2.5;0;9.24;8.94;1
1636480728-spread-home--2.5-1789906467;2026-09-20T12:14:27.985408+00:00;2026-09-20T12:14:27.985408+00:00;England - Championship;Norwich City vs Bolton Wanderers;1636480728;spread;home;-2.5;1.971;1.885;4.363;0;0.24;0;1
1636554026-spread-home--0.5-1789906467;2026-09-20T12:14:27.985408+00:00;2026-09-20T12:14:27.985408+00:00;Italy - Serie C Group C;Monopoli vs Crotone;1636554026;spread;home;-0.5;1.926;1.855;3.686;0;0.23;0;1
1635992346-spread-home-0.0-1789906467;2026-09-20T12:14:27.985408+00:00;2026-09-20T12:14:27.985408+00:00;Spain - La Liga;Valencia vs Real Sociedad;1635992346;spread;home;0.0;2.06;1.806;12.33;0;6.73;6.44;1
1635995377-spread-home-0.0-1789906467;2026-09-20T12:14:27.985408+00:00;2026-09-20T12:14:27.985408+00:00;Spain - La Liga;Deportivo La Coruna vs Real Betis;1635995377;spread;home;0.0;1.877;1.752;6.66;0;4.23;3.94;1
1636906806-spread-away--0.5-1789906467;2026-09-20T12:14:27.985408+00:00;2026-09-20T12:14:27.985408+00:00;Turkey - 2nd League;Erbaaspor vs Sebat Genclikspor;1636906806;spread;away;-0.5;1.935;1.877;2.997;0;0.23;0;1
1636868484-total-under-2.5-1789906467;2026-09-20T12:14:27.985408+00:00;2026-09-20T12:14:27.985408+00:00;Turkey - 2nd League;68 Aksaray Belediyespor vs Inegol Kafkasspor;1636868484;total;under;2.5;1.971;1.926;2.283;0;0.23;0;1
1636532618-total-over-2.5-1789905268;2026-09-20T11:54:28.722549+00:00;2026-09-20T12:21:03.010595+00:00;Portugal - Primeira Liga;Porto vs Benfica;1636532618;total;over;2.5;1.952;1.917;1.793;26.57;7.58;7.29;3
1636866874-spread-home-0.0-1789906074;2026-09-20T12:07:54.233064+00:00;2026-09-20T12:21:03.010595+00:00;Italy - Serie D;Club Milano vs Virtus Ciserano Bergamo;1636866874;spread;home;0.0;1.917;1.806;5.79;13.15;0.86;0.56;2
1636550003-spread-away-0.5-1789906074;2026-09-20T12:07:54.233064+00:00;2026-09-20T12:21:03.010595+00:00;Italy - Serie C Group B;Reggiana vs Latina;1636550003;spread;away;0.5;2.02;1.98;1.98;13.15;0.35;0.06;2
1635918928-spread-home-0.0-1789906467;2026-09-20T12:14:27.985408+00:00;2026-09-20T12:21:03.010595+00:00;England - Premier League;Bournemouth vs Liverpool;1635918928;spread;home;0.0;1.99;1.847;7.186;6.58;0.75;0.45;2
1636572902-spread-away--0.0-1789906863;2026-09-20T12:21:03.010595+00:00;2026-09-20T12:21:03.010595+00:00;Turkey - 1st League;Mardin 1969 vs Kayserispor;1636572902;spread;away;-0.0;2.01;1.885;6.219;0;4.65;4.35;1
1636007497-spread-home-0.5-1789906863;2026-09-20T12:21:03.010595+00:00;2026-09-20T12:21:03.010595+00:00;Argentina - Liga Pro;San Lorenzo vs Boca Juniors;1636007497;spread;home;0.5;1.855;1.833;1.186;0;5.4;5.1;1
1636498195-spread-home--0.5-1789906863;2026-09-20T12:21:03.010595+00:00;2026-09-20T12:21:03.010595+00:00;Italy - Serie B;Hellas Verona vs Vicenza;1636498195;spread;home;-0.5;1.862;1.84;1.182;0;0.64;0.35;1
1636498195-spread-away-0.5-1789906863;2026-09-20T12:21:03.010595+00:00;2026-09-20T12:21:03.010595+00:00;Italy - Serie B;Hellas Verona vs Vicenza;1636498195;spread;away;0.5;2.06;1.943;5.68;0;0.64;0.35;1
1636578439-spread-home-0.0-1789906863;2026-09-20T12:21:03.010595+00:00;2026-09-20T12:21:03.010595+00:00;Argentina - Primera B Nacional;Guemes vs Ferrocarril Midland;1636578439;spread;home;0.0;2.01;1.909;5.025;0;7.64;7.35;1
1636578439-spread-away--0.0-1789906863;2026-09-20T12:21:03.010595+00:00;2026-09-20T12:21:03.010595+00:00;Argentina - Primera B Nacional;Guemes vs Ferrocarril Midland;1636578439;spread;away;-0.0;1.847;1.813;1.841;0;7.64;7.35;1
1636555259-spread-home-0.5-1789906863;2026-09-20T12:21:03.010595+00:00;2026-09-20T12:21:03.010595+00:00;Italy - Serie C Group B;Vado vs Pescara;1636555259;spread;home;0.5;1.943;1.885;2.985;0;0.14;0;1
1635918928-spread-away--0.0-1789906863;2026-09-20T12:21:03.010595+00:00;2026-09-20T12:21:03.010595+00:00;England - Premier League;Bournemouth vs Liverpool;1635918928;spread;away;-0.0;1.84;1.82;1.087;0;0.64;0.35;1
1635920598-spread-away-1.5-1789906863;2026-09-20T12:21:03.010595+00:00;2026-09-20T12:21:03.010595+00:00;England - Premier League;Manchester City vs Sunderland;1635920598;spread;away;1.5;1.893;1.87;1.215;0;0.64;0.35;1
1636506131-spread-home-2.5-1789906863;2026-09-20T12:21:03.010595+00:00;2026-09-20T12:21:03.010595+00:00;Bulgaria - First League;Lokomotiv Plovdiv vs CSKA Sofia;1636506131;spread;home;2.5;1.893;1.862;1.638;0;2.39;2.1;1
1635992346-spread-away--0.0-1789906863;2026-09-20T12:21:03.010595+00:00;2026-09-20T12:21:03.010595+00:00;Spain - La Liga;Valencia vs Real Sociedad;1635992346;spread;away;-0.0;2.0;1.877;6.15;0;6.64;6.34;1
1635995377-spread-away--0.0-1789906863;2026-09-20T12:21:03.010595+00:00;2026-09-20T12:21:03.010595+00:00;Spain - La Liga;Deportivo La Coruna vs Real Betis;1635995377;spread;away;-0.0;2.0;1.935;3.25;0;4.14;3.84;1
1636498762-spread-home-0.0-1789906863;2026-09-20T12:21:03.010595+00:00;2026-09-20T12:21:03.010595+00:00;Poland - Ekstraklasa;Jagiellonia Bialystok vs Legia Warsaw;1636498762;spread;home;0.0;2.04;1.763;13.578;0;3.14;2.84;1
1636554036-spread-away--0.0-1789906863;2026-09-20T12:21:03.010595+00:00;2026-09-20T12:21:03.010595+00:00;Poland - Ekstraklasa;Zaglebie Lubin vs Wisla Plock;1636554036;spread;away;-0.0;2.08;1.794;13.75;0;0.39;0.09;1
1636866861-spread-home--0.5-1789906863;2026-09-20T12:21:03.010595+00:00;2026-09-20T12:21:03.010595+00:00;Brazil - Carioca B2;Friburguense vs Campos AA;1636866861;spread;home;-0.5;1.833;1.806;1.473;0;5.39;5.09;1
1636569764-spread-away--0.0-1789906863;2026-09-20T12:21:03.010595+00:00;2026-09-20T12:21:03.010595+00:00;Spain - Segunda Division;Ceuta vs Real Valladolid;1636569764;spread;away;-0.0;1.826;1.787;2.136;0;1.88;1.59;1
1635980515-spread-home-0.0-1789906863;2026-09-20T12:21:03.010595+00:00;2026-09-20T12:21:03.010595+00:00;France - Ligue 1;Auxerre vs Brest;1635980515;spread;home;0.0;2.1;1.87;10.952;0;0.63;0.34;1
1636498758-spread-away-2.0-1789906863;2026-09-20T12:21:03.010595+00:00;2026-09-20T12:21:03.010595+00:00;Turkey - Super League;Fenerbahce vs Eyupspor;1636498758;spread;away;2.0;1.909;1.877;1.676;0;1.63;1.33;1
1636868441-spread-away-2.0-1789906863;2026-09-20T12:21:03.010595+00:00;2026-09-20T12:21:03.010595+00:00;Poland - 4th Liga;Polonia Piotrkow vs LZS Justynow;1636868441;spread;away;2.0;1.917;1.833;4.382;0;1.62;1.33;1
1637053180-total-over-2.5-1789905677;2026-09-20T12:01:17.001106+00:00;2026-09-20T12:27:37.835630+00:00;Spain - Tercera Division;Galapagar vs Las Rozas;1637053180;total;over;2.5;1.885;1.833;2.759;26.35;2.47;2.18;3
1636590065-spread-away--0.5-1789906467;2026-09-20T12:14:27.985408+00:00;2026-09-20T12:27:37.835630+00:00;Iceland - Premier League;Keflavik vs Fram Reykjavik;1636590065;spread;away;-0.5;2.01;1.87;6.965;13.16;3.75;3.46;2
1636578422-spread-home--2.0-1789906467;2026-09-20T12:14:27.985408+00:00;2026-09-20T12:27:37.835630+00:00;Croatia - HNL;Dinamo Zagreb vs Lokomotiva Zagreb;1636578422;spread;home;-2.0;1.855;1.813;2.264;13.16;5.74;5.44;2
1635957959-spread-home-1.5-1789907257;2026-09-20T12:27:37.835630+00:00;2026-09-20T12:27:37.835630+00:00;Austria - Bundesliga;Hartberg vs LASK Linz;1635957959;spread;home;1.5;1.909;1.877;1.676;0;0.03;0;1
1636578517-spread-home-0.0-1789907257;2026-09-20T12:27:37.835630+00:00;2026-09-20T12:27:37.835630+00:00;Italy - Serie C Group B;Grosseto vs Perugia;1636578517;spread;home;0.0;2.01;1.917;4.627;0;6.03;5.74;1
1636498762-spread-away--0.0-1789907257;2026-09-20T12:27:37.835630+00:00;2026-09-20T12:27:37.835630+00:00;Poland - Ekstraklasa;Jagiellonia Bialystok vs Legia Warsaw;1636498762;spread;away;-0.0;1.962;1.862;5.097;0;3.03;2.74;1
1635984816-total-under-2.5-1789907257;2026-09-20T12:27:37.835630+00:00;2026-09-20T12:27:37.835630+00:00;Italy - Serie A;Juventus vs Atalanta;1635984816;total;under;2.5;1.98;1.893;4.394;0;3.53;3.23;1
1636558053-spread-home--0.5-1789907257;2026-09-20T12:27:37.835630+00:00;2026-09-20T12:27:37.835630+00:00;Italy - Serie C Group C;Potenza vs Cavese;1636558053;spread;home;-0.5;1.847;1.826;1.137;0;3.02;2.73;1
1636554026-spread-away-0.5-1789907257;2026-09-20T12:27:37.835630+00:00;2026-09-20T12:27:37.835630+00:00;Italy - Serie C Group C;Monopoli vs Crotone;1636554026;spread;away;0.5;1.885;1.775;5.836;0;0.02;0;1
1636480728-spread-home--2.0-1789907257;2026-09-20T12:27:37.835630+00:00;2026-09-20T12:27:37.835630+00:00;England - Championship;Norwich City vs Bolton Wanderers;1636480728;spread;home;-2.0;1.87;1.84;1.604;0;0.02;0;1
1636555335-spread-away--0.5-1789907257;2026-09-20T12:27:37.835630+00:00;2026-09-20T12:27:37.835630+00:00;Norway - 2nd Division;Ullensaker/Kisa vs Junkeren;1636555335;spread;away;-0.5;1.98;1.935;2.273;0;1.51;1.22;1
1635992344-spread-home--0.5-1789906863;2026-09-20T12:21:03.010595+00:00;2026-09-20T12:34:15.872173+00:00;Spain - La Liga;Atletico Madrid vs Real Madrid;1635992344;spread;home;-0.5;2.06;2.01;2.427;13.21;1.89;1.6;2
1635984815-spread-away--0.0-1789906863;2026-09-20T12:21:03.010595+00:00;2026-09-20T12:34:15.872173+00:00;Italy - Serie A;Frosinone vs Como;1635984815;spread;away;-0.0;2.19;2.1;4.11;13.21;0.64;0.35;2
1636578539-total-over-2.5-1789906863;2026-09-20T12:21:03.010595+00:00;2026-09-20T12:34:15.872173+00:00;El Salvador - Primera Division;CD Platense vs Aguila;1636578539;total;over;2.5;2.02;1.98;1.98;13.21;8.62;8.33;2
1636007497-spread-away--0.5-1789907655;2026-09-20T12:34:15.872173+00:00;2026-09-20T12:34:15.872173+00:00;Argentina - Liga Pro;San Lorenzo vs Boca Juniors;1636007497;spread;away;-0.5;2.09;1.87;10.526;0;5.18;4.89;1
1636569770-spread-home-0.0-1789907655;2026-09-20T12:34:15.872173+00:00;2026-09-20T12:34:15.872173+00:00;Sweden - Allsvenskan;Mjallby vs GAIS;1636569770;spread;home;0.0;2.02;1.971;2.426;0;1.93;1.64;1
1636569770-spread-away--0.0-1789907655;2026-09-20T12:34:15.872173+00:00;2026-09-20T12:34:15.872173+00:00;Sweden - Allsvenskan;Mjallby vs GAIS;1636569770;spread;away;-0.0;1.862;1.775;4.672;0;1.93;1.64;1
1636572910-spread-home-0.0-1789907655;2026-09-20T12:34:15.872173+00:00;2026-09-20T12:34:15.872173+00:00;Belgium - Pro League;KV Kortrijk vs Beveren;1636572910;spread;home;0.0;2.05;1.901;7.268;0;4.68;4.39;1
1636572910-spread-away--0.0-1789907655;2026-09-20T12:34:15.872173+00:00;2026-09-20T12:34:15.872173+00:00;Belgium - Pro League;KV Kortrijk vs Beveren;1636572910;spread;away;-0.0;1.87;1.82;2.674;0;4.68;4.39;1
1636571519-spread-home-0.0-1789907655;2026-09-20T12:34:15.872173+00:00;2026-09-20T12:34:15.872173+00:00;Switzerland - Super League;Basel vs St. Gallen;1636571519;spread;home;0.0;1.99;1.952;1.91;0;1.92;1.63;1
1636688809-spread-away--0.0-1789907655;2026-09-20T12:34:15.872173+00:00;2026-09-20T12:34:15.872173+00:00;Uruguay - Primera Division;Albion vs Juventud;1636688809;spread;away;-0.0;1.885;1.806;4.191;0;0.42;0.13;1
1636498193-spread-away-0.5-1789907655;2026-09-20T12:34:15.872173+00:00;2026-09-20T12:34:15.872173+00:00;Iceland - Premier League;IA Akranes vs Breidablik;1636498193;spread;away;0.5;1.99;1.833;7.889;0;3.42;3.13;1
1636498195-total-under-2.5-1789907655;2026-09-20T12:34:15.872173+00:00;2026-09-20T12:34:15.872173+00:00;Italy - Serie B;Hellas Verona vs Vicenza;1636498195;total;under;2.5;2.01;1.962;2.388;0;0.42;0.13;1
1636569835-spread-away-1.0-1789907655;2026-09-20T12:34:15.872173+00:00;2026-09-20T12:34:15.872173+00:00;Albania - Superliga;Egnatia Rrogozhine vs Partizani Tirana;1636569835;spread;away;1.0;1.862;1.82;2.256;0;3.92;3.63;1
1636571521-spread-home-0.5-1789907655;2026-09-20T12:34:15.872173+00:00;2026-09-20T12:34:15.872173+00:00;Netherlands - Eerste Divisie;De Graafschap vs NAC Breda;1636571521;spread;home;0.5;1.901;1.87;1.631;0;2.17;1.88;1
1636571521-spread-away--0.5-1789907655;2026-09-20T12:34:15.872173+00:00;2026-09-20T12:34:15.872173+00:00;Netherlands - Eerste Divisie;De Graafschap vs NAC Breda;1636571521;spread;away;-0.5;1.98;1.813;8.434;0;2.17;1.88;1
1635992345-spread-home-0.5-1789907655;2026-09-20T12:34:15.872173+00:00;2026-09-20T12:34:15.872173+00:00;Spain - La Liga;Villarreal vs Levante;1635992345;spread;home;0.5;1.98;1.909;3.586;0;3.92;3.63;1
1635992346-spread-home-0.0-1789907655;2026-09-20T12:34:15.872173+00:00;2026-09-20T12:34:15.872173+00:00;Spain - La Liga;Valencia vs Real Sociedad;1635992346;spread;home;0.0;2.06;1.806;12.33;0;6.42;6.13;1
1635995377-spread-home-0.0-1789907655;2026-09-20T12:34:15.872173+00:00;2026-09-20T12:34:15.872173+00:00;Spain - La Liga;Deportivo La Coruna vs Real Betis;1635995377;spread;home;0.0;1.877;1.752;6.66;0;3.92;3.63;1
1636554036-spread-home-0.0-1789907655;2026-09-20T12:34:15.872173+00:00;2026-09-20T12:34:15.872173+00:00;Poland - Ekstraklasa;Zaglebie Lubin vs Wisla Plock;1636554036;spread;home;0.0;1.943;1.813;6.691;0;0.17;0;1
1636554036-total-over-2.5-1789907655;2026-09-20T12:34:15.872173+00:00;2026-09-20T12:34:15.872173+00:00;Poland - Ekstraklasa;Zaglebie Lubin vs Wisla Plock;1636554036;total;over;2.5;2.02;1.99;1.485;0;0.17;0;1
1636572953-spread-home-0.0-1789907655;2026-09-20T12:34:15.872173+00:00;2026-09-20T12:34:15.872173+00:00;Brazil - Serie B;Londrina vs Fortaleza;1636572953;spread;home;0.0;2.06;1.926;6.505;0;8.91;8.63;1
1636572953-spread-away--0.0-1789907655;2026-09-20T12:34:15.872173+00:00;2026-09-20T12:34:15.872173+00:00;Brazil - Serie B;Londrina vs Fortaleza;1636572953;spread;away;-0.0;1.84;1.794;2.5;0;8.91;8.63;1
1636569787-spread-home--1.0-1789907655;2026-09-20T12:34:15.872173+00:00;2026-09-20T12:34:15.872173+00:00;Ghana - Premier League;Port City vs Berekum Chelsea;1636569787;spread;home;-1.0;1.826;1.787;2.136;0;2.41;2.12;1
1636569764-spread-home-0.0-1789907655;2026-09-20T12:34:15.872173+00:00;2026-09-20T12:34:15.872173+00:00;Spain - Segunda Division;Ceuta vs Real Valladolid;1636569764;spread;home;0.0;2.15;1.917;10.837;0;1.66;1.37;1
1635980515-spread-away--0.0-1789907655;2026-09-20T12:34:15.872173+00:00;2026-09-20T12:34:15.872173+00:00;France - Ligue 1;Auxerre vs Brest;1635980515;spread;away;-0.0;1.926;1.69;12.253;0;0.41;0.12;1
1635980516-spread-home-0.0-1789907655;2026-09-20T12:34:15.872173+00:00;2026-09-20T12:34:15.872173+00:00;France - Ligue 1;Nice vs Lille;1635980516;spread;home;0.0;1.935;1.87;3.359;0;2.66;2.37;1
1636572947-spread-away-1.5-1789907655;2026-09-20T12:34:15.872173+00:00;2026-09-20T12:34:15.872173+00:00;Peru - Liga 1;Juan Pablo II College vs Deportivo Moquegua;1636572947;spread;away;1.5;1.901;1.763;7.259;0;7.91;7.62;1
1636739055-spread-home-0.0-1789907655;2026-09-20T12:34:15.872173+00:00;2026-09-20T12:34:15.872173+00:00;Kosovo - Superliga;Drenica vs Llapi;1636739055;spread;home;0.0;1.98;1.926;2.727;0;4.41;4.12;1
1636578411-spread-away-0.5-1789907655;2026-09-20T12:34:15.872173+00:00;2026-09-20T12:34:15.872173+00:00;Bulgaria - Second League;Etar Veliko Tarnovo vs Chernomorets 1919 Burgas;1636578411;spread;away;0.5;1.87;1.806;3.422;0;4.9;4.61;1
1636836486-spread-away-0.5-1789907655;2026-09-20T12:34:15.872173+00:00;2026-09-20T12:34:15.872173+00:00;Bosnia and Herzegovina - 1st League;NK Travnik vs Zvijezda Gradacac;1636836486;spread;away;0.5;1.943;1.909;1.75;0;0.9;0.61;1
1636867992-spread-home--1.0-1789907655;2026-09-20T12:34:15.872173+00:00;2026-09-20T12:34:15.872173+00:00;Poland - 4th Liga;Cracovia Krakow II vs Glinik Gorlice;1636867992;spread;home;-1.0;1.943;1.847;4.941;0;2.4;2.11;1
1636578539-spread-away--0.5-1789907655;2026-09-20T12:34:15.872173+00:00;2026-09-20T12:34:15.872173+00:00;El Salvador - Primera Division;CD Platense vs Aguila;1636578539;spread;away;-0.5;2.04;1.98;2.941;0;8.4;8.11;1
1635920597-spread-home-0.0-1789906467;2026-09-20T12:14:27.985408+00:00;2026-09-20T12:40:43.430367+00:00;England - Premier League;Fulham vs Manchester United;1635920597;spread;home;0.0;1.885;1.69;10.345;26.26;3.25;2.96;3
1636688809-spread-home-0.0-1789908043;2026-09-20T12:40:43.430367+00:00;2026-09-20T12:40:43.430367+00:00;Uruguay - Primera Division;Albion vs Juventud;1636688809;spread;home;0.0;1.971;1.909;3.146;0;0.32;0.03;1
1636578439-spread-home-0.0-1789908043;2026-09-20T12:40:43.430367+00:00;2026-09-20T12:40:43.430367+00:00;Argentina - Primera B Nacional;Guemes vs Ferrocarril Midland;1636578439;spread;home;0.0;2.01;1.909;5.025;0;7.32;7.02;1
1636578439-spread-away--0.0-1789908043;2026-09-20T12:40:43.430367+00:00;2026-09-20T12:40:43.430367+00:00;Argentina - Primera B Nacional;Guemes vs Ferrocarril Midland;1636578439;spread;away;-0.0;1.847;1.813;1.841;0;7.32;7.02;1
1636498195-spread-home--0.5-1789908043;2026-09-20T12:40:43.430367+00:00;2026-09-20T12:40:43.430367+00:00;Italy - Serie B;Hellas Verona vs Vicenza;1636498195;spread;home;-0.5;1.87;1.84;1.604;0;0.31;0.02;1
1636498195-spread-away-0.5-1789908043;2026-09-20T12:40:43.430367+00:00;2026-09-20T12:40:43.430367+00:00;Italy - Serie B;Hellas Verona vs Vicenza;1636498195;spread;away;0.5;2.04;1.943;4.755;0;0.31;0.02;1
1635980515-spread-home-0.0-1789908043;2026-09-20T12:40:43.430367+00:00;2026-09-20T12:40:43.430367+00:00;France - Ligue 1;Auxerre vs Brest;1635980515;spread;home;0.0;2.09;1.87;10.526;0;0.31;0.02;1
1636007497-spread-home-0.5-1789908043;2026-09-20T12:40:43.430367+00:00;2026-09-20T12:40:43.430367+00:00;Argentina - Liga Pro;San Lorenzo vs Boca Juniors;1636007497;spread;home;0.5;1.855;1.833;1.186;0;5.06;4.77;1
1635918928-spread-away--0.0-1789908043;2026-09-20T12:40:43.430367+00:00;2026-09-20T12:40:43.430367+00:00;England - Premier League;Bournemouth vs Liverpool;1635918928;spread;away;-0.0;1.893;1.82;3.856;0;0.31;0.02;1
1635918928-spread-home-0.0-1789908043;2026-09-20T12:40:43.430367+00:00;2026-09-20T12:40:43.430367+00:00;England - Premier League;Bournemouth vs Liverpool;1635918928;spread;home;0.0;1.99;1.847;7.186;0;0.31;0.02;1
1635918926-spread-away--0.5-1789908043;2026-09-20T12:40:43.430367+00:00;2026-09-20T12:40:43.430367+00:00;England - Premier League;Leeds United vs Crystal Palace;1635918926;spread;away;-0.5;1.775;1.714;3.437;0;0.31;0.02;1
1636572902-spread-away--0.0-1789908043;2026-09-20T12:40:43.430367+00:00;2026-09-20T12:40:43.430367+00:00;Turkey - 1st League;Mardin 1969 vs Kayserispor;1636572902;spread;away;-0.0;2.01;1.885;6.219;0;4.31;4.02;1
1635992346-spread-away--0.0-1789908043;2026-09-20T12:40:43.430367+00:00;2026-09-20T12:40:43.430367+00:00;Spain - La Liga;Valencia vs Real Sociedad;1635992346;spread;away;-0.0;2.0;1.877;6.15;0;6.31;6.02;1
1635995377-spread-away--0.0-1789908043;2026-09-20T12:40:43.430367+00:00;2026-09-20T12:40:43.430367+00:00;Spain - La Liga;Deportivo La Coruna vs Real Betis;1635995377;spread;away;-0.0;2.0;1.935;3.25;0;3.81;3.52;1
1636498762-spread-home-0.0-1789908043;2026-09-20T12:40:43.430367+00:00;2026-09-20T12:40:43.430367+00:00;Poland - Ekstraklasa;Jagiellonia Bialystok vs Legia Warsaw;1636498762;spread;home;0.0;2.04;1.763;13.578;0;2.8;2.51;1
1636554036-spread-away--0.0-1789908043;2026-09-20T12:40:43.430367+00:00;2026-09-20T12:40:43.430367+00:00;Poland - Ekstraklasa;Zaglebie Lubin vs Wisla Plock;1636554036;spread;away;-0.0;2.1;1.794;14.571;0;0.05;0;1
1636866874-spread-away--0.0-1789908043;2026-09-20T12:40:43.430367+00:00;2026-09-20T12:40:43.430367+00:00;Italy - Serie D;Club Milano vs Virtus Ciserano Bergamo;1636866874;spread;away;-0.0;1.943;1.917;1.338;0;0.3;0.01;1
1636578540-total-under-2.5-1789908043;2026-09-20T12:40:43.430367+00:00;2026-09-20T12:40:43.430367+00:00;Mexico - Liga MX;Pachuca vs Club Tijuana;1636578540;total;under;2.5;2.06;2.0;2.913;0;11.3;11.01;1
1636569764-spread-away--0.0-1789908043;2026-09-20T12:40:43.430367+00:00;2026-09-20T12:40:43.430367+00:00;Spain - Segunda Division;Ceuta vs Real Valladolid;1636569764;spread;away;-0.0;1.826;1.787;2.136;0;1.55;1.26;1
1636554047-total-over-2.5-1789907655;2026-09-20T12:34:15.872173+00:00;2026-09-20T12:47:07.930557+00:00;Latvia - Virsliga;Tukums 2000 vs Grobinas SC/LFS;1636554047;total;over;2.5;1.909;1.885;1.257;12.87;0.4;0.12;2
1636554047-spread-away--0.0-1789908427;2026-09-20T12:47:07.930557+00:00;2026-09-20T12:47:07.930557+00:00;Latvia - Virsliga;Tukums 2000 vs Grobinas SC/LFS;1636554047;spread;away;-0.0;1.98;1.893;4.394;0;0.21;0;1
1636555288-spread-away--0.5-1789908427;2026-09-20T12:47:07.930557+00:00;2026-09-20T12:47:07.930557+00:00;Slovenia - Prva Liga;Bravo vs Olimpija Ljubljana;1636555288;spread;away;-0.5;2.07;1.99;3.865;0;0.21;0;1
1636572911-spread-away-0.5-1789908427;2026-09-20T12:47:07.930557+00:00;2026-09-20T12:47:07.930557+00:00;Qatar - Stars Cup;Al Ahli Doha vs Al-Shahaniya;1636572911;spread;away;0.5;1.847;1.781;3.573;0;4.46;4.17;1
1636555287-spread-away--0.0-1789908427;2026-09-20T12:47:07.930557+00:00;2026-09-20T12:47:07.930557+00:00;Sweden - Division 1 Norra;Stocksund vs Umea;1636555287;spread;away;-0.0;1.952;1.84;5.738;0;0.21;0;1
1636498180-spread-away--0.0-1789908427;2026-09-20T12:47:07.930557+00:00;2026-09-20T12:47:07.930557+00:00;Iceland - Premier League;IBV vs Valur Reykjavik;1636498180;spread;away;-0.0;1.952;1.885;3.432;0;3.21;2.92;1
1635984816-total-under-2.5-1789908427;2026-09-20T12:47:07.930557+00:00;2026-09-20T12:47:07.930557+00:00;Italy - Serie A;Juventus vs Atalanta;1635984816;total;under;2.5;1.98;1.909;3.586;0;3.21;2.92;1
1636506144-spread-away-1.0-1789908427;2026-09-20T12:47:07.930557+00:00;2026-09-20T12:47:07.930557+00:00;Italy - Serie B;Arezzo vs Sudtirol;1636506144;spread;away;1.0;1.971;1.917;2.74;0;0.21;0;1
1636612110-spread-away--1.0-1789908427;2026-09-20T12:47:07.930557+00:00;2026-09-20T12:47:07.930557+00:00;Bosnia and Herzegovina - Premier Liga;Siroki Brijeg vs Borac Banja Luka;1636612110;spread;away;-1.0;1.971;1.893;3.957;0;2.2;1.92;1
1636572947-spread-home--1.5-1789908427;2026-09-20T12:47:07.930557+00:00;2026-09-20T12:47:07.930557+00:00;Peru - Liga 1;Juan Pablo II College vs Deportivo Moquegua;1636572947;spread;home;-1.5;1.952;1.813;7.121;0;7.7;7.42;1
1636498762-spread-away--0.0-1789908427;2026-09-20T12:47:07.930557+00:00;2026-09-20T12:47:07.930557+00:00;Poland - Ekstraklasa;Jagiellonia Bialystok vs Legia Warsaw;1636498762;spread;away;-0.0;1.962;1.862;5.097;0;2.7;2.41;1
1636769020-spread-away-0.5-1789908427;2026-09-20T12:47:07.930557+00:00;2026-09-20T12:47:07.930557+00:00;Turkey - 2nd League;Inegolspor vs Karacabey Belediyespor;1636769020;spread;away;0.5;1.943;1.8;7.36;0;0.2;0;1
1636346551-spread-away--2.0-1789908427;2026-09-20T12:47:07.930557+00:00;2026-09-20T12:47:07.930557+00:00;Lithuania - A Lyga;FA Siauliai vs Kauno Zalgiris;1636346551;spread;away;-2.0;1.99;1.926;3.216;0;0.2;0;1
1636550017-total-under-2.5-1789908427;2026-09-20T12:47:07.930557+00:00;2026-09-20T12:47:07.930557+00:00;Sweden - Damallsvenskan;Norrkoping vs Rosengard;1636550017;total;under;2.5;2.01;1.893;5.821;0;0.19;0;1
1636709555-spread-home-0.5-1789908427;2026-09-20T12:47:07.930557+00:00;2026-09-20T12:47:07.930557+00:00;Argentina - Torneo Federal A;Huracan Las Heras vs Sportivo y Biblioteca Atenas;1636709555;spread;home;0.5;1.855;1.752;5.553;0;5.19;4.91;1
1635985181-spread-away--0.5-1789907257;2026-09-20T12:27:37.835630+00:00;2026-09-20T12:53:38.782027+00:00;Germany - Bundesliga;Bayer Leverkusen vs RB Leipzig;1635985181;spread;away;-0.5;2.02;1.99;1.485;26.02;1.02;0.74;3
1635985181-spread-home--0.5-1789908043;2026-09-20T12:40:43.430367+00:00;2026-09-20T12:53:38.782027+00:00;Germany - Bundesliga;Bayer Leverkusen vs RB Leipzig;1635985181;spread;home;-0.5;1.893;1.862;1.638;12.92;0.82;0.54;2
1636569784-spread-away-0.5-1789908043;2026-09-20T12:40:43.430367+00:00;2026-09-20T12:53:38.782027+00:00;Spain - Segunda Federacion;Gernika vs Llanera;1636569784;spread;away;0.5;1.893;1.833;3.17;12.92;2.3;2.02;2
1635984815-spread-away--0.0-1789908818;2026-09-20T12:53:38.782027+00:00;2026-09-20T12:53:38.782027+00:00;Italy - Serie A;Frosinone vs Como;1635984815;spread;away;-0.0;2.1;1.82;13.333;0;0.11;0;1
1636007497-spread-away--0.5-1789908818;2026-09-20T12:53:38.782027+00:00;2026-09-20T12:53:38.782027+00:00;Argentina - Liga Pro;San Lorenzo vs Boca Juniors;1636007497;spread;away;-0.5;2.09;1.87;10.526;0;4.86;4.58;1
1635980516-spread-home-0.0-1789908818;2026-09-20T12:53:38.782027+00:00;2026-09-20T12:53:38.782027+00:00;France - Ligue 1;Nice vs Lille;1635980516;spread;home;0.0;1.935;1.87;3.359;0;2.35;2.08;1
1635980515-spread-away--0.0-1789908818;2026-09-20T12:53:38.782027+00:00;2026-09-20T12:53:38.782027+00:00;France - Ligue 1;Auxerre vs Brest;1635980515;spread;away;-0.0;1.926;1.69;12.253;0;0.1;0;1
1636569764-spread-home-0.0-1789908818;2026-09-20T12:53:38.782027+00:00;2026-09-20T12:53:38.782027+00:00;Spain - Segunda Division;Ceuta vs Real Valladolid;1636569764;spread;home;0.0;2.15;1.917;10.837;0;1.35;1.08;1
1636569787-spread-away-1.0-1789908818;2026-09-20T12:53:38.782027+00:00;2026-09-20T12:53:38.782027+00:00;Ghana - Premier League;Port City vs Berekum Chelsea;1636569787;spread;away;1.0;1.935;1.746;9.767;0;2.1;1.83;1
1636572953-spread-home-0.0-1789908818;2026-09-20T12:53:38.782027+00:00;2026-09-20T12:53:38.782027+00:00;Brazil - Serie B;Londrina vs Fortaleza;1636572953;spread;home;0.0;2.06;1.926;6.505;0;8.6;8.33;1
1636572953-spread-away--0.0-1789908818;2026-09-20T12:53:38.782027+00:00;2026-09-20T12:53:38.782027+00:00;Brazil - Serie B;Londrina vs Fortaleza;1636572953;spread;away;-0.0;1.84;1.794;2.5;0;8.6;8.33;1
1636498758-spread-home--2.0-1789908818;2026-09-20T12:53:38.782027+00:00;2026-09-20T12:53:38.782027+00:00;Turkey - Super League;Fenerbahce vs Eyupspor;1636498758;spread;home;-2.0;1.99;1.962;1.407;0;1.1;0.83;1
1636506133-spread-home--1.5-1789908818;2026-09-20T12:53:38.782027+00:00;2026-09-20T12:53:38.782027+00:00;Norway - Eliteserien;Viking vs Lillestrom;1636506133;spread;home;-1.5;1.885;1.862;1.22;0;2.1;1.82;1
1636569770-spread-away--0.0-1789908818;2026-09-20T12:53:38.782027+00:00;2026-09-20T12:53:38.782027+00:00;Sweden - Allsvenskan;Mjallby vs GAIS;1636569770;spread;away;-0.0;1.877;1.781;5.115;0;1.59;1.32;1
1635920598-spread-away-1.5-1789908818;2026-09-20T12:53:38.782027+00:00;2026-09-20T12:53:38.782027+00:00;England - Premier League;Manchester City vs Sunderland;1635920598;spread;away;1.5;1.87;1.84;1.604;0;0.09;0;1
1635920597-spread-away--0.0-1789908818;2026-09-20T12:53:38.782027+00:00;2026-09-20T12:53:38.782027+00:00;England - Premier League;Fulham vs Manchester United;1635920597;spread;away;-0.0;2.09;1.926;7.847;0;2.59;2.31;1
1636555335-spread-away--0.5-1789908818;2026-09-20T12:53:38.782027+00:00;2026-09-20T12:53:38.782027+00:00;Norway - 2nd Division;Ullensaker/Kisa vs Junkeren;1636555335;spread;away;-0.5;1.935;1.833;5.271;0;1.09;0.81;1
1635992344-spread-away--0.5-1789908818;2026-09-20T12:53:38.782027+00:00;2026-09-20T12:53:38.782027+00:00;Spain - La Liga;Atletico Madrid vs Real Madrid;1635992344;spread;away;-0.5;2.05;2.02;1.463;0;1.33;1.06;1
1635992346-spread-home-0.0-1789908818;2026-09-20T12:53:38.782027+00:00;2026-09-20T12:53:38.782027+00:00;Spain - La Liga;Valencia vs Real Sociedad;1635992346;spread;home;0.0;2.06;1.806;12.33;0;6.08;5.81;1
1635995377-spread-home-0.0-1789908818;2026-09-20T12:53:38.782027+00:00;2026-09-20T12:53:38.782027+00:00;Spain - La Liga;Deportivo La Coruna vs Real Betis;1635995377;spread;home;0.0;1.877;1.752;6.66;0;3.58;3.31;1
1636688809-spread-away--0.0-1789908818;2026-09-20T12:53:38.782027+00:00;2026-09-20T12:53:38.782027+00:00;Uruguay - Primera Division;Albion vs Juventud;1636688809;spread;away;-0.0;1.885;1.806;4.191;0;0.08;0;1
1636498193-spread-away-0.5-1789908818;2026-09-20T12:53:38.782027+00:00;2026-09-20T12:53:38.782027+00:00;Iceland - Premier League;IA Akranes vs Breidablik;1636498193;spread;away;0.5;1.99;1.833;7.889;0;3.08;2.81;1
1636572910-spread-home-0.0-1789908818;2026-09-20T12:53:38.782027+00:00;2026-09-20T12:53:38.782027+00:00;Belgium - Pro League;KV Kortrijk vs Beveren;1636572910;spread;home;0.0;2.05;1.901;7.268;0;4.33;4.05;1
1636572910-spread-away--0.0-1789908818;2026-09-20T12:53:38.782027+00:00;2026-09-20T12:53:38.782027+00:00;Belgium - Pro League;KV Kortrijk vs Beveren;1636572910;spread;away;-0.0;1.87;1.82;2.674;0;4.33;4.05;1
1636868441-spread-away-2.0-1789908818;2026-09-20T12:53:38.782027+00:00;2026-09-20T12:53:38.782027+00:00;Poland - 4th Liga;Polonia Piotrkow vs LZS Justynow;1636868441;spread;away;2.0;1.833;1.741;5.019;0;1.08;0.8;1
1636007497-spread-home-0.5-1789909208;2026-09-20T13:00:08.498251+00:00;2026-09-20T13:00:08.498251+00:00;Argentina - Liga Pro;San Lorenzo vs Boca Juniors;1636007497;spread;home;0.5;1.855;1.833;1.186;0;4.75;4.48;1
1636498762-spread-home-0.0-1789909208;2026-09-20T13:00:08.498251+00:00;2026-09-20T13:00:08.498251+00:00;Poland - Ekstraklasa;Jagiellonia Bialystok vs Legia Warsaw;1636498762;spread;home;0.0;2.04;1.763;13.578;0;2.5;2.23;1
1636569764-spread-away--0.0-1789909208;2026-09-20T13:00:08.498251+00:00;2026-09-20T13:00:08.498251+00:00;Spain - Segunda Division;Ceuta vs Real Valladolid;1636569764;spread;away;-0.0;1.826;1.787;2.136;0;1.24;0.98;1
1636578439-spread-home-0.0-1789909208;2026-09-20T13:00:08.498251+00:00;2026-09-20T13:00:08.498251+00:00;Argentina - Primera B Nacional;Guemes vs Ferrocarril Midland;1636578439;spread;home;0.0;2.01;1.909;5.025;0;6.99;6.73;1
1636498187-spread-away-0.5-1789909208;2026-09-20T13:00:08.498251+00:00;2026-09-20T13:00:08.498251+00:00;Turkey - Super League;Goztepe vs Caykur Rizespor;1636498187;spread;away;0.5;1.943;1.909;1.75;0;3.99;3.73;1
1636572902-spread-away--0.0-1789909208;2026-09-20T13:00:08.498251+00:00;2026-09-20T13:00:08.498251+00:00;Turkey - 1st League;Mardin 1969 vs Kayserispor;1636572902;spread;away;-0.0;2.01;1.885;6.219;0;3.98;3.72;1
1635920597-spread-home-0.0-1789909208;2026-09-20T13:00:08.498251+00:00;2026-09-20T13:00:08.498251+00:00;England - Premier League;Fulham vs Manchester United;1635920597;spread;home;0.0;1.893;1.699;10.248;0;2.48;2.22;1
1636483856-spread-home-0.5-1789909208;2026-09-20T13:00:08.498251+00:00;2026-09-20T13:00:08.498251+00:00;Denmark - Superliga;Horsens vs AGF;1636483856;spread;home;0.5;2.05;2.01;1.951;0;0.98;0.71;1
1636537313-spread-away--1.5-1789909208;2026-09-20T13:00:08.498251+00:00;2026-09-20T13:00:08.498251+00:00;Greece - Super League;Kalamata vs Panathinaikos;1636537313;spread;away;-1.5;1.935;1.901;1.757;0;3.48;3.21;1
1635992346-spread-away--0.0-1789909208;2026-09-20T13:00:08.498251+00:00;2026-09-20T13:00:08.498251+00:00;Spain - La Liga;Valencia vs Real Sociedad;1635992346;spread;away;-0.0;2.0;1.877;6.15;0;5.97;5.71;1
1635995377-spread-away--0.0-1789909208;2026-09-20T13:00:08.498251+00:00;2026-09-20T13:00:08.498251+00:00;Spain - La Liga;Deportivo La Coruna vs Real Betis;1635995377;spread;away;-0.0;2.0;1.935;3.25;0;3.47;3.21;1
1636571521-spread-home-0.5-1789909208;2026-09-20T13:00:08.498251+00:00;2026-09-20T13:00:08.498251+00:00;Netherlands - Eerste Divisie;De Graafschap vs NAC Breda;1636571521;spread;home;0.5;1.901;1.87;1.631;0;1.72;1.46;1
1636571521-spread-away--0.5-1789909208;2026-09-20T13:00:08.498251+00:00;2026-09-20T13:00:08.498251+00:00;Netherlands - Eerste Divisie;De Graafschap vs NAC Breda;1636571521;spread;away;-0.5;1.98;1.82;8.081;0;1.72;1.46;1
1635984816-total-under-2.5-1789909572;2026-09-20T13:06:12.761693+00:00;2026-09-20T13:06:12.761693+00:00;Italy - Serie A;Juventus vs Atalanta;1635984816;total;under;2.5;1.98;1.909;3.586;0;2.9;2.63;1
1636498762-spread-away--0.0-1789909572;2026-09-20T13:06:12.761693+00:00;2026-09-20T13:06:12.761693+00:00;Poland - Ekstraklasa;Jagiellonia Bialystok vs Legia Warsaw;1636498762;spread;away;-0.0;1.962;1.862;5.097;0;2.39;2.13;1
1636498758-spread-away-2.0-1789909572;2026-09-20T13:06:12.761693+00:00;2026-09-20T13:06:12.761693+00:00;Turkey - Super League;Fenerbahce vs Eyupspor;1636498758;spread;away;2.0;1.926;1.901;1.298;0;0.89;0.63;1
1636612046-spread-home--0.5-1789909572;2026-09-20T13:06:12.761693+00:00;2026-09-20T13:06:12.761693+00:00;Bulgaria - Second League;Marek Dupnitsa vs Rilski Sportist;1636612046;spread;home;-0.5;2.01;1.855;7.711;0;0.88;0.62;1
1635992344-spread-home--0.5-1789909572;2026-09-20T13:06:12.761693+00:00;2026-09-20T13:06:12.761693+00:00;Spain - La Liga;Atletico Madrid vs Real Madrid;1635992344;spread;home;-0.5;2.01;1.885;6.219;0;1.12;0.86;1
1635992345-spread-home--1.0-1789909572;2026-09-20T13:06:12.761693+00:00;2026-09-20T13:06:12.761693+00:00;Spain - La Liga;Villarreal vs Levante;1635992345;spread;home;-1.0;1.847;1.826;1.137;0;3.37;3.11;1
1636498180-spread-away--0.0-1789909572;2026-09-20T13:06:12.761693+00:00;2026-09-20T13:06:12.761693+00:00;Iceland - Premier League;IBV vs Valur Reykjavik;1636498180;spread;away;-0.0;1.885;1.826;3.13;0;2.87;2.61;1
1636578439-spread-away--0.0-1789909208;2026-09-20T13:00:08.498251+00:00;2026-09-20T13:12:10.212705+00:00;Argentina - Primera B Nacional;Guemes vs Ferrocarril Midland;1636578439;spread;away;-0.0;1.847;1.775;3.898;12.03;6.99;6.73;2
1636569770-spread-away--0.0-1789909930;2026-09-20T13:12:10.212705+00:00;2026-09-20T13:12:10.212705+00:00;Sweden - Allsvenskan;Mjallby vs GAIS;1636569770;spread;away;-0.0;1.877;1.781;5.115;0;1.3;1.03;1
1636007497-spread-away--0.5-1789909930;2026-09-20T13:12:10.212705+00:00;2026-09-20T13:12:10.212705+00:00;Argentina - Liga Pro;San Lorenzo vs Boca Juniors;1636007497;spread;away;-0.5;2.09;1.87;10.526;0;4.54;4.28;1
1635920597-spread-away--0.0-1789909930;2026-09-20T13:12:10.212705+00:00;2026-09-20T13:12:10.212705+00:00;England - Premier League;Fulham vs Manchester United;1635920597;spread;away;-0.0;2.08;1.926;7.404;0;2.29;2.02;1
1636569764-spread-home-0.0-1789909930;2026-09-20T13:12:10.212705+00:00;2026-09-20T13:12:10.212705+00:00;Spain - Segunda Division;Ceuta vs Real Valladolid;1636569764;spread;home;0.0;2.15;1.917;10.837;0;1.04;0.77;1
1636571561-total-over-2.5-1789909930;2026-09-20T13:12:10.212705+00:00;2026-09-20T13:12:10.212705+00:00;Georgia - Erovnuli Liga 2;Gori vs Kolkheti 1913 Poti;1636571561;total;over;2.5;1.893;1.82;3.856;0;0.79;0.52;1
1636498193-spread-away-0.5-1789909930;2026-09-20T13:12:10.212705+00:00;2026-09-20T13:12:10.212705+00:00;Iceland - Premier League;IA Akranes vs Breidablik;1636498193;spread;away;0.5;1.99;1.833;7.889;0;2.79;2.52;1
1635980516-spread-home-0.0-1789909930;2026-09-20T13:12:10.212705+00:00;2026-09-20T13:12:10.212705+00:00;France - Ligue 1;Nice vs Lille;1635980516;spread;home;0.0;1.935;1.87;3.359;0;2.03;1.77;1
1636572910-spread-home-0.0-1789909930;2026-09-20T13:12:10.212705+00:00;2026-09-20T13:12:10.212705+00:00;Belgium - Pro League;KV Kortrijk vs Beveren;1636572910;spread;home;0.0;2.05;1.901;7.268;0;4.03;3.77;1
1636572910-spread-away--0.0-1789909930;2026-09-20T13:12:10.212705+00:00;2026-09-20T13:12:10.212705+00:00;Belgium - Pro League;KV Kortrijk vs Beveren;1636572910;spread;away;-0.0;1.87;1.82;2.674;0;4.03;3.77;1
1636558054-spread-away-0.5-1789909930;2026-09-20T13:12:10.212705+00:00;2026-09-20T13:12:10.212705+00:00;Italy - Serie C Group B;Campobasso vs Pineto;1636558054;spread;away;0.5;1.917;1.8;6.103;0;2.28;2.02;1
1636558054-spread-home--0.5-1789909930;2026-09-20T13:12:10.212705+00:00;2026-09-20T13:12:10.212705+00:00;Italy - Serie C Group B;Campobasso vs Pineto;1636558054;spread;home;-0.5;2.03;1.794;11.626;0;2.28;2.02;1
1636555330-spread-home--1.5-1789909930;2026-09-20T13:12:10.212705+00:00;2026-09-20T13:12:10.212705+00:00;Norway - 2nd Division;Bjarg vs Traeff;1636555330;spread;home;-1.5;1.943;1.909;1.75;0;0.78;0.51;1
1636572953-spread-home-0.0-1789909930;2026-09-20T13:12:10.212705+00:00;2026-09-20T13:12:10.212705+00:00;Brazil - Serie B;Londrina vs Fortaleza;1636572953;spread;home;0.0;2.04;1.926;5.588;0;8.28;8.01;1
1636572953-spread-away--0.0-1789909930;2026-09-20T13:12:10.212705+00:00;2026-09-20T13:12:10.212705+00:00;Brazil - Serie B;Londrina vs Fortaleza;1636572953;spread;away;-0.0;1.855;1.794;3.288;0;8.28;8.01;1
1636537315-total-under-2.5-1789909930;2026-09-20T13:12:10.212705+00:00;2026-09-20T13:12:10.212705+00:00;Greece - Super League;Levadiakos vs Olympiakos;1636537315;total;under;2.5;1.952;1.893;3.023;0;0.78;0.51;1
1636532618-total-over-2.5-1789909930;2026-09-20T13:12:10.212705+00:00;2026-09-20T13:12:10.212705+00:00;Portugal - Primeira Liga;Porto vs Benfica;1636532618;total;over;2.5;1.917;1.885;1.669;0;6.27;6.01;1
1635992346-spread-home-0.0-1789909930;2026-09-20T13:12:10.212705+00:00;2026-09-20T13:12:10.212705+00:00;Spain - La Liga;Valencia vs Real Sociedad;1635992346;spread;home;0.0;2.06;1.806;12.33;0;5.77;5.51;1
1635995377-spread-home-0.0-1789909930;2026-09-20T13:12:10.212705+00:00;2026-09-20T13:12:10.212705+00:00;Spain - La Liga;Deportivo La Coruna vs Real Betis;1635995377;spread;home;0.0;1.877;1.752;6.66;0;3.27;3.01;1
1636714067-total-over-2.5-1789909930;2026-09-20T13:12:10.212705+00:00;2026-09-20T13:12:10.212705+00:00;Portugal - Cup;Serpa vs Louletano DC;1636714067;total;over;2.5;1.98;1.926;2.727;0;0.77;0.51;1
1636498762-spread-home-0.0-1789910286;2026-09-20T13:18:06.616176+00:00;2026-09-20T13:18:06.616176+00:00;Poland - Ekstraklasa;Jagiellonia Bialystok vs Legia Warsaw;1636498762;spread;home;0.0;2.04;1.763;13.578;0;2.2;1.93;1
1636572902-spread-away--0.0-1789910286;2026-09-20T13:18:06.616176+00:00;2026-09-20T13:18:06.616176+00:00;Turkey - 1st League;Mardin 1969 vs Kayserispor;1636572902;spread;away;-0.0;2.01;1.885;6.219;0;3.69;3.43;1
1636498761-spread-home-0.0-1789910286;2026-09-20T13:18:06.616176+00:00;2026-09-20T13:18:06.616176+00:00;Turkey - Super League;Erzurumspor vs Samsunspor;1636498761;spread;home;0.0;1.901;1.813;4.629;0;0.69;0.43;1
1636555305-spread-home--1.0-1789910286;2026-09-20T13:18:06.616176+00:00;2026-09-20T13:18:06.616176+00:00;UAE - League Cup;Al-Nasr Dubai vs Dubai United;1636555305;spread;home;-1.0;1.935;1.833;5.271;0;0.19;0;1
1635920597-spread-home-0.0-1789910286;2026-09-20T13:18:06.616176+00:00;2026-09-20T13:18:06.616176+00:00;England - Premier League;Fulham vs Manchester United;1635920597;spread;home;0.0;1.893;1.699;10.248;0;2.19;1.92;1
1636569764-spread-away--0.0-1789910286;2026-09-20T13:18:06.616176+00:00;2026-09-20T13:18:06.616176+00:00;Spain - Segunda Division;Ceuta vs Real Valladolid;1636569764;spread;away;-0.0;1.826;1.787;2.136;0;0.94;0.67;1
1636578439-spread-home-0.0-1789910286;2026-09-20T13:18:06.616176+00:00;2026-09-20T13:18:06.616176+00:00;Argentina - Primera B Nacional;Guemes vs Ferrocarril Midland;1636578439;spread;home;0.0;2.1;1.909;9.095;0;6.68;6.42;1
1636571521-spread-home-0.5-1789910286;2026-09-20T13:18:06.616176+00:00;2026-09-20T13:18:06.616176+00:00;Netherlands - Eerste Divisie;De Graafschap vs NAC Breda;1636571521;spread;home;0.5;1.909;1.87;2.043;0;1.43;1.17;1
1636571521-spread-away--0.5-1789910286;2026-09-20T13:18:06.616176+00:00;2026-09-20T13:18:06.616176+00:00;Netherlands - Eerste Divisie;De Graafschap vs NAC Breda;1636571521;spread;away;-0.5;1.98;1.82;8.081;0;1.43;1.17;1
1636569772-spread-away--1.0-1789910286;2026-09-20T13:18:06.616176+00:00;2026-09-20T13:18:06.616176+00:00;Slovenia - 2. SNL;Bilje vs Jesenice;1636569772;spread;away;-1.0;1.935;1.794;7.287;0;1.18;0.91;1
1635992346-spread-away--0.0-1789910286;2026-09-20T13:18:06.616176+00:00;2026-09-20T13:18:06.616176+00:00;Spain - La Liga;Valencia vs Real Sociedad;1635992346;spread;away;-0.0;2.0;1.877;6.15;0;5.67;5.41;1
1636812440-spread-home-0.0-1789910286;2026-09-20T13:18:06.616176+00:00;2026-09-20T13:18:06.616176+00:00;Brazil - Carioca B2;Belford Roxo vs Cardoso Moreira;1636812440;spread;home;0.0;2.0;1.952;2.4;0;4.42;4.16;1
1636569770-spread-home-0.0-1789909930;2026-09-20T13:12:10.212705+00:00;2026-09-20T13:24:06.525926+00:00;Sweden - Allsvenskan;Mjallby vs GAIS;1636569770;spread;home;0.0;1.99;1.952;1.91;11.94;1.3;1.03;2
1635985181-spread-away-0.5-1789909930;2026-09-20T13:12:10.212705+00:00;2026-09-20T13:24:06.525926+00:00;Germany - Bundesliga;Bayer Leverkusen vs RB Leipzig;1635985181;spread;away;0.5;2.07;2.04;1.449;11.94;0.3;0.03;2
1636007497-spread-home-0.5-1789910286;2026-09-20T13:18:06.616176+00:00;2026-09-20T13:24:06.525926+00:00;Argentina - Liga Pro;San Lorenzo vs Boca Juniors;1636007497;spread;home;0.5;1.855;1.826;1.563;6.0;4.44;4.18;2
1635995377-spread-away--0.0-1789910286;2026-09-20T13:18:06.616176+00:00;2026-09-20T13:24:06.525926+00:00;Spain - La Liga;Deportivo La Coruna vs Real Betis;1635995377;spread;away;-0.0;2.0;1.926;3.7;6.0;3.17;2.91;2
1635984816-total-under-2.5-1789910646;2026-09-20T13:24:06.525926+00:00;2026-09-20T13:24:06.525926+00:00;Italy - Serie A;Juventus vs Atalanta;1635984816;total;under;2.5;1.98;1.909;3.586;0;2.6;2.33;1
1636498758-spread-home--2.0-1789910646;2026-09-20T13:24:06.525926+00:00;2026-09-20T13:24:06.525926+00:00;Turkey - Super League;Fenerbahce vs Eyupspor;1636498758;spread;home;-2.0;1.98;1.935;2.273;0;0.6;0.33;1
1636498762-spread-away--0.0-1789910646;2026-09-20T13:24:06.525926+00:00;2026-09-20T13:24:06.525926+00:00;Poland - Ekstraklasa;Jagiellonia Bialystok vs Legia Warsaw;1636498762;spread;away;-0.0;1.962;1.862;5.097;0;2.09;1.82;1
1636836486-spread-away-0.5-1789910646;2026-09-20T13:24:06.525926+00:00;2026-09-20T13:24:06.525926+00:00;Bosnia and Herzegovina - 1st League;NK Travnik vs Zvijezda Gradacac;1636836486;spread;away;0.5;1.917;1.8;6.103;0;0.09;0;1
1636738956-spread-home--0.5-1789910646;2026-09-20T13:24:06.525926+00:00;2026-09-20T13:24:06.525926+00:00;Bosnia and Herzegovina - 1st League;Omarska vs Slavija Sarajevo;1636738956;spread;home;-0.5;1.885;1.833;2.759;0;0.59;0.32;1
1636532662-spread-away-1.5-1789910646;2026-09-20T13:24:06.525926+00:00;2026-09-20T13:24:06.525926+00:00;Norway - 1st Division;Stabaek vs Sogndal;1636532662;spread;away;1.5;2.01;1.98;1.493;0;1.59;1.32;1
1636498754-spread-away-1.5-1789910646;2026-09-20T13:24:06.525926+00:00;2026-09-20T13:24:06.525926+00:00;Norway - 1st Division;Haugesund vs Strommen;1636498754;spread;away;1.5;1.99;1.962;1.407;0;1.59;1.32;1
1636558042-spread-home--1.0-1789910646;2026-09-20T13:24:06.525926+00:00;2026-09-20T13:24:06.525926+00:00;Nigeria - NPFL;Kano Pillars vs Doma United;1636558042;spread;home;-1.0;1.962;1.758;10.398;0;1.58;1.32;1
1636612046-spread-away-0.5-1789910646;2026-09-20T13:24:06.525926+00:00;2026-09-20T13:24:06.525926+00:00;Bulgaria - Second League;Marek Dupnitsa vs Rilski Sportist;1636612046;spread;away;0.5;1.885;1.763;6.472;0;0.57;0.31;1
1636554092-spread-away-0.5-1789910286;2026-09-20T13:18:06.616176+00:00;2026-09-20T13:30:07.818250+00:00;Turkey - 1st League;Pendikspor vs Bodrumspor;1636554092;spread;away;0.5;2.02;1.855;8.168;12.02;0.69;0.43;2
1636555334-spread-away-0.5-1789910286;2026-09-20T13:18:06.616176+00:00;2026-09-20T13:30:07.818250+00:00;Turkey - 1st League;Manisa vs Istanbulspor;1636555334;spread;away;0.5;2.03;1.917;5.567;12.02;0.69;0.43;2
1636578439-spread-away--0.0-1789911007;2026-09-20T13:30:07.818250+00:00;2026-09-20T13:30:07.818250+00:00;Argentina - Primera B Nacional;Guemes vs Ferrocarril Midland;1636578439;spread;away;-0.0;1.813;1.775;2.096;0;6.5;6.23;1
1636506141-spread-away--0.5-1789911007;2026-09-20T13:30:07.818250+00:00;2026-09-20T13:30:07.818250+00:00;Turkey - Super League;Amedspor vs Besiktas;1636506141;spread;away;-0.5;1.917;1.893;1.252;0;3.5;3.23;1
1636578422-spread-away-2.0-1789911007;2026-09-20T13:30:07.818250+00:00;2026-09-20T13:30:07.818250+00:00;Croatia - HNL;Dinamo Zagreb vs Lokomotiva Zagreb;1636578422;spread;away;2.0;2.03;2.0;1.478;0;4.49;4.23;1
1636558054-spread-away-0.5-1789911007;2026-09-20T13:30:07.818250+00:00;2026-09-20T13:30:07.818250+00:00;Italy - Serie C Group B;Campobasso vs Pineto;1636558054;spread;away;0.5;1.917;1.8;6.103;0;1.99;1.72;1
1636558054-spread-home--0.5-1789911007;2026-09-20T13:30:07.818250+00:00;2026-09-20T13:30:07.818250+00:00;Italy - Serie C Group B;Campobasso vs Pineto;1636558054;spread;home;-0.5;2.03;1.794;11.626;0;1.99;1.72;1
1635920597-spread-away--0.0-1789911007;2026-09-20T13:30:07.818250+00:00;2026-09-20T13:30:07.818250+00:00;England - Premier League;Fulham vs Manchester United;1635920597;spread;away;-0.0;2.08;1.926;7.404;0;1.99;1.72;1
1636572953-spread-home-0.0-1789911007;2026-09-20T13:30:07.818250+00:00;2026-09-20T13:30:07.818250+00:00;Brazil - Serie B;Londrina vs Fortaleza;1636572953;spread;home;0.0;2.04;1.926;5.588;0;7.99;7.72;1
1636572953-spread-away--0.0-1789911007;2026-09-20T13:30:07.818250+00:00;2026-09-20T13:30:07.818250+00:00;Brazil - Serie B;Londrina vs Fortaleza;1636572953;spread;away;-0.0;1.855;1.794;3.288;0;7.99;7.72;1
1636569769-total-under-2.5-1789911007;2026-09-20T13:30:07.818250+00:00;2026-09-20T13:30:07.818250+00:00;Portugal - Primeira Liga;Vitoria Guimaraes vs Moreirense;1636569769;total;under;2.5;2.04;2.01;1.471;0;0.98;0.72;1
1636572910-spread-home-0.0-1789911007;2026-09-20T13:30:07.818250+00:00;2026-09-20T13:30:07.818250+00:00;Belgium - Pro League;KV Kortrijk vs Beveren;1636572910;spread;home;0.0;2.05;1.901;7.268;0;3.73;3.46;1
1636572910-spread-away--0.0-1789911007;2026-09-20T13:30:07.818250+00:00;2026-09-20T13:30:07.818250+00:00;Belgium - Pro League;KV Kortrijk vs Beveren;1636572910;spread;away;-0.0;1.87;1.82;2.674;0;3.73;3.46;1
1635980516-spread-home-0.0-1789911007;2026-09-20T13:30:07.818250+00:00;2026-09-20T13:30:07.818250+00:00;France - Ligue 1;Nice vs Lille;1635980516;spread;home;0.0;1.935;1.87;3.359;0;1.73;1.46;1
1636569770-spread-away--0.0-1789911007;2026-09-20T13:30:07.818250+00:00;2026-09-20T13:30:07.818250+00:00;Sweden - Allsvenskan;Mjallby vs GAIS;1636569770;spread;away;-0.0;1.917;1.781;7.094;0;0.98;0.71;1
1636483856-spread-away--0.5-1789911007;2026-09-20T13:30:07.818250+00:00;2026-09-20T13:30:07.818250+00:00;Denmark - Superliga;Horsens vs AGF;1636483856;spread;away;-0.5;1.901;1.847;2.841;0;0.47;0.21;1
1636007497-spread-away--0.5-1789911007;2026-09-20T13:30:07.818250+00:00;2026-09-20T13:30:07.818250+00:00;Argentina - Liga Pro;San Lorenzo vs Boca Juniors;1636007497;spread;away;-0.5;2.1;1.87;10.952;0;4.22;3.95;1
1635995377-spread-home-0.0-1789911007;2026-09-20T13:30:07.818250+00:00;2026-09-20T13:30:07.818250+00:00;Spain - La Liga;Deportivo La Coruna vs Real Betis;1635995377;spread;home;0.0;1.893;1.752;7.448;0;2.97;2.7;1
1635992346-spread-home-0.0-1789911007;2026-09-20T13:30:07.818250+00:00;2026-09-20T13:30:07.818250+00:00;Spain - La Liga;Valencia vs Real Sociedad;1635992346;spread;home;0.0;2.06;1.806;12.33;0;5.47;5.2;1
1636581384-spread-away--0.0-1789911360;2026-09-20T13:36:00.790409+00:00;2026-09-20T13:36:00.790409+00:00;Argentina - Primera B Nacional;Chacarita Juniors vs Quilmes;1636581384;spread;away;-0.0;1.935;1.909;1.344;0;4.4;4.13;1
1636578439-spread-home-0.0-1789911360;2026-09-20T13:36:00.790409+00:00;2026-09-20T13:36:00.790409+00:00;Argentina - Primera B Nacional;Guemes vs Ferrocarril Midland;1636578439;spread;home;0.0;2.1;1.909;9.095;0;6.4;6.13;1
1635920597-spread-home-0.0-1789911360;2026-09-20T13:36:00.790409+00:00;2026-09-20T13:36:00.790409+00:00;England - Premier League;Fulham vs Manchester United;1635920597;spread;home;0.0;1.893;1.699;10.248;0;1.89;1.62;1
1636571521-spread-home-0.5-1789911360;2026-09-20T13:36:00.790409+00:00;2026-09-20T13:36:00.790409+00:00;Netherlands - Eerste Divisie;De Graafschap vs NAC Breda;1636571521;spread;home;0.5;1.909;1.87;2.043;0;1.14;0.87;1
1636571521-spread-away--0.5-1789911360;2026-09-20T13:36:00.790409+00:00;2026-09-20T13:36:00.790409+00:00;Netherlands - Eerste Divisie;De Graafschap vs NAC Breda;1636571521;spread;away;-0.5;1.98;1.82;8.081;0;1.14;0.87;1
1636554091-spread-away--1.5-1789911360;2026-09-20T13:36:00.790409+00:00;2026-09-20T13:36:00.790409+00:00;Brazil - Serie B;Ponte Preta vs CRB;1636554091;spread;away;-1.5;2.08;1.962;5.673;0;0.39;0.12;1
1636569773-spread-away--0.5-1789911360;2026-09-20T13:36:00.790409+00:00;2026-09-20T13:36:00.790409+00:00;Slovenia - 2. SNL;Dravinja vs Bistrica;1636569773;spread;away;-0.5;1.98;1.952;1.414;0;0.89;0.62;1
1636572902-spread-home-0.0-1789911360;2026-09-20T13:36:00.790409+00:00;2026-09-20T13:36:00.790409+00:00;Turkey - 1st League;Mardin 1969 vs Kayserispor;1636572902;spread;home;0.0;1.935;1.833;5.271;0;3.39;3.12;1
1636554089-total-under-2.5-1789911360;2026-09-20T13:36:00.790409+00:00;2026-09-20T13:36:00.790409+00:00;Hungary - NB 2;Karcagi SE vs Kozarmisleny;1636554089;total;under;2.5;1.885;1.806;4.191;0;0.38;0.11;1
1636919988-spread-away--1.5-1789911360;2026-09-20T13:36:00.790409+00:00;2026-09-20T13:36:00.790409+00:00;England - FA Cup Qualification;Southall vs Dorking Wanderers;1636919988;spread;away;-1.5;1.833;1.787;2.51;0;0.38;0.1;1
1636498193-spread-away-0.5-1789911360;2026-09-20T13:36:00.790409+00:00;2026-09-20T13:36:00.790409+00:00;Iceland - Premier League;IA Akranes vs Breidablik;1636498193;spread;away;0.5;1.952;1.833;6.096;0;2.38;2.1;1
1636558002-spread-home-1.0-1789911360;2026-09-20T13:36:00.790409+00:00;2026-09-20T13:36:00.790409+00:00;Moldova - Divizia Nationala;Real Sireti vs Milsami;1636558002;spread;home;1.0;1.893;1.862;1.638;0;0.37;0.1;1
1635992346-spread-away--0.0-1789911360;2026-09-20T13:36:00.790409+00:00;2026-09-20T13:36:00.790409+00:00;Spain - La Liga;Valencia vs Real Sociedad;1635992346;spread;away;-0.0;2.0;1.877;6.15;0;5.37;5.1;1
1636578411-spread-away-0.5-1789911360;2026-09-20T13:36:00.790409+00:00;2026-09-20T13:36:00.790409+00:00;Bulgaria - Second League;Etar Veliko Tarnovo vs Chernomorets 1919 Burgas;1636578411;spread;away;0.5;1.806;1.775;1.717;0;3.87;3.6;1
1635995377-spread-away--0.0-1789911723;2026-09-20T13:42:03.122963+00:00;2026-09-20T13:42:03.122963+00:00;Spain - La Liga;Deportivo La Coruna vs Real Betis;1635995377;spread;away;-0.0;2.0;1.926;3.7;0;2.8;2.52;1
1636007497-spread-home-0.5-1789911723;2026-09-20T13:42:03.122963+00:00;2026-09-20T13:42:03.122963+00:00;Argentina - Liga Pro;San Lorenzo vs Boca Juniors;1636007497;spread;home;0.5;1.855;1.826;1.563;0;4.04;3.77;1
1636040128-spread-home-1.0-1789911723;2026-09-20T13:42:03.122963+00:00;2026-09-20T13:42:03.122963+00:00;Brazil - Serie A;Gremio vs Palmeiras;1636040128;spread;home;1.0;1.885;1.826;3.13;0;0.28;0.01;1
1636569770-spread-home-0.0-1789911723;2026-09-20T13:42:03.122963+00:00;2026-09-20T13:42:03.122963+00:00;Sweden - Allsvenskan;Mjallby vs GAIS;1636569770;spread;home;0.0;1.98;1.952;1.414;0;0.78;0.51;1
1635984816-total-under-2.5-1789911723;2026-09-20T13:42:03.122963+00:00;2026-09-20T13:42:03.122963+00:00;Italy - Serie A;Juventus vs Atalanta;1635984816;total;under;2.5;1.971;1.909;3.146;0;2.28;2.01;1
1636537315-total-under-2.5-1789911723;2026-09-20T13:42:03.122963+00:00;2026-09-20T13:42:03.122963+00:00;Greece - Super League;Levadiakos vs Olympiakos;1636537315;total;under;2.5;1.909;1.877;1.676;0;0.27;0.0;1
1636572931-spread-away-0.5-1789911723;2026-09-20T13:42:03.122963+00:00;2026-09-20T13:42:03.122963+00:00;Bolivia - Cup;Real Oruro vs GV San Jose;1636572931;spread;away;0.5;1.962;1.8;8.257;0;5.27;5.0;1
1636709567-spread-home--1.0-1789911360;2026-09-20T13:36:00.790409+00:00;2026-09-20T13:48:11.610624+00:00;Portugal - Cup;AD Limianos vs SC Mineiro Aljustrelense;1636709567;spread;home;-1.0;2.0;1.775;11.25;12.18;0.39;0.13;2
1636709567-total-over-2.5-1789911360;2026-09-20T13:36:00.790409+00:00;2026-09-20T13:48:11.610624+00:00;Portugal - Cup;AD Limianos vs SC Mineiro Aljustrelense;1636709567;total;over;2.5;1.855;1.794;3.288;12.18;0.39;0.13;2
1636572901-total-over-2.5-1789911360;2026-09-20T13:36:00.790409+00:00;2026-09-20T13:48:11.610624+00:00;Montenegro - Prva Liga;Otrant Olympic vs Jezero Plav;1636572901;total;over;2.5;1.885;1.862;1.22;12.18;0.38;0.12;2
1636555334-spread-away-0.5-1789912091;2026-09-20T13:48:11.610624+00:00;2026-09-20T13:48:11.610624+00:00;Turkey - 1st League;Manisa vs Istanbulspor;1636555334;spread;away;0.5;1.917;1.806;5.79;0;0.2;0;1
1635980516-spread-home-0.0-1789912091;2026-09-20T13:48:11.610624+00:00;2026-09-20T13:48:11.610624+00:00;France - Ligue 1;Nice vs Lille;1635980516;spread;home;0.0;1.935;1.87;3.359;0;1.45;1.19;1
1635995377-spread-home-0.0-1789912091;2026-09-20T13:48:11.610624+00:00;2026-09-20T13:48:11.610624+00:00;Spain - La Liga;Deportivo La Coruna vs Real Betis;1635995377;spread;home;0.0;1.893;1.752;7.448;0;2.69;2.43;1
1635992346-spread-home-0.0-1789912091;2026-09-20T13:48:11.610624+00:00;2026-09-20T13:48:11.610624+00:00;Spain - La Liga;Valencia vs Real Sociedad;1635992346;spread;home;0.0;2.06;1.806;12.33;0;5.19;4.93;1
1636572903-total-over-2.5-1789912091;2026-09-20T13:48:11.610624+00:00;2026-09-20T13:48:11.610624+00:00;Montenegro - Druga Liga;OFK Grbalj vs Berane;1636572903;total;over;2.5;1.926;1.901;1.298;0;0.19;0;1
1636007497-spread-away--0.5-1789912091;2026-09-20T13:48:11.610624+00:00;2026-09-20T13:48:11.610624+00:00;Argentina - Liga Pro;San Lorenzo vs Boca Juniors;1636007497;spread;away;-0.5;2.1;1.87;10.952;0;3.94;3.68;1
1636578439-spread-away--0.0-1789912091;2026-09-20T13:48:11.610624+00:00;2026-09-20T13:48:11.610624+00:00;Argentina - Primera B Nacional;Guemes vs Ferrocarril Midland;1636578439;spread;away;-0.0;1.813;1.775;2.096;0;6.19;5.93;1
1636572910-spread-home-0.0-1789912091;2026-09-20T13:48:11.610624+00:00;2026-09-20T13:48:11.610624+00:00;Belgium - Pro League;KV Kortrijk vs Beveren;1636572910;spread;home;0.0;2.05;1.901;7.268;0;3.44;3.18;1
1636572910-spread-away--0.0-1789912091;2026-09-20T13:48:11.610624+00:00;2026-09-20T13:48:11.610624+00:00;Belgium - Pro League;KV Kortrijk vs Beveren;1636572910;spread;away;-0.0;1.87;1.82;2.674;0;3.44;3.18;1
1636572953-spread-home-0.0-1789912091;2026-09-20T13:48:11.610624+00:00;2026-09-20T13:48:11.610624+00:00;Brazil - Serie B;Londrina vs Fortaleza;1636572953;spread;home;0.0;2.04;1.926;5.588;0;7.68;7.42;1
1636572953-spread-away--0.0-1789912091;2026-09-20T13:48:11.610624+00:00;2026-09-20T13:48:11.610624+00:00;Brazil - Serie B;Londrina vs Fortaleza;1636572953;spread;away;-0.0;1.855;1.794;3.288;0;7.68;7.42;1
1636558054-spread-away-0.5-1789912091;2026-09-20T13:48:11.610624+00:00;2026-09-20T13:48:11.610624+00:00;Italy - Serie C Group B;Campobasso vs Pineto;1636558054;spread;away;0.5;1.917;1.813;5.425;0;1.68;1.42;1
1636558054-spread-home--0.5-1789912091;2026-09-20T13:48:11.610624+00:00;2026-09-20T13:48:11.610624+00:00;Italy - Serie C Group B;Campobasso vs Pineto;1636558054;spread;home;-0.5;2.05;1.806;11.902;0;1.68;1.42;1
1635920597-spread-away--0.0-1789912091;2026-09-20T13:48:11.610624+00:00;2026-09-20T13:48:11.610624+00:00;England - Premier League;Fulham vs Manchester United;1635920597;spread;away;-0.0;2.08;1.926;7.404;0;1.68;1.42;1
1636558006-spread-home--1.0-1789912091;2026-09-20T13:48:11.610624+00:00;2026-09-20T13:48:11.610624+00:00;Sweden - Division 1 Norra;Eskilstuna vs Gefle;1636558006;spread;home;-1.0;2.0;1.855;7.25;0;0.18;0;1
1636558033-spread-home--0.5-1789912091;2026-09-20T13:48:11.610624+00:00;2026-09-20T13:48:11.610624+00:00;Qatar - Stars Cup;Al Wakrah vs Al Sailiya;1636558033;spread;home;-0.5;1.901;1.8;5.313;0;1.18;0.92;1
1636569770-spread-away--0.0-1789912091;2026-09-20T13:48:11.610624+00:00;2026-09-20T13:48:11.610624+00:00;Sweden - Allsvenskan;Mjallby vs GAIS;1636569770;spread;away;-0.0;1.917;1.781;7.094;0;0.68;0.42;1
1635984816-total-over-2.5-1789912091;2026-09-20T13:48:11.610624+00:00;2026-09-20T13:48:11.610624+00:00;Italy - Serie A;Juventus vs Atalanta;1635984816;total;over;2.5;1.935;1.909;1.344;0;2.18;1.92;1
1636498761-spread-away-0.5-1789912091;2026-09-20T13:48:11.610624+00:00;2026-09-20T13:48:11.610624+00:00;Turkey - Super League;Erzurumspor vs Samsunspor;1636498761;spread;away;0.5;1.943;1.901;2.162;0;0.17;0;1
1636506131-spread-away--1.0-1789912091;2026-09-20T13:48:11.610624+00:00;2026-09-20T13:48:11.610624+00:00;Bulgaria - First League;Lokomotiv Plovdiv vs CSKA Sofia;1636506131;spread;away;-1.0;1.971;1.926;2.283;0;0.92;0.66;1
1636555328-spread-home--0.5-1789912091;2026-09-20T13:48:11.610624+00:00;2026-09-20T13:48:11.610624+00:00;Belgium - Challenger Pro League;Lokeren-Temse vs Royal Excelsior Virton;1636555328;spread;home;-0.5;1.98;1.943;1.869;0;0.17;0;1
1636572902-spread-away--0.0-1789911360;2026-09-20T13:36:00.790409+00:00;2026-09-20T13:54:19.833115+00:00;Turkey - 1st League;Mardin 1969 vs Kayserispor;1636572902;spread;away;-0.0;1.917;1.847;3.652;18.32;3.39;3.14;3
1636571563-spread-away--0.0-1789912459;2026-09-20T13:54:19.833115+00:00;2026-09-20T13:54:19.833115+00:00;Latvia - 1st Liga;Ventspils vs Skanstes;1636571563;spread;away;-0.0;1.971;1.901;3.551;0;2.09;1.84;1
1636571561-total-over-2.5-1789912459;2026-09-20T13:54:19.833115+00:00;2026-09-20T13:54:19.833115+00:00;Georgia - Erovnuli Liga 2;Gori vs Kolkheti 1913 Poti;1636571561;total;over;2.5;1.82;1.794;1.429;0;0.09;0;1
1636554091-spread-away--1.5-1789912459;2026-09-20T13:54:19.833115+00:00;2026-09-20T13:54:19.833115+00:00;Brazil - Serie B;Ponte Preta vs CRB;1636554091;spread;away;-1.5;1.962;1.862;5.097;0;0.09;0;1
1636578439-spread-home-0.0-1789912459;2026-09-20T13:54:19.833115+00:00;2026-09-20T13:54:19.833115+00:00;Argentina - Primera B Nacional;Guemes vs Ferrocarril Midland;1636578439;spread;home;0.0;2.1;1.909;9.095;0;6.09;5.84;1
1636572931-spread-home--0.5-1789912459;2026-09-20T13:54:19.833115+00:00;2026-09-20T13:54:19.833115+00:00;Bolivia - Cup;Real Oruro vs GV San Jose;1636572931;spread;home;-0.5;1.909;1.877;1.676;0;5.09;4.84;1
1636498758-spread-home--2.0-1789912459;2026-09-20T13:54:19.833115+00:00;2026-09-20T13:54:19.833115+00:00;Turkey - Super League;Fenerbahce vs Eyupspor;1636498758;spread;home;-2.0;1.935;1.855;4.134;0;0.09;0;1
1636498754-spread-home--1.5-1789912459;2026-09-20T13:54:19.833115+00:00;2026-09-20T13:54:19.833115+00:00;Norway - 1st Division;Haugesund vs Strommen;1636498754;spread;home;-1.5;1.893;1.862;1.638;0;1.09;0.84;1
1636739040-spread-home--0.5-1789912459;2026-09-20T13:54:19.833115+00:00;2026-09-20T13:54:19.833115+00:00;Austria - Landesliga;SC Landskron vs Launsdorf;1636739040;spread;home;-0.5;1.926;1.82;5.504;0;0.09;0;1
1636572902-spread-home-0.0-1789912459;2026-09-20T13:54:19.833115+00:00;2026-09-20T13:54:19.833115+00:00;Turkey - 1st League;Mardin 1969 vs Kayserispor;1636572902;spread;home;0.0;2.01;1.833;8.806;0;3.08;2.83;1
1636555332-spread-home--1.0-1789912459;2026-09-20T13:54:19.833115+00:00;2026-09-20T13:54:19.833115+00:00;Belarus - Premier League;Dinamo Brest vs Dnepr Mogilev;1636555332;spread;home;-1.0;1.971;1.935;1.826;0;0.08;0;1
1635920597-spread-home-0.0-1789912459;2026-09-20T13:54:19.833115+00:00;2026-09-20T13:54:19.833115+00:00;England - Premier League;Fulham vs Manchester United;1635920597;spread;home;0.0;1.893;1.699;10.248;0;1.58;1.33;1
1636571521-spread-home-0.5-1789912459;2026-09-20T13:54:19.833115+00:00;2026-09-20T13:54:19.833115+00:00;Netherlands - Eerste Divisie;De Graafschap vs NAC Breda;1636571521;spread;home;0.5;1.909;1.87;2.043;0;0.82;0.57;1
1636571521-spread-away--0.5-1789912459;2026-09-20T13:54:19.833115+00:00;2026-09-20T13:54:19.833115+00:00;Netherlands - Eerste Divisie;De Graafschap vs NAC Breda;1636571521;spread;away;-0.5;1.98;1.82;8.081;0;0.82;0.57;1
1636498193-spread-home--0.5-1789912459;2026-09-20T13:54:19.833115+00:00;2026-09-20T13:54:19.833115+00:00;Iceland - Premier League;IA Akranes vs Breidablik;1636498193;spread;home;-0.5;1.935;1.885;2.584;0;2.07;1.82;1
1636498193-spread-away-0.5-1789912459;2026-09-20T13:54:19.833115+00:00;2026-09-20T13:54:19.833115+00:00;Iceland - Premier League;IA Akranes vs Breidablik;1636498193;spread;away;0.5;1.917;1.833;4.382;0;2.07;1.82;1
1636557995-spread-away--0.0-1789912459;2026-09-20T13:54:19.833115+00:00;2026-09-20T13:54:19.833115+00:00;Hungary - NB 2;Szentlorinc vs BVSC Zuglo;1636557995;spread;away;-0.0;1.971;1.909;3.146;0;0.07;0;1
1636578517-spread-home-0.0-1789912459;2026-09-20T13:54:19.833115+00:00;2026-09-20T13:54:19.833115+00:00;Italy - Serie C Group B;Grosseto vs Perugia;1636578517;spread;home;0.0;1.917;1.877;2.087;0;4.57;4.32;1
1636571518-spread-home-0.5-1789912091;2026-09-20T13:48:11.610624+00:00;2026-09-20T14:00:20.023104+00:00;Switzerland - Super League;Lausanne-Sport vs FC Lugano;1636571518;spread;home;0.5;1.952;1.885;3.432;12.14;0.69;0.44;2
1635984816-total-under-2.5-1789912820;2026-09-20T14:00:20.023104+00:00;2026-09-20T14:00:20.023104+00:00;Italy - Serie A;Juventus vs Atalanta;1635984816;total;under;2.5;1.971;1.909;3.146;0;1.99;1.75;1
1636739051-spread-home--0.5-1789912820;2026-09-20T14:00:20.023104+00:00;2026-09-20T14:00:20.023104+00:00;Venezuela - Segunda Division;Atletico El Vigia vs Real Frontera;1636739051;spread;home;-0.5;1.781;1.763;1.011;0;5.49;5.25;1
1636739054-spread-away-1.0-1789912820;2026-09-20T14:00:20.023104+00:00;2026-09-20T14:00:20.023104+00:00;Venezuela - Segunda Division;Deportivo Miranda vs Club Atletico Deportivo Avila;1636739054;spread;away;1.0;1.8;1.781;1.056;0;5.49;5.25;1
1636007497-spread-home-0.5-1789912820;2026-09-20T14:00:20.023104+00:00;2026-09-20T14:00:20.023104+00:00;Argentina - Liga Pro;San Lorenzo vs Boca Juniors;1636007497;spread;home;0.5;1.855;1.826;1.563;0;3.74;3.5;1
1636569764-spread-away-0.5-1789912820;2026-09-20T14:00:20.023104+00:00;2026-09-20T14:00:20.023104+00:00;Spain - Segunda Division;Ceuta vs Real Valladolid;1636569764;spread;away;0.5;1.826;1.806;1.095;0;0.24;0;1
1636612110-spread-away--1.0-1789912820;2026-09-20T14:00:20.023104+00:00;2026-09-20T14:00:20.023104+00:00;Bosnia and Herzegovina - Premier Liga;Siroki Brijeg vs Borac Banja Luka;1636612110;spread;away;-1.0;1.909;1.87;2.043;0;0.99;0.75;1
1636612099-spread-away-1.0-1789912820;2026-09-20T14:00:20.023104+00:00;2026-09-20T14:00:20.023104+00:00;Tunisia - League 1;Club Africain vs ES Zarzis;1636612099;spread;away;1.0;1.926;1.877;2.544;0;0.99;0.74;1
1636571519-spread-away--0.0-1789912820;2026-09-20T14:00:20.023104+00:00;2026-09-20T14:00:20.023104+00:00;Switzerland - Super League;Basel vs St. Gallen;1636571519;spread;away;-0.0;1.935;1.901;1.757;0;0.49;0.24;1
1637053180-total-over-2.5-1789912820;2026-09-20T14:00:20.023104+00:00;2026-09-20T14:00:20.023104+00:00;Spain - Tercera Division;Galapagar vs Las Rozas;1637053180;total;over;2.5;1.826;1.775;2.793;0;0.48;0.24;1
1636569770-spread-home-0.0-1789912820;2026-09-20T14:00:20.023104+00:00;2026-09-20T14:00:20.023104+00:00;Sweden - Allsvenskan;Mjallby vs GAIS;1636569770;spread;home;0.0;2.0;1.98;1.0;0;0.48;0.24;1
1635995377-spread-away--0.0-1789912820;2026-09-20T14:00:20.023104+00:00;2026-09-20T14:00:20.023104+00:00;Spain - La Liga;Deportivo La Coruna vs Real Betis;1635995377;spread;away;-0.0;2.0;1.926;3.7;0;2.47;2.23;1
1635992346-spread-away--0.0-1789912459;2026-09-20T13:54:19.833115+00:00;2026-09-20T14:05:47.349281+00:00;Spain - La Liga;Valencia vs Real Sociedad;1635992346;spread;away;-0.0;2.0;1.855;7.25;11.46;5.07;4.83;2
1636007497-spread-away--0.5-1789913147;2026-09-20T14:05:47.349281+00:00;2026-09-20T14:05:47.349281+00:00;Argentina - Liga Pro;San Lorenzo vs Boca Juniors;1636007497;spread;away;-0.5;2.1;1.87;10.952;0;3.65;3.41;1
1635980516-spread-home-0.0-1789913147;2026-09-20T14:05:47.349281+00:00;2026-09-20T14:05:47.349281+00:00;France - Ligue 1;Nice vs Lille;1635980516;spread;home;0.0;1.935;1.87;3.359;0;1.15;0.91;1
1636572953-spread-home-0.0-1789913147;2026-09-20T14:05:47.349281+00:00;2026-09-20T14:05:47.349281+00:00;Brazil - Serie B;Londrina vs Fortaleza;1636572953;spread;home;0.0;2.04;1.926;5.588;0;7.4;7.15;1
1636572953-spread-away--0.0-1789913147;2026-09-20T14:05:47.349281+00:00;2026-09-20T14:05:47.349281+00:00;Brazil - Serie B;Londrina vs Fortaleza;1636572953;spread;away;-0.0;1.855;1.794;3.288;0;7.4;7.15;1
1636578439-spread-away--0.0-1789913147;2026-09-20T14:05:47.349281+00:00;2026-09-20T14:05:47.349281+00:00;Argentina - Primera B Nacional;Guemes vs Ferrocarril Midland;1636578439;spread;away;-0.0;1.813;1.775;2.096;0;5.9;5.65;1
1636571554-total-under-2.5-1789913147;2026-09-20T14:05:47.349281+00:00;2026-09-20T14:05:47.349281+00:00;Saudi Arabia - Division 1;Al-Jabalain vs Al Orubah;1636571554;total;under;2.5;1.909;1.813;5.029;0;1.81;1.57;1
1636569770-spread-away--0.0-1789913147;2026-09-20T14:05:47.349281+00:00;2026-09-20T14:05:47.349281+00:00;Sweden - Allsvenskan;Mjallby vs GAIS;1636569770;spread;away;-0.0;1.833;1.781;2.837;0;0.39;0.14;1
1636569773-spread-home-0.5-1789913147;2026-09-20T14:05:47.349281+00:00;2026-09-20T14:05:47.349281+00:00;Slovenia - 2. SNL;Dravinja vs Bistrica;1636569773;spread;home;0.5;1.794;1.769;1.394;0;0.39;0.14;1
1635920597-spread-away--0.0-1789913147;2026-09-20T14:05:47.349281+00:00;2026-09-20T14:05:47.349281+00:00;England - Premier League;Fulham vs Manchester United;1635920597;spread;away;-0.0;2.08;1.926;7.404;0;1.39;1.14;1
1635995377-spread-home-0.0-1789913147;2026-09-20T14:05:47.349281+00:00;2026-09-20T14:05:47.349281+00:00;Spain - La Liga;Deportivo La Coruna vs Real Betis;1635995377;spread;home;0.0;1.893;1.752;7.448;0;2.38;2.14;1
1635992346-spread-home-0.0-1789913147;2026-09-20T14:05:47.349281+00:00;2026-09-20T14:05:47.349281+00:00;Spain - La Liga;Valencia vs Real Sociedad;1635992346;spread;home;0.0;2.08;1.806;13.173;0;4.88;4.64;1
1636571539-spread-home--0.5-1789913147;2026-09-20T14:05:47.349281+00:00;2026-09-20T14:05:47.349281+00:00;Nigeria - NPFL;Nasarawa United vs Rivers United;1636571539;spread;home;-0.5;1.855;1.787;3.666;0;0.88;0.63;1
1636558054-spread-away-0.5-1789913147;2026-09-20T14:05:47.349281+00:00;2026-09-20T14:05:47.349281+00:00;Italy - Serie C Group B;Campobasso vs Pineto;1636558054;spread;away;0.5;1.926;1.813;5.867;0;1.38;1.13;1
1636558054-spread-home--0.5-1789913147;2026-09-20T14:05:47.349281+00:00;2026-09-20T14:05:47.349281+00:00;Italy - Serie C Group B;Campobasso vs Pineto;1636558054;spread;home;-0.5;2.05;1.806;11.902;0;1.38;1.13;1
1636572910-spread-home-0.0-1789913147;2026-09-20T14:05:47.349281+00:00;2026-09-20T14:05:47.349281+00:00;Belgium - Pro League;KV Kortrijk vs Beveren;1636572910;spread;home;0.0;2.07;1.901;8.164;0;3.13;2.88;1
1636572910-spread-away--0.0-1789913147;2026-09-20T14:05:47.349281+00:00;2026-09-20T14:05:47.349281+00:00;Belgium - Pro League;KV Kortrijk vs Beveren;1636572910;spread;away;-0.0;1.847;1.82;1.462;0;3.13;2.88;1
1636569769-spread-away-1.0-1789912820;2026-09-20T14:00:20.023104+00:00;2026-09-20T14:11:18.452472+00:00;Portugal - Primeira Liga;Vitoria Guimaraes vs Moreirense;1636569769;spread;away;1.0;2.11;2.0;5.213;10.97;0.49;0.25;2
1636569769-total-under-2.5-1789912820;2026-09-20T14:00:20.023104+00:00;2026-09-20T14:11:18.452472+00:00;Portugal - Primeira Liga;Vitoria Guimaraes vs Moreirense;1636569769;total;under;2.5;2.01;1.98;1.493;10.97;0.49;0.25;2
1635957958-spread-home--1.0-1789912820;2026-09-20T14:00:20.023104+00:00;2026-09-20T14:11:18.452472+00:00;Austria - Bundesliga;Salzburg vs Sturm Graz;1635957958;spread;home;-1.0;1.99;1.917;3.668;10.97;0.99;0.74;2
1636571521-spread-home-0.5-1789913478;2026-09-20T14:11:18.452472+00:00;2026-09-20T14:11:18.452472+00:00;Netherlands - Eerste Divisie;De Graafschap vs NAC Breda;1636571521;spread;home;0.5;2.0;1.909;4.55;0;0.56;0.31;1
1636571521-spread-away--0.5-1789913478;2026-09-20T14:11:18.452472+00:00;2026-09-20T14:11:18.452472+00:00;Netherlands - Eerste Divisie;De Graafschap vs NAC Breda;1636571521;spread;away;-0.5;1.862;1.82;2.256;0;0.56;0.31;1
1636498193-spread-home--0.5-1789913478;2026-09-20T14:11:18.452472+00:00;2026-09-20T14:11:18.452472+00:00;Iceland - Premier League;IA Akranes vs Breidablik;1636498193;spread;home;-0.5;1.943;1.893;2.573;0;1.8;1.56;1
1636498193-spread-away-0.5-1789913478;2026-09-20T14:11:18.452472+00:00;2026-09-20T14:11:18.452472+00:00;Iceland - Premier League;IA Akranes vs Breidablik;1636498193;spread;away;0.5;1.909;1.84;3.614;0;1.8;1.56;1
1635920597-spread-home-0.0-1789913478;2026-09-20T14:11:18.452472+00:00;2026-09-20T14:11:18.452472+00:00;England - Premier League;Fulham vs Manchester United;1635920597;spread;home;0.0;1.893;1.699;10.248;0;1.3;1.05;1
1636572902-spread-away--0.0-1789913478;2026-09-20T14:11:18.452472+00:00;2026-09-20T14:11:18.452472+00:00;Turkey - 1st League;Mardin 1969 vs Kayserispor;1636572902;spread;away;-0.0;1.885;1.847;2.016;0;2.8;2.55;1
1636572902-spread-home-0.0-1789913478;2026-09-20T14:11:18.452472+00:00;2026-09-20T14:11:18.452472+00:00;Turkey - 1st League;Mardin 1969 vs Kayserispor;1636572902;spread;home;0.0;2.01;1.833;8.806;0;2.8;2.55;1
1635957958-spread-home--2.0-1789913478;2026-09-20T14:11:18.452472+00:00;2026-09-20T14:11:18.452472+00:00;Austria - Bundesliga;Salzburg vs Sturm Graz;1635957958;spread;home;-2.0;1.935;1.775;8.269;0;0.79;0.55;1
1636571520-spread-home-1.5-1789913478;2026-09-20T14:11:18.452472+00:00;2026-09-20T14:11:18.452472+00:00;Sweden - Allsvenskan;Degerfors vs Hammarby;1636571520;spread;home;1.5;1.98;1.935;2.273;0;0.29;0.04;1
1636569771-spread-away--0.5-1789913478;2026-09-20T14:11:18.452472+00:00;2026-09-20T14:11:18.452472+00:00;Uzbekistan - Super League;Lokomotiv Tashkent vs Neftchi Fergona;1636569771;spread;away;-0.5;1.99;1.926;3.216;0;0.29;0.04;1
1636506141-spread-home-0.5-1789913812;2026-09-20T14:16:52.618714+00:00;2026-09-20T14:16:52.618714+00:00;Turkey - Super League;Amedspor vs Besiktas;1636506141;spread;home;0.5;2.02;1.98;1.98;0;2.72;2.47;1
1636558029-spread-home-1.0-1789913812;2026-09-20T14:16:52.618714+00:00;2026-09-20T14:16:52.618714+00:00;Latvia - Virsliga;FK Auda vs RFS;1636558029;spread;home;1.0;1.84;1.8;2.174;0;0.72;0.47;1
1636569853-total-under-2.5-1789913812;2026-09-20T14:16:52.618714+00:00;2026-09-20T14:16:52.618714+00:00;Belgium - Challenger Pro League;Dender vs Patro Eisden Maasmechelen;1636569853;total;under;2.5;1.971;1.926;2.283;0;2.96;2.72;1
1636498197-spread-away-1.0-1789913812;2026-09-20T14:16:52.618714+00:00;2026-09-20T14:16:52.618714+00:00;Belgium - Pro League;Club Brugge vs Genk;1636498197;spread;away;1.0;1.962;1.917;2.294;0;2.21;1.96;1
1635984816-total-under-2.5-1789913812;2026-09-20T14:16:52.618714+00:00;2026-09-20T14:16:52.618714+00:00;Italy - Serie A;Juventus vs Atalanta;1635984816;total;under;2.5;2.0;1.909;4.55;0;1.71;1.46;1
1635995377-spread-away--0.0-1789913812;2026-09-20T14:16:52.618714+00:00;2026-09-20T14:16:52.618714+00:00;Spain - La Liga;Deportivo La Coruna vs Real Betis;1635995377;spread;away;-0.0;2.0;1.926;3.7;0;2.21;1.96;1
1636569770-spread-home-0.0-1789913812;2026-09-20T14:16:52.618714+00:00;2026-09-20T14:16:52.618714+00:00;Sweden - Allsvenskan;Mjallby vs GAIS;1636569770;spread;home;0.0;2.05;1.98;3.415;0;0.2;0;1
1636571540-spread-away-0.5-1789913812;2026-09-20T14:16:52.618714+00:00;2026-09-20T14:16:52.618714+00:00;Croatia - HNL;HNK Rijeka vs Hajduk Split;1636571540;spread;away;0.5;1.901;1.87;1.631;0;0.7;0.45;1
1636569772-spread-away--1.0-1789913812;2026-09-20T14:16:52.618714+00:00;2026-09-20T14:16:52.618714+00:00;Slovenia - 2. SNL;Bilje vs Jesenice;1636569772;spread;away;-1.0;1.826;1.775;2.793;0;0.19;0;1
1636506131-spread-home-1.0-1789914149;2026-09-20T14:22:29.294159+00:00;2026-09-20T14:22:29.294159+00:00;Bulgaria - First League;Lokomotiv Plovdiv vs CSKA Sofia;1636506131;spread;home;1.0;1.926;1.862;3.323;0;0.37;0.13;1
1635995304-spread-home--0.5-1789914149;2026-09-20T14:22:29.294159+00:00;2026-09-20T14:22:29.294159+00:00;Germany - 3. Liga;SV Waldhof Mannheim 07 vs Preussen Munster;1635995304;spread;home;-0.5;1.952;1.917;1.793;0;0.12;0;1
1636709498-spread-away--0.5-1789914149;2026-09-20T14:22:29.294159+00:00;2026-09-20T14:22:29.294159+00:00;Brazil - Goiano 2;Morrinhos vs Rio Verde;1636709498;spread;away;-0.5;1.971;1.926;2.283;0;5.62;5.38;1
1636558054-spread-away-0.5-1789914149;2026-09-20T14:22:29.294159+00:00;2026-09-20T14:22:29.294159+00:00;Italy - Serie C Group B;Campobasso vs Pineto;1636558054;spread;away;0.5;1.926;1.855;3.686;0;1.12;0.87;1
1636558054-spread-home--0.5-1789914149;2026-09-20T14:22:29.294159+00:00;2026-09-20T14:22:29.294159+00:00;Italy - Serie C Group B;Campobasso vs Pineto;1636558054;spread;home;-0.5;2.0;1.806;9.7;0;1.12;0.87;1
1636572910-spread-home-0.0-1789914149;2026-09-20T14:22:29.294159+00:00;2026-09-20T14:22:29.294159+00:00;Belgium - Pro League;KV Kortrijk vs Beveren;1636572910;spread;home;0.0;2.07;1.901;8.164;0;2.87;2.62;1
1636572910-spread-away--0.0-1789914149;2026-09-20T14:22:29.294159+00:00;2026-09-20T14:22:29.294159+00:00;Belgium - Pro League;KV Kortrijk vs Beveren;1636572910;spread;away;-0.0;1.847;1.82;1.462;0;2.87;2.62;1
1635980516-spread-home-0.0-1789914149;2026-09-20T14:22:29.294159+00:00;2026-09-20T14:22:29.294159+00:00;France - Ligue 1;Nice vs Lille;1635980516;spread;home;0.0;1.935;1.87;3.359;0;0.87;0.62;1
1635985154-spread-away-0.5-1789914149;2026-09-20T14:22:29.294159+00:00;2026-09-20T14:22:29.294159+00:00;France - Ligue 1;Marseille vs Paris Saint-Germain;1635985154;spread;away;0.5;1.847;1.741;5.739;0;4.37;4.12;1
1636007497-spread-away--0.5-1789914149;2026-09-20T14:22:29.294159+00:00;2026-09-20T14:22:29.294159+00:00;Argentina - Liga Pro;San Lorenzo vs Boca Juniors;1636007497;spread;away;-0.5;2.1;1.87;10.952;0;3.37;3.12;1
1635920597-spread-away--0.0-1789914149;2026-09-20T14:22:29.294159+00:00;2026-09-20T14:22:29.294159+00:00;England - Premier League;Fulham vs Manchester United;1635920597;spread;away;-0.0;2.08;1.926;7.404;0;1.11;0.87;1
1635992346-spread-away--0.0-1789914149;2026-09-20T14:22:29.294159+00:00;2026-09-20T14:22:29.294159+00:00;Spain - La Liga;Valencia vs Real Sociedad;1635992346;spread;away;-0.0;2.0;1.855;7.25;0;4.61;4.37;1
1635992346-spread-home-0.0-1789914149;2026-09-20T14:22:29.294159+00:00;2026-09-20T14:22:29.294159+00:00;Spain - La Liga;Valencia vs Real Sociedad;1635992346;spread;home;0.0;2.08;1.806;13.173;0;4.61;4.37;1
1635995377-spread-home-0.0-1789914149;2026-09-20T14:22:29.294159+00:00;2026-09-20T14:22:29.294159+00:00;Spain - La Liga;Deportivo La Coruna vs Real Betis;1635995377;spread;home;0.0;1.893;1.752;7.448;0;2.11;1.87;1
1636569770-spread-away--0.0-1789914149;2026-09-20T14:22:29.294159+00:00;2026-09-20T14:22:29.294159+00:00;Sweden - Allsvenskan;Mjallby vs GAIS;1636569770;spread;away;-0.0;1.813;1.781;1.765;0;0.11;0;1
1636572953-spread-home-0.0-1789914149;2026-09-20T14:22:29.294159+00:00;2026-09-20T14:22:29.294159+00:00;Brazil - Serie B;Londrina vs Fortaleza;1636572953;spread;home;0.0;2.06;1.926;6.505;0;7.1;6.86;1
1636572953-spread-away--0.0-1789914149;2026-09-20T14:22:29.294159+00:00;2026-09-20T14:22:29.294159+00:00;Brazil - Serie B;Londrina vs Fortaleza;1636572953;spread;away;-0.0;1.833;1.794;2.128;0;7.1;6.86;1
1636007497-spread-home-0.5-1789913812;2026-09-20T14:16:52.618714+00:00;2026-09-20T14:28:10.306818+00:00;Argentina - Liga Pro;San Lorenzo vs Boca Juniors;1636007497;spread;home;0.5;1.855;1.82;1.887;11.29;3.46;3.21;2
1636571521-spread-home-0.5-1789914490;2026-09-20T14:28:10.306818+00:00;2026-09-20T14:28:10.306818+00:00;Netherlands - Eerste Divisie;De Graafschap vs NAC Breda;1636571521;spread;home;0.5;1.98;1.909;3.586;0;0.28;0.03;1
1636571521-spread-away--0.5-1789914490;2026-09-20T14:28:10.306818+00:00;2026-09-20T14:28:10.306818+00:00;Netherlands - Eerste Divisie;De Graafschap vs NAC Breda;1636571521;spread;away;-0.5;1.877;1.82;3.037;0;0.28;0.03;1
1636007212-spread-home--2.0-1789914490;2026-09-20T14:28:10.306818+00:00;2026-09-20T14:28:10.306818+00:00;Netherlands - Eredivisie;NEC Nijmegen vs Go Ahead Eagles;1636007212;spread;home;-2.0;1.862;1.806;3.008;0;0.28;0.03;1
1635992336-spread-home--0.5-1789914490;2026-09-20T14:28:10.306818+00:00;2026-09-20T14:28:10.306818+00:00;Germany - Bundesliga;Schalke 04 vs Elversberg;1635992336;spread;home;-0.5;1.98;1.935;2.273;0;1.03;0.78;1
1636572914-spread-home--0.5-1789914490;2026-09-20T14:28:10.306818+00:00;2026-09-20T14:28:10.306818+00:00;Poland - 2nd Liga;GKS Tychy vs Sandecja Nowy Sacz;1636572914;spread;home;-0.5;2.02;1.84;8.911;0;3.02;2.78;1
1636572914-total-over-2.5-1789914490;2026-09-20T14:28:10.306818+00:00;2026-09-20T14:28:10.306818+00:00;Poland - 2nd Liga;GKS Tychy vs Sandecja Nowy Sacz;1636572914;total;over;2.5;1.847;1.82;1.462;0;3.02;2.78;1
1636498193-spread-home--0.5-1789914490;2026-09-20T14:28:10.306818+00:00;2026-09-20T14:28:10.306818+00:00;Iceland - Premier League;IA Akranes vs Breidablik;1636498193;spread;home;-0.5;1.943;1.893;2.573;0;1.52;1.28;1
1636498193-spread-away-0.5-1789914490;2026-09-20T14:28:10.306818+00:00;2026-09-20T14:28:10.306818+00:00;Iceland - Premier League;IA Akranes vs Breidablik;1636498193;spread;away;0.5;1.909;1.84;3.614;0;1.52;1.28;1
1635920597-spread-home-0.0-1789914490;2026-09-20T14:28:10.306818+00:00;2026-09-20T14:28:10.306818+00:00;England - Premier League;Fulham vs Manchester United;1635920597;spread;home;0.0;1.893;1.699;10.248;0;1.02;0.77;1
1636572902-spread-away--0.0-1789914490;2026-09-20T14:28:10.306818+00:00;2026-09-20T14:28:10.306818+00:00;Turkey - 1st League;Mardin 1969 vs Kayserispor;1636572902;spread;away;-0.0;1.885;1.847;2.016;0;2.52;2.27;1
1636572902-spread-home-0.0-1789914490;2026-09-20T14:28:10.306818+00:00;2026-09-20T14:28:10.306818+00:00;Turkey - 1st League;Mardin 1969 vs Kayserispor;1636572902;spread;home;0.0;2.01;1.833;8.806;0;2.52;2.27;1
1636571530-spread-away-1.0-1789914490;2026-09-20T14:28:10.306818+00:00;2026-09-20T14:28:10.306818+00:00;Ukraine - Premier League;Shakhtar Donetsk vs LNZ Cherkasy;1636571530;spread;away;1.0;2.03;1.84;9.36;0;0.51;0.27;1
1636558018-spread-home--0.5-1789914490;2026-09-20T14:28:10.306818+00:00;2026-09-20T14:28:10.306818+00:00;Portugal - Primeira Liga;Estrela da Amadora vs Academico de Viseu;1636558018;spread;home;-0.5;2.11;1.806;14.408;0;0.0;0;1
1636569769-spread-home--1.0-1789914490;2026-09-20T14:28:10.306818+00:00;2026-09-20T14:28:10.306818+00:00;Portugal - Primeira Liga;Vitoria Guimaraes vs Moreirense;1636569769;spread;home;-1.0;1.909;1.885;1.257;0;0.0;0;1
1636716469-spread-home--2.0-1789914825;2026-09-20T14:33:45.435543+00:00;2026-09-20T14:33:45.435543+00:00;Portugal - Cup;USC Paredes vs Maria Fonte;1636716469;spread;home;-2.0;1.877;1.769;5.754;0;0.43;0.18;1
1636571581-spread-away-0.5-1789914825;2026-09-20T14:33:45.435543+00:00;2026-09-20T14:33:45.435543+00:00;Qatar - Stars Cup;Al-Rayyan vs Qatar SC;1636571581;spread;away;0.5;1.901;1.862;2.052;0;2.68;2.43;1
1635984816-total-under-2.5-1789914825;2026-09-20T14:33:45.435543+00:00;2026-09-20T14:33:45.435543+00:00;Italy - Serie A;Juventus vs Atalanta;1635984816;total;under;2.5;2.0;1.909;4.55;0;1.43;1.18;1
1636506128-spread-home-0.0-1789914825;2026-09-20T14:33:45.435543+00:00;2026-09-20T14:33:45.435543+00:00;Italy - Serie B;Mantova vs Pisa;1636506128;spread;home;0.0;1.971;1.909;3.146;0;0.68;0.43;1
1636612110-total-under-2.5-1789914825;2026-09-20T14:33:45.435543+00:00;2026-09-20T14:33:45.435543+00:00;Bosnia and Herzegovina - Premier Liga;Siroki Brijeg vs Borac Banja Luka;1636612110;total;under;2.5;1.847;1.826;1.137;0;0.43;0.18;1
1635995377-spread-away--0.0-1789914825;2026-09-20T14:33:45.435543+00:00;2026-09-20T14:33:45.435543+00:00;Spain - La Liga;Deportivo La Coruna vs Real Betis;1635995377;spread;away;-0.0;2.0;1.926;3.7;0;1.92;1.67;1
1636571540-spread-home--0.5-1789914825;2026-09-20T14:33:45.435543+00:00;2026-09-20T14:33:45.435543+00:00;Croatia - HNL;HNK Rijeka vs Hajduk Split;1636571540;spread;home;-0.5;1.99;1.935;2.764;0;0.41;0.16;1
1636007212-spread-away-2.0-1789915155;2026-09-20T14:39:15.368675+00:00;2026-09-20T14:39:15.368675+00:00;Netherlands - Eredivisie;NEC Nijmegen vs Go Ahead Eagles;1636007212;spread;away;2.0;1.971;1.901;3.551;0;0.09;0;1
1636558054-spread-away-0.5-1789915155;2026-09-20T14:39:15.368675+00:00;2026-09-20T14:39:15.368675+00:00;Italy - Serie C Group B;Campobasso vs Pineto;1636558054;spread;away;0.5;1.926;1.855;3.686;0;0.84;0.59;1
1636558054-spread-home--0.5-1789915155;2026-09-20T14:39:15.368675+00:00;2026-09-20T14:39:15.368675+00:00;Italy - Serie C Group B;Campobasso vs Pineto;1636558054;spread;home;-0.5;2.0;1.806;9.7;0;0.84;0.59;1
1636572910-spread-home-0.0-1789915155;2026-09-20T14:39:15.368675+00:00;2026-09-20T14:39:15.368675+00:00;Belgium - Pro League;KV Kortrijk vs Beveren;1636572910;spread;home;0.0;2.07;1.901;8.164;0;2.59;2.34;1
1636572910-spread-away--0.0-1789915155;2026-09-20T14:39:15.368675+00:00;2026-09-20T14:39:15.368675+00:00;Belgium - Pro League;KV Kortrijk vs Beveren;1636572910;spread;away;-0.0;1.847;1.82;1.462;0;2.59;2.34;1
1635980516-spread-home-0.0-1789915155;2026-09-20T14:39:15.368675+00:00;2026-09-20T14:39:15.368675+00:00;France - Ligue 1;Nice vs Lille;1635980516;spread;home;0.0;1.935;1.87;3.359;0;0.59;0.34;1
1636007497-spread-away--0.5-1789915155;2026-09-20T14:39:15.368675+00:00;2026-09-20T14:39:15.368675+00:00;Argentina - Liga Pro;San Lorenzo vs Boca Juniors;1636007497;spread;away;-0.5;2.1;1.87;10.952;0;3.09;2.84;1
1635920597-spread-away--0.0-1789915155;2026-09-20T14:39:15.368675+00:00;2026-09-20T14:39:15.368675+00:00;England - Premier League;Fulham vs Manchester United;1635920597;spread;away;-0.0;2.08;1.917;7.837;0;0.83;0.58;1
1635992346-spread-away--0.0-1789915155;2026-09-20T14:39:15.368675+00:00;2026-09-20T14:39:15.368675+00:00;Spain - La Liga;Valencia vs Real Sociedad;1635992346;spread;away;-0.0;2.0;1.855;7.25;0;4.33;4.08;1
1635992346-spread-home-0.0-1789915155;2026-09-20T14:39:15.368675+00:00;2026-09-20T14:39:15.368675+00:00;Spain - La Liga;Valencia vs Real Sociedad;1635992346;spread;home;0.0;2.08;1.806;13.173;0;4.33;4.08;1
1635995377-spread-home-0.0-1789915155;2026-09-20T14:39:15.368675+00:00;2026-09-20T14:39:15.368675+00:00;Spain - La Liga;Deportivo La Coruna vs Real Betis;1635995377;spread;home;0.0;1.893;1.752;7.448;0;1.83;1.58;1
1636569850-spread-away-0.5-1789915155;2026-09-20T14:39:15.368675+00:00;2026-09-20T14:39:15.368675+00:00;Georgia - Erovnuli Liga 2;Sioni Bolnisi vs Aragvi Dusheti;1636569850;spread;away;0.5;1.98;1.73;12.626;0;0.33;0.08;1
1636569850-total-under-2.5-1789915155;2026-09-20T14:39:15.368675+00:00;2026-09-20T14:39:15.368675+00:00;Georgia - Erovnuli Liga 2;Sioni Bolnisi vs Aragvi Dusheti;1636569850;total;under;2.5;1.952;1.885;3.432;0;0.33;0.08;1
1636048898-total-over-2.5-1789915155;2026-09-20T14:39:15.368675+00:00;2026-09-20T14:39:15.368675+00:00;Brazil - Serie A;Vitoria vs Cruzeiro;1636048898;total;over;2.5;1.862;1.84;1.182;0;4.33;4.08;1
1636572953-spread-home-0.0-1789915155;2026-09-20T14:39:15.368675+00:00;2026-09-20T14:39:15.368675+00:00;Brazil - Serie B;Londrina vs Fortaleza;1636572953;spread;home;0.0;2.06;1.926;6.505;0;6.82;6.57;1
1636572953-spread-away--0.0-1789915155;2026-09-20T14:39:15.368675+00:00;2026-09-20T14:39:15.368675+00:00;Brazil - Serie B;Londrina vs Fortaleza;1636572953;spread;away;-0.0;1.833;1.794;2.128;0;6.82;6.57;1
1636532662-spread-away-1.5-1789915155;2026-09-20T14:39:15.368675+00:00;2026-09-20T14:39:15.368675+00:00;Norway - 1st Division;Stabaek vs Sogndal;1636532662;spread;away;1.5;1.98;1.943;1.869;0;0.32;0.07;1
1636739051-spread-away-0.5-1789915498;2026-09-20T14:44:58.422955+00:00;2026-09-20T14:44:58.422955+00:00;Venezuela - Segunda Division;Atletico El Vigia vs Real Frontera;1636739051;spread;away;0.5;1.962;1.8;8.257;0;4.75;4.51;1
1636571585-spread-away-1.5-1789915498;2026-09-20T14:44:58.422955+00:00;2026-09-20T14:44:58.422955+00:00;Peru - Liga 1;Sport Huancayo vs UTC de Cajamarca;1636571585;spread;away;1.5;1.826;1.806;1.095;0;3.25;3.01;1
1636572902-spread-away--0.0-1789915498;2026-09-20T14:44:58.422955+00:00;2026-09-20T14:44:58.422955+00:00;Turkey - 1st League;Mardin 1969 vs Kayserispor;1636572902;spread;away;-0.0;1.885;1.847;2.016;0;2.25;2.0;1
1636572902-spread-home-0.0-1789915498;2026-09-20T14:44:58.422955+00:00;2026-09-20T14:44:58.422955+00:00;Turkey - 1st League;Mardin 1969 vs Kayserispor;1636572902;spread;home;0.0;2.01;1.833;8.806;0;2.25;2.0;1
1636007497-spread-home-0.5-1789915498;2026-09-20T14:44:58.422955+00:00;2026-09-20T14:44:58.422955+00:00;Argentina - Liga Pro;San Lorenzo vs Boca Juniors;1636007497;spread;home;0.5;1.855;1.82;1.887;0;2.99;2.74;1
1636558053-spread-away-0.5-1789915498;2026-09-20T14:44:58.422955+00:00;2026-09-20T14:44:58.422955+00:00;Italy - Serie C Group C;Potenza vs Cavese;1636558053;spread;away;0.5;2.02;1.847;8.564;0;0.74;0.49;1
1636498193-spread-home--0.5-1789915498;2026-09-20T14:44:58.422955+00:00;2026-09-20T14:44:58.422955+00:00;Iceland - Premier League;IA Akranes vs Breidablik;1636498193;spread;home;-0.5;1.943;1.893;2.573;0;1.24;0.99;1
1636498193-spread-away-0.5-1789915498;2026-09-20T14:44:58.422955+00:00;2026-09-20T14:44:58.422955+00:00;Iceland - Premier League;IA Akranes vs Breidablik;1636498193;spread;away;0.5;1.909;1.84;3.614;0;1.24;0.99;1
1635920597-spread-home-0.0-1789915498;2026-09-20T14:44:58.422955+00:00;2026-09-20T14:44:58.422955+00:00;England - Premier League;Fulham vs Manchester United;1635920597;spread;home;0.0;1.901;1.699;10.626;0;0.73;0.49;1
1636558029-spread-away--1.0-1789915498;2026-09-20T14:44:58.422955+00:00;2026-09-20T14:44:58.422955+00:00;Latvia - Virsliga;FK Auda vs RFS;1636558029;spread;away;-1.0;2.07;1.926;6.957;0;0.23;0;1
1636558033-spread-away-1.0-1789915845;2026-09-20T14:50:45.859905+00:00;2026-09-20T14:50:45.859905+00:00;Qatar - Stars Cup;Al Wakrah vs Al Sailiya;1636558033;spread;away;1.0;1.962;1.935;1.376;0;0.15;0;1
1636506128-spread-away--0.0-1789915845;2026-09-20T14:50:45.859905+00:00;2026-09-20T14:50:45.859905+00:00;Italy - Serie B;Mantova vs Pisa;1636506128;spread;away;-0.0;2.0;1.909;4.55;0;0.4;0.17;1
1635984816-total-under-2.5-1789915845;2026-09-20T14:50:45.859905+00:00;2026-09-20T14:50:45.859905+00:00;Italy - Serie A;Juventus vs Atalanta;1635984816;total;under;2.5;2.0;1.909;4.55;0;1.15;0.92;1
1636571541-spread-away--0.0-1789915845;2026-09-20T14:50:45.859905+00:00;2026-09-20T14:50:45.859905+00:00;Serbia - Super Liga;Macva Sabac vs Mladost Lucani;1636571541;spread;away;-0.0;1.943;1.917;1.338;0;0.15;0;1
1636558053-spread-home--0.5-1789915845;2026-09-20T14:50:45.859905+00:00;2026-09-20T14:50:45.859905+00:00;Italy - Serie C Group C;Potenza vs Cavese;1636558053;spread;home;-0.5;1.885;1.847;2.016;0;0.64;0.41;1
1636569796-spread-away-1.5-1789915845;2026-09-20T14:50:45.859905+00:00;2026-09-20T14:50:45.859905+00:00;Slovenia - 2. SNL;Triglav Kranj vs Slovan Ljublana;1636569796;spread;away;1.5;1.901;1.769;6.944;0;0.14;0;1
1637148804-spread-home-0.0-1789915845;2026-09-20T14:50:45.859905+00:00;2026-09-20T14:50:45.859905+00:00;Argentina - Primera B Metropolitana;Deportivo Merlo vs Flandria;1637148804;spread;home;0.0;1.787;1.758;1.623;0;5.14;4.9;1
1635995377-spread-away--0.0-1789915845;2026-09-20T14:50:45.859905+00:00;2026-09-20T14:50:45.859905+00:00;Spain - La Liga;Deportivo La Coruna vs Real Betis;1635995377;spread;away;-0.0;2.0;1.926;3.7;0;1.63;1.4;1
1636569788-spread-home--1.0-1789915845;2026-09-20T14:50:45.859905+00:00;2026-09-20T14:50:45.859905+00:00;Finland - Ykkonen;Inter Turku 2 vs TPV;1636569788;spread;home;-1.0;2.0;1.826;8.7;0;0.13;0;1
1636571533-total-under-2.5-1789915845;2026-09-20T14:50:45.859905+00:00;2026-09-20T14:50:45.859905+00:00;Ghana - Premier League;Hearts of Oak vs Bechem United;1636571533;total;under;2.5;1.813;1.787;1.434;0;0.13;0;1
1636572914-spread-away-0.5-1789916176;2026-09-20T14:56:16.350741+00:00;2026-09-20T14:56:16.350741+00:00;Poland - 2nd Liga;GKS Tychy vs Sandecja Nowy Sacz;1636572914;spread;away;0.5;1.952;1.87;4.201;0;2.56;2.34;1
1636571563-spread-away--0.0-1789916176;2026-09-20T14:56:16.350741+00:00;2026-09-20T14:56:16.350741+00:00;Latvia - 1st Liga;Ventspils vs Skanstes;1636571563;spread;away;-0.0;1.917;1.893;1.252;0;1.06;0.83;1
1635980516-spread-home-0.0-1789916176;2026-09-20T14:56:16.350741+00:00;2026-09-20T14:56:16.350741+00:00;France - Ligue 1;Nice vs Lille;1635980516;spread;home;0.0;1.935;1.87;3.359;0;0.31;0.08;1
1636569784-spread-home--0.5-1789916176;2026-09-20T14:56:16.350741+00:00;2026-09-20T14:56:16.350741+00:00;Spain - Segunda Federacion;Gernika vs Llanera;1636569784;spread;home;-0.5;1.971;1.935;1.826;0;0.06;0;1
1636558054-spread-away-0.5-1789916176;2026-09-20T14:56:16.350741+00:00;2026-09-20T14:56:16.350741+00:00;Italy - Serie C Group B;Campobasso vs Pineto;1636558054;spread;away;0.5;1.926;1.855;3.686;0;0.55;0.33;1
1636558054-spread-home--0.5-1789916176;2026-09-20T14:56:16.350741+00:00;2026-09-20T14:56:16.350741+00:00;Italy - Serie C Group B;Campobasso vs Pineto;1636558054;spread;home;-0.5;2.0;1.806;9.7;0;0.55;0.33;1
1636007497-spread-away--0.5-1789916176;2026-09-20T14:56:16.350741+00:00;2026-09-20T14:56:16.350741+00:00;Argentina - Liga Pro;San Lorenzo vs Boca Juniors;1636007497;spread;away;-0.5;2.1;1.87;10.952;0;2.8;2.57;1
1636572910-spread-home-0.0-1789916176;2026-09-20T14:56:16.350741+00:00;2026-09-20T14:56:16.350741+00:00;Belgium - Pro League;KV Kortrijk vs Beveren;1636572910;spread;home;0.0;2.07;1.901;8.164;0;2.3;2.07;1
1636572910-spread-away--0.0-1789916176;2026-09-20T14:56:16.350741+00:00;2026-09-20T14:56:16.350741+00:00;Belgium - Pro League;KV Kortrijk vs Beveren;1636572910;spread;away;-0.0;1.847;1.82;1.462;0;2.3;2.07;1
1636836541-total-over-2.5-1789916176;2026-09-20T14:56:16.350741+00:00;2026-09-20T14:56:16.350741+00:00;Brazil - Cearense 3;FC Acopiara vs Esporte Club Limoeiro;1636836541;total;over;2.5;1.943;1.909;1.75;0;5.05;4.82;1
1636572953-spread-home-0.0-1789916176;2026-09-20T14:56:16.350741+00:00;2026-09-20T14:56:16.350741+00:00;Brazil - Serie B;Londrina vs Fortaleza;1636572953;spread;home;0.0;2.06;1.926;6.505;0;6.54;6.32;1
1636572953-spread-away--0.0-1789916176;2026-09-20T14:56:16.350741+00:00;2026-09-20T14:56:16.350741+00:00;Brazil - Serie B;Londrina vs Fortaleza;1636572953;spread;away;-0.0;1.833;1.794;2.128;0;6.54;6.32;1
1635992346-spread-away--0.0-1789916176;2026-09-20T14:56:16.350741+00:00;2026-09-20T14:56:16.350741+00:00;Spain - La Liga;Valencia vs Real Sociedad;1635992346;spread;away;-0.0;2.0;1.855;7.25;0;4.04;3.82;1
1635992346-spread-home-0.0-1789916176;2026-09-20T14:56:16.350741+00:00;2026-09-20T14:56:16.350741+00:00;Spain - La Liga;Valencia vs Real Sociedad;1635992346;spread;home;0.0;2.08;1.806;13.173;0;4.04;3.82;1
1635995377-spread-home-0.0-1789916176;2026-09-20T14:56:16.350741+00:00;2026-09-20T14:56:16.350741+00:00;Spain - La Liga;Deportivo La Coruna vs Real Betis;1635995377;spread;home;0.0;1.893;1.752;7.448;0;1.54;1.32;1
1636532662-spread-home--1.5-1789916176;2026-09-20T14:56:16.350741+00:00;2026-09-20T14:56:16.350741+00:00;Norway - 1st Division;Stabaek vs Sogndal;1636532662;spread;home;-1.5;1.909;1.885;1.257;0;0.04;0;1
1635920597-spread-away--0.0-1789916176;2026-09-20T14:56:16.350741+00:00;2026-09-20T14:56:16.350741+00:00;England - Premier League;Fulham vs Manchester United;1635920597;spread;away;-0.0;2.08;1.917;7.837;0;0.54;0.31;1
1636571585-spread-home--1.5-1789916497;2026-09-20T15:01:37.815006+00:00;2026-09-20T15:01:37.815006+00:00;Peru - Liga 1;Sport Huancayo vs UTC de Cajamarca;1636571585;spread;home;-1.5;2.03;1.893;6.749;0;2.97;2.74;1
1636506128-spread-home-0.0-1789916497;2026-09-20T15:01:37.815006+00:00;2026-09-20T15:01:37.815006+00:00;Italy - Serie B;Mantova vs Pisa;1636506128;spread;home;0.0;2.0;1.943;2.85;0;0.22;0;1
1636572868-spread-away-0.5-1789916497;2026-09-20T15:01:37.815006+00:00;2026-09-20T15:01:37.815006+00:00;Saudi Arabia - Division 1;Damac vs Al-Adalah;1636572868;spread;away;0.5;2.01;1.847;8.109;0;0.71;0.49;1
1636572868-total-under-2.5-1789916497;2026-09-20T15:01:37.815006+00:00;2026-09-20T15:01:37.815006+00:00;Saudi Arabia - Division 1;Damac vs Al-Adalah;1636572868;total;under;2.5;1.943;1.909;1.75;0;0.71;0.49;1
1636558053-spread-away-0.5-1789916497;2026-09-20T15:01:37.815006+00:00;2026-09-20T15:01:37.815006+00:00;Italy - Serie C Group C;Potenza vs Cavese;1636558053;spread;away;0.5;1.962;1.847;5.861;0;0.46;0.24;1
1636569830-total-over-2.5-1789916497;2026-09-20T15:01:37.815006+00:00;2026-09-20T15:01:37.815006+00:00;UAE - League Cup;Al Jazira vs Al Wahda;1636569830;total;over;2.5;1.862;1.813;2.632;0;1.21;0.99;1
1636007497-spread-home-0.5-1789916497;2026-09-20T15:01:37.815006+00:00;2026-09-20T15:01:37.815006+00:00;Argentina - Liga Pro;San Lorenzo vs Boca Juniors;1636007497;spread;home;0.5;1.855;1.82;1.887;0;2.71;2.49;1
1636498193-spread-home--0.5-1789916497;2026-09-20T15:01:37.815006+00:00;2026-09-20T15:01:37.815006+00:00;Iceland - Premier League;IA Akranes vs Breidablik;1636498193;spread;home;-0.5;1.943;1.893;2.573;0;0.96;0.74;1
1636498193-spread-away-0.5-1789916497;2026-09-20T15:01:37.815006+00:00;2026-09-20T15:01:37.815006+00:00;Iceland - Premier League;IA Akranes vs Breidablik;1636498193;spread;away;0.5;1.909;1.84;3.614;0;0.96;0.74;1
1636812460-spread-away-0.5-1789916497;2026-09-20T15:01:37.815006+00:00;2026-09-20T15:01:37.815006+00:00;Venezuela - Segunda Division;Urena vs Zamora II;1636812460;spread;away;0.5;1.813;1.758;3.034;0;4.46;4.24;1
1636572902-spread-away--0.0-1789916497;2026-09-20T15:01:37.815006+00:00;2026-09-20T15:01:37.815006+00:00;Turkey - 1st League;Mardin 1969 vs Kayserispor;1636572902;spread;away;-0.0;1.885;1.847;2.016;0;1.95;1.73;1
1636572902-spread-home-0.0-1789916497;2026-09-20T15:01:37.815006+00:00;2026-09-20T15:01:37.815006+00:00;Turkey - 1st League;Mardin 1969 vs Kayserispor;1636572902;spread;home;0.0;2.01;1.833;8.806;0;1.95;1.73;1
1635920597-spread-home-0.0-1789916497;2026-09-20T15:01:37.815006+00:00;2026-09-20T15:01:37.815006+00:00;England - Premier League;Fulham vs Manchester United;1635920597;spread;home;0.0;1.901;1.704;10.363;0;0.45;0.23;1
1635920597-spread-away--0.5-1789916176;2026-09-20T14:56:16.350741+00:00;2026-09-20T15:06:45.201629+00:00;England - Premier League;Fulham vs Manchester United;1635920597;spread;away;-0.5;2.06;2.03;1.456;10.48;0.54;0.32;2
1635984816-total-under-2.5-1789916805;2026-09-20T15:06:45.201629+00:00;2026-09-20T15:06:45.201629+00:00;Italy - Serie A;Juventus vs Atalanta;1635984816;total;under;2.5;2.0;1.909;4.55;0;0.88;0.66;1
1636716467-spread-away-1.5-1789916805;2026-09-20T15:06:45.201629+00:00;2026-09-20T15:06:45.201629+00:00;Portugal - Cup;AD Marco 09 vs Maia Lidador;1636716467;spread;away;1.5;1.813;1.787;1.434;0;0.87;0.66;1
1636498180-spread-home-0.0-1789916805;2026-09-20T15:06:45.201629+00:00;2026-09-20T15:06:45.201629+00:00;Iceland - Premier League;IBV vs Valur Reykjavik;1636498180;spread;home;0.0;2.01;1.962;2.388;0;0.87;0.65;1
1635995377-spread-away--0.0-1789916805;2026-09-20T15:06:45.201629+00:00;2026-09-20T15:06:45.201629+00:00;Spain - La Liga;Deportivo La Coruna vs Real Betis;1635995377;spread;away;-0.0;2.0;1.926;3.7;0;1.37;1.15;1
1635992345-spread-away-1.0-1789916805;2026-09-20T15:06:45.201629+00:00;2026-09-20T15:06:45.201629+00:00;Spain - La Liga;Villarreal vs Levante;1635992345;spread;away;1.0;2.12;2.08;1.887;0;1.37;1.15;1
1636558054-spread-away-0.5-1789917111;2026-09-20T15:11:51.093069+00:00;2026-09-20T15:11:51.093069+00:00;Italy - Serie C Group B;Campobasso vs Pineto;1636558054;spread;away;0.5;1.926;1.855;3.686;0;0.3;0.08;1
1636558054-spread-home--0.5-1789917111;2026-09-20T15:11:51.093069+00:00;2026-09-20T15:11:51.093069+00:00;Italy - Serie C Group B;Campobasso vs Pineto;1636558054;spread;home;-0.5;2.0;1.806;9.7;0;0.3;0.08;1
1635980516-spread-home-0.0-1789917111;2026-09-20T15:11:51.093069+00:00;2026-09-20T15:11:51.093069+00:00;France - Ligue 1;Nice vs Lille;1635980516;spread;home;0.0;1.943;1.87;3.757;0;0.05;0;1
1635992336-spread-home--0.5-1789917111;2026-09-20T15:11:51.093069+00:00;2026-09-20T15:11:51.093069+00:00;Germany - Bundesliga;Schalke 04 vs Elversberg;1635992336;spread;home;-0.5;1.943;1.909;1.75;0;0.3;0.08;1
1636572953-spread-home-0.0-1789917111;2026-09-20T15:11:51.093069+00:00;2026-09-20T15:11:51.093069+00:00;Brazil - Serie B;Londrina vs Fortaleza;1636572953;spread;home;0.0;2.06;1.926;6.505;0;6.3;6.08;1
1636572953-spread-away--0.0-1789917111;2026-09-20T15:11:51.093069+00:00;2026-09-20T15:11:51.093069+00:00;Brazil - Serie B;Londrina vs Fortaleza;1636572953;spread;away;-0.0;1.833;1.794;2.128;0;6.3;6.08;1
1636007497-spread-away--0.5-1789917111;2026-09-20T15:11:51.093069+00:00;2026-09-20T15:11:51.093069+00:00;Argentina - Liga Pro;San Lorenzo vs Boca Juniors;1636007497;spread;away;-0.5;2.1;1.87;10.952;0;2.54;2.33;1
1636558053-spread-home--0.5-1789917111;2026-09-20T15:11:51.093069+00:00;2026-09-20T15:11:51.093069+00:00;Italy - Serie C Group C;Potenza vs Cavese;1636558053;spread;home;-0.5;1.885;1.813;3.82;0;0.29;0.07;1
1636498762-spread-home-0.0-1789917111;2026-09-20T15:11:51.093069+00:00;2026-09-20T15:11:51.093069+00:00;Poland - Ekstraklasa;Jagiellonia Bialystok vs Legia Warsaw;1636498762;spread;home;0.0;2.04;1.98;2.941;0;0.28;0.06;1
1636572910-spread-home-0.0-1789917111;2026-09-20T15:11:51.093069+00:00;2026-09-20T15:11:51.093069+00:00;Belgium - Pro League;KV Kortrijk vs Beveren;1636572910;spread;home;0.0;2.05;1.901;7.268;0;2.03;1.81;1
1636572910-spread-away--0.0-1789917111;2026-09-20T15:11:51.093069+00:00;2026-09-20T15:11:51.093069+00:00;Belgium - Pro League;KV Kortrijk vs Beveren;1636572910;spread;away;-0.0;1.862;1.82;2.256;0;2.03;1.81;1
1635992346-spread-away--0.0-1789917111;2026-09-20T15:11:51.093069+00:00;2026-09-20T15:11:51.093069+00:00;Spain - La Liga;Valencia vs Real Sociedad;1635992346;spread;away;-0.0;2.0;1.862;6.9;0;3.78;3.56;1
1635992346-spread-home-0.0-1789917111;2026-09-20T15:11:51.093069+00:00;2026-09-20T15:11:51.093069+00:00;Spain - La Liga;Valencia vs Real Sociedad;1635992346;spread;home;0.0;2.08;1.806;13.173;0;3.78;3.56;1
1635995377-spread-home-0.0-1789917111;2026-09-20T15:11:51.093069+00:00;2026-09-20T15:11:51.093069+00:00;Spain - La Liga;Deportivo La Coruna vs Real Betis;1635995377;spread;home;0.0;1.893;1.752;7.448;0;1.28;1.06;1
1635920597-spread-away--0.0-1789917111;2026-09-20T15:11:51.093069+00:00;2026-09-20T15:11:51.093069+00:00;England - Premier League;Fulham vs Manchester United;1635920597;spread;away;-0.0;2.07;1.917;7.391;0;0.28;0.06;1
1636498193-spread-home--0.5-1789917414;2026-09-20T15:16:54.527699+00:00;2026-09-20T15:16:54.527699+00:00;Iceland - Premier League;IA Akranes vs Breidablik;1636498193;spread;home;-0.5;1.943;1.893;2.573;0;0.72;0.5;1
1636498193-spread-away-0.5-1789917414;2026-09-20T15:16:54.527699+00:00;2026-09-20T15:16:54.527699+00:00;Iceland - Premier League;IA Akranes vs Breidablik;1636498193;spread;away;0.5;1.909;1.84;3.614;0;0.72;0.5;1
1636572902-spread-away--0.0-1789917414;2026-09-20T15:16:54.527699+00:00;2026-09-20T15:16:54.527699+00:00;Turkey - 1st League;Mardin 1969 vs Kayserispor;1636572902;spread;away;-0.0;1.893;1.847;2.43;0;1.71;1.49;1
1636572902-spread-home-0.0-1789917414;2026-09-20T15:16:54.527699+00:00;2026-09-20T15:16:54.527699+00:00;Turkey - 1st League;Mardin 1969 vs Kayserispor;1636572902;spread;home;0.0;2.01;1.84;8.458;0;1.71;1.49;1
1636572904-spread-away-0.5-1789917414;2026-09-20T15:16:54.527699+00:00;2026-09-20T15:16:54.527699+00:00;Montenegro - Druga Liga;FK Iskra vs FK Lovcen;1636572904;spread;away;0.5;1.781;1.763;1.011;0;0.71;0.49;1
1636007497-spread-home-0.5-1789917414;2026-09-20T15:16:54.527699+00:00;2026-09-20T15:16:54.527699+00:00;Argentina - Liga Pro;San Lorenzo vs Boca Juniors;1636007497;spread;home;0.5;1.855;1.82;1.887;0;2.46;2.24;1
1636558053-spread-away-0.5-1789917414;2026-09-20T15:16:54.527699+00:00;2026-09-20T15:16:54.527699+00:00;Italy - Serie C Group C;Potenza vs Cavese;1636558053;spread;away;0.5;1.962;1.917;2.294;0;0.2;0;1
1636498197-spread-home--1.0-1789917414;2026-09-20T15:16:54.527699+00:00;2026-09-20T15:16:54.527699+00:00;Belgium - Pro League;Club Brugge vs Genk;1636498197;spread;home;-1.0;2.0;1.893;5.35;0;1.2;0.98;1
1635920597-spread-home-0.0-1789917414;2026-09-20T15:16:54.527699+00:00;2026-09-20T15:16:54.527699+00:00;England - Premier League;Fulham vs Manchester United;1635920597;spread;home;0.0;1.901;1.704;10.363;0;0.19;0;1
1636316317-spread-away-1.0-1789917714;2026-09-20T15:21:54.375020+00:00;2026-09-20T15:21:54.375020+00:00;Czech Republic - First Liga;Slavia Prague vs Viktoria Plzen;1636316317;spread;away;1.0;1.952;1.893;3.023;0;0.63;0.41;1
1636571581-spread-away-0.5-1789917714;2026-09-20T15:21:54.375020+00:00;2026-09-20T15:21:54.375020+00:00;Qatar - Stars Cup;Al-Rayyan vs Qatar SC;1636571581;spread;away;0.5;1.862;1.794;3.652;0;1.87;1.65;1
1635984816-total-under-2.5-1789917714;2026-09-20T15:21:54.375020+00:00;2026-09-20T15:21:54.375020+00:00;Italy - Serie A;Juventus vs Atalanta;1635984816;total;under;2.5;2.01;1.909;5.025;0;0.62;0.4;1
1635992345-spread-away-1.0-1789917714;2026-09-20T15:21:54.375020+00:00;2026-09-20T15:21:54.375020+00:00;Spain - La Liga;Villarreal vs Levante;1635992345;spread;away;1.0;2.08;1.98;4.808;0;1.11;0.89;1
1635995377-spread-away--0.0-1789917714;2026-09-20T15:21:54.375020+00:00;2026-09-20T15:21:54.375020+00:00;Spain - La Liga;Deportivo La Coruna vs Real Betis;1635995377;spread;away;-0.0;2.0;1.926;3.7;0;1.11;0.89;1
1635920597-spread-home-0.5-1789917714;2026-09-20T15:21:54.375020+00:00;2026-09-20T15:21:54.375020+00:00;England - Premier League;Fulham vs Manchester United;1635920597;spread;home;0.5;1.893;1.87;1.215;0;0.11;0;1
1636007497-spread-away--0.5-1789918014;2026-09-20T15:26:54.673357+00:00;2026-09-20T15:26:54.673357+00:00;Argentina - Liga Pro;San Lorenzo vs Boca Juniors;1636007497;spread;away;-0.5;2.1;1.87;10.952;0;2.3;2.08;1
1636498762-spread-home-0.0-1789918014;2026-09-20T15:26:54.673357+00:00;2026-09-20T15:26:54.673357+00:00;Poland - Ekstraklasa;Jagiellonia Bialystok vs Legia Warsaw;1636498762;spread;home;0.0;1.98;1.862;5.96;0;0.05;0;2
1636498762-spread-away--0.0-1789918014;2026-09-20T15:26:54.673357+00:00;2026-09-20T15:26:54.673357+00:00;Poland - Ekstraklasa;Jagiellonia Bialystok vs Legia Warsaw;1636498762;spread;away;-0.0;1.926;1.877;2.544;0;0.05;0;1
1636571562-total-under-2.5-1789918014;2026-09-20T15:26:54.673357+00:00;2026-09-20T15:26:54.673357+00:00;Georgia - Erovnuli Liga 2;Shturmi vs Gareji;1636571562;total;under;2.5;1.847;1.781;3.573;0;0.55;0.33;1
1636572953-spread-home-0.0-1789918014;2026-09-20T15:26:54.673357+00:00;2026-09-20T15:26:54.673357+00:00;Brazil - Serie B;Londrina vs Fortaleza;1636572953;spread;home;0.0;2.06;1.926;6.505;0;6.05;5.83;1
1636572953-spread-away--0.0-1789918014;2026-09-20T15:26:54.673357+00:00;2026-09-20T15:26:54.673357+00:00;Brazil - Serie B;Londrina vs Fortaleza;1636572953;spread;away;-0.0;1.833;1.794;2.128;0;6.05;5.83;1
1636558053-spread-home--0.5-1789918014;2026-09-20T15:26:54.673357+00:00;2026-09-20T15:26:54.673357+00:00;Italy - Serie C Group C;Potenza vs Cavese;1636558053;spread;home;-0.5;1.885;1.813;3.82;0;0.04;0;1
1636569806-spread-away--0.0-1789918014;2026-09-20T15:26:54.673357+00:00;2026-09-20T15:26:54.673357+00:00;Italy - Serie C Group A;Arzignano Valchiampo vs Renate;1636569806;spread;away;-0.0;2.1;1.901;9.476;0;0.04;0;1
1635920597-spread-away--0.0-1789918014;2026-09-20T15:26:54.673357+00:00;2026-09-20T15:26:54.673357+00:00;England - Premier League;Fulham vs Manchester United;1635920597;spread;away;-0.0;2.07;1.917;7.391;0;0.04;0;1
1635992346-spread-away--0.0-1789918014;2026-09-20T15:26:54.673357+00:00;2026-09-20T15:26:54.673357+00:00;Spain - La Liga;Valencia vs Real Sociedad;1635992346;spread;away;-0.0;2.0;1.862;6.9;0;3.53;3.31;1
1635992346-spread-home-0.0-1789918014;2026-09-20T15:26:54.673357+00:00;2026-09-20T15:26:54.673357+00:00;Spain - La Liga;Valencia vs Real Sociedad;1635992346;spread;home;0.0;2.07;1.806;12.754;0;3.53;3.31;1
1635995377-spread-away--0.5-1789918014;2026-09-20T15:26:54.673357+00:00;2026-09-20T15:26:54.673357+00:00;Spain - La Liga;Deportivo La Coruna vs Real Betis;1635995377;spread;away;-0.5;2.05;2.0;2.439;0;1.03;0.81;1
1635995377-spread-home-0.0-1789918014;2026-09-20T15:26:54.673357+00:00;2026-09-20T15:26:54.673357+00:00;Spain - La Liga;Deportivo La Coruna vs Real Betis;1635995377;spread;home;0.0;1.893;1.752;7.448;0;1.03;0.81;1
1636572910-spread-home-0.0-1789918014;2026-09-20T15:26:54.673357+00:00;2026-09-20T15:26:54.673357+00:00;Belgium - Pro League;KV Kortrijk vs Beveren;1636572910;spread;home;0.0;2.05;1.909;6.878;0;1.78;1.56;1
1636572910-spread-away--0.0-1789918014;2026-09-20T15:26:54.673357+00:00;2026-09-20T15:26:54.673357+00:00;Belgium - Pro League;KV Kortrijk vs Beveren;1636572910;spread;away;-0.0;1.862;1.826;1.933;0;1.78;1.56;1
1636007497-spread-home-0.5-1789918325;2026-09-20T15:32:05.176558+00:00;2026-09-20T15:32:05.176558+00:00;Argentina - Liga Pro;San Lorenzo vs Boca Juniors;1636007497;spread;home;0.5;1.855;1.82;1.887;0;2.21;1.91;1
1636572868-total-over-2.5-1789918325;2026-09-20T15:32:05.176558+00:00;2026-09-20T15:32:05.176558+00:00;Saudi Arabia - Division 1;Damac vs Al-Adalah;1636572868;total;over;2.5;1.926;1.885;2.129;0;0.21;0;1
1636572902-spread-away--0.0-1789918325;2026-09-20T15:32:05.176558+00:00;2026-09-20T15:32:05.176558+00:00;Turkey - 1st League;Mardin 1969 vs Kayserispor;1636572902;spread;away;-0.0;1.893;1.847;2.43;0;1.45;1.15;1
1636572902-spread-home-0.0-1789918325;2026-09-20T15:32:05.176558+00:00;2026-09-20T15:32:05.176558+00:00;Turkey - 1st League;Mardin 1969 vs Kayserispor;1636572902;spread;home;0.0;2.01;1.84;8.458;0;1.45;1.15;1
1636578422-spread-home--2.0-1789918325;2026-09-20T15:32:05.176558+00:00;2026-09-20T15:32:05.176558+00:00;Croatia - HNL;Dinamo Zagreb vs Lokomotiva Zagreb;1636578422;spread;home;-2.0;1.826;1.8;1.424;0;2.45;2.15;1
1636872052-total-over-2.5-1789918325;2026-09-20T15:32:05.176558+00:00;2026-09-20T15:32:05.176558+00:00;Turkey - 2nd League;Fethiyespor vs 12 Bingol Spor;1636872052;total;over;2.5;1.826;1.806;1.095;0;0.44;0.14;1
1636498193-spread-home--0.5-1789918325;2026-09-20T15:32:05.176558+00:00;2026-09-20T15:32:05.176558+00:00;Iceland - Premier League;IA Akranes vs Breidablik;1636498193;spread;home;-0.5;2.03;1.893;6.749;0;0.44;0.14;1
1636498197-spread-home--1.0-1789918325;2026-09-20T15:32:05.176558+00:00;2026-09-20T15:32:05.176558+00:00;Belgium - Pro League;Club Brugge vs Genk;1636498197;spread;home;-1.0;1.893;1.87;1.215;0;0.94;0.64;1
1637067775-spread-home--1.0-1789918630;2026-09-20T15:37:10.792986+00:00;2026-09-20T15:37:10.792986+00:00;Bolivia - Copa Simon Bolivar;Independiente CBBA vs Wilstermann Cooperativa;1637067775;spread;home;-1.0;1.926;1.781;7.529;0;3.38;3.08;1
1635995377-spread-away--0.0-1789918630;2026-09-20T15:37:10.792986+00:00;2026-09-20T15:37:10.792986+00:00;Spain - La Liga;Deportivo La Coruna vs Real Betis;1635995377;spread;away;-0.0;2.0;1.926;3.7;0;0.86;0.56;1
1636316317-spread-away-1.0-1789918630;2026-09-20T15:37:10.792986+00:00;2026-09-20T15:37:10.792986+00:00;Czech Republic - First Liga;Slavia Prague vs Viktoria Plzen;1636316317;spread;away;1.0;1.893;1.84;2.8;0;0.36;0.06;1
1636569817-spread-home-0.5-1789918325;2026-09-20T15:32:05.176558+00:00;2026-09-20T15:47:02.545254+00:00;Saudi Arabia - Division 1;Al-Jandal vs Al-Wehda;1636569817;spread;home;0.5;2.02;1.909;5.495;14.96;0.37;0.16;2
1635995377-spread-away--0.5-1789918925;2026-09-20T15:42:05.149489+00:00;2026-09-20T15:42:05.149489+00:00;Spain - La Liga;Deportivo La Coruna vs Real Betis;1635995377;spread;away;-0.5;2.0;1.935;3.25;0;0.79;0.5;1
1635995377-spread-home-0.0-1789918925;2026-09-20T15:42:05.149489+00:00;2026-09-20T15:42:05.149489+00:00;Spain - La Liga;Deportivo La Coruna vs Real Betis;1635995377;spread;home;0.0;1.893;1.752;7.448;0;0.79;0.5;1
1635992346-spread-away--0.0-1789918925;2026-09-20T15:42:05.149489+00:00;2026-09-20T15:42:05.149489+00:00;Spain - La Liga;Valencia vs Real Sociedad;1635992346;spread;away;-0.0;2.0;1.862;6.9;0;3.29;3.0;1
1635992346-spread-home-0.0-1789918925;2026-09-20T15:42:05.149489+00:00;2026-09-20T15:42:05.149489+00:00;Spain - La Liga;Valencia vs Real Sociedad;1635992346;spread;home;0.0;2.07;1.806;12.754;0;3.29;3.0;1
1636007497-spread-away--0.5-1789918925;2026-09-20T15:42:05.149489+00:00;2026-09-20T15:42:05.149489+00:00;Argentina - Liga Pro;San Lorenzo vs Boca Juniors;1636007497;spread;away;-0.5;2.06;1.87;9.223;0;2.04;1.74;1
1636572910-spread-home-0.0-1789918925;2026-09-20T15:42:05.149489+00:00;2026-09-20T15:42:05.149489+00:00;Belgium - Pro League;KV Kortrijk vs Beveren;1636572910;spread;home;0.0;2.05;1.909;6.878;0;1.54;1.24;1
1636572910-spread-away--0.0-1789918925;2026-09-20T15:42:05.149489+00:00;2026-09-20T15:42:05.149489+00:00;Belgium - Pro League;KV Kortrijk vs Beveren;1636572910;spread;away;-0.0;1.862;1.826;1.933;0;1.54;1.24;1
1636572953-spread-home-0.0-1789918925;2026-09-20T15:42:05.149489+00:00;2026-09-20T15:42:05.149489+00:00;Brazil - Serie B;Londrina vs Fortaleza;1636572953;spread;home;0.0;2.06;1.926;6.505;0;5.79;5.49;1
1636572953-spread-away--0.0-1789918925;2026-09-20T15:42:05.149489+00:00;2026-09-20T15:42:05.149489+00:00;Brazil - Serie B;Londrina vs Fortaleza;1636572953;spread;away;-0.0;1.833;1.794;2.128;0;5.79;5.49;1
1636569840-spread-home--0.5-1789918925;2026-09-20T15:42:05.149489+00:00;2026-09-20T15:42:05.149489+00:00;Spain - Segunda Division;Las Palmas vs Burgos;1636569840;spread;home;-0.5;2.02;1.98;1.98;0;0.79;0.49;1
1636572881-spread-away--0.0-1789918925;2026-09-20T15:42:05.149489+00:00;2026-09-20T15:42:05.149489+00:00;Canada - Premier League;Atletico Ottawa vs Supra du Quebec;1636572881;spread;away;-0.0;1.952;1.82;6.762;0;0.28;0;1
1636569839-spread-away-2.5-1789919222;2026-09-20T15:47:02.545254+00:00;2026-09-20T15:47:02.545254+00:00;Spain - Segunda Division;Almeria vs Celta Vigo II;1636569839;spread;away;2.5;1.935;1.847;4.548;0;0.7;0.49;1
1636572916-spread-home-0.0-1789919222;2026-09-20T15:47:02.545254+00:00;2026-09-20T15:47:02.545254+00:00;USA - MLS Next Pro League;Orlando City II vs Atlanta United II;1636572916;spread;home;0.0;2.02;1.98;1.98;0;2.2;1.98;1
1635984816-total-over-2.5-1789918630;2026-09-20T15:37:10.792986+00:00;2026-09-20T15:52:04.532422+00:00;Italy - Serie A;Juventus vs Atalanta;1635984816;total;over;2.5;1.909;1.847;3.248;14.9;0.38;0.09;2
1635984816-total-under-2.5-1789918630;2026-09-20T15:37:10.792986+00:00;2026-09-20T15:52:04.532422+00:00;Italy - Serie A;Juventus vs Atalanta;1635984816;total;under;2.5;2.06;1.806;12.33;14.9;0.38;0.09;2
1635992345-spread-home-0.5-1789918630;2026-09-20T15:37:10.792986+00:00;2026-09-20T15:52:04.532422+00:00;Spain - La Liga;Villarreal vs Levante;1635992345;spread;home;0.5;1.926;1.763;8.463;14.9;0.86;0.57;2
1636532618-total-under-2.5-1789918925;2026-09-20T15:42:05.149489+00:00;2026-09-20T15:52:04.532422+00:00;Portugal - Primeira Liga;Porto vs Benfica;1636532618;total;under;2.5;1.971;1.901;3.551;9.99;3.78;3.49;2
1636572902-spread-away--0.0-1789919524;2026-09-20T15:52:04.532422+00:00;2026-09-20T15:52:04.532422+00:00;Turkey - 1st League;Mardin 1969 vs Kayserispor;1636572902;spread;away;-0.0;1.893;1.847;2.43;0;1.13;0.84;1
1636572902-spread-home-0.0-1789919524;2026-09-20T15:52:04.532422+00:00;2026-09-20T15:52:04.532422+00:00;Turkey - 1st League;Mardin 1969 vs Kayserispor;1636572902;spread;home;0.0;2.01;1.84;8.458;0;1.13;0.84;1
1636569835-spread-away-1.0-1789919524;2026-09-20T15:52:04.532422+00:00;2026-09-20T15:52:04.532422+00:00;Albania - Superliga;Egnatia Rrogozhine vs Partizani Tirana;1636569835;spread;away;1.0;1.833;1.8;1.8;0;0.62;0.33;1
1636569835-total-over-2.5-1789919524;2026-09-20T15:52:04.532422+00:00;2026-09-20T15:52:04.532422+00:00;Albania - Superliga;Egnatia Rrogozhine vs Partizani Tirana;1636569835;total;over;2.5;1.909;1.877;1.676;0;0.62;0.33;1
1636048883-spread-away--1.0-1789919524;2026-09-20T15:52:04.532422+00:00;2026-09-20T15:52:04.532422+00:00;Brazil - Serie A;Flamengo vs Bragantino;1636048883;spread;away;-1.0;1.909;1.87;2.043;0;5.62;5.33;1
1636681723-spread-home-0.0-1789919822;2026-09-20T15:57:02.549925+00:00;2026-09-20T15:57:02.549925+00:00;Uruguay - Primera Division;Danubio vs Montevideo Wanderers;1636681723;spread;home;0.0;1.862;1.787;4.028;0;0.04;0;1
1636569840-spread-away-0.5-1789919822;2026-09-20T15:57:02.549925+00:00;2026-09-20T15:57:02.549925+00:00;Spain - Segunda Division;Las Palmas vs Burgos;1636569840;spread;away;0.5;1.926;1.885;2.129;0;0.54;0.25;1
1636007497-spread-away--0.5-1789920121;2026-09-20T16:02:01.237092+00:00;2026-09-20T16:02:01.237092+00:00;Argentina - Liga Pro;San Lorenzo vs Boca Juniors;1636007497;spread;away;-0.5;2.06;1.877;8.883;0;1.72;1.44;1
1636572910-spread-home-0.0-1789920121;2026-09-20T16:02:01.237092+00:00;2026-09-20T16:02:01.237092+00:00;Belgium - Pro League;KV Kortrijk vs Beveren;1636572910;spread;home;0.0;2.06;1.909;7.33;0;1.21;0.94;1
1636572910-spread-away--0.0-1789920121;2026-09-20T16:02:01.237092+00:00;2026-09-20T16:02:01.237092+00:00;Belgium - Pro League;KV Kortrijk vs Beveren;1636572910;spread;away;-0.0;1.855;1.826;1.563;0;1.21;0.94;1
1635992346-spread-away--0.0-1789920121;2026-09-20T16:02:01.237092+00:00;2026-09-20T16:02:01.237092+00:00;Spain - La Liga;Valencia vs Real Sociedad;1635992346;spread;away;-0.0;2.0;1.862;6.9;0;2.96;2.68;1
1635992346-spread-home-0.0-1789920121;2026-09-20T16:02:01.237092+00:00;2026-09-20T16:02:01.237092+00:00;Spain - La Liga;Valencia vs Real Sociedad;1635992346;spread;home;0.0;2.07;1.806;12.754;0;2.96;2.68;1
1635995377-spread-home-0.0-1789920121;2026-09-20T16:02:01.237092+00:00;2026-09-20T16:02:01.237092+00:00;Spain - La Liga;Deportivo La Coruna vs Real Betis;1635995377;spread;home;0.0;1.893;1.752;7.448;0;0.46;0.18;1
1636572953-spread-home-0.0-1789920121;2026-09-20T16:02:01.237092+00:00;2026-09-20T16:02:01.237092+00:00;Brazil - Serie B;Londrina vs Fortaleza;1636572953;spread;home;0.0;2.06;1.926;6.505;0;5.45;5.18;1
1636572953-spread-away--0.0-1789920121;2026-09-20T16:02:01.237092+00:00;2026-09-20T16:02:01.237092+00:00;Brazil - Serie B;Londrina vs Fortaleza;1636572953;spread;away;-0.0;1.833;1.794;2.128;0;5.45;5.18;1
1636569830-spread-home--1.0-1789920121;2026-09-20T16:02:01.237092+00:00;2026-09-20T16:02:01.237092+00:00;UAE - League Cup;Al Jazira vs Al Wahda;1636569830;spread;home;-1.0;1.98;1.935;2.273;0;0.2;0;1
1636688736-spread-away-0.5-1789920121;2026-09-20T16:02:01.237092+00:00;2026-09-20T16:02:01.237092+00:00;Ecuador - Serie A;Tecnico Universitario vs Delfin;1636688736;spread;away;0.5;1.855;1.8;2.965;0;2.44;2.16;1
1637148804-spread-home-0.0-1789920402;2026-09-20T16:06:42.447973+00:00;2026-09-20T16:06:42.447973+00:00;Argentina - Primera B Metropolitana;Deportivo Merlo vs Flandria;1637148804;spread;home;0.0;1.758;1.725;1.877;0;3.89;3.61;1
1635992345-spread-home--1.0-1789920402;2026-09-20T16:06:42.447973+00:00;2026-09-20T16:06:42.447973+00:00;Spain - La Liga;Villarreal vs Levante;1635992345;spread;home;-1.0;1.962;1.926;1.835;0;0.38;0.1;1
1636569829-spread-home--0.5-1789920402;2026-09-20T16:06:42.447973+00:00;2026-09-20T16:06:42.447973+00:00;Spain - Primera Federacion;Zamora CF vs Lugo;1636569829;spread;home;-0.5;1.962;1.935;1.376;0;0.13;0;1
1636572911-spread-home--0.5-1789920402;2026-09-20T16:06:42.447973+00:00;2026-09-20T16:06:42.447973+00:00;Qatar - Stars Cup;Al Ahli Doha vs Al-Shahaniya;1636572911;spread;home;-0.5;2.0;1.917;4.15;0;1.12;0.84;1
1635995377-spread-away--0.0-1789919822;2026-09-20T15:57:02.549925+00:00;2026-09-20T16:11:19.903796+00:00;Spain - La Liga;Deportivo La Coruna vs Real Betis;1635995377;spread;away;-0.0;2.0;1.909;4.55;14.29;0.55;0.27;2
1636572914-total-under-2.5-1789919822;2026-09-20T15:57:02.549925+00:00;2026-09-20T16:11:19.903796+00:00;Poland - 2nd Liga;GKS Tychy vs Sandecja Nowy Sacz;1636572914;total;under;2.5;1.971;1.935;1.826;14.29;1.53;1.25;2
1636572902-spread-away--0.0-1789920679;2026-09-20T16:11:19.903796+00:00;2026-09-20T16:11:19.903796+00:00;Turkey - 1st League;Mardin 1969 vs Kayserispor;1636572902;spread;away;-0.0;1.893;1.847;2.43;0;0.81;0.53;1
1636572902-spread-home-0.0-1789920679;2026-09-20T16:11:19.903796+00:00;2026-09-20T16:11:19.903796+00:00;Turkey - 1st League;Mardin 1969 vs Kayserispor;1636572902;spread;home;0.0;2.01;1.84;8.458;0;0.81;0.53;1
1636578540-total-under-2.5-1789920679;2026-09-20T16:11:19.903796+00:00;2026-09-20T16:11:19.903796+00:00;Mexico - Liga MX;Pachuca vs Club Tijuana;1636578540;total;under;2.5;2.02;1.99;1.485;0;7.81;7.53;1
1636569840-spread-home--0.5-1789920679;2026-09-20T16:11:19.903796+00:00;2026-09-20T16:11:19.903796+00:00;Spain - Segunda Division;Las Palmas vs Burgos;1636569840;spread;home;-0.5;2.02;1.99;1.485;0;0.3;0.02;1
1636578427-spread-away--0.5-1789920679;2026-09-20T16:11:19.903796+00:00;2026-09-20T16:11:19.903796+00:00;Italy - Serie C Group A;Alcione vs Brescia;1636578427;spread;away;-0.5;1.926;1.901;1.298;0;2.29;2.01;1
1636506141-spread-home-0.5-1789920121;2026-09-20T16:02:01.237092+00:00;2026-09-20T16:16:02.123518+00:00;Turkey - Super League;Amedspor vs Besiktas;1636506141;spread;home;0.5;2.0;1.82;9.0;14.01;0.94;0.67;2
1636569853-spread-away-1.5-1789920962;2026-09-20T16:16:02.123518+00:00;2026-09-20T16:16:02.123518+00:00;Belgium - Challenger Pro League;Dender vs Patro Eisden Maasmechelen;1636569853;spread;away;1.5;1.962;1.855;5.454;0;0.96;0.69;1
1636812357-spread-home-0.0-1789921242;2026-09-20T16:20:42.318442+00:00;2026-09-20T16:20:42.318442+00:00;Venezuela - Segunda Division;Bolivar vs Aragua;1636812357;spread;home;0.0;1.709;1.676;1.931;0;2.65;2.38;1
1636812357-spread-away--0.0-1789921242;2026-09-20T16:20:42.318442+00:00;2026-09-20T16:20:42.318442+00:00;Venezuela - Segunda Division;Bolivar vs Aragua;1636812357;spread;away;-0.0;2.03;1.99;1.97;0;2.65;2.38;1
1636007497-spread-away--0.5-1789921242;2026-09-20T16:20:42.318442+00:00;2026-09-20T16:20:42.318442+00:00;Argentina - Liga Pro;San Lorenzo vs Boca Juniors;1636007497;spread;away;-0.5;2.06;1.877;8.883;0;1.4;1.13;1
1635985154-spread-away--2.0-1789921242;2026-09-20T16:20:42.318442+00:00;2026-09-20T16:20:42.318442+00:00;France - Ligue 1;Marseille vs Paris Saint-Germain;1635985154;spread;away;-2.0;1.909;1.877;1.676;0;2.4;2.13;1
1636572953-spread-home-0.0-1789921242;2026-09-20T16:20:42.318442+00:00;2026-09-20T16:20:42.318442+00:00;Brazil - Serie B;Londrina vs Fortaleza;1636572953;spread;home;0.0;2.06;1.926;6.505;0;5.15;4.88;1
1636572953-spread-away--0.0-1789921242;2026-09-20T16:20:42.318442+00:00;2026-09-20T16:20:42.318442+00:00;Brazil - Serie B;Londrina vs Fortaleza;1636572953;spread;away;-0.0;1.833;1.794;2.128;0;5.15;4.88;1
1636498751-spread-home-1.0-1789921242;2026-09-20T16:20:42.318442+00:00;2026-09-20T16:20:42.318442+00:00;Norway - Eliteserien;Brann vs Bodo Glimt;1636498751;spread;home;1.0;2.03;1.98;2.463;0;0.9;0.63;1
1636866861-spread-away-0.5-1789921242;2026-09-20T16:20:42.318442+00:00;2026-09-20T16:20:42.318442+00:00;Brazil - Carioca B2;Friburguense vs Campos AA;1636866861;spread;away;0.5;1.909;1.826;4.348;0;1.39;1.12;1
1635995377-spread-home-0.0-1789921242;2026-09-20T16:20:42.318442+00:00;2026-09-20T16:20:42.318442+00:00;Spain - La Liga;Deportivo La Coruna vs Real Betis;1635995377;spread;home;0.0;1.901;1.752;7.838;0;0.13;0;1
1635992346-spread-away--0.0-1789921242;2026-09-20T16:20:42.318442+00:00;2026-09-20T16:20:42.318442+00:00;Spain - La Liga;Valencia vs Real Sociedad;1635992346;spread;away;-0.0;2.0;1.862;6.9;0;2.63;2.36;1
1635992346-spread-home-0.0-1789921242;2026-09-20T16:20:42.318442+00:00;2026-09-20T16:20:42.318442+00:00;Spain - La Liga;Valencia vs Real Sociedad;1635992346;spread;home;0.0;2.08;1.806;13.173;0;2.63;2.36;1
1636572910-spread-home-0.0-1789921242;2026-09-20T16:20:42.318442+00:00;2026-09-20T16:20:42.318442+00:00;Belgium - Pro League;KV Kortrijk vs Beveren;1636572910;spread;home;0.0;2.06;1.909;7.33;0;0.88;0.61;1
1636572910-spread-away--0.0-1789921242;2026-09-20T16:20:42.318442+00:00;2026-09-20T16:20:42.318442+00:00;Belgium - Pro League;KV Kortrijk vs Beveren;1636572910;spread;away;-0.0;1.855;1.826;1.563;0;0.88;0.61;1
1636268570-spread-home-0.0-1789919822;2026-09-20T15:57:02.549925+00:00;2026-09-20T16:25:25.605440+00:00;Colombia - Primera A;Fortaleza CEIF vs Junior de Barranquilla;1636268570;spread;home;0.0;2.02;1.833;9.257;28.38;3.04;2.77;3
1636578553-spread-home--1.0-1789921525;2026-09-20T16:25:25.605440+00:00;2026-09-20T16:25:25.605440+00:00;Dominican Republic - Liga Mayor;Cibao vs Universidad O&M;1636578553;spread;home;-1.0;1.99;1.962;1.407;0;5.57;5.31;1
1636578553-total-over-2.5-1789921525;2026-09-20T16:25:25.605440+00:00;2026-09-20T16:25:25.605440+00:00;Dominican Republic - Liga Mayor;Cibao vs Universidad O&M;1636578553;total;over;2.5;1.855;1.8;2.965;0;5.57;5.31;1
1635995377-spread-home-0.5-1789921525;2026-09-20T16:25:25.605440+00:00;2026-09-20T16:25:25.605440+00:00;Spain - La Liga;Deportivo La Coruna vs Real Betis;1635995377;spread;home;0.5;1.98;1.943;1.869;0;0.06;0;1
1636572902-spread-away--0.0-1789921803;2026-09-20T16:30:03.884043+00:00;2026-09-20T16:30:03.884043+00:00;Turkey - 1st League;Mardin 1969 vs Kayserispor;1636572902;spread;away;-0.0;1.893;1.862;1.638;0;0.49;0.23;1
1636572902-spread-home-0.0-1789921803;2026-09-20T16:30:03.884043+00:00;2026-09-20T16:30:03.884043+00:00;Turkey - 1st League;Mardin 1969 vs Kayserispor;1636572902;spread;home;0.0;2.0;1.84;8.0;0;0.49;0.23;1
1636739051-spread-home--1.0-1789921803;2026-09-20T16:30:03.884043+00:00;2026-09-20T16:30:03.884043+00:00;Venezuela - Segunda Division;Atletico El Vigia vs Real Frontera;1636739051;spread;home;-1.0;1.901;1.806;4.997;0;2.99;2.72;1
1636572947-total-under-2.5-1789921242;2026-09-20T16:20:42.318442+00:00;2026-09-20T16:34:35.013634+00:00;Peru - Liga 1;Juan Pablo II College vs Deportivo Moquegua;1636572947;total;under;2.5;2.01;1.952;2.886;13.88;4.14;3.87;2
1636506141-spread-home-0.5-1789922075;2026-09-20T16:34:35.013634+00:00;2026-09-20T16:34:35.013634+00:00;Turkey - Super League;Amedspor vs Besiktas;1636506141;spread;home;0.5;1.971;1.847;6.291;0;0.42;0.15;1
1636569853-total-under-2.5-1789922075;2026-09-20T16:34:35.013634+00:00;2026-09-20T16:34:35.013634+00:00;Belgium - Challenger Pro League;Dender vs Patro Eisden Maasmechelen;1636569853;total;under;2.5;1.926;1.877;2.544;0;0.67;0.4;1
1636007497-spread-away--0.5-1789922342;2026-09-20T16:39:02.411013+00:00;2026-09-20T16:39:02.411013+00:00;Argentina - Liga Pro;San Lorenzo vs Boca Juniors;1636007497;spread;away;-0.5;2.06;1.877;8.883;0;1.09;0.83;1
1636572910-spread-home-0.0-1789922342;2026-09-20T16:39:02.411013+00:00;2026-09-20T16:39:02.411013+00:00;Belgium - Pro League;KV Kortrijk vs Beveren;1636572910;spread;home;0.0;2.06;1.909;7.33;0;0.59;0.32;1
1636572910-spread-away--0.0-1789922342;2026-09-20T16:39:02.411013+00:00;2026-09-20T16:39:02.411013+00:00;Belgium - Pro League;KV Kortrijk vs Beveren;1636572910;spread;away;-0.0;1.855;1.826;1.563;0;0.59;0.32;1
1636572953-spread-home-0.0-1789922342;2026-09-20T16:39:02.411013+00:00;2026-09-20T16:39:02.411013+00:00;Brazil - Serie B;Londrina vs Fortaleza;1636572953;spread;home;0.0;2.06;1.926;6.505;0;4.83;4.57;1
1636572953-spread-away--0.0-1789922342;2026-09-20T16:39:02.411013+00:00;2026-09-20T16:39:02.411013+00:00;Brazil - Serie B;Londrina vs Fortaleza;1636572953;spread;away;-0.0;1.833;1.794;2.128;0;4.83;4.57;1
1635992346-spread-away--0.0-1789922342;2026-09-20T16:39:02.411013+00:00;2026-09-20T16:39:02.411013+00:00;Spain - La Liga;Valencia vs Real Sociedad;1635992346;spread;away;-0.0;2.0;1.862;6.9;0;2.33;2.06;1
1635992346-spread-home-0.0-1789922342;2026-09-20T16:39:02.411013+00:00;2026-09-20T16:39:02.411013+00:00;Spain - La Liga;Valencia vs Real Sociedad;1635992346;spread;home;0.0;2.08;1.806;13.173;0;2.33;2.06;1
1636866531-total-over-2.5-1789922342;2026-09-20T16:39:02.411013+00:00;2026-09-20T16:39:02.411013+00:00;Brazil - Carioca B2;Paduano vs Barra Mansa;1636866531;total;over;2.5;1.862;1.781;4.35;0;1.08;0.81;1
1636571575-spread-away-0.5-1789922613;2026-09-20T16:43:33.078434+00:00;2026-09-20T16:43:33.078434+00:00;Turkey - 1st League;Antalyaspor vs Vanspor;1636571575;spread;away;0.5;2.05;2.02;1.463;0;0.27;0.0;1
1636867955-spread-away--0.0-1789922613;2026-09-20T16:43:33.078434+00:00;2026-09-20T16:43:33.078434+00:00;Spain - Tercera Division;Quintanar Del Rey vs Illescas;1636867955;spread;away;-0.0;1.901;1.826;3.945;0;0.26;0;1
1636506141-spread-away--0.5-1789922075;2026-09-20T16:34:35.013634+00:00;2026-09-20T16:48:07.278802+00:00;Turkey - Super League;Amedspor vs Besiktas;1636506141;spread;away;-0.5;1.962;1.909;2.701;13.54;0.42;0.16;2
1636887074-spread-away--0.0-1789922887;2026-09-20T16:48:07.278802+00:00;2026-09-20T16:48:07.278802+00:00;Mexico - Liga Premier Serie A;Real Apodaca vs Guerreros de Autlan;1636887074;spread;away;-0.0;1.901;1.787;5.997;0;5.19;4.93;1
1636549956-spread-home--1.5-1789922887;2026-09-20T16:48:07.278802+00:00;2026-09-20T16:48:07.278802+00:00;USA - Major League Soccer;Inter Miami vs San Diego FC;1636549956;spread;home;-1.5;2.06;1.901;7.718;0;6.19;5.93;1
1636759971-spread-away--0.0-1789922887;2026-09-20T16:48:07.278802+00:00;2026-09-20T16:48:07.278802+00:00;Saudi Arabia - Division 1;Al Jeel vs Hajer Club;1636759971;spread;away;-0.0;1.781;1.746;1.965;0;0.18;0;1
1636498187-spread-home-0.0-1789922887;2026-09-20T16:48:07.278802+00:00;2026-09-20T16:48:07.278802+00:00;Turkey - Super League;Goztepe vs Caykur Rizespor;1636498187;spread;home;0.0;1.901;1.8;5.313;0;0.18;0;1
1636866531-spread-home--1.5-1789922342;2026-09-20T16:39:02.411013+00:00;2026-09-20T16:52:37.823287+00:00;Brazil - Carioca B2;Paduano vs Barra Mansa;1636866531;spread;home;-1.5;1.909;1.8;5.71;13.59;1.08;0.82;2
1636498751-spread-away--1.0-1789923157;2026-09-20T16:52:37.823287+00:00;2026-09-20T16:52:37.823287+00:00;Norway - Eliteserien;Brann vs Bodo Glimt;1636498751;spread;away;-1.0;1.909;1.855;2.829;0;0.36;0.11;1
1635985154-spread-home-2.0-1789923157;2026-09-20T16:52:37.823287+00:00;2026-09-20T16:52:37.823287+00:00;France - Ligue 1;Marseille vs Paris Saint-Germain;1635985154;spread;home;2.0;1.926;1.893;1.713;0;1.86;1.61;1
1636572947-spread-away-0.5-1789923157;2026-09-20T16:52:37.823287+00:00;2026-09-20T16:52:37.823287+00:00;Peru - Liga 1;Juan Pablo II College vs Deportivo Moquegua;1636572947;spread;away;0.5;2.02;1.952;3.366;0;3.61;3.35;1
1636689382-total-over-2.5-1789923157;2026-09-20T16:52:37.823287+00:00;2026-09-20T16:52:37.823287+00:00;Jamaica - Premier League;Treasure Beach vs Tivoli Gardens;1636689382;total;over;2.5;2.0;1.909;4.55;0;3.61;3.35;1
1637105504-spread-home-1.0-1789923157;2026-09-20T16:52:37.823287+00:00;2026-09-20T16:52:37.823287+00:00;Brazil - Paraibano 2;Spartax Joao Pessoa FC vs Auto Esporte;1637105504;spread;home;1.0;1.971;1.893;3.957;0;2.1;1.85;1
1637105504-total-under-2.5-1789923157;2026-09-20T16:52:37.823287+00:00;2026-09-20T16:52:37.823287+00:00;Brazil - Paraibano 2;Spartax Joao Pessoa FC vs Auto Esporte;1637105504;total;under;2.5;1.87;1.746;6.631;0;2.1;1.85;1
1636506141-spread-home-0.5-1789923157;2026-09-20T16:52:37.823287+00:00;2026-09-20T16:52:37.823287+00:00;Turkey - Super League;Amedspor vs Besiktas;1636506141;spread;home;0.5;2.0;1.847;7.65;0;0.1;0;1
1636572902-spread-home-0.0-1789922887;2026-09-20T16:48:07.278802+00:00;2026-09-20T16:57:04.440528+00:00;Turkey - 1st League;Mardin 1969 vs Kayserispor;1636572902;spread;home;0.0;1.98;1.826;7.778;8.95;0.19;0;2
1636572953-spread-home-0.0-1789923424;2026-09-20T16:57:04.440528+00:00;2026-09-20T16:57:04.440528+00:00;Brazil - Serie B;Londrina vs Fortaleza;1636572953;spread;home;0.0;2.08;1.926;7.404;0;4.54;4.29;1
1636572953-spread-away--0.0-1789923424;2026-09-20T16:57:04.440528+00:00;2026-09-20T16:57:04.440528+00:00;Brazil - Serie B;Londrina vs Fortaleza;1636572953;spread;away;-0.0;1.82;1.794;1.429;0;4.54;4.29;1
1636533844-spread-home--1.5-1789923424;2026-09-20T16:57:04.440528+00:00;2026-09-20T16:57:04.440528+00:00;Portugal - Primeira Liga;Estoril vs Casa Pia;1636533844;spread;home;-1.5;1.962;1.877;4.332;0;0.04;0;1
1635992346-spread-home-0.0-1789923424;2026-09-20T16:57:04.440528+00:00;2026-09-20T16:57:04.440528+00:00;Spain - La Liga;Valencia vs Real Sociedad;1635992346;spread;home;0.0;2.08;1.806;13.173;0;2.04;1.78;1
1636572943-spread-home-0.0-1789923424;2026-09-20T16:57:04.440528+00:00;2026-09-20T16:57:04.440528+00:00;Costa Rica - Ascenso;Aserri vs AD Santa Ana;1636572943;spread;home;0.0;1.87;1.746;6.631;0;0.03;0;1
1636498767-total-over-2.5-1789923424;2026-09-20T16:57:04.440528+00:00;2026-09-20T16:57:04.440528+00:00;Italy - Serie B;Modena vs Empoli;1636498767;total;over;2.5;1.952;1.926;1.332;0;0.53;0.28;1
1636007497-spread-home-0.5-1789923424;2026-09-20T16:57:04.440528+00:00;2026-09-20T16:57:04.440528+00:00;Argentina - Liga Pro;San Lorenzo vs Boca Juniors;1636007497;spread;home;0.5;1.885;1.862;1.22;0;0.78;0.53;1
1636007497-spread-away--0.5-1789923424;2026-09-20T16:57:04.440528+00:00;2026-09-20T16:57:04.440528+00:00;Argentina - Liga Pro;San Lorenzo vs Boca Juniors;1636007497;spread;away;-0.5;2.03;1.877;7.537;0;0.78;0.53;1
1636571585-spread-away-1.5-1789923689;2026-09-20T17:01:29.871046+00:00;2026-09-20T17:01:29.871046+00:00;Peru - Liga 1;Sport Huancayo vs UTC de Cajamarca;1636571585;spread;away;1.5;1.926;1.893;1.713;0;0.96;0.71;1
1636569853-total-under-2.5-1789923689;2026-09-20T17:01:29.871046+00:00;2026-09-20T17:01:29.871046+00:00;Belgium - Challenger Pro League;Dender vs Patro Eisden Maasmechelen;1636569853;total;under;2.5;1.885;1.862;1.22;0;0.21;0;1
1635992346-spread-away--0.0-1789923424;2026-09-20T16:57:04.440528+00:00;2026-09-20T17:05:39.511564+00:00;Spain - La Liga;Valencia vs Real Sociedad;1635992346;spread;away;-0.0;2.0;1.826;8.7;8.58;2.04;1.78;2
1636581384-spread-away--0.0-1789923939;2026-09-20T17:05:39.511564+00:00;2026-09-20T17:05:39.511564+00:00;Argentina - Primera B Nacional;Chacarita Juniors vs Quilmes;1636581384;spread;away;-0.0;1.909;1.806;5.395;0;0.91;0.65;1
1636709474-spread-away-1.0-1789923939;2026-09-20T17:05:39.511564+00:00;2026-09-20T17:05:39.511564+00:00;Venezuela - Primera Division;Estudiantes de Merida vs Trujillanos;1636709474;spread;away;1.0;1.781;1.763;1.011;0;3.9;3.65;1
1636572911-total-under-2.5-1789923939;2026-09-20T17:05:39.511564+00:00;2026-09-20T17:05:39.511564+00:00;Qatar - Stars Cup;Al Ahli Doha vs Al-Shahaniya;1636572911;total;under;2.5;1.952;1.909;2.203;0;0.15;0;1
1636866861-spread-away-0.5-1789923939;2026-09-20T17:05:39.511564+00:00;2026-09-20T17:05:39.511564+00:00;Brazil - Carioca B2;Friburguense vs Campos AA;1636866861;spread;away;0.5;1.84;1.781;3.207;0;0.64;0.39;1
1636549956-spread-home--1.5-1789923939;2026-09-20T17:05:39.511564+00:00;2026-09-20T17:05:39.511564+00:00;USA - Major League Soccer;Inter Miami vs San Diego FC;1636549956;spread;home;-1.5;2.06;1.901;7.718;0;5.89;5.63;1
1636578432-spread-home--0.5-1789924197;2026-09-20T17:09:57.711901+00:00;2026-09-20T17:09:57.711901+00:00;Brazil - Serie B;Goias vs Avai;1636578432;spread;home;-0.5;1.98;1.909;3.586;0;1.83;1.58;1
1636572914-total-over-2.5-1789924197;2026-09-20T17:09:57.711901+00:00;2026-09-20T17:09:57.711901+00:00;Poland - 2nd Liga;GKS Tychy vs Sandecja Nowy Sacz;1636572914;total;over;2.5;1.877;1.855;1.172;0;0.31;0.07;1
1636572953-spread-home-0.0-1789924454;2026-09-20T17:14:14.240961+00:00;2026-09-20T17:14:14.240961+00:00;Brazil - Serie B;Londrina vs Fortaleza;1636572953;spread;home;0.0;2.08;1.926;7.404;0;4.25;4.01;1
1636572953-spread-away--0.0-1789924454;2026-09-20T17:14:14.240961+00:00;2026-09-20T17:14:14.240961+00:00;Brazil - Serie B;Londrina vs Fortaleza;1636572953;spread;away;-0.0;1.82;1.794;1.429;0;4.25;4.01;1
1636498767-spread-home--1.0-1789924454;2026-09-20T17:14:14.240961+00:00;2026-09-20T17:14:14.240961+00:00;Italy - Serie B;Modena vs Empoli;1636498767;spread;home;-1.0;2.04;1.917;6.029;0;0.25;0.0;1
1636572941-spread-away-1.0-1789924454;2026-09-20T17:14:14.240961+00:00;2026-09-20T17:14:14.240961+00:00;Argentina - Torneo Federal A;Deportivo Rincon vs Santamarina Tandil;1636572941;spread;away;1.0;2.01;1.735;13.682;0;0.75;0.5;1
1636571585-spread-home--1.5-1789924454;2026-09-20T17:14:14.240961+00:00;2026-09-20T17:14:14.240961+00:00;Peru - Liga 1;Sport Huancayo vs UTC de Cajamarca;1636571585;spread;home;-1.5;1.962;1.935;1.376;0;0.75;0.5;1
1636019362-spread-home--1.0-1789924454;2026-09-20T17:14:14.240961+00:00;2026-09-20T17:14:14.240961+00:00;Argentina - Liga Pro;Belgrano vs Estudiantes Rio Cuarto;1636019362;spread;home;-1.0;1.813;1.794;1.048;0;4.99;4.74;1
1636007497-spread-away--0.5-1789924454;2026-09-20T17:14:14.240961+00:00;2026-09-20T17:14:14.240961+00:00;Argentina - Liga Pro;San Lorenzo vs Boca Juniors;1636007497;spread;away;-0.5;2.05;1.877;8.439;0;0.49;0.24;1
1635992346-spread-home-0.0-1789924454;2026-09-20T17:14:14.240961+00:00;2026-09-20T17:14:14.240961+00:00;Spain - La Liga;Valencia vs Real Sociedad;1635992346;spread;home;0.0;2.12;1.806;14.811;0;1.74;1.49;1
1636498768-spread-home--1.5-1789924712;2026-09-20T17:18:32.724457+00:00;2026-09-20T17:18:32.724457+00:00;Poland - Ekstraklasa;Lech Poznan vs Radomiak Radom;1636498768;spread;home;-1.5;1.962;1.935;1.376;0;0.93;0.68;1
1636709555-spread-away--0.5-1789924712;2026-09-20T17:18:32.724457+00:00;2026-09-20T17:18:32.724457+00:00;Argentina - Torneo Federal A;Huracan Las Heras vs Sportivo y Biblioteca Atenas;1636709555;spread;away;-0.5;1.935;1.847;4.548;0;0.67;0.43;1
1636578411-spread-away--0.0-1789924967;2026-09-20T17:22:47.318646+00:00;2026-09-20T17:22:47.318646+00:00;Bulgaria - Second League;Etar Veliko Tarnovo vs Chernomorets 1919 Burgas;1636578411;spread;away;-0.0;1.971;1.943;1.421;0;0.12;0;1
1636578518-spread-away-1.0-1789924967;2026-09-20T17:22:47.318646+00:00;2026-09-20T17:22:47.318646+00:00;Argentina - Primera B Nacional;Deportivo Madryn vs Racing de Cordoba;1636578518;spread;away;1.0;1.87;1.758;5.989;0;1.62;1.37;1
1636578518-spread-home--1.0-1789924967;2026-09-20T17:22:47.318646+00:00;2026-09-20T17:22:47.318646+00:00;Argentina - Primera B Nacional;Deportivo Madryn vs Racing de Cordoba;1636578518;spread;home;-1.0;2.13;1.87;12.207;0;1.62;1.37;1
1635992346-spread-away--0.0-1789924967;2026-09-20T17:22:47.318646+00:00;2026-09-20T17:22:47.318646+00:00;Spain - La Liga;Valencia vs Real Sociedad;1635992346;spread;away;-0.0;2.0;1.826;8.7;0;1.61;1.37;1
1635992346-spread-away--0.5-1789924967;2026-09-20T17:22:47.318646+00:00;2026-09-20T17:22:47.318646+00:00;Spain - La Liga;Valencia vs Real Sociedad;1635992346;spread;away;-0.5;1.98;1.943;1.869;0;1.61;1.37;1
1636549956-spread-home--1.5-1789924967;2026-09-20T17:22:47.318646+00:00;2026-09-20T17:22:47.318646+00:00;USA - Major League Soccer;Inter Miami vs San Diego FC;1636549956;spread;home;-1.5;2.06;1.901;7.718;0;5.6;5.36;1
1636498767-total-over-2.5-1789924454;2026-09-20T17:14:14.240961+00:00;2026-09-20T17:26:54.480304+00:00;Italy - Serie B;Modena vs Empoli;1636498767;total;over;2.5;1.926;1.877;2.544;12.67;0.25;0.01;2
1635992337-spread-away--1.5-1789925214;2026-09-20T17:26:54.480304+00:00;2026-09-20T17:26:54.480304+00:00;Germany - Bundesliga;Paderborn vs Hoffenheim;1635992337;spread;away;-1.5;1.943;1.893;2.573;0;0.05;0;1
1636572914-spread-away-0.5-1789925214;2026-09-20T17:26:54.480304+00:00;2026-09-20T17:26:54.480304+00:00;Poland - 2nd Liga;GKS Tychy vs Sandecja Nowy Sacz;1636572914;spread;away;0.5;1.885;1.855;1.592;0;0.05;0;1
1636578534-spread-home--0.5-1789925214;2026-09-20T17:26:54.480304+00:00;2026-09-20T17:26:54.480304+00:00;Guatemala - Liga Nacional;Deportivo San Pedro vs Coban Imperial;1636578534;spread;home;-0.5;1.885;1.82;3.448;0;3.37;3.13;1
1636572941-spread-home--1.0-1789925214;2026-09-20T17:26:54.480304+00:00;2026-09-20T17:26:54.480304+00:00;Argentina - Torneo Federal A;Deportivo Rincon vs Santamarina Tandil;1636572941;spread;home;-1.0;2.03;1.84;9.36;0;0.53;0.29;1
1636572940-spread-away-0.5-1789925214;2026-09-20T17:26:54.480304+00:00;2026-09-20T17:26:54.480304+00:00;Argentina - Torneo Federal A;Douglas Haig vs Gimnasia Chivilcoy;1636572940;spread;away;0.5;1.935;1.82;5.943;0;0.53;0.29;1
1636578422-spread-away-2.0-1789924712;2026-09-20T17:18:32.724457+00:00;2026-09-20T17:31:06.704700+00:00;Croatia - HNL;Dinamo Zagreb vs Lokomotiva Zagreb;1636578422;spread;away;2.0;2.05;1.971;3.854;12.57;0.67;0.43;2
1636739051-spread-home--1.0-1789925466;2026-09-20T17:31:06.704700+00:00;2026-09-20T17:31:06.704700+00:00;Venezuela - Segunda Division;Atletico El Vigia vs Real Frontera;1636739051;spread;home;-1.0;1.806;1.735;3.931;0;1.98;1.74;1
1636007497-spread-home-0.5-1789925466;2026-09-20T17:31:06.704700+00:00;2026-09-20T17:31:06.704700+00:00;Argentina - Liga Pro;San Lorenzo vs Boca Juniors;1636007497;spread;home;0.5;1.98;1.862;5.96;0;0.22;0;1
1636007497-spread-away--0.5-1789925466;2026-09-20T17:31:06.704700+00:00;2026-09-20T17:31:06.704700+00:00;Argentina - Liga Pro;San Lorenzo vs Boca Juniors;1636007497;spread;away;-0.5;1.926;1.877;2.544;0;0.22;0;1
1635992346-spread-home-0.0-1789925466;2026-09-20T17:31:06.704700+00:00;2026-09-20T17:31:06.704700+00:00;Spain - La Liga;Valencia vs Real Sociedad;1635992346;spread;home;0.0;2.12;1.806;14.811;0;1.47;1.23;1
1636572953-spread-home-0.0-1789925466;2026-09-20T17:31:06.704700+00:00;2026-09-20T17:31:06.704700+00:00;Brazil - Serie B;Londrina vs Fortaleza;1636572953;spread;home;0.0;2.08;1.926;7.404;0;3.97;3.73;1
1636572953-spread-away--0.0-1789925466;2026-09-20T17:31:06.704700+00:00;2026-09-20T17:31:06.704700+00:00;Brazil - Serie B;Londrina vs Fortaleza;1636572953;spread;away;-0.0;1.82;1.794;1.429;0;3.97;3.73;1
1636887074-spread-away--0.0-1789925466;2026-09-20T17:31:06.704700+00:00;2026-09-20T17:31:06.704700+00:00;Mexico - Liga Premier Serie A;Real Apodaca vs Guerreros de Autlan;1636887074;spread;away;-0.0;1.806;1.752;2.99;0;4.46;4.23;1
1636581384-spread-home-0.0-1789925710;2026-09-20T17:35:10.012700+00:00;2026-09-20T17:35:10.012700+00:00;Argentina - Primera B Nacional;Chacarita Juniors vs Quilmes;1636581384;spread;home;0.0;2.07;2.04;1.449;0;0.41;0.17;1
1636578451-spread-away--1.0-1789925710;2026-09-20T17:35:10.012700+00:00;2026-09-20T17:35:10.012700+00:00;Honduras - Liga Nacional;Juticalpa vs Marathon;1636578451;spread;away;-1.0;1.943;1.82;6.33;0;7.89;7.66;1
1636578518-spread-away-1.0-1789925955;2026-09-20T17:39:15.396595+00:00;2026-09-20T17:39:15.396595+00:00;Argentina - Primera B Nacional;Deportivo Madryn vs Racing de Cordoba;1636578518;spread;away;1.0;1.87;1.82;2.674;0;1.34;1.1;1
1636578518-spread-home--1.0-1789925955;2026-09-20T17:39:15.396595+00:00;2026-09-20T17:39:15.396595+00:00;Argentina - Primera B Nacional;Deportivo Madryn vs Racing de Cordoba;1636578518;spread;home;-1.0;2.04;1.87;8.333;0;1.34;1.1;1
1636549956-spread-home--1.5-1789925955;2026-09-20T17:39:15.396595+00:00;2026-09-20T17:39:15.396595+00:00;USA - Major League Soccer;Inter Miami vs San Diego FC;1636549956;spread;home;-1.5;2.06;1.901;7.718;0;5.34;5.1;1
1636689382-total-over-2.5-1789925955;2026-09-20T17:39:15.396595+00:00;2026-09-20T17:39:15.396595+00:00;Jamaica - Premier League;Treasure Beach vs Tivoli Gardens;1636689382;total;over;2.5;1.909;1.877;1.676;0;2.84;2.6;1
1636866531-spread-away-1.5-1789925955;2026-09-20T17:39:15.396595+00:00;2026-09-20T17:39:15.396595+00:00;Brazil - Carioca B2;Paduano vs Barra Mansa;1636866531;spread;away;1.5;1.926;1.833;4.829;0;0.08;0;1
1636812343-total-under-2.5-1789925955;2026-09-20T17:39:15.396595+00:00;2026-09-20T17:39:15.396595+00:00;Brazil - Carioca B2;Buzios vs Serra Macaense FC;1636812343;total;under;2.5;1.962;1.935;1.376;0;0.08;0;1
1635992346-spread-away--0.0-1789925955;2026-09-20T17:39:15.396595+00:00;2026-09-20T17:39:15.396595+00:00;Spain - La Liga;Valencia vs Real Sociedad;1635992346;spread;away;-0.0;2.0;1.826;8.7;0;1.33;1.09;1
1636578514-spread-home--0.5-1789926447;2026-09-20T17:47:27.546794+00:00;2026-09-20T17:47:27.546794+00:00;Malta - Challenge League;Tarxien Rainbows vs Attard;1636578514;spread;home;-0.5;1.877;1.84;1.971;0;0.7;0.47;1
1636612111-spread-away-1.0-1789926447;2026-09-20T17:47:27.546794+00:00;2026-09-20T17:47:27.546794+00:00;Bosnia and Herzegovina - Premier Liga;Sarajevo vs Sloga Doboj;1636612111;spread;away;1.0;2.04;1.893;7.206;0;0.2;0;1
1636571586-spread-home--1.0-1789926447;2026-09-20T17:47:27.546794+00:00;2026-09-20T17:47:27.546794+00:00;USA - MLS Next Pro League;New York Red Bulls II vs Huntsville City;1636571586;spread;home;-1.0;2.01;1.935;3.731;0;0.2;0;1
1636578420-spread-away--1.0-1789926447;2026-09-20T17:47:27.546794+00:00;2026-09-20T17:47:27.546794+00:00;USA - MLS Next Pro League;FC Cincinnati II vs Crown Legacy;1636578420;spread;away;-1.0;1.926;1.806;6.231;0;0.2;0;1
1635992346-spread-home-0.0-1789926447;2026-09-20T17:47:27.546794+00:00;2026-09-20T17:47:27.546794+00:00;Spain - La Liga;Valencia vs Real Sociedad;1635992346;spread;home;0.0;2.12;1.806;14.811;0;1.2;0.97;1
1636572953-spread-home-0.0-1789926447;2026-09-20T17:47:27.546794+00:00;2026-09-20T17:47:27.546794+00:00;Brazil - Serie B;Londrina vs Fortaleza;1636572953;spread;home;0.0;2.08;1.926;7.404;0;3.69;3.46;1
1636572953-spread-away--0.0-1789926447;2026-09-20T17:47:27.546794+00:00;2026-09-20T17:47:27.546794+00:00;Brazil - Serie B;Londrina vs Fortaleza;1636572953;spread;away;-0.0;1.82;1.794;1.429;0;3.69;3.46;1
1635985154-spread-away--2.0-1789925955;2026-09-20T17:39:15.396595+00:00;2026-09-20T17:51:32.655987+00:00;France - Ligue 1;Marseille vs Paris Saint-Germain;1635985154;spread;away;-2.0;1.909;1.855;2.829;12.29;1.09;0.87;2
1636709555-spread-home-0.5-1789926692;2026-09-20T17:51:32.655987+00:00;2026-09-20T17:51:32.655987+00:00;Argentina - Torneo Federal A;Huracan Las Heras vs Sportivo y Biblioteca Atenas;1636709555;spread;home;0.5;1.862;1.833;1.557;0;0.12;0;1
1636572931-spread-home--0.5-1789926199;2026-09-20T17:43:19.557913+00:00;2026-09-20T17:55:32.704795+00:00;Bolivia - Cup;Real Oruro vs GV San Jose;1636572931;spread;home;-0.5;1.885;1.8;4.509;12.22;1.27;1.05;2
1636268570-spread-away--0.0-1789926199;2026-09-20T17:43:19.557913+00:00;2026-09-20T17:55:32.704795+00:00;Colombia - Primera A;Fortaleza CEIF vs Junior de Barranquilla;1636268570;spread;away;-0.0;2.05;2.01;1.951;12.22;1.27;1.05;2
1636578518-spread-away-1.0-1789926932;2026-09-20T17:55:32.704795+00:00;2026-09-20T17:55:32.704795+00:00;Argentina - Primera B Nacional;Deportivo Madryn vs Racing de Cordoba;1636578518;spread;away;1.0;1.87;1.82;2.674;0;1.07;0.85;1
1636578518-spread-home--1.0-1789926932;2026-09-20T17:55:32.704795+00:00;2026-09-20T17:55:32.704795+00:00;Argentina - Primera B Nacional;Deportivo Madryn vs Racing de Cordoba;1636578518;spread;home;-1.0;2.04;1.87;8.333;0;1.07;0.85;1
1635992346-spread-away--0.0-1789926932;2026-09-20T17:55:32.704795+00:00;2026-09-20T17:55:32.704795+00:00;Spain - La Liga;Valencia vs Real Sociedad;1635992346;spread;away;-0.0;2.0;1.84;8.0;0;1.06;0.84;1
1636048883-spread-home-1.0-1789926932;2026-09-20T17:55:32.704795+00:00;2026-09-20T17:55:32.704795+00:00;Brazil - Serie A;Flamengo vs Bragantino;1636048883;spread;home;1.0;1.87;1.84;1.604;0;3.56;3.34;1
1636549956-spread-home--1.5-1789926932;2026-09-20T17:55:32.704795+00:00;2026-09-20T17:55:32.704795+00:00;USA - Major League Soccer;Inter Miami vs San Diego FC;1636549956;spread;home;-1.5;2.06;1.901;7.718;0;5.06;4.84;1
1636572940-spread-home--0.5-1789926932;2026-09-20T17:55:32.704795+00:00;2026-09-20T17:55:32.704795+00:00;Argentina - Torneo Federal A;Douglas Haig vs Gimnasia Chivilcoy;1636572940;spread;home;-0.5;1.926;1.806;6.231;0;0.06;0;1
1636578525-spread-away-0.5-1789926932;2026-09-20T17:55:32.704795+00:00;2026-09-20T17:55:32.704795+00:00;Argentina - Torneo Federal A;Juventud Unida Universitario vs San Martin de Mendoza;1636578525;spread;away;0.5;1.775;1.725;2.817;0;0.06;0;1
1636019362-spread-away-1.0-1789927174;2026-09-20T17:59:34.356955+00:00;2026-09-20T17:59:34.356955+00:00;Argentina - Liga Pro;Belgrano vs Estudiantes Rio Cuarto;1636019362;spread;away;1.0;2.14;2.09;2.336;0;4.25;4.03;1
1636572953-spread-home-0.0-1789927407;2026-09-20T18:03:27.900051+00:00;2026-09-20T18:03:27.900051+00:00;Brazil - Serie B;Londrina vs Fortaleza;1636572953;spread;home;0.0;2.08;1.926;7.404;0;3.43;3.21;1
1636572953-spread-away--0.0-1789927407;2026-09-20T18:03:27.900051+00:00;2026-09-20T18:03:27.900051+00:00;Brazil - Serie B;Londrina vs Fortaleza;1636572953;spread;away;-0.0;1.82;1.794;1.429;0;3.43;3.21;1
1635992346-spread-home-0.0-1789927407;2026-09-20T18:03:27.900051+00:00;2026-09-20T18:03:27.900051+00:00;Spain - La Liga;Valencia vs Real Sociedad;1635992346;spread;home;0.0;2.1;1.806;14.0;0;0.93;0.71;1
1636572947-spread-home--0.5-1789927631;2026-09-20T18:07:11.636506+00:00;2026-09-20T18:07:11.636506+00:00;Peru - Liga 1;Juan Pablo II College vs Deportivo Moquegua;1636572947;spread;home;-0.5;1.87;1.847;1.23;0;2.36;2.15;1
1636571599-spread-home--1.0-1789927854;2026-09-20T18:10:54.253541+00:00;2026-09-20T18:10:54.253541+00:00;Spain - Primera Federacion;Hercules CF vs Juventud Torremolinos;1636571599;spread;home;-1.0;1.962;1.769;9.837;0;0.31;0.1;1
1636571599-total-over-2.5-1789927854;2026-09-20T18:10:54.253541+00:00;2026-09-20T18:10:54.253541+00:00;Spain - Primera Federacion;Hercules CF vs Juventud Torremolinos;1636571599;total;over;2.5;1.98;1.926;2.727;0;0.31;0.1;1
1636549956-spread-home--1.5-1789927854;2026-09-20T18:10:54.253541+00:00;2026-09-20T18:10:54.253541+00:00;USA - Major League Soccer;Inter Miami vs San Diego FC;1636549956;spread;home;-1.5;2.06;1.901;7.718;0;4.81;4.6;1
1636578518-spread-away-1.0-1789927854;2026-09-20T18:10:54.253541+00:00;2026-09-20T18:10:54.253541+00:00;Argentina - Primera B Nacional;Deportivo Madryn vs Racing de Cordoba;1636578518;spread;away;1.0;1.87;1.833;1.979;0;0.81;0.59;1
1636689382-total-over-2.5-1789927854;2026-09-20T18:10:54.253541+00:00;2026-09-20T18:10:54.253541+00:00;Jamaica - Premier League;Treasure Beach vs Tivoli Gardens;1636689382;total;over;2.5;1.877;1.813;3.41;0;2.3;2.09;1
1636532618-spread-home-0.0-1789927854;2026-09-20T18:10:54.253541+00:00;2026-09-20T18:10:54.253541+00:00;Portugal - Primeira Liga;Porto vs Benfica;1636532618;spread;home;0.0;2.15;2.12;1.395;0;1.3;1.09;1
1636578517-spread-away--0.0-1789928080;2026-09-20T18:14:40.048284+00:00;2026-09-20T18:14:40.048284+00:00;Italy - Serie C Group B;Grosseto vs Perugia;1636578517;spread;away;-0.0;1.952;1.877;3.842;0;0.25;0.03;1
1636578517-total-over-2.5-1789928080;2026-09-20T18:14:40.048284+00:00;2026-09-20T18:14:40.048284+00:00;Italy - Serie C Group B;Grosseto vs Perugia;1636578517;total;over;2.5;1.943;1.893;2.573;0;0.25;0.03;1
1636578517-spread-home-0.0-1789928080;2026-09-20T18:14:40.048284+00:00;2026-09-20T18:14:40.048284+00:00;Italy - Serie C Group B;Grosseto vs Perugia;1636578517;spread;home;0.0;1.98;1.769;10.657;0;0.25;0.03;1
1636612100-spread-home-2.5-1789928080;2026-09-20T18:14:40.048284+00:00;2026-09-20T18:14:40.048284+00:00;Paraguay - Division Profesional;Sportivo San Lorenzo vs Olimpia Asuncion;1636612100;spread;home;2.5;1.926;1.82;5.504;0;0.74;0.53;1
1635992346-spread-home-0.0-1789928302;2026-09-20T18:18:22.832124+00:00;2026-09-20T18:18:22.832124+00:00;Spain - La Liga;Valencia vs Real Sociedad;1635992346;spread;home;0.0;1.943;1.806;7.051;0;0.69;0.48;1
1636688736-spread-home--0.5-1789928302;2026-09-20T18:18:22.832124+00:00;2026-09-20T18:18:22.832124+00:00;Ecuador - Serie A;Tecnico Universitario vs Delfin;1636688736;spread;home;-0.5;2.07;1.99;3.865;0;0.19;0;1
1636572953-spread-home-0.0-1789928302;2026-09-20T18:18:22.832124+00:00;2026-09-20T18:18:22.832124+00:00;Brazil - Serie B;Londrina vs Fortaleza;1636572953;spread;home;0.0;2.08;1.926;7.404;0;3.19;2.97;1
1636572953-spread-away--0.0-1789928302;2026-09-20T18:18:22.832124+00:00;2026-09-20T18:18:22.832124+00:00;Brazil - Serie B;Londrina vs Fortaleza;1636572953;spread;away;-0.0;1.82;1.794;1.429;0;3.19;2.97;1
1636887074-spread-home-0.0-1789928302;2026-09-20T18:18:22.832124+00:00;2026-09-20T18:18:22.832124+00:00;Mexico - Liga Premier Serie A;Real Apodaca vs Guerreros de Autlan;1636887074;spread;home;0.0;1.971;1.901;3.551;0;3.68;3.47;1
1636578518-spread-home--1.0-1789927854;2026-09-20T18:10:54.253541+00:00;2026-09-20T18:22:01.559770+00:00;Argentina - Primera B Nacional;Deportivo Madryn vs Racing de Cordoba;1636578518;spread;home;-1.0;2.03;1.794;11.626;11.12;0.81;0.6;2
1635992346-spread-away--0.0-1789927854;2026-09-20T18:10:54.253541+00:00;2026-09-20T18:22:01.559770+00:00;Spain - La Liga;Valencia vs Real Sociedad;1635992346;spread;away;-0.0;2.0;1.909;4.55;11.12;0.8;0.59;2
1636549956-spread-home--1.5-1789928741;2026-09-20T18:25:41.352247+00:00;2026-09-20T18:25:41.352247+00:00;USA - Major League Soccer;Inter Miami vs San Diego FC;1636549956;spread;home;-1.5;2.05;1.901;7.268;0;4.57;4.36;1
1636578518-spread-away-1.0-1789928741;2026-09-20T18:25:41.352247+00:00;2026-09-20T18:25:41.352247+00:00;Argentina - Primera B Nacional;Deportivo Madryn vs Racing de Cordoba;1636578518;spread;away;1.0;1.935;1.833;5.271;0;0.57;0.36;1
1635992346-spread-home-0.0-1789929185;2026-09-20T18:33:05.829726+00:00;2026-09-20T18:33:05.829726+00:00;Spain - La Liga;Valencia vs Real Sociedad;1635992346;spread;home;0.0;2.02;1.806;10.594;0;0.45;0.24;1
1636572953-spread-home-0.0-1789929185;2026-09-20T18:33:05.829726+00:00;2026-09-20T18:33:05.829726+00:00;Brazil - Serie B;Londrina vs Fortaleza;1636572953;spread;home;0.0;2.08;1.926;7.404;0;2.94;2.74;1
1636572953-spread-away--0.0-1789929185;2026-09-20T18:33:05.829726+00:00;2026-09-20T18:33:05.829726+00:00;Brazil - Serie B;Londrina vs Fortaleza;1636572953;spread;away;-0.0;1.82;1.794;1.429;0;2.94;2.74;1
1636660578-total-over-2.5-1789929401;2026-09-20T18:36:41.695338+00:00;2026-09-20T18:36:41.695338+00:00;Ecuador - Serie A;LDU Quito vs Universidad Catolica del Ecuador;1636660578;total;over;2.5;1.909;1.877;1.676;0;4.88;4.68;1
1636572947-spread-home--0.5-1789929401;2026-09-20T18:36:41.695338+00:00;2026-09-20T18:36:41.695338+00:00;Peru - Liga 1;Juan Pablo II College vs Deportivo Moquegua;1636572947;spread;home;-0.5;1.847;1.82;1.462;0;1.88;1.67;1
1635992346-spread-away--0.0-1789929401;2026-09-20T18:36:41.695338+00:00;2026-09-20T18:36:41.695338+00:00;Spain - La Liga;Valencia vs Real Sociedad;1635992346;spread;away;-0.0;2.0;1.826;8.7;0;0.38;0.17;1
1635992346-total-under-2.5-1789929401;2026-09-20T18:36:41.695338+00:00;2026-09-20T18:36:41.695338+00:00;Spain - La Liga;Valencia vs Real Sociedad;1635992346;total;under;2.5;1.935;1.901;1.757;0;0.38;0.17;1
1636549956-spread-home--1.5-1789929613;2026-09-20T18:40:13.454685+00:00;2026-09-20T18:40:13.454685+00:00;USA - Major League Soccer;Inter Miami vs San Diego FC;1636549956;spread;home;-1.5;2.05;1.901;7.268;0;4.32;4.12;1
1636578432-spread-home--0.5-1789929613;2026-09-20T18:40:13.454685+00:00;2026-09-20T18:40:13.454685+00:00;Brazil - Serie B;Goias vs Avai;1636578432;spread;home;-0.5;1.926;1.87;2.908;0;0.32;0.12;1
1636532618-total-over-2.5-1789929613;2026-09-20T18:40:13.454685+00:00;2026-09-20T18:40:13.454685+00:00;Portugal - Primeira Liga;Porto vs Benfica;1636532618;total;over;2.5;1.952;1.926;1.332;0;0.82;0.62;1
1636572930-spread-away-0.5-1789929823;2026-09-20T18:43:43.530883+00:00;2026-09-20T18:43:43.530883+00:00;Brazil - Serie C;Santa Cruz PE vs Floresta;1636572930;spread;away;0.5;2.02;1.943;3.812;0;0.26;0.05;1
1636572953-spread-home-0.0-1789930039;2026-09-20T18:47:19.504121+00:00;2026-09-20T18:47:19.504121+00:00;Brazil - Serie B;Londrina vs Fortaleza;1636572953;spread;home;0.0;2.08;1.926;7.404;0;2.7;2.5;1
1636572953-spread-away--0.0-1789930039;2026-09-20T18:47:19.504121+00:00;2026-09-20T18:47:19.504121+00:00;Brazil - Serie B;Londrina vs Fortaleza;1636572953;spread;away;-0.0;1.82;1.794;1.429;0;2.7;2.5;1
1635992346-spread-home-0.0-1789930039;2026-09-20T18:47:19.504121+00:00;2026-09-20T18:47:19.504121+00:00;Spain - La Liga;Valencia vs Real Sociedad;1635992346;spread;home;0.0;2.12;1.806;14.811;0;0.2;0;1
1636007535-spread-home--0.5-1789930039;2026-09-20T18:47:19.504121+00:00;2026-09-20T18:47:19.504121+00:00;Argentina - Liga Pro;Rosario Central vs Argentinos Juniors;1636007535;spread;home;-0.5;2.05;2.01;1.951;0;1.2;0.99;1
1636572929-spread-away-0.5-1789930039;2026-09-20T18:47:19.504121+00:00;2026-09-20T18:47:19.504121+00:00;Spain - Segunda Division;Leganes vs Granada;1636572929;spread;away;0.5;1.826;1.806;1.095;0;0.19;0;1
1636149711-spread-away-0.5-1789930256;2026-09-20T18:50:56.353511+00:00;2026-09-20T18:50:56.353511+00:00;Argentina - Primera B Nacional;Chaco For Ever vs Almirante Brown;1636149711;spread;away;0.5;1.909;1.885;1.257;0;1.15;0.94;1
1637105504-total-over-2.5-1789930256;2026-09-20T18:50:56.353511+00:00;2026-09-20T18:50:56.353511+00:00;Brazil - Paraibano 2;Spartax Joao Pessoa FC vs Auto Esporte;1637105504;total;over;2.5;2.0;1.952;2.4;0;0.14;0;1
1635992346-spread-away--0.0-1789930256;2026-09-20T18:50:56.353511+00:00;2026-09-20T18:54:28.511142+00:00;Spain - La Liga;Valencia vs Real Sociedad;1635992346;spread;away;-0.0;2.0;1.813;9.35;3.54;0.14;0;2
1636812357-spread-away--0.0-1789930468;2026-09-20T18:54:28.511142+00:00;2026-09-20T18:54:28.511142+00:00;Venezuela - Segunda Division;Bolivar vs Aragua;1636812357;spread;away;-0.0;2.01;1.826;9.154;0;0.09;0;1
1636549956-spread-home--1.5-1789930468;2026-09-20T18:54:28.511142+00:00;2026-09-20T18:54:28.511142+00:00;USA - Major League Soccer;Inter Miami vs San Diego FC;1636549956;spread;home;-1.5;2.02;1.901;5.891;0;4.08;3.88;1
1636578432-spread-home--0.5-1789930468;2026-09-20T18:54:28.511142+00:00;2026-09-20T18:54:28.511142+00:00;Brazil - Serie B;Goias vs Avai;1636578432;spread;home;-0.5;1.87;1.82;2.674;0;0.08;0;1
1636498191-spread-home-0.0-1789930681;2026-09-20T18:58:01.073715+00:00;2026-09-20T18:58:01.073715+00:00;USA - USL Championship;Indy Eleven vs Oakland Roots;1636498191;spread;home;0.0;1.909;1.855;2.829;0;2.02;1.83;1
1636268570-spread-home-0.0-1789930681;2026-09-20T18:58:01.073715+00:00;2026-09-20T18:58:01.073715+00:00;Colombia - Primera A;Fortaleza CEIF vs Junior de Barranquilla;1636268570;spread;home;0.0;1.847;1.763;4.548;0;0.02;0;1
1636268570-spread-home--0.5-1789930681;2026-09-20T18:58:01.073715+00:00;2026-09-20T18:58:01.073715+00:00;Colombia - Primera A;Fortaleza CEIF vs Junior de Barranquilla;1636268570;spread;home;-0.5;1.926;1.8;6.542;0;0.02;0;1
1636578541-spread-away-0.5-1789930895;2026-09-20T19:01:35.303140+00:00;2026-09-20T19:01:35.303140+00:00;USA - USL Championship;Sacramento Republic vs San Antonio;1636578541;spread;away;0.5;1.962;1.84;6.218;0;3.96;3.77;1
1636572953-spread-home-0.0-1789930895;2026-09-20T19:01:35.303140+00:00;2026-09-20T19:01:35.303140+00:00;Brazil - Serie B;Londrina vs Fortaleza;1636572953;spread;home;0.0;2.08;1.926;7.404;0;2.46;2.27;1
1636572953-spread-away--0.0-1789930895;2026-09-20T19:01:35.303140+00:00;2026-09-20T19:01:35.303140+00:00;Brazil - Serie B;Londrina vs Fortaleza;1636572953;spread;away;-0.0;1.82;1.794;1.429;0;2.46;2.27;1
1636549956-spread-home--1.5-1789931309;2026-09-20T19:08:29.959020+00:00;2026-09-20T19:08:29.959020+00:00;USA - Major League Soccer;Inter Miami vs San Diego FC;1636549956;spread;home;-1.5;2.03;1.901;6.355;0;3.85;3.66;1
1636709498-spread-away--0.5-1789931309;2026-09-20T19:08:29.959020+00:00;2026-09-20T19:08:29.959020+00:00;Brazil - Goiano 2;Morrinhos vs Rio Verde;1636709498;spread;away;-0.5;1.935;1.901;1.757;0;0.85;0.66;1
1636532618-spread-home-0.0-1789931512;2026-09-20T19:11:52.323880+00:00;2026-09-20T19:11:52.323880+00:00;Portugal - Primeira Liga;Porto vs Benfica;1636532618;spread;home;0.0;2.13;2.07;2.817;0;0.3;0.11;1
1636578522-spread-away-0.5-1789931512;2026-09-20T19:11:52.323880+00:00;2026-09-20T19:11:52.323880+00:00;Argentina - Primera B Nacional;Colon de Santa Fe vs Los Andes;1636578522;spread;away;0.5;2.09;2.06;1.435;0;0.3;0.11;1
1636572953-spread-home-0.0-1789931716;2026-09-20T19:15:16.500347+00:00;2026-09-20T19:15:16.500347+00:00;Brazil - Serie B;Londrina vs Fortaleza;1636572953;spread;home;0.0;2.08;1.926;7.404;0;2.24;2.05;1
1636572953-spread-away--0.0-1789931716;2026-09-20T19:15:16.500347+00:00;2026-09-20T19:15:16.500347+00:00;Brazil - Serie B;Londrina vs Fortaleza;1636572953;spread;away;-0.0;1.82;1.794;1.429;0;2.24;2.05;1
1636578541-spread-away-0.5-1789931716;2026-09-20T19:15:16.500347+00:00;2026-09-20T19:15:16.500347+00:00;USA - USL Championship;Sacramento Republic vs San Antonio;1636578541;spread;away;0.5;1.84;1.806;1.848;0;3.74;3.54;1
1636549956-spread-home--1.5-1789932125;2026-09-20T19:22:05.918172+00:00;2026-09-20T19:22:05.918172+00:00;USA - Major League Soccer;Inter Miami vs San Diego FC;1636549956;spread;home;-1.5;2.02;1.901;5.891;0;3.63;3.44;1
1637136112-spread-home-0.0-1789932125;2026-09-20T19:22:05.918172+00:00;2026-09-20T19:22:05.918172+00:00;Japan - Football League;Okinawa SV vs TIAMO Hirakata;1637136112;spread;home;0.0;2.01;1.813;9.801;0;10.62;10.43;1
1636572953-spread-home-0.0-1789932525;2026-09-20T19:28:45.704916+00:00;2026-09-20T19:28:45.704916+00:00;Brazil - Serie B;Londrina vs Fortaleza;1636572953;spread;home;0.0;2.08;1.926;7.404;0;2.02;1.83;1
1636572953-spread-away--0.0-1789932525;2026-09-20T19:28:45.704916+00:00;2026-09-20T19:28:45.704916+00:00;Brazil - Serie B;Londrina vs Fortaleza;1636572953;spread;away;-0.0;1.82;1.794;1.429;0;2.02;1.83;1
1636578538-spread-away--0.0-1789932729;2026-09-20T19:32:09.312609+00:00;2026-09-20T19:32:09.312609+00:00;Mexico - Liga MX;Queretaro vs Club Leon;1636578538;spread;away;-0.0;1.952;1.885;3.432;0;6.54;6.29;1
1636007535-spread-home--0.5-1789932930;2026-09-20T19:35:30.109221+00:00;2026-09-20T19:35:30.109221+00:00;Argentina - Liga Pro;Rosario Central vs Argentinos Juniors;1636007535;spread;home;-0.5;2.02;1.971;2.426;0;0.41;0.16;1
1636549956-spread-home--1.5-1789932930;2026-09-20T19:35:30.109221+00:00;2026-09-20T19:35:30.109221+00:00;USA - Major League Soccer;Inter Miami vs San Diego FC;1636549956;spread;home;-1.5;2.02;1.901;5.891;0;3.4;3.16;1
1637136112-spread-home-0.0-1789933129;2026-09-20T19:38:49.013304+00:00;2026-09-20T19:38:49.013304+00:00;Japan - Football League;Okinawa SV vs TIAMO Hirakata;1637136112;spread;home;0.0;1.813;1.775;2.096;0;10.35;10.11;1
1636709498-spread-away--0.5-1789933129;2026-09-20T19:38:49.013304+00:00;2026-09-20T19:38:49.013304+00:00;Brazil - Goiano 2;Morrinhos vs Rio Verde;1636709498;spread;away;-0.5;1.901;1.813;4.629;0;0.35;0.11;1
1636572953-spread-home-0.0-1789933326;2026-09-20T19:42:06.245712+00:00;2026-09-20T19:42:06.245712+00:00;Brazil - Serie B;Londrina vs Fortaleza;1636572953;spread;home;0.0;2.08;1.935;6.971;0;1.8;1.55;1
1636572953-spread-away--0.0-1789933326;2026-09-20T19:42:06.245712+00:00;2026-09-20T19:42:06.245712+00:00;Brazil - Serie B;Londrina vs Fortaleza;1636572953;spread;away;-0.0;1.82;1.8;1.099;0;1.8;1.55;1
1636048883-spread-home--1.5-1789933326;2026-09-20T19:42:06.245712+00:00;2026-09-20T19:42:06.245712+00:00;Brazil - Serie A;Flamengo vs Bragantino;1636048883;spread;home;-1.5;2.02;1.962;2.871;0;1.78;1.54;1
1636549956-spread-home--1.5-1789933923;2026-09-20T19:52:03.908916+00:00;2026-09-20T19:52:03.908916+00:00;USA - Major League Soccer;Inter Miami vs San Diego FC;1636549956;spread;home;-1.5;1.971;1.901;3.551;0;3.13;2.89;1
1636549956-spread-away-1.5-1789933923;2026-09-20T19:52:03.908916+00:00;2026-09-20T19:52:03.908916+00:00;USA - Major League Soccer;Inter Miami vs San Diego FC;1636549956;spread;away;1.5;1.935;1.87;3.359;0;3.13;2.89;1
1636572947-spread-away-0.5-1789933923;2026-09-20T19:52:03.908916+00:00;2026-09-20T19:52:03.908916+00:00;Peru - Liga 1;Juan Pablo II College vs Deportivo Moquegua;1636572947;spread;away;0.5;2.05;2.01;1.951;0;0.62;0.39;1
1636578440-spread-away-0.5-1789933923;2026-09-20T19:52:03.908916+00:00;2026-09-20T19:52:03.908916+00:00;Argentina - Primera B Nacional;San Martin de San Juan vs Colegiales;1636578440;spread;away;0.5;1.893;1.813;4.226;0;0.12;0;1
1636149711-spread-away-0.5-1789933923;2026-09-20T19:52:03.908916+00:00;2026-09-20T19:52:03.908916+00:00;Argentina - Primera B Nacional;Chaco For Ever vs Almirante Brown;1636149711;spread;away;0.5;1.885;1.794;4.828;0;0.12;0;1
1636298857-spread-away--0.0-1789934315;2026-09-20T19:58:35.223343+00:00;2026-09-20T19:58:35.223343+00:00;Colombia - Primera A;Deportes Tolima vs America de Cali;1636298857;spread;away;-0.0;2.09;2.04;2.392;0;3.19;2.95;1
1636572953-spread-home-0.0-1789934315;2026-09-20T19:58:35.223343+00:00;2026-09-20T19:58:35.223343+00:00;Brazil - Serie B;Londrina vs Fortaleza;1636572953;spread;home;0.0;2.08;1.935;6.971;0;1.52;1.28;1
1636572953-spread-away--0.0-1789934315;2026-09-20T19:58:35.223343+00:00;2026-09-20T19:58:35.223343+00:00;Brazil - Serie B;Londrina vs Fortaleza;1636572953;spread;away;-0.0;1.82;1.8;1.099;0;1.52;1.28;1
1636298886-spread-away--0.5-1789934514;2026-09-20T20:01:54.932530+00:00;2026-09-20T20:01:54.932530+00:00;Colombia - Primera A;Llaneros vs Atletico Nacional;1636298886;spread;away;-0.5;1.847;1.82;1.462;0;5.22;4.99;1
1636549956-spread-home--1.5-1789934900;2026-09-20T20:08:20.734357+00:00;2026-09-20T20:08:20.734357+00:00;USA - Major League Soccer;Inter Miami vs San Diego FC;1636549956;spread;home;-1.5;1.971;1.901;3.551;0;2.86;2.63;1
1636549956-spread-away-1.5-1789934900;2026-09-20T20:08:20.734357+00:00;2026-09-20T20:08:20.734357+00:00;USA - Major League Soccer;Inter Miami vs San Diego FC;1636549956;spread;away;1.5;1.935;1.87;3.359;0;2.86;2.63;1
1636578553-total-over-2.5-1789935086;2026-09-20T20:11:26.879322+00:00;2026-09-20T20:11:26.879322+00:00;Dominican Republic - Liga Mayor;Cibao vs Universidad O&M;1636578553;total;over;2.5;1.8;1.781;1.056;0;1.8;1.57;1
1636572953-spread-home-0.0-1789935275;2026-09-20T20:14:35.659699+00:00;2026-09-20T20:14:35.659699+00:00;Brazil - Serie B;Londrina vs Fortaleza;1636572953;spread;home;0.0;2.08;1.935;6.971;0;1.25;1.02;1
1636572953-spread-away--0.0-1789935275;2026-09-20T20:14:35.659699+00:00;2026-09-20T20:14:35.659699+00:00;Brazil - Serie B;Londrina vs Fortaleza;1636572953;spread;away;-0.0;1.82;1.8;1.099;0;1.25;1.02;1
1636298857-spread-away--0.0-1789935275;2026-09-20T20:14:35.659699+00:00;2026-09-20T20:14:35.659699+00:00;Colombia - Primera A;Deportes Tolima vs America de Cali;1636298857;spread;away;-0.0;2.04;2.0;1.961;0;2.92;2.69;1
1636578538-spread-home-0.0-1789935463;2026-09-20T20:17:43.764763+00:00;2026-09-20T20:17:43.764763+00:00;Mexico - Liga MX;Queretaro vs Club Leon;1636578538;spread;home;0.0;2.02;1.99;1.485;0;5.79;5.56;1
1636578468-spread-away--0.0-1789935463;2026-09-20T20:17:43.764763+00:00;2026-09-20T20:17:43.764763+00:00;Guatemala - Liga Nacional;Suchitepequez vs Xelaju MC;1636578468;spread;away;-0.0;2.01;1.917;4.627;0;2.7;2.48;1
1636549956-spread-home--1.5-1789935841;2026-09-20T20:24:01.074927+00:00;2026-09-20T20:24:01.074927+00:00;USA - Major League Soccer;Inter Miami vs San Diego FC;1636549956;spread;home;-1.5;1.962;1.901;3.109;0;2.6;2.37;1
1636549956-spread-away-1.5-1789935841;2026-09-20T20:24:01.074927+00:00;2026-09-20T20:24:01.074927+00:00;USA - Major League Soccer;Inter Miami vs San Diego FC;1636549956;spread;away;1.5;1.943;1.87;3.757;0;2.6;2.37;1
1637136112-spread-away--0.0-1789935841;2026-09-20T20:24:01.074927+00:00;2026-09-20T20:24:01.074927+00:00;Japan - Football League;Okinawa SV vs TIAMO Hirakata;1637136112;spread;away;-0.0;1.99;1.909;4.07;0;9.59;9.37;1
1636572953-spread-home-0.0-1789936209;2026-09-20T20:30:09.888244+00:00;2026-09-20T20:30:09.888244+00:00;Brazil - Serie B;Londrina vs Fortaleza;1636572953;spread;home;0.0;2.08;1.935;6.971;0;0.99;0.77;1
1636572953-spread-away--0.0-1789936209;2026-09-20T20:30:09.888244+00:00;2026-09-20T20:30:09.888244+00:00;Brazil - Serie B;Londrina vs Fortaleza;1636572953;spread;away;-0.0;1.82;1.8;1.099;0;0.99;0.77;1
1636498191-spread-away-0.5-1789936209;2026-09-20T20:30:09.888244+00:00;2026-09-20T20:30:09.888244+00:00;USA - USL Championship;Indy Eleven vs Oakland Roots;1636498191;spread;away;0.5;1.909;1.862;2.462;0;0.49;0.27;1
1636709474-total-over-2.5-1789936573;2026-09-20T20:36:13.559453+00:00;2026-09-20T20:36:13.559453+00:00;Venezuela - Primera Division;Estudiantes de Merida vs Trujillanos;1636709474;total;over;2.5;1.87;1.84;1.604;0;0.39;0.18;1
1636549956-spread-home--1.5-1789936755;2026-09-20T20:39:15.160282+00:00;2026-09-20T20:39:15.160282+00:00;USA - Major League Soccer;Inter Miami vs San Diego FC;1636549956;spread;home;-1.5;1.962;1.901;3.109;0;2.34;2.12;1
1636549956-spread-away-1.5-1789936755;2026-09-20T20:39:15.160282+00:00;2026-09-20T20:39:15.160282+00:00;USA - Major League Soccer;Inter Miami vs San Diego FC;1636549956;spread;away;1.5;1.943;1.87;3.757;0;2.34;2.12;1
1636572949-spread-home--1.5-1789937118;2026-09-20T20:45:18.839535+00:00;2026-09-20T20:45:18.839535+00:00;USA - MLS Next Pro League;Houston Dynamo II vs Sporting Kansas City II;1636572949;spread;home;-1.5;1.926;1.826;5.192;0;0.24;0.02;1
1636498191-spread-home--0.5-1789937118;2026-09-20T20:45:18.839535+00:00;2026-09-20T20:45:18.839535+00:00;USA - USL Championship;Indy Eleven vs Oakland Roots;1636498191;spread;home;-0.5;1.99;1.926;3.216;0;0.24;0.02;1
1636298857-spread-home-0.0-1789937118;2026-09-20T20:45:18.839535+00:00;2026-09-20T20:45:18.839535+00:00;Colombia - Primera A;Deportes Tolima vs America de Cali;1636298857;spread;home;0.0;1.862;1.8;3.33;0;2.4;2.18;1
1636572953-spread-home-0.0-1789937118;2026-09-20T20:45:18.839535+00:00;2026-09-20T20:45:18.839535+00:00;Brazil - Serie B;Londrina vs Fortaleza;1636572953;spread;home;0.0;1.98;1.935;2.273;0;0.74;0.52;1
1636572953-spread-away--0.0-1789937118;2026-09-20T20:45:18.839535+00:00;2026-09-20T20:45:18.839535+00:00;Brazil - Serie B;Londrina vs Fortaleza;1636572953;spread;away;-0.0;1.909;1.8;5.71;0;0.74;0.52;1
1636578534-spread-away-0.5-1789937118;2026-09-20T20:45:18.839535+00:00;2026-09-20T20:45:18.839535+00:00;Guatemala - Liga Nacional;Deportivo San Pedro vs Coban Imperial;1636578534;spread;away;0.5;1.99;1.901;4.472;0;0.07;0;1
1636611972-spread-away-0.5-1789937483;2026-09-20T20:51:23.700629+00:00;2026-09-20T20:51:23.700629+00:00;Paraguay - Division Profesional;Sportivo Luqueno vs Deportivo Recoleta;1636611972;spread;away;0.5;1.935;1.8;6.977;0;0.64;0.43;1
1636611972-spread-home--0.5-1789937483;2026-09-20T20:51:23.700629+00:00;2026-09-20T20:51:23.700629+00:00;Paraguay - Division Profesional;Sportivo Luqueno vs Deportivo Recoleta;1636611972;spread;home;-0.5;2.07;1.794;13.333;0;0.64;0.43;1
1636549956-spread-home--1.5-1789937666;2026-09-20T20:54:26.135743+00:00;2026-09-20T20:54:26.135743+00:00;USA - Major League Soccer;Inter Miami vs San Diego FC;1636549956;spread;home;-1.5;1.952;1.901;2.613;0;2.08;1.87;1
1636549956-spread-away-1.5-1789937666;2026-09-20T20:54:26.135743+00:00;2026-09-20T20:54:26.135743+00:00;USA - Major League Soccer;Inter Miami vs San Diego FC;1636549956;spread;away;1.5;1.952;1.87;4.201;0;2.08;1.87;1
1636572953-spread-away--0.0-1789938025;2026-09-20T21:00:25.743640+00:00;2026-09-20T21:00:25.743640+00:00;Brazil - Serie B;Londrina vs Fortaleza;1636572953;spread;away;-0.0;1.909;1.8;5.71;0;0.49;0.28;1
1636298857-spread-away--0.0-1789938025;2026-09-20T21:00:25.743640+00:00;2026-09-20T21:00:25.743640+00:00;Colombia - Primera A;Deportes Tolima vs America de Cali;1636298857;spread;away;-0.0;2.07;2.04;1.449;0;2.15;1.94;1
1636298857-spread-home--1.0-1789938025;2026-09-20T21:00:25.743640+00:00;2026-09-20T21:00:25.743640+00:00;Colombia - Primera A;Deportes Tolima vs America de Cali;1636298857;spread;home;-1.0;1.935;1.909;1.344;0;2.15;1.94;1
1636660578-total-under-2.5-1789938380;2026-09-20T21:06:20.080282+00:00;2026-09-20T21:06:20.080282+00:00;Ecuador - Serie A;LDU Quito vs Universidad Catolica del Ecuador;1636660578;total;under;2.5;1.962;1.847;5.861;0;2.39;2.18;1
1636572953-spread-home-0.0-1789938025;2026-09-20T21:00:25.743640+00:00;2026-09-20T21:09:13.383550+00:00;Brazil - Serie B;Londrina vs Fortaleza;1636572953;spread;home;0.0;1.98;1.885;4.798;8.79;0.49;0.28;2
1636549956-spread-away-1.5-1789938553;2026-09-20T21:09:13.383550+00:00;2026-09-20T21:09:13.383550+00:00;USA - Major League Soccer;Inter Miami vs San Diego FC;1636549956;spread;away;1.5;1.98;1.877;5.202;0;1.84;1.63;1
1636578553-spread-home--1.0-1789938727;2026-09-20T21:12:07.828418+00:00;2026-09-20T21:12:07.828418+00:00;Dominican Republic - Liga Mayor;Cibao vs Universidad O&M;1636578553;spread;home;-1.0;1.962;1.901;3.109;0;0.79;0.59;1
1636572953-spread-away--0.0-1789938901;2026-09-20T21:15:01.639380+00:00;2026-09-20T21:15:01.639380+00:00;Brazil - Serie B;Londrina vs Fortaleza;1636572953;spread;away;-0.0;2.01;1.8;10.448;0;0.24;0.03;1
1636298886-spread-home-0.5-1789939076;2026-09-20T21:17:56.880995+00:00;2026-09-20T21:17:56.880995+00:00;Colombia - Primera A;Llaneros vs Atletico Nacional;1636298886;spread;home;0.5;2.05;2.01;1.951;0;3.94;3.73;1
1636549956-spread-away-1.5-1789939422;2026-09-20T21:23:42.241364+00:00;2026-09-20T21:23:42.241364+00:00;USA - Major League Soccer;Inter Miami vs San Diego FC;1636549956;spread;away;1.5;1.98;1.877;5.202;0;1.6;1.39;1
1636572953-spread-home-0.0-1789939422;2026-09-20T21:23:42.241364+00:00;2026-09-20T21:23:42.241364+00:00;Brazil - Serie B;Londrina vs Fortaleza;1636572953;spread;home;0.0;1.935;1.813;6.305;0;0.1;0;1
1636048883-spread-away-1.5-1789939595;2026-09-20T21:26:35.034655+00:00;2026-09-20T21:26:35.034655+00:00;Brazil - Serie A;Flamengo vs Bragantino;1636048883;spread;away;1.5;1.952;1.926;1.332;0;0.05;0;1
1636298886-spread-home-0.5-1789939944;2026-09-20T21:32:24.585570+00:00;2026-09-20T21:32:24.585570+00:00;Colombia - Primera A;Llaneros vs Atletico Nacional;1636298886;spread;home;0.5;2.01;1.962;2.388;0;3.7;3.49;1
1636549956-spread-home--1.5-1789939422;2026-09-20T21:23:42.241364+00:00;2026-09-20T21:35:20.165477+00:00;USA - Major League Soccer;Inter Miami vs San Diego FC;1636549956;spread;home;-1.5;1.926;1.862;3.323;11.63;1.6;1.39;3
1636549956-spread-away-1.5-1789940292;2026-09-20T21:38:12.841958+00:00;2026-09-20T21:38:12.841958+00:00;USA - Major League Soccer;Inter Miami vs San Diego FC;1636549956;spread;away;1.5;2.04;1.917;6.029;0;1.36;1.15;1
1636298857-spread-home--1.0-1789940639;2026-09-20T21:43:59.866466+00:00;2026-09-20T21:43:59.866466+00:00;Colombia - Primera A;Deportes Tolima vs America de Cali;1636298857;spread;home;-1.0;1.926;1.901;1.298;0;1.43;1.22;1
1636298857-spread-home-0.0-1789941672;2026-09-20T22:01:12.699413+00:00;2026-09-20T22:01:12.699413+00:00;Colombia - Primera A;Deportes Tolima vs America de Cali;1636298857;spread;home;0.0;1.794;1.763;1.728;0;1.14;0.94;1
1636298886-spread-away--0.5-1789941840;2026-09-20T22:04:00.688542+00:00;2026-09-20T22:04:00.688542+00:00;Colombia - Primera A;Llaneros vs Atletico Nacional;1636298886;spread;away;-0.5;1.885;1.862;1.22;0;3.18;2.98;1
1636867969-spread-away--0.0-1789941840;2026-09-20T22:04:00.688542+00:00;2026-09-20T22:04:00.688542+00:00;Panama - Primera Division;Independiente de La Chorrera vs Sporting San Miguelito;1636867969;spread;away;-0.0;1.901;1.862;2.052;0;1.18;0.98;1
1636298857-spread-home--1.0-1789942519;2026-09-20T22:15:19.623909+00:00;2026-09-20T22:15:19.623909+00:00;Colombia - Primera A;Deportes Tolima vs America de Cali;1636298857;spread;home;-1.0;1.901;1.87;1.631;0;0.9;0.7;1
1636549956-spread-home--1.5-1789942857;2026-09-20T22:20:57.175307+00:00;2026-09-20T22:20:57.175307+00:00;USA - Major League Soccer;Inter Miami vs San Diego FC;1636549956;spread;home;-1.5;1.935;1.87;3.359;0;0.64;0.44;1
1636549956-spread-away-1.5-1789942857;2026-09-20T22:20:57.175307+00:00;2026-09-20T22:20:57.175307+00:00;USA - Major League Soccer;Inter Miami vs San Diego FC;1636549956;spread;away;1.5;1.971;1.917;2.74;0;0.64;0.44;1
1636578472-spread-home--0.5-1789943530;2026-09-20T22:32:10.060141+00:00;2026-09-20T22:32:10.060141+00:00;Mexico - Liga de Expansión MX;Tapatio vs Tlaxcala;1636578472;spread;home;-0.5;1.962;1.833;6.575;0;0.46;0.26;1
1636578541-spread-home--0.5-1789943530;2026-09-20T22:32:10.060141+00:00;2026-09-20T22:32:10.060141+00:00;USA - USL Championship;Sacramento Republic vs San Antonio;1636578541;spread;home;-0.5;2.05;1.935;5.61;0;0.46;0.26;1
1636298886-total-over-2.5-1789943530;2026-09-20T22:32:10.060141+00:00;2026-09-20T22:32:10.060141+00:00;Colombia - Primera A;Llaneros vs Atletico Nacional;1636298886;total;over;2.5;2.03;2.0;1.478;0;2.71;2.51;1
1636549956-spread-home--1.5-1789943697;2026-09-20T22:34:57.955510+00:00;2026-09-20T22:34:57.955510+00:00;USA - Major League Soccer;Inter Miami vs San Diego FC;1636549956;spread;home;-1.5;1.926;1.87;2.908;0;0.41;0.21;1
1636549956-spread-away-1.5-1789943697;2026-09-20T22:34:57.955510+00:00;2026-09-20T22:34:57.955510+00:00;USA - Major League Soccer;Inter Miami vs San Diego FC;1636549956;spread;away;1.5;1.98;1.917;3.182;0;0.41;0.21;1
1636578468-spread-home-0.0-1789943697;2026-09-20T22:34:57.955510+00:00;2026-09-20T22:34:57.955510+00:00;Guatemala - Liga Nacional;Suchitepequez vs Xelaju MC;1636578468;spread;home;0.0;1.87;1.787;4.439;0;0.41;0.21;1
1636578557-spread-away--0.0-1789943864;2026-09-20T22:37:44.648791+00:00;2026-09-20T22:37:44.648791+00:00;USA - USL League One;Spokane Velocity vs Boise;1636578557;spread;away;-0.0;2.03;1.847;9.015;0;0.36;0.16;1
1636578560-total-over-2.5-1789944030;2026-09-20T22:40:30.031733+00:00;2026-09-20T22:40:30.031733+00:00;El Salvador - Primera Division;Luis Angel Firpo vs Atletico Balboa;1636578560;total;over;2.5;1.84;1.806;1.848;0;0.82;0.62;1
1636578541-spread-home--0.5-1789944367;2026-09-20T22:46:07.835944+00:00;2026-09-20T22:46:07.835944+00:00;USA - USL Championship;Sacramento Republic vs San Antonio;1636578541;spread;home;-0.5;1.935;1.877;2.997;0;0.22;0.02;1
1636298857-spread-away--0.0-1789944367;2026-09-20T22:46:07.835944+00:00;2026-09-20T22:46:07.835944+00:00;Colombia - Primera A;Deportes Tolima vs America de Cali;1636298857;spread;away;-0.0;2.12;2.08;1.887;0;0.39;0.19;1
1636572951-spread-home--2.0-1789944367;2026-09-20T22:46:07.835944+00:00;2026-09-20T22:46:07.835944+00:00;Mexico - Liga MX;Deportivo Toluca vs Santos Laguna;1636572951;spread;home;-2.0;2.04;1.935;5.147;0;1.22;1.02;1
1636549956-spread-away-1.5-1789944535;2026-09-20T22:48:55.303205+00:00;2026-09-20T22:48:55.303205+00:00;USA - Major League Soccer;Inter Miami vs San Diego FC;1636549956;spread;away;1.5;1.98;1.917;3.182;0;0.18;0;1
1636578538-spread-away--0.0-1789944535;2026-09-20T22:48:55.303205+00:00;2026-09-20T22:48:55.303205+00:00;Mexico - Liga MX;Queretaro vs Club Leon;1636578538;spread;away;-0.0;1.917;1.893;1.252;0;3.26;3.06;1
1636549956-spread-home--1.5-1789944535;2026-09-20T22:48:55.303205+00:00;2026-09-20T22:51:42.929452+00:00;USA - Major League Soccer;Inter Miami vs San Diego FC;1636549956;spread;home;-1.5;1.926;1.806;6.231;2.79;0.18;0;2
1636578540-total-over-2.5-1789945206;2026-09-20T23:00:06.099875+00:00;2026-09-20T23:00:06.099875+00:00;Mexico - Liga MX;Pachuca vs Club Tijuana;1636578540;total;over;2.5;1.917;1.885;1.669;0;0.99;0.8;1
1636660578-total-over-2.5-1789945702;2026-09-20T23:08:22.073088+00:00;2026-09-20T23:08:22.073088+00:00;Ecuador - Serie A;LDU Quito vs Universidad Catolica del Ecuador;1636660578;total;over;2.5;2.0;1.98;1.0;0;0.36;0.17;1
1636578560-spread-home--0.5-1789945864;2026-09-20T23:11:04.925442+00:00;2026-09-20T23:11:04.925442+00:00;El Salvador - Primera Division;Luis Angel Firpo vs Atletico Balboa;1636578560;spread;home;-0.5;1.877;1.84;1.971;0;0.31;0.11;1
1636572951-spread-away-2.0-1789946190;2026-09-20T23:16:30.989731+00:00;2026-09-20T23:16:30.989731+00:00;Mexico - Liga MX;Deportivo Toluca vs Santos Laguna;1636572951;spread;away;2.0;1.943;1.87;3.757;0;0.72;0.53;1
1636572951-spread-home--2.0-1789947975;2026-09-20T23:46:15.835966+00:00;2026-09-20T23:46:15.835966+00:00;Mexico - Liga MX;Deportivo Toluca vs Santos Laguna;1636572951;spread;home;-2.0;2.03;1.971;2.906;0;0.23;0.04;1
1636578540-total-under-2.5-1789947975;2026-09-20T23:46:15.835966+00:00;2026-09-20T23:46:15.835966+00:00;Mexico - Liga MX;Pachuca vs Club Tijuana;1636578540;total;under;2.5;2.0;1.935;3.25;0;0.23;0.04;1
1636578538-spread-home-0.0-1789948134;2026-09-20T23:48:54.953790+00:00;2026-09-20T23:48:54.953790+00:00;Mexico - Liga MX;Queretaro vs Club Leon;1636578538;spread;home;0.0;2.01;1.98;1.493;0;2.27;2.08;1
1636578538-spread-away--0.0-1789950845;2026-09-21T00:34:05.386055+00:00;2026-09-21T00:34:05.386055+00:00;Mexico - Liga MX;Queretaro vs Club Leon;1636578538;spread;away;-0.0;1.926;1.877;2.544;0;1.51;1.33;1
1636578538-total-under-2.5-1789950845;2026-09-21T00:34:05.386055+00:00;2026-09-21T00:34:05.386055+00:00;Mexico - Liga MX;Queretaro vs Club Leon;1636578538;total;under;2.5;2.06;2.03;1.456;0;1.51;1.33;1
1636298886-spread-away--0.5-1789950845;2026-09-21T00:34:05.386055+00:00;2026-09-21T00:34:05.386055+00:00;Colombia - Primera A;Llaneros vs Atletico Nacional;1636298886;spread;away;-0.5;1.862;1.826;1.933;0;0.68;0.49;1
1636298886-spread-home-1.5-1789950845;2026-09-21T00:34:05.386055+00:00;2026-09-21T00:34:05.386055+00:00;Colombia - Primera A;Llaneros vs Atletico Nacional;1636298886;spread;home;1.5;1.794;1.775;1.059;0;0.68;0.49;1
1636298886-spread-home-0.5-1789951788;2026-09-21T00:49:48.861188+00:00;2026-09-21T00:49:48.861188+00:00;Colombia - Primera A;Llaneros vs Atletico Nacional;1636298886;spread;home;0.5;2.04;1.971;3.382;0;0.41;0.23;1
1636298886-spread-away--0.5-1789952572;2026-09-21T01:02:52.444195+00:00;2026-09-21T01:02:52.444195+00:00;Colombia - Primera A;Llaneros vs Atletico Nacional;1636298886;spread;away;-0.5;1.877;1.82;3.037;0;0.19;0.01;1
1636298886-total-over-2.5-1789952572;2026-09-21T01:02:52.444195+00:00;2026-09-21T01:02:52.444195+00:00;Colombia - Primera A;Llaneros vs Atletico Nacional;1636298886;total;over;2.5;2.01;1.917;4.627;0;0.19;0.01;1
1636578451-spread-away--1.0-1789953040;2026-09-21T01:10:40.310157+00:00;2026-09-21T01:10:40.310157+00:00;Honduras - Liga Nacional;Juticalpa vs Marathon;1636578451;spread;away;-1.0;1.806;1.787;1.052;0;0.31;0.13;1
1636578538-spread-away--0.0-1789954449;2026-09-21T01:34:09.200725+00:00;2026-09-21T01:34:09.200725+00:00;Mexico - Liga MX;Queretaro vs Club Leon;1636578538;spread;away;-0.0;1.885;1.833;2.759;0;0.51;0.32;1
1636569792-spread-home-0.5-1789955535;2026-09-21T01:52:15.988795+00:00;2026-09-21T01:52:15.988795+00:00;Greece - Super League 2;Pyrgos vs Larissa;1636569792;spread;home;0.5;1.855;1.826;1.563;0;11.13;10.94;1
1636611957-spread-away--0.5-1789961478;2026-09-21T03:31:18.777883+00:00;2026-09-21T03:31:18.777883+00:00;Bulgaria - Second League;Sportist Svoge vs Vihren Sandanski;1636611957;spread;away;-0.5;1.952;1.87;4.201;0;10.48;10.29;1
1636887060-spread-home--1.5-1789962588;2026-09-21T03:49:48.784332+00:00;2026-09-21T03:49:48.784332+00:00;Mongolia - Premier League;Khovd Western vs Khaan Khuns-Erchim FC;1636887060;spread;home;-1.5;1.806;1.775;1.717;0;4.17;3.98;1
1637136112-spread-home-0.0-1789963864;2026-09-21T04:11:04.223142+00:00;2026-09-21T04:11:04.223142+00:00;Japan - Football League;Okinawa SV vs TIAMO Hirakata;1637136112;spread;home;0.0;1.847;1.82;1.462;0;1.81;1.63;1
1636920064-spread-away-0.5-1789966122;2026-09-21T04:48:42.819597+00:00;2026-09-21T04:48:42.819597+00:00;Ukraine - Persha Liga;Viktoriya Sumy vs Nyva Ternopil;1636920064;spread;away;0.5;1.971;1.787;9.335;0;3.19;2.99;1
1637136112-spread-away--0.0-1789967423;2026-09-21T05:10:23.303970+00:00;2026-09-21T05:10:23.303970+00:00;Japan - Football League;Okinawa SV vs TIAMO Hirakata;1637136112;spread;away;-0.0;1.971;1.826;7.357;0;0.82;0.62;1
1637136112-spread-away--0.0-1789968409;2026-09-21T05:26:49.877180+00:00;2026-09-21T05:26:49.877180+00:00;Japan - Football League;Okinawa SV vs TIAMO Hirakata;1637136112;spread;away;-0.0;1.826;1.781;2.464;0;0.55;0.36;1
1637136112-spread-home-0.0-1789970214;2026-09-21T05:56:54.764039+00:00;2026-09-21T05:56:54.764039+00:00;Japan - Football League;Okinawa SV vs TIAMO Hirakata;1637136112;spread;home;0.0;2.02;1.885;6.683;0;0.04;0;1
1636611867-total-under-2.5-1789970377;2026-09-21T05:59:37.826001+00:00;2026-09-21T05:59:37.826001+00:00;Bulgaria - Second League;Montana vs Hebar;1636611867;total;under;2.5;1.909;1.84;3.614;0;10.51;10.31;1
1636569792-spread-away--0.5-1789970867;2026-09-21T06:07:47.980584+00:00;2026-09-21T06:07:47.980584+00:00;Greece - Super League 2;Pyrgos vs Larissa;1636569792;spread;away;-0.5;1.935;1.84;4.91;0;6.87;6.67;1
1636920064-spread-home--0.5-1789971523;2026-09-21T06:18:43.763440+00:00;2026-09-21T06:18:43.763440+00:00;Ukraine - Persha Liga;Viktoriya Sumy vs Nyva Ternopil;1636920064;spread;home;-0.5;1.971;1.943;1.421;0;1.68;1.48;1
1636611889-spread-away-1.0-1789971854;2026-09-21T06:24:14.442694+00:00;2026-09-21T06:24:14.442694+00:00;Slovakia - 2. Liga;Petrzalka vs Pohronie;1636611889;spread;away;1.0;1.926;1.877;2.544;0;8.59;8.39;1
1636611974-spread-away--0.0-1789972021;2026-09-21T06:27:01.158800+00:00;2026-09-21T06:27:01.158800+00:00;Romania - Liga 1;Otelul Galati vs Corvinul Hunedoara;1636611974;spread;away;-0.0;2.11;2.08;1.422;0;8.54;8.34;1
1637096728-spread-home--0.5-1789972526;2026-09-21T06:35:26.083075+00:00;2026-09-21T06:35:26.083075+00:00;Argentina - Primera C Metropolitana;Sacachispas vs Victoriano Arenas;1637096728;spread;home;-0.5;2.01;1.877;6.617;0;11.4;11.2;1
1636611889-spread-home--1.0-1789973713;2026-09-21T06:55:13.850077+00:00;2026-09-21T06:55:13.850077+00:00;Slovakia - 2. Liga;Petrzalka vs Pohronie;1636611889;spread;home;-1.0;1.909;1.87;2.043;0;8.07;7.87;1
1636681725-spread-away--0.0-1789974059;2026-09-21T07:00:59.130823+00:00;2026-09-21T07:00:59.130823+00:00;Ecuador - Serie A;Manta vs Orense;1636681725;spread;away;-0.0;2.08;1.833;11.875;0;11.98;11.78;1
1636681725-spread-home-0.0-1789974229;2026-09-21T07:03:49.605922+00:00;2026-09-21T07:03:49.605922+00:00;Ecuador - Serie A;Manta vs Orense;1636681725;spread;home;0.0;1.893;1.781;5.917;0;11.93;11.73;1
1636866921-spread-away--0.0-1789974229;2026-09-21T07:03:49.605922+00:00;2026-09-21T07:03:49.605922+00:00;India - Bangalore Super Division;Roots FC vs HAL SC Bangalore;1636866921;spread;away;-0.0;1.833;1.781;2.837;0;0.93;0.72;1
1636611867-total-under-2.5-1789974911;2026-09-21T07:15:11.366119+00:00;2026-09-21T07:15:11.366119+00:00;Bulgaria - Second League;Montana vs Hebar;1636611867;total;under;2.5;1.84;1.775;3.533;0;9.24;9.03;1
1636681725-spread-away--0.0-1789974911;2026-09-21T07:15:11.366119+00:00;2026-09-21T07:15:11.366119+00:00;Ecuador - Serie A;Manta vs Orense;1636681725;spread;away;-0.0;2.09;1.833;12.297;0;11.74;11.53;1
1636681725-spread-home-0.0-1789975082;2026-09-21T07:18:02.629150+00:00;2026-09-21T07:18:02.629150+00:00;Ecuador - Serie A;Manta vs Orense;1636681725;spread;home;0.0;1.893;1.787;5.6;0;11.7;11.49;1
1636887060-spread-away-1.5-1789975258;2026-09-21T07:20:58.530084+00:00;2026-09-21T07:20:58.530084+00:00;Mongolia - Premier League;Khovd Western vs Khaan Khuns-Erchim FC;1636887060;spread;away;1.5;1.943;1.847;4.941;0;0.64;0.43;1
1636611974-spread-away--0.0-1789975608;2026-09-21T07:26:48.279880+00:00;2026-09-21T07:26:48.279880+00:00;Romania - Liga 1;Otelul Galati vs Corvinul Hunedoara;1636611974;spread;away;-0.0;2.09;2.06;1.435;0;7.55;7.34;1
1636681725-spread-away--0.0-1789975782;2026-09-21T07:29:42.420428+00:00;2026-09-21T07:29:42.420428+00:00;Ecuador - Serie A;Manta vs Orense;1636681725;spread;away;-0.0;2.09;1.833;12.297;0;11.5;11.29;1
1636681725-spread-home-0.0-1789975957;2026-09-21T07:32:37.558021+00:00;2026-09-21T07:32:37.558021+00:00;Ecuador - Serie A;Manta vs Orense;1636681725;spread;home;0.0;1.893;1.787;5.6;0;11.45;11.24;1
1636920064-spread-home--0.5-1789975957;2026-09-21T07:32:37.558021+00:00;2026-09-21T07:32:37.558021+00:00;Ukraine - Persha Liga;Viktoriya Sumy vs Nyva Ternopil;1636920064;spread;home;-0.5;1.943;1.855;4.529;0;0.45;0.24;1
1636887060-spread-away-1.5-1789976131;2026-09-21T07:35:31.221635+00:00;2026-09-21T07:35:31.221635+00:00;Mongolia - Premier League;Khovd Western vs Khaan Khuns-Erchim FC;1636887060;spread;away;1.5;1.847;1.806;2.22;0;0.4;0.19;1
1636681725-spread-away--0.0-1789976658;2026-09-21T07:44:18.395895+00:00;2026-09-21T07:44:18.395895+00:00;Ecuador - Serie A;Manta vs Orense;1636681725;spread;away;-0.0;2.09;1.833;12.297;0;11.25;11.04;1
1636681725-spread-home-0.0-1789976835;2026-09-21T07:47:15.241221+00:00;2026-09-21T07:47:15.241221+00:00;Ecuador - Serie A;Manta vs Orense;1636681725;spread;home;0.0;1.893;1.787;5.6;0;11.2;10.99;1
1637155296-spread-home--0.5-1789976835;2026-09-21T07:47:15.241221+00:00;2026-09-21T07:47:15.241221+00:00;Iraq - Premier Division;Kadhimiya vs Al-Hussain;1637155296;spread;home;-0.5;1.833;1.794;2.128;0;4.95;4.74;1
1636618536-spread-away--0.0-1789977010;2026-09-21T07:50:10.292509+00:00;2026-09-21T07:50:10.292509+00:00;Sweden - Division 1 Sodra;Angelholms vs Eskilsminne;1636618536;spread;away;-0.0;2.0;1.833;8.35;0;9.16;8.95;1
1636454937-spread-home-0.0-1789977010;2026-09-21T07:50:10.292509+00:00;2026-09-21T07:50:10.292509+00:00;Denmark - Division 1;HB Koge vs Hobro;1636454937;spread;home;0.0;1.833;1.813;1.091;0;9.16;8.95;1
1636887060-spread-home--1.5-1789977010;2026-09-21T07:50:10.292509+00:00;2026-09-21T07:50:10.292509+00:00;Mongolia - Premier League;Khovd Western vs Khaan Khuns-Erchim FC;1636887060;spread;home;-1.5;1.935;1.885;2.584;0;0.16;0;1
1636920064-spread-home--0.5-1789977010;2026-09-21T07:50:10.292509+00:00;2026-09-21T07:50:10.292509+00:00;Ukraine - Persha Liga;Viktoriya Sumy vs Nyva Ternopil;1636920064;spread;home;-0.5;1.855;1.758;5.229;0;0.16;0;1
1636618335-spread-away-1.0-1789977185;2026-09-21T07:53:05.795825+00:00;2026-09-21T07:53:05.795825+00:00;Sweden - Division 1 Sodra;Jonkopings Sodra vs Skovde AIK;1636618335;spread;away;1.0;1.862;1.84;1.182;0;9.11;8.9;1
1636681725-spread-away--0.0-1789977537;2026-09-21T07:58:57.077712+00:00;2026-09-21T07:58:57.077712+00:00;Ecuador - Serie A;Manta vs Orense;1636681725;spread;away;-0.0;2.02;1.833;9.257;0;11.01;10.8;1
1636681725-spread-home-0.0-1789977711;2026-09-21T08:01:51.590761+00:00;2026-09-21T08:01:51.590761+00:00;Ecuador - Serie A;Manta vs Orense;1636681725;spread;home;0.0;1.893;1.84;2.8;0;10.96;10.75;1
1636920031-spread-away--0.0-1789977884;2026-09-21T08:04:44.002992+00:00;2026-09-21T08:04:44.002992+00:00;England - Northern League Division 1;Coleshill Town vs Sutton Coldfield Town;1636920031;spread;away;-0.0;1.935;1.901;1.757;0;10.66;10.45;1
1636454937-total-under-2.5-1789978058;2026-09-21T08:07:38.928535+00:00;2026-09-21T08:07:38.928535+00:00;Denmark - Division 1;HB Koge vs Hobro;1636454937;total;under;2.5;1.962;1.935;1.376;0;8.86;8.66;1
1636681725-spread-away--0.0-1789978410;2026-09-21T08:13:30.030386+00:00;2026-09-21T08:13:30.030386+00:00;Ecuador - Serie A;Manta vs Orense;1636681725;spread;away;-0.0;1.962;1.833;6.575;0;10.77;10.56;1
1637155296-spread-away-0.5-1789978758;2026-09-21T08:19:18.523741+00:00;2026-09-21T08:19:18.523741+00:00;Iraq - Premier Division;Kadhimiya vs Al-Hussain;1637155296;spread;away;0.5;1.926;1.82;5.504;0;4.42;4.21;1
1636611957-spread-away--0.5-1789978758;2026-09-21T08:19:18.523741+00:00;2026-09-21T08:19:18.523741+00:00;Bulgaria - Second League;Sportist Svoge vs Vihren Sandanski;1636611957;spread;away;-0.5;1.87;1.794;4.064;0;5.67;5.46;1
1636681725-spread-home-0.0-1789978931;2026-09-21T08:22:11.678352+00:00;2026-09-21T08:22:11.678352+00:00;Ecuador - Serie A;Manta vs Orense;1636681725;spread;home;0.0;1.962;1.893;3.517;0;10.63;10.42;1
1636681725-spread-away--0.0-1789979286;2026-09-21T08:28:06.001069+00:00;2026-09-21T08:28:06.001069+00:00;Ecuador - Serie A;Manta vs Orense;1636681725;spread;away;-0.0;1.893;1.833;3.17;0;10.53;10.32;1
1636611974-spread-away-0.5-1789979286;2026-09-21T08:28:06.001069+00:00;2026-09-21T08:28:06.001069+00:00;Romania - Liga 1;Otelul Galati vs Corvinul Hunedoara;1636611974;spread;away;0.5;1.935;1.826;5.633;0;6.53;6.32;1
1636618551-spread-home--2.0-1789979286;2026-09-21T08:28:06.001069+00:00;2026-09-21T08:28:06.001069+00:00;Romania - Liga 1;Petrolul Ploiesti vs Csikszereda;1636618551;spread;home;-2.0;1.87;1.794;4.064;0;9.53;9.32;1
1637157171-spread-home-0.5-1789979639;2026-09-21T08:33:59.663780+00:00;2026-09-21T08:33:59.663780+00:00;Bolivia - Copa Simon Bolivar;Ingenieros vs 26 de Febrero Colquiri;1637157171;spread;home;0.5;1.813;1.775;2.096;0;10.43;10.22;1
1636611957-spread-home-0.5-1789979639;2026-09-21T08:33:59.663780+00:00;2026-09-21T08:33:59.663780+00:00;Bulgaria - Second League;Sportist Svoge vs Vihren Sandanski;1636611957;spread;home;0.5;1.909;1.769;7.334;0;5.42;5.21;1
1636612078-spread-away-2.0-1789979814;2026-09-21T08:36:54.922896+00:00;2026-09-21T08:36:54.922896+00:00;Serbia - Prva Liga;TSC vs Dubocica;1636612078;spread;away;2.0;1.962;1.735;11.57;0;5.38;5.17;1
1636618335-total-over-2.5-1789979814;2026-09-21T08:36:54.922896+00:00;2026-09-21T08:36:54.922896+00:00;Sweden - Division 1 Sodra;Jonkopings Sodra vs Skovde AIK;1636618335;total;over;2.5;1.855;1.813;2.264;0;8.38;8.17;1
1636681725-spread-home-0.0-1789979814;2026-09-21T08:36:54.922896+00:00;2026-09-21T08:36:54.922896+00:00;Ecuador - Serie A;Manta vs Orense;1636681725;spread;home;0.0;1.962;1.893;3.517;0;10.38;10.16;1
1636611889-spread-away-1.0-1789980167;2026-09-21T08:42:47.754739+00:00;2026-09-21T08:42:47.754739+00:00;Slovakia - 2. Liga;Petrzalka vs Pohronie;1636611889;spread;away;1.0;1.917;1.826;4.747;0;6.28;6.07;1
1636681725-spread-away--0.0-1789980167;2026-09-21T08:42:47.754739+00:00;2026-09-21T08:42:47.754739+00:00;Ecuador - Serie A;Manta vs Orense;1636681725;spread;away;-0.0;1.893;1.833;3.17;0;10.28;10.07;1
1636937815-spread-home-0.5-1789980345;2026-09-21T08:45:45.396979+00:00;2026-09-21T08:45:45.396979+00:00;India - Shillong Premier League;Mylliem vs Meghalaya FA;1636937815;spread;home;0.5;1.926;1.781;7.529;0;0.74;0.52;1
1636611957-spread-home-0.5-1789980519;2026-09-21T08:48:39.281500+00:00;2026-09-21T08:48:39.281500+00:00;Bulgaria - Second League;Sportist Svoge vs Vihren Sandanski;1636611957;spread;home;0.5;1.769;1.73;2.205;0;5.18;4.97;1
1636681725-spread-home-0.0-1789980695;2026-09-21T08:51:35.420643+00:00;2026-09-21T08:51:35.420643+00:00;Ecuador - Serie A;Manta vs Orense;1636681725;spread;home;0.0;1.962;1.893;3.517;0;10.14;9.93;1
1636611958-spread-away-1.0-1789980695;2026-09-21T08:51:35.420643+00:00;2026-09-21T08:51:35.420643+00:00;Serbia - Prva Liga;Vrsac vs FK Bor 1919;1636611958;spread;away;1.0;1.909;1.82;4.662;0;5.13;4.92;1
1636640822-spread-home-0.0-1789981229;2026-09-21T09:00:29.595647+00:00;2026-09-21T09:00:29.595647+00:00;Georgia - Erovnuli Liga;Rustavi vs Iberia 1999;1636640822;spread;home;0.0;1.806;1.752;2.99;0;5.98;5.77;1
1636681725-spread-away--0.0-1789981051;2026-09-21T08:57:31.848363+00:00;2026-09-21T09:06:22.558000+00:00;Ecuador - Serie A;Manta vs Orense;1636681725;spread;away;-0.0;1.893;1.8;4.913;8.85;10.04;9.83;2
1636454937-spread-away--0.0-1789981582;2026-09-21T09:06:22.558000+00:00;2026-09-21T09:06:22.558000+00:00;Denmark - Division 1;HB Koge vs Hobro;1636454937;spread;away;-0.0;2.06;1.971;4.32;0;7.89;7.68;1
1636454937-total-under-2.5-1789981582;2026-09-21T09:06:22.558000+00:00;2026-09-21T09:06:22.558000+00:00;Denmark - Division 1;HB Koge vs Hobro;1636454937;total;under;2.5;1.935;1.893;2.171;0;7.89;7.68;1
1636681725-spread-home-0.0-1789981582;2026-09-21T09:06:22.558000+00:00;2026-09-21T09:06:22.558000+00:00;Ecuador - Serie A;Manta vs Orense;1636681725;spread;home;0.0;2.07;1.893;8.551;0;9.89;9.68;1
1636578424-spread-home--1.0-1789981938;2026-09-21T09:12:18.737191+00:00;2026-09-21T09:12:18.737191+00:00;Argentina - Primera B Nacional;Tristan Suarez vs CA Atlanta;1636578424;spread;home;-1.0;1.84;1.806;1.848;0;8.79;8.58;1
1636611974-spread-away--0.0-1789981938;2026-09-21T09:12:18.737191+00:00;2026-09-21T09:12:18.737191+00:00;Romania - Liga 1;Otelul Galati vs Corvinul Hunedoara;1636611974;spread;away;-0.0;2.04;1.826;10.49;0;5.79;5.57;1
1636611957-spread-away--0.5-1789982295;2026-09-21T09:18:15.757760+00:00;2026-09-21T09:18:15.757760+00:00;Bulgaria - Second League;Sportist Svoge vs Vihren Sandanski;1636611957;spread;away;-0.5;1.935;1.833;5.271;0;4.69;4.47;1
1636681725-spread-away--0.0-1789982471;2026-09-21T09:21:11.911428+00:00;2026-09-21T09:21:11.911428+00:00;Ecuador - Serie A;Manta vs Orense;1636681725;spread;away;-0.0;1.833;1.8;1.8;0;9.65;9.43;1
1636681725-spread-home-0.0-1789982471;2026-09-21T09:21:11.911428+00:00;2026-09-21T09:21:11.911428+00:00;Ecuador - Serie A;Manta vs Orense;1636681725;spread;home;0.0;2.07;1.893;8.551;0;9.65;9.43;1
1636611958-total-under-2.5-1789982471;2026-09-21T09:21:11.911428+00:00;2026-09-21T09:21:11.911428+00:00;Serbia - Prva Liga;Vrsac vs FK Bor 1919;1636611958;total;under;2.5;1.926;1.885;2.129;0;4.64;4.43;1
1636611974-spread-away--0.0-1789982831;2026-09-21T09:27:11.376322+00:00;2026-09-21T09:27:11.376322+00:00;Romania - Liga 1;Otelul Galati vs Corvinul Hunedoara;1636611974;spread;away;-0.0;1.826;1.781;2.464;0;5.54;5.33;1
1636611957-spread-home-0.5-1789983190;2026-09-21T09:33:10.705448+00:00;2026-09-21T09:33:10.705448+00:00;Bulgaria - Second League;Sportist Svoge vs Vihren Sandanski;1636611957;spread;home;0.5;1.82;1.787;1.813;0;4.44;4.23;1
1636868004-spread-home-0.0-1789983371;2026-09-21T09:36:11.130107+00:00;2026-09-21T09:36:11.130107+00:00;Ghana - Division 1;Accra Great Olympics vs Attram De Visser;1636868004;spread;home;0.0;1.82;1.73;4.945;0;5.39;5.18;1
1636611958-total-under-2.5-1789983371;2026-09-21T09:36:11.130107+00:00;2026-09-21T09:36:11.130107+00:00;Serbia - Prva Liga;Vrsac vs FK Bor 1919;1636611958;total;under;2.5;1.885;1.84;2.387;0;4.39;4.17;1
1636681725-spread-away--0.0-1789983371;2026-09-21T09:36:11.130107+00:00;2026-09-21T09:36:11.130107+00:00;Ecuador - Serie A;Manta vs Orense;1636681725;spread;away;-0.0;1.833;1.8;1.8;0;9.39;9.17;1
1636681725-spread-home-0.0-1789983371;2026-09-21T09:36:11.130107+00:00;2026-09-21T09:36:11.130107+00:00;Ecuador - Serie A;Manta vs Orense;1636681725;spread;home;0.0;2.07;1.893;8.551;0;9.39;9.17;1
1636611974-spread-away--0.0-1789983728;2026-09-21T09:42:08.226862+00:00;2026-09-21T09:42:08.226862+00:00;Romania - Liga 1;Otelul Galati vs Corvinul Hunedoara;1636611974;spread;away;-0.0;1.781;1.752;1.628;0;5.3;5.08;1
1636611958-spread-away-0.5-1789984267;2026-09-21T09:51:07.792343+00:00;2026-09-21T09:51:07.792343+00:00;Serbia - Prva Liga;Vrsac vs FK Bor 1919;1636611958;spread;away;0.5;1.893;1.855;2.007;0;4.14;3.92;1
1636681725-spread-away--0.0-1789984267;2026-09-21T09:51:07.792343+00:00;2026-09-21T09:51:07.792343+00:00;Ecuador - Serie A;Manta vs Orense;1636681725;spread;away;-0.0;1.833;1.794;2.128;0;9.14;8.92;1
1636681725-spread-home-0.0-1789984267;2026-09-21T09:51:07.792343+00:00;2026-09-21T09:51:07.792343+00:00;Ecuador - Serie A;Manta vs Orense;1636681725;spread;home;0.0;2.08;1.893;8.99;0;9.14;8.92;1
1636618315-spread-home-0.5-1789984808;2026-09-21T10:00:08.455745+00:00;2026-09-21T10:00:08.455745+00:00;Bulgaria - Second League;Dobrudzha Dobrich vs CSKA Sofia II;1636618315;spread;home;0.5;1.917;1.893;1.252;0;5.99;5.77;1
1636611957-spread-away--0.5-1789984991;2026-09-21T10:03:11.399851+00:00;2026-09-21T10:03:11.399851+00:00;Bulgaria - Second League;Sportist Svoge vs Vihren Sandanski;1636611957;spread;away;-0.5;1.87;1.775;5.08;0;3.94;3.72;1
1636611958-spread-home--0.5-1789985173;2026-09-21T10:06:13.128031+00:00;2026-09-21T10:06:13.128031+00:00;Serbia - Prva Liga;Vrsac vs FK Bor 1919;1636611958;spread;home;-0.5;1.855;1.781;3.989;0;3.9;3.67;1
1636611958-total-over-2.5-1789985173;2026-09-21T10:06:13.128031+00:00;2026-09-21T10:06:13.128031+00:00;Serbia - Prva Liga;Vrsac vs FK Bor 1919;1636611958;total;over;2.5;1.87;1.847;1.23;0;3.9;3.67;1
1636681725-spread-away--0.0-1789985173;2026-09-21T10:06:13.128031+00:00;2026-09-21T10:06:13.128031+00:00;Ecuador - Serie A;Manta vs Orense;1636681725;spread;away;-0.0;1.833;1.794;2.128;0;8.89;8.67;1
1636681725-spread-home-0.0-1789985173;2026-09-21T10:06:13.128031+00:00;2026-09-21T10:06:13.128031+00:00;Ecuador - Serie A;Manta vs Orense;1636681725;spread;home;0.0;2.08;1.893;8.99;0;8.89;8.67;1
1637155661-spread-home--0.5-1789985905;2026-09-21T10:18:25.745278+00:00;2026-09-21T10:18:25.745278+00:00;Iraq - Premier Division;Al-Hudod vs Al-Shatra;1637155661;spread;home;-0.5;1.833;1.787;2.51;0;2.43;2.21;1
1636611958-total-over-2.5-1789986090;2026-09-21T10:21:30.844513+00:00;2026-09-21T10:21:30.844513+00:00;Serbia - Prva Liga;Vrsac vs FK Bor 1919;1636611958;total;over;2.5;1.847;1.82;1.462;0;3.64;3.41;1
1637098330-spread-home-0.0-1789986090;2026-09-21T10:21:30.844513+00:00;2026-09-21T10:21:30.844513+00:00;Argentina - Primera C Metropolitana;Club El Porvenir vs Deportivo Espanol;1637098330;spread;home;0.0;2.04;1.806;11.471;0;7.63;7.41;1
1636681725-spread-away--0.0-1789986090;2026-09-21T10:21:30.844513+00:00;2026-09-21T10:21:30.844513+00:00;Ecuador - Serie A;Manta vs Orense;1636681725;spread;away;-0.0;1.833;1.794;2.128;0;8.63;8.4;1
1636681725-spread-home-0.0-1789986090;2026-09-21T10:21:30.844513+00:00;2026-09-21T10:21:30.844513+00:00;Ecuador - Serie A;Manta vs Orense;1636681725;spread;home;0.0;2.08;1.893;8.99;0;8.63;8.4;1
1636618335-spread-away-1.0-1789986277;2026-09-21T10:24:37.881594+00:00;2026-09-21T10:24:37.881594+00:00;Sweden - Division 1 Sodra;Jonkopings Sodra vs Skovde AIK;1636618335;spread;away;1.0;1.847;1.806;2.22;0;6.59;6.36;1
1636611957-spread-away--0.5-1789986836;2026-09-21T10:33:56.366417+00:00;2026-09-21T10:33:56.366417+00:00;Bulgaria - Second League;Sportist Svoge vs Vihren Sandanski;1636611957;spread;away;-0.5;1.775;1.746;1.634;0;3.42;3.2;1
1636681725-spread-away--0.0-1789987025;2026-09-21T10:37:05.217563+00:00;2026-09-21T10:37:05.217563+00:00;Ecuador - Serie A;Manta vs Orense;1636681725;spread;away;-0.0;1.833;1.794;2.128;0;8.38;8.15;1
1636681725-spread-home-0.0-1789987025;2026-09-21T10:37:05.217563+00:00;2026-09-21T10:37:05.217563+00:00;Ecuador - Serie A;Manta vs Orense;1636681725;spread;home;0.0;2.08;1.893;8.99;0;8.38;8.15;1
1636640822-spread-away--0.0-1789987590;2026-09-21T10:46:30.292357+00:00;2026-09-21T10:46:30.292357+00:00;Georgia - Erovnuli Liga;Rustavi vs Iberia 1999;1636640822;spread;away;-0.0;2.09;2.02;3.349;0;4.22;3.99;1
1636572905-total-over-2.5-1789987776;2026-09-21T10:49:36.521104+00:00;2026-09-21T10:49:36.521104+00:00;Montenegro - Druga Liga;Budva vs FK Podgorica;1636572905;total;over;2.5;1.935;1.909;1.344;0;5.16;4.93;1
1636572905-total-under-2.5-1789987776;2026-09-21T10:49:36.521104+00:00;2026-09-21T10:49:36.521104+00:00;Montenegro - Druga Liga;Budva vs FK Podgorica;1636572905;total;under;2.5;1.781;1.752;1.628;0;5.16;4.93;1
1636681725-spread-away--0.0-1789987968;2026-09-21T10:52:48.198534+00:00;2026-09-21T10:52:48.198534+00:00;Ecuador - Serie A;Manta vs Orense;1636681725;spread;away;-0.0;1.833;1.794;2.128;0;8.12;7.89;1
1636681725-spread-home-0.0-1789987968;2026-09-21T10:52:48.198534+00:00;2026-09-21T10:52:48.198534+00:00;Ecuador - Serie A;Manta vs Orense;1636681725;spread;home;0.0;2.08;1.893;8.99;0;8.12;7.89;1
1636618671-spread-home--0.5-1789987968;2026-09-21T10:52:48.198534+00:00;2026-09-21T10:52:48.198534+00:00;England - Southern Premier League Central;Redditch United vs Racing Club Warwick;1636618671;spread;home;-0.5;1.877;1.813;3.41;0;7.86;7.63;1
1636618671-spread-away-0.5-1789988729;2026-09-21T11:05:29.661540+00:00;2026-09-21T11:05:29.661540+00:00;England - Southern Premier League Central;Redditch United vs Racing Club Warwick;1636618671;spread;away;0.5;1.952;1.775;9.068;0;7.66;7.43;1
1636612078-spread-home--2.0-1789988729;2026-09-21T11:05:29.661540+00:00;2026-09-21T11:05:29.661540+00:00;Serbia - Prva Liga;TSC vs Dubocica;1636612078;spread;home;-2.0;1.943;1.87;3.757;0;2.91;2.67;1
1636681725-spread-away--0.0-1789988920;2026-09-21T11:08:40.314691+00:00;2026-09-21T11:08:40.314691+00:00;Ecuador - Serie A;Manta vs Orense;1636681725;spread;away;-0.0;1.833;1.794;2.128;0;7.85;7.62;1
1636681725-spread-home-0.0-1789988920;2026-09-21T11:08:40.314691+00:00;2026-09-21T11:08:40.314691+00:00;Ecuador - Serie A;Manta vs Orense;1636681725;spread;home;0.0;2.08;1.893;8.99;0;7.85;7.62;1
1636640822-spread-away--0.0-1789989299;2026-09-21T11:14:59.075241+00:00;2026-09-21T11:14:59.075241+00:00;Georgia - Erovnuli Liga;Rustavi vs Iberia 1999;1636640822;spread;away;-0.0;2.02;1.926;4.653;0;3.75;3.51;1
1636618315-spread-home-0.5-1789989299;2026-09-21T11:14:59.075241+00:00;2026-09-21T11:14:59.075241+00:00;Bulgaria - Second League;Dobrudzha Dobrich vs CSKA Sofia II;1636618315;spread;home;0.5;1.893;1.794;5.23;0;4.74;4.51;1
1636572905-spread-away--0.5-1789989682;2026-09-21T11:21:22.173180+00:00;2026-09-21T11:21:22.173180+00:00;Montenegro - Druga Liga;Budva vs FK Podgorica;1636572905;spread;away;-0.5;1.877;1.763;6.074;0;4.63;4.4;1
1636572905-total-over-2.5-1789989682;2026-09-21T11:21:22.173180+00:00;2026-09-21T11:21:22.173180+00:00;Montenegro - Druga Liga;Budva vs FK Podgorica;1636572905;total;over;2.5;1.901;1.862;2.052;0;4.63;4.4;1
1636759965-spread-home--0.5-1789989872;2026-09-21T11:24:32.415419+00:00;2026-09-21T11:24:32.415419+00:00;Colombia - Primera B;Real Cundinamarca vs Deportes Quindio;1636759965;spread;home;-0.5;1.952;1.885;3.432;0;10.59;10.36;1
1636681725-spread-away--0.0-1789989872;2026-09-21T11:24:32.415419+00:00;2026-09-21T11:24:32.415419+00:00;Ecuador - Serie A;Manta vs Orense;1636681725;spread;away;-0.0;1.833;1.794;2.128;0;7.59;7.36;1
1636681725-spread-home-0.0-1789989872;2026-09-21T11:24:32.415419+00:00;2026-09-21T11:24:32.415419+00:00;Ecuador - Serie A;Manta vs Orense;1636681725;spread;home;0.0;2.08;1.893;8.99;0;7.59;7.36;1
1636558038-spread-home-0.5-1789989872;2026-09-21T11:24:32.415419+00:00;2026-09-21T11:24:32.415419+00:00;Greece - Super League 2;Panthrakikos vs Niki Volou;1636558038;spread;home;0.5;1.962;1.794;8.563;0;2.58;2.35;1
1636611877-spread-away--1.0-1789990253;2026-09-21T11:30:53.762262+00:00;2026-09-21T11:30:53.762262+00:00;Estonia - Esiliiga A;Nomme JK Kalju II vs Nomme United II;1636611877;spread;away;-1.0;1.813;1.781;1.765;0;2.98;2.75;1
1636640822-spread-away--0.0-1789990253;2026-09-21T11:30:53.762262+00:00;2026-09-21T11:30:53.762262+00:00;Georgia - Erovnuli Liga;Rustavi vs Iberia 1999;1636640822;spread;away;-0.0;1.926;1.8;6.542;0;3.47;3.24;1
1636572905-total-over-2.5-1789990637;2026-09-21T11:37:17.005430+00:00;2026-09-21T11:37:17.005430+00:00;Montenegro - Druga Liga;Budva vs FK Podgorica;1636572905;total;over;2.5;1.862;1.833;1.557;0;4.38;4.15;1
1636681725-spread-away--0.0-1789990826;2026-09-21T11:40:26.770159+00:00;2026-09-21T11:40:26.770159+00:00;Ecuador - Serie A;Manta vs Orense;1636681725;spread;away;-0.0;1.833;1.794;2.128;0;7.32;7.08;1
1636681725-spread-home-0.0-1789990826;2026-09-21T11:40:26.770159+00:00;2026-09-21T11:40:26.770159+00:00;Ecuador - Serie A;Manta vs Orense;1636681725;spread;home;0.0;2.08;1.893;8.99;0;7.32;7.08;1
1636640822-spread-away--0.0-1789991207;2026-09-21T11:46:47.200956+00:00;2026-09-21T11:46:47.200956+00:00;Georgia - Erovnuli Liga;Rustavi vs Iberia 1999;1636640822;spread;away;-0.0;1.8;1.758;2.333;0;3.21;2.98;1
1636572905-spread-home-0.5-1789991397;2026-09-21T11:49:57.389999+00:00;2026-09-21T11:49:57.389999+00:00;Montenegro - Druga Liga;Budva vs FK Podgorica;1636572905;spread;home;0.5;1.893;1.833;3.17;0;4.17;3.93;1
1636572905-total-under-2.5-1789991397;2026-09-21T11:49:57.389999+00:00;2026-09-21T11:49:57.389999+00:00;Montenegro - Druga Liga;Budva vs FK Podgorica;1636572905;total;under;2.5;1.82;1.752;3.736;0;4.17;3.93;1
1637155296-spread-away-0.5-1789991397;2026-09-21T11:49:57.389999+00:00;2026-09-21T11:49:57.389999+00:00;Iraq - Premier Division;Kadhimiya vs Al-Hussain;1637155296;spread;away;0.5;1.833;1.735;5.346;0;0.91;0.68;1
1636681725-spread-away--0.0-1789991781;2026-09-21T11:56:21.725636+00:00;2026-09-21T11:56:21.725636+00:00;Ecuador - Serie A;Manta vs Orense;1636681725;spread;away;-0.0;1.833;1.794;2.128;0;7.06;6.82;1
1636681725-spread-home-0.0-1789991781;2026-09-21T11:56:21.725636+00:00;2026-09-21T11:56:21.725636+00:00;Ecuador - Serie A;Manta vs Orense;1636681725;spread;home;0.0;2.08;1.893;8.99;0;7.06;6.82;1
1636640822-spread-home-0.0-1789991975;2026-09-21T11:59:35.084763+00:00;2026-09-21T11:59:35.084763+00:00;Georgia - Erovnuli Liga;Rustavi vs Iberia 1999;1636640822;spread;home;0.0;2.05;2.0;2.439;0;3.0;2.76;1
1636454937-spread-home-0.0-1789991589;2026-09-21T11:53:09.686027+00:00;2026-09-21T12:06:03.738419+00:00;Denmark - Division 1;HB Koge vs Hobro;1636454937;spread;home;0.0;1.901;1.806;4.997;12.9;5.11;4.87;2
1637155663-spread-home-0.0-1789992363;2026-09-21T12:06:03.738419+00:00;2026-09-21T12:06:03.738419+00:00;Montenegro - Druga Liga;FK Zeta Golubovci vs Jedinstvo;1637155663;spread;home;0.0;1.943;1.917;1.338;0;3.9;3.66;1
1636738950-spread-away--1.0-1789992363;2026-09-21T12:06:03.738419+00:00;2026-09-21T12:06:03.738419+00:00;Uzbekistan - Pro League;Yaypan FK vs Aral Samali;1636738950;spread;away;-1.0;1.877;1.855;1.172;0;1.4;1.16;1
1636812309-spread-home--1.5-1789992363;2026-09-21T12:06:03.738419+00:00;2026-09-21T12:06:03.738419+00:00;North Macedonia - 1st League;Struga Trim Lum vs Arsimi 1973;1636812309;spread;home;-1.5;1.84;1.794;2.5;0;1.89;1.65;1
1636681725-spread-away--0.0-1789992754;2026-09-21T12:12:34.489360+00:00;2026-09-21T12:12:34.489360+00:00;Ecuador - Serie A;Manta vs Orense;1636681725;spread;away;-0.0;1.833;1.794;2.128;0;6.79;6.55;1
1636681725-spread-home-0.0-1789992754;2026-09-21T12:12:34.489360+00:00;2026-09-21T12:12:34.489360+00:00;Ecuador - Serie A;Manta vs Orense;1636681725;spread;home;0.0;2.08;1.893;8.99;0;6.79;6.55;1
1636618551-spread-home--1.0-1789992754;2026-09-21T12:12:34.489360+00:00;2026-09-21T12:12:34.489360+00:00;Romania - Liga 1;Petrolul Ploiesti vs Csikszereda;1636618551;spread;home;-1.0;1.971;1.926;2.283;0;5.78;5.55;1
1636640822-spread-home-0.0-1789992948;2026-09-21T12:15:48.129359+00:00;2026-09-21T12:15:48.129359+00:00;Georgia - Erovnuli Liga;Rustavi vs Iberia 1999;1636640822;spread;home;0.0;2.0;1.952;2.4;0;2.73;2.49;1
1636454937-spread-away--0.0-1789993340;2026-09-21T12:22:20.506308+00:00;2026-09-21T12:22:20.506308+00:00;Denmark - Division 1;HB Koge vs Hobro;1636454937;spread;away;-0.0;2.07;1.98;4.348;0;4.62;4.39;1
1636681725-spread-away--0.0-1789993727;2026-09-21T12:28:47.004895+00:00;2026-09-21T12:28:47.004895+00:00;Ecuador - Serie A;Manta vs Orense;1636681725;spread;away;-0.0;1.833;1.794;2.128;0;6.52;6.28;1
1636681725-spread-home-0.0-1789993727;2026-09-21T12:28:47.004895+00:00;2026-09-21T12:28:47.004895+00:00;Ecuador - Serie A;Manta vs Orense;1636681725;spread;home;0.0;2.08;1.893;8.99;0;6.52;6.28;1
1636611889-spread-away-1.0-1789993727;2026-09-21T12:28:47.004895+00:00;2026-09-21T12:28:47.004895+00:00;Slovakia - 2. Liga;Petrzalka vs Pohronie;1636611889;spread;away;1.0;1.826;1.775;2.793;0;2.51;2.28;1
1636640822-spread-away--0.0-1789993922;2026-09-21T12:32:02.128654+00:00;2026-09-21T12:32:02.128654+00:00;Georgia - Erovnuli Liga;Rustavi vs Iberia 1999;1636640822;spread;away;-0.0;1.781;1.73;2.864;0;2.45;2.22;1
1636454937-spread-home-0.0-1789994313;2026-09-21T12:38:33.152829+00:00;2026-09-21T12:38:33.152829+00:00;Denmark - Division 1;HB Koge vs Hobro;1636454937;spread;home;0.0;1.877;1.794;4.422;0;4.36;4.12;1
1636611958-spread-away-1.0-1789994313;2026-09-21T12:38:33.152829+00:00;2026-09-21T12:38:33.152829+00:00;Serbia - Prva Liga;Vrsac vs FK Bor 1919;1636611958;spread;away;1.0;1.82;1.752;3.736;0;1.35;1.11;1
1636611974-spread-home-0.0-1789993727;2026-09-21T12:28:47.004895+00:00;2026-09-21T12:41:45.715899+00:00;Romania - Liga 1;Otelul Galati vs Corvinul Hunedoara;1636611974;spread;home;0.0;2.13;1.952;8.357;12.98;2.52;2.28;2
1636618551-spread-away-1.0-1789994505;2026-09-21T12:41:45.715899+00:00;2026-09-21T12:41:45.715899+00:00;Romania - Liga 1;Petrolul Ploiesti vs Csikszereda;1636618551;spread;away;1.0;1.935;1.847;4.548;0;5.29;5.06;1
1636578424-spread-home--0.5-1789994702;2026-09-21T12:45:02.214279+00:00;2026-09-21T12:45:02.214279+00:00;Argentina - Primera B Nacional;Tristan Suarez vs CA Atlanta;1636578424;spread;home;-0.5;1.98;1.943;1.869;0;5.25;5.01;1
1636681725-spread-away--0.0-1789994702;2026-09-21T12:45:02.214279+00:00;2026-09-21T12:45:02.214279+00:00;Ecuador - Serie A;Manta vs Orense;1636681725;spread;away;-0.0;1.833;1.8;1.8;0;6.25;6.01;1
1636681725-spread-home-0.0-1789994702;2026-09-21T12:45:02.214279+00:00;2026-09-21T12:45:02.214279+00:00;Ecuador - Serie A;Manta vs Orense;1636681725;spread;home;0.0;2.07;1.893;8.551;0;6.25;6.01;1
1636640822-spread-home-0.0-1789994702;2026-09-21T12:45:02.214279+00:00;2026-09-21T12:45:02.214279+00:00;Georgia - Erovnuli Liga;Rustavi vs Iberia 1999;1636640822;spread;home;0.0;2.02;1.775;12.129;0;2.25;2.01;1
1636640775-spread-away-0.5-1789994896;2026-09-21T12:48:16.435914+00:00;2026-09-21T12:48:16.435914+00:00;Bolivia - Cup;Independiente Petrolero vs Real Tomayapo;1636640775;spread;away;0.5;1.935;1.794;7.287;0;11.69;11.45;1
1636618314-spread-away--0.0-1789994896;2026-09-21T12:48:16.435914+00:00;2026-09-21T12:48:16.435914+00:00;Bulgaria - Second League;Spartak Pleven vs Ludogorets Razgrad II;1636618314;spread;away;-0.0;1.971;1.917;2.74;0;3.18;2.94;1
1636611958-total-over-2.5-1789994313;2026-09-21T12:38:33.152829+00:00;2026-09-21T12:51:31.251755+00:00;Serbia - Prva Liga;Vrsac vs FK Bor 1919;1636611958;total;over;2.5;1.8;1.769;1.722;12.97;1.35;1.11;2
1636569792-spread-away--0.5-1789994505;2026-09-21T12:41:45.715899+00:00;2026-09-21T12:54:46.228827+00:00;Greece - Super League 2;Pyrgos vs Larissa;1636569792;spread;away;-0.5;1.847;1.82;1.462;13.01;0.3;0.11;2
1636611958-spread-home--1.0-1789995091;2026-09-21T12:51:31.251755+00:00;2026-09-21T12:51:31.251755+00:00;Serbia - Prva Liga;Vrsac vs FK Bor 1919;1636611958;spread;home;-1.0;1.98;1.855;6.313;0;1.14;0.9;1
1636611974-spread-home-0.0-1789995480;2026-09-21T12:58:00.325256+00:00;2026-09-21T12:58:00.325256+00:00;Romania - Liga 1;Otelul Galati vs Corvinul Hunedoara;1636611974;spread;home;0.0;1.952;1.909;2.203;0;2.03;1.84;1
1636618551-spread-home--1.0-1789995480;2026-09-21T12:58:00.325256+00:00;2026-09-21T12:58:00.325256+00:00;Romania - Liga 1;Petrolul Ploiesti vs Csikszereda;1636618551;spread;home;-1.0;2.01;1.98;1.493;0;5.03;4.84;1
1636681725-spread-away--0.0-1789995678;2026-09-21T13:01:18.606763+00:00;2026-09-21T13:01:18.606763+00:00;Ecuador - Serie A;Manta vs Orense;1636681725;spread;away;-0.0;1.833;1.8;1.8;0;5.97;5.78;1
1636681725-spread-home-0.0-1789995678;2026-09-21T13:01:18.606763+00:00;2026-09-21T13:01:18.606763+00:00;Ecuador - Serie A;Manta vs Orense;1636681725;spread;home;0.0;2.07;1.893;8.551;0;5.97;5.78;1
1636578424-spread-home--0.5-1789995678;2026-09-21T13:01:18.606763+00:00;2026-09-21T13:01:18.606763+00:00;Argentina - Primera B Nacional;Tristan Suarez vs CA Atlanta;1636578424;spread;home;-0.5;1.943;1.877;3.397;0;4.97;4.78;1
1636640775-spread-home--0.5-1789995678;2026-09-21T13:01:18.606763+00:00;2026-09-21T13:01:18.606763+00:00;Bolivia - Cup;Independiente Petrolero vs Real Tomayapo;1636640775;spread;home;-0.5;1.926;1.877;2.544;0;11.46;11.27;1
1637096728-spread-away-0.5-1789996084;2026-09-21T13:08:04.422860+00:00;2026-09-21T13:08:04.422860+00:00;Argentina - Primera C Metropolitana;Sacachispas vs Victoriano Arenas;1637096728;spread;away;0.5;1.833;1.8;1.8;0;4.86;4.63;1
1636611958-spread-away-1.0-1789996084;2026-09-21T13:08:04.422860+00:00;2026-09-21T13:08:04.422860+00:00;Serbia - Prva Liga;Vrsac vs FK Bor 1919;1636611958;spread;away;1.0;1.87;1.794;4.064;0;0.85;0.61;1
1636716455-spread-away--0.5-1789996279;2026-09-21T13:11:19.271855+00:00;2026-09-21T13:11:19.271855+00:00;Uruguay - Primera Division;Central Espanol vs Montevideo City Torque;1636716455;spread;away;-0.5;2.02;1.99;1.485;0;9.31;9.07;1
1636681725-spread-away--0.0-1789996471;2026-09-21T13:14:31.469232+00:00;2026-09-21T13:14:31.469232+00:00;Ecuador - Serie A;Manta vs Orense;1636681725;spread;away;-0.0;1.833;1.8;1.8;0;5.75;5.51;1
1636681725-spread-home-0.0-1789996471;2026-09-21T13:14:31.469232+00:00;2026-09-21T13:14:31.469232+00:00;Ecuador - Serie A;Manta vs Orense;1636681725;spread;home;0.0;2.07;1.893;8.551;0;5.75;5.51;1
1636578424-spread-home--0.5-1789996471;2026-09-21T13:14:31.469232+00:00;2026-09-21T13:14:31.469232+00:00;Argentina - Primera B Nacional;Tristan Suarez vs CA Atlanta;1636578424;spread;home;-0.5;1.877;1.847;1.598;0;4.75;4.51;1
1636611974-spread-home-0.0-1789996471;2026-09-21T13:14:31.469232+00:00;2026-09-21T13:14:31.469232+00:00;Romania - Liga 1;Otelul Galati vs Corvinul Hunedoara;1636611974;spread;home;0.0;1.909;1.847;3.248;0;1.75;1.51;1
1636636585-spread-away-0.5-1789996668;2026-09-21T13:17:48.568097+00:00;2026-09-21T13:17:48.568097+00:00;Brazil - Serie B;Criciuma vs Operario Ferroviario;1636636585;spread;away;0.5;2.01;1.98;1.493;0;9.2;8.96;1
1636640775-spread-home--0.5-1789996668;2026-09-21T13:17:48.568097+00:00;2026-09-21T13:17:48.568097+00:00;Bolivia - Cup;Independiente Petrolero vs Real Tomayapo;1636640775;spread;home;-0.5;1.877;1.855;1.172;0;11.2;10.96;1
1636572905-spread-away--1.0-1789996084;2026-09-21T13:08:04.422860+00:00;2026-09-21T13:21:06.888752+00:00;Montenegro - Druga Liga;Budva vs FK Podgorica;1636572905;spread;away;-1.0;1.935;1.885;2.584;13.04;2.86;2.62;2
1636618355-total-over-2.5-1789996866;2026-09-21T13:21:06.888752+00:00;2026-09-21T13:21:06.888752+00:00;Italy - Serie C Group A;Trento vs Pro Vercelli 1892;1636618355;total;over;2.5;1.901;1.813;4.629;0;5.13;4.89;1
1636618551-spread-away-1.0-1789996471;2026-09-21T13:14:31.469232+00:00;2026-09-21T13:27:43.662143+00:00;Romania - Liga 1;Petrolul Ploiesti vs Csikszereda;1636618551;spread;away;1.0;1.87;1.8;3.743;13.2;4.75;4.51;2
1636611974-spread-away--0.0-1789997263;2026-09-21T13:27:43.662143+00:00;2026-09-21T13:27:43.662143+00:00;Romania - Liga 1;Otelul Galati vs Corvinul Hunedoara;1636611974;spread;away;-0.0;2.01;1.971;1.94;0;1.53;1.29;1
1636611974-spread-home--0.5-1789997263;2026-09-21T13:27:43.662143+00:00;2026-09-21T13:27:43.662143+00:00;Romania - Liga 1;Otelul Galati vs Corvinul Hunedoara;1636611974;spread;home;-0.5;1.901;1.806;4.997;0;1.53;1.29;1
1636611867-spread-home-0.0-1789997464;2026-09-21T13:31:04.118633+00:00;2026-09-21T13:31:04.118633+00:00;Bulgaria - Second League;Montana vs Hebar;1636611867;spread;home;0.0;1.769;1.741;1.583;0;2.98;2.74;1
1636578424-spread-away-0.5-1789997464;2026-09-21T13:31:04.118633+00:00;2026-09-21T13:31:04.118633+00:00;Argentina - Primera B Nacional;Tristan Suarez vs CA Atlanta;1636578424;spread;away;0.5;2.01;1.98;1.493;0;4.47;4.23;1
1636681725-spread-away--0.0-1789997464;2026-09-21T13:31:04.118633+00:00;2026-09-21T13:31:04.118633+00:00;Ecuador - Serie A;Manta vs Orense;1636681725;spread;away;-0.0;1.833;1.8;1.8;0;5.47;5.23;1
1636681725-spread-home-0.0-1789997464;2026-09-21T13:31:04.118633+00:00;2026-09-21T13:31:04.118633+00:00;Ecuador - Serie A;Manta vs Orense;1636681725;spread;home;0.0;2.07;1.893;8.551;0;5.47;5.23;1
1636572905-spread-away--1.0-1789997860;2026-09-21T13:37:40.468482+00:00;2026-09-21T13:37:40.468482+00:00;Montenegro - Druga Liga;Budva vs FK Podgorica;1636572905;spread;away;-1.0;1.885;1.752;7.056;0;2.37;2.13;1
1636868004-spread-home--0.5-1789997860;2026-09-21T13:37:40.468482+00:00;2026-09-21T13:37:40.468482+00:00;Ghana - Division 1;Accra Great Olympics vs Attram De Visser;1636868004;spread;home;-0.5;1.935;1.909;1.344;0;1.37;1.13;1
1636611958-total-over-2.5-1789997860;2026-09-21T13:37:40.468482+00:00;2026-09-21T13:37:40.468482+00:00;Serbia - Prva Liga;Vrsac vs FK Bor 1919;1636611958;total;over;2.5;1.8;1.769;1.722;0;0.36;0.12;1
1636578424-spread-home--0.5-1789998255;2026-09-21T13:44:15.037513+00:00;2026-09-21T13:44:15.037513+00:00;Argentina - Primera B Nacional;Tristan Suarez vs CA Atlanta;1636578424;spread;home;-0.5;1.877;1.847;1.598;0;4.26;4.01;1
1636640822-spread-away--0.0-1789998451;2026-09-21T13:47:31.591945+00:00;2026-09-21T13:47:31.591945+00:00;Georgia - Erovnuli Liga;Rustavi vs Iberia 1999;1636640822;spread;away;-0.0;2.0;1.794;10.3;0;1.2;0.96;1
1636681725-spread-away--0.0-1789998451;2026-09-21T13:47:31.591945+00:00;2026-09-21T13:47:31.591945+00:00;Ecuador - Serie A;Manta vs Orense;1636681725;spread;away;-0.0;1.833;1.813;1.091;0;5.2;4.96;1
1636681725-spread-home-0.0-1789998451;2026-09-21T13:47:31.591945+00:00;2026-09-21T13:47:31.591945+00:00;Ecuador - Serie A;Manta vs Orense;1636681725;spread;home;0.0;2.05;1.893;7.659;0;5.2;4.96;1
1636578529-spread-home-0.0-1789998451;2026-09-21T13:47:31.591945+00:00;2026-09-21T13:47:31.591945+00:00;Costa Rica - Ascenso;Pitbulls vs Cariari Pococi;1636578529;spread;home;0.0;1.775;1.725;2.817;0;11.2;10.96;1
1636612078-spread-home--2.0-1789998848;2026-09-21T13:54:08.203434+00:00;2026-09-21T13:54:08.203434+00:00;Serbia - Prva Liga;TSC vs Dubocica;1636612078;spread;home;-2.0;1.893;1.813;4.226;0;0.09;0;1
1636054672-spread-home--1.0-1789999048;2026-09-21T13:57:28.027826+00:00;2026-09-21T13:57:28.027826+00:00;Argentina - Liga Pro;Lanus vs Estudiantes de La Plata;1636054672;spread;home;-1.0;1.862;1.781;4.35;0;10.29;10.05;1
1636640822-spread-home-0.0-1789999244;2026-09-21T14:00:44.025821+00:00;2026-09-21T14:00:44.025821+00:00;Georgia - Erovnuli Liga;Rustavi vs Iberia 1999;1636640822;spread;home;0.0;1.971;1.847;6.291;0;0.98;0.75;1
1636611890-spread-away--0.0-1789999439;2026-09-21T14:03:59.130670+00:00;2026-09-21T14:03:59.130670+00:00;Qatar - Stars Cup;Umm Salal vs Al Kharaitiyat;1636611890;spread;away;-0.0;1.952;1.926;1.332;0;0.93;0.7;1
1636640775-spread-home--0.5-1789999439;2026-09-21T14:03:59.130670+00:00;2026-09-21T14:03:59.130670+00:00;Bolivia - Cup;Independiente Petrolero vs Real Tomayapo;1636640775;spread;home;-0.5;1.87;1.806;3.422;0;10.43;10.19;1
1636681725-spread-away--0.0-1789999439;2026-09-21T14:03:59.130670+00:00;2026-09-21T14:03:59.130670+00:00;Ecuador - Serie A;Manta vs Orense;1636681725;spread;away;-0.0;1.833;1.813;1.091;0;4.92;4.69;1
1636681725-spread-home-0.0-1789999439;2026-09-21T14:03:59.130670+00:00;2026-09-21T14:03:59.130670+00:00;Ecuador - Serie A;Manta vs Orense;1636681725;spread;home;0.0;2.05;1.893;7.659;0;4.92;4.69;1
1636618553-spread-away-0.5-1790000212;2026-09-21T14:16:52.044063+00:00;2026-09-21T14:16:52.044063+00:00;Serbia - Prva Liga;Spartak Subotica vs Vozdovac;1636618553;spread;away;0.5;1.847;1.82;1.462;0;3.72;3.48;1
1636611877-spread-home-1.5-1790000212;2026-09-21T14:16:52.044063+00:00;2026-09-21T14:16:52.044063+00:00;Estonia - Esiliiga A;Nomme JK Kalju II vs Nomme United II;1636611877;spread;home;1.5;1.935;1.885;2.584;0;0.22;0;1
1636618315-spread-home-0.5-1790000212;2026-09-21T14:16:52.044063+00:00;2026-09-21T14:16:52.044063+00:00;Bulgaria - Second League;Dobrudzha Dobrich vs CSKA Sofia II;1636618315;spread;home;0.5;1.806;1.781;1.384;0;1.72;1.48;1
1636578424-spread-away-0.5-1790000212;2026-09-21T14:16:52.044063+00:00;2026-09-21T14:16:52.044063+00:00;Argentina - Primera B Nacional;Tristan Suarez vs CA Atlanta;1636578424;spread;away;0.5;2.03;1.943;4.286;0;3.71;3.48;1
1636611890-spread-home-0.0-1790000406;2026-09-21T14:20:06.037823+00:00;2026-09-21T14:20:06.037823+00:00;Qatar - Stars Cup;Umm Salal vs Al Kharaitiyat;1636611890;spread;home;0.0;1.862;1.781;4.35;0;0.66;0.43;1
1636636585-spread-away-0.5-1790000406;2026-09-21T14:20:06.037823+00:00;2026-09-21T14:20:06.037823+00:00;Brazil - Serie B;Criciuma vs Operario Ferroviario;1636636585;spread;away;0.5;2.0;1.971;1.45;0;8.16;7.93;1
1636681725-spread-home-0.0-1790000406;2026-09-21T14:20:06.037823+00:00;2026-09-21T14:20:06.037823+00:00;Ecuador - Serie A;Manta vs Orense;1636681725;spread;home;0.0;2.05;1.893;7.659;0;4.65;4.42;1
1636681725-spread-away--0.0-1790000406;2026-09-21T14:20:06.037823+00:00;2026-09-21T14:23:16.108108+00:00;Ecuador - Serie A;Manta vs Orense;1636681725;spread;away;-0.0;1.833;1.794;2.128;3.17;4.65;4.42;2
1636611974-spread-away--0.0-1790000982;2026-09-21T14:29:42.890367+00:00;2026-09-21T14:29:42.890367+00:00;Romania - Liga 1;Otelul Galati vs Corvinul Hunedoara;1636611974;spread;away;-0.0;1.952;1.826;6.455;0;0.5;0.27;1
1636640822-spread-home-0.0-1790001173;2026-09-21T14:32:53.639402+00:00;2026-09-21T14:32:53.639402+00:00;Georgia - Erovnuli Liga;Rustavi vs Iberia 1999;1636640822;spread;home;0.0;1.87;1.781;4.759;0;0.45;0.21;1
1637105518-spread-away-0.5-1790001365;2026-09-21T14:36:05.517609+00:00;2026-09-21T14:36:05.517609+00:00;Argentina - Primera C Metropolitana;Claypole vs Yupanqui;1637105518;spread;away;0.5;1.877;1.855;1.172;0;3.39;3.16;1
1636681725-spread-home-0.0-1790001365;2026-09-21T14:36:05.517609+00:00;2026-09-21T14:36:05.517609+00:00;Ecuador - Serie A;Manta vs Orense;1636681725;spread;home;0.0;2.08;1.893;8.99;0;4.39;4.16;1
1636572905-spread-away--1.5-1790001556;2026-09-21T14:39:16.041873+00:00;2026-09-21T14:39:16.041873+00:00;Montenegro - Druga Liga;Budva vs FK Podgorica;1636572905;spread;away;-1.5;1.943;1.813;6.691;0;1.34;1.11;1
1636681725-spread-away--0.0-1790001556;2026-09-21T14:39:16.041873+00:00;2026-09-21T14:39:16.041873+00:00;Ecuador - Serie A;Manta vs Orense;1636681725;spread;away;-0.0;1.833;1.794;2.128;0;4.34;4.1;1
1636611974-spread-home-0.0-1790001746;2026-09-21T14:42:26.964020+00:00;2026-09-21T14:42:26.964020+00:00;Romania - Liga 1;Otelul Galati vs Corvinul Hunedoara;1636611974;spread;home;0.0;2.04;2.01;1.471;0;0.28;0.04;1
1636611999-total-under-2.5-1790002130;2026-09-21T14:48:50.489967+00:00;2026-09-21T14:48:50.489967+00:00;Serbia - Prva Liga;Napredak Krusevac vs Smederevo;1636611999;total;under;2.5;1.826;1.787;2.136;0;1.18;0.95;1
1636640822-spread-home-0.0-1790002130;2026-09-21T14:48:50.489967+00:00;2026-09-21T14:48:50.489967+00:00;Georgia - Erovnuli Liga;Rustavi vs Iberia 1999;1636640822;spread;home;0.0;1.781;1.746;1.965;0;0.17;0;1
1636681725-spread-home-0.0-1790002322;2026-09-21T14:52:02.809797+00:00;2026-09-21T14:52:02.809797+00:00;Ecuador - Serie A;Manta vs Orense;1636681725;spread;home;0.0;2.08;1.893;8.99;0;4.13;3.89;1
1636681725-spread-away--0.0-1790002516;2026-09-21T14:55:16.697158+00:00;2026-09-21T14:55:16.697158+00:00;Ecuador - Serie A;Manta vs Orense;1636681725;spread;away;-0.0;1.833;1.794;2.128;0;4.08;3.84;1
1636618301-spread-home--0.5-1790002516;2026-09-21T14:55:16.697158+00:00;2026-09-21T14:55:16.697158+00:00;Uzbekistan - Super League;Xorazm vs Qizilqum;1636618301;spread;home;-0.5;2.08;2.04;1.923;0;0.32;0.09;1
1636618335-total-under-2.5-1790002516;2026-09-21T14:55:16.697158+00:00;2026-09-21T14:55:16.697158+00:00;Sweden - Division 1 Sodra;Jonkopings Sodra vs Skovde AIK;1636618335;total;under;2.5;1.952;1.926;1.332;0;2.07;1.83;1
1636454937-spread-away--0.0-1790002516;2026-09-21T14:55:16.697158+00:00;2026-09-21T14:55:16.697158+00:00;Denmark - Division 1;HB Koge vs Hobro;1636454937;spread;away;-0.0;2.06;1.917;6.942;0;2.07;1.83;1
1636937827-spread-away-0.5-1790002715;2026-09-21T14:58:35.585756+00:00;2026-09-21T14:58:35.585756+00:00;Estonia - Esiliiga B;Levadia Tallinn III vs Tartu JK Tammeka II;1636937827;spread;away;0.5;1.877;1.84;1.971;0;0.02;0;1
1636611974-spread-away--0.0-1790002715;2026-09-21T14:58:35.585756+00:00;2026-09-21T14:58:35.585756+00:00;Romania - Liga 1;Otelul Galati vs Corvinul Hunedoara;1636611974;spread;away;-0.0;1.847;1.806;2.22;0;0.02;0;1
1636611974-spread-away-0.5-1790002715;2026-09-21T14:58:35.585756+00:00;2026-09-21T14:58:35.585756+00:00;Romania - Liga 1;Otelul Galati vs Corvinul Hunedoara;1636611974;spread;away;0.5;1.909;1.8;5.71;0;0.02;0;1
1636572905-spread-home-1.5-1790003299;2026-09-21T15:08:19.262563+00:00;2026-09-21T15:08:19.262563+00:00;Montenegro - Druga Liga;Budva vs FK Podgorica;1636572905;spread;home;1.5;1.909;1.885;1.257;0;0.86;0.63;1
1636618357-spread-home--2.0-1790003299;2026-09-21T15:08:19.262563+00:00;2026-09-21T15:08:19.262563+00:00;Italy - Serie C Group B;Spezia vs Vis Pesaro;1636618357;spread;home;-2.0;1.962;1.935;1.376;0;3.36;3.12;1
1636681725-spread-home-0.0-1790003299;2026-09-21T15:08:19.262563+00:00;2026-09-21T15:08:19.262563+00:00;Ecuador - Serie A;Manta vs Orense;1636681725;spread;home;0.0;2.08;1.893;8.99;0;3.85;3.62;1
1636681725-spread-away--0.0-1790003490;2026-09-21T15:11:30.670250+00:00;2026-09-21T15:11:30.670250+00:00;Ecuador - Serie A;Manta vs Orense;1636681725;spread;away;-0.0;1.833;1.794;2.128;0;3.79;3.56;1
1636618315-total-over-2.5-1790003875;2026-09-21T15:17:55.296689+00:00;2026-09-21T15:17:55.296689+00:00;Bulgaria - Second League;Dobrudzha Dobrich vs CSKA Sofia II;1636618315;total;over;2.5;1.952;1.909;2.203;0;0.69;0.46;1
1636572905-spread-home-1.5-1790004255;2026-09-21T15:24:15.836967+00:00;2026-09-21T15:24:15.836967+00:00;Montenegro - Druga Liga;Budva vs FK Podgorica;1636572905;spread;home;1.5;1.885;1.833;2.759;0;0.58;0.35;1
1637155663-spread-home-0.0-1790004255;2026-09-21T15:24:15.836967+00:00;2026-09-21T15:24:15.836967+00:00;Montenegro - Druga Liga;FK Zeta Golubovci vs Jedinstvo;1637155663;spread;home;0.0;1.935;1.909;1.344;0;0.58;0.35;1
1636681725-spread-home-0.0-1790004255;2026-09-21T15:24:15.836967+00:00;2026-09-21T15:24:15.836967+00:00;Ecuador - Serie A;Manta vs Orense;1636681725;spread;home;0.0;2.08;1.893;8.99;0;3.58;3.35;1
1636681725-spread-away--0.0-1790004446;2026-09-21T15:27:26.308414+00:00;2026-09-21T15:27:26.308414+00:00;Ecuador - Serie A;Manta vs Orense;1636681725;spread;away;-0.0;1.833;1.794;2.128;0;3.53;3.3;1
1636611867-spread-away--0.0-1790004825;2026-09-21T15:33:45.411064+00:00;2026-09-21T15:33:45.411064+00:00;Bulgaria - Second League;Montana vs Hebar;1636611867;spread;away;-0.0;1.98;1.952;1.414;0;0.93;0.7;1
1636681725-spread-home-0.0-1790005207;2026-09-21T15:40:07.902793+00:00;2026-09-21T15:40:07.902793+00:00;Ecuador - Serie A;Manta vs Orense;1636681725;spread;home;0.0;2.08;1.893;8.99;0;3.33;3.09;1
1636618357-spread-away-2.0-1790005207;2026-09-21T15:40:07.902793+00:00;2026-09-21T15:40:07.902793+00:00;Italy - Serie C Group B;Spezia vs Vis Pesaro;1636618357;spread;away;2.0;1.87;1.847;1.23;0;2.83;2.59;1
1636618335-spread-home--1.0-1790005207;2026-09-21T15:40:07.902793+00:00;2026-09-21T15:40:07.902793+00:00;Sweden - Division 1 Sodra;Jonkopings Sodra vs Skovde AIK;1636618335;spread;home;-1.0;2.04;2.01;1.471;0;1.32;1.08;1
1636618335-total-over-2.5-1790005207;2026-09-21T15:40:07.902793+00:00;2026-09-21T15:40:07.902793+00:00;Sweden - Division 1 Sodra;Jonkopings Sodra vs Skovde AIK;1636618335;total;over;2.5;1.877;1.82;3.037;0;1.32;1.08;1
1636618551-spread-home--1.0-1790005401;2026-09-21T15:43:21.854266+00:00;2026-09-21T15:43:21.854266+00:00;Romania - Liga 1;Petrolul Ploiesti vs Csikszereda;1636618551;spread;home;-1.0;2.08;2.05;1.442;0;2.28;2.04;1
1636572905-spread-away--1.5-1790005982;2026-09-21T15:53:02.515132+00:00;2026-09-21T15:53:02.515132+00:00;Montenegro - Druga Liga;Budva vs FK Podgorica;1636572905;spread;away;-1.5;1.909;1.775;7.019;0;0.11;0;1
1636681725-spread-away--0.0-1790005401;2026-09-21T15:43:21.854266+00:00;2026-09-21T15:56:13.903344+00:00;Ecuador - Serie A;Manta vs Orense;1636681725;spread;away;-0.0;1.833;1.787;2.51;12.87;3.28;3.05;2
1636716455-spread-home-0.5-1790005401;2026-09-21T15:43:21.854266+00:00;2026-09-21T15:56:13.903344+00:00;Uruguay - Primera Division;Central Espanol vs Montevideo City Torque;1636716455;spread;home;0.5;1.877;1.84;1.971;12.87;6.78;6.55;2
1636681725-spread-home-0.0-1790006173;2026-09-21T15:56:13.903344+00:00;2026-09-21T15:56:13.903344+00:00;Ecuador - Serie A;Manta vs Orense;1636681725;spread;home;0.0;2.08;1.893;8.99;0;3.06;2.84;1
1636618551-spread-home--1.0-1790006362;2026-09-21T15:59:22.743187+00:00;2026-09-21T15:59:22.743187+00:00;Romania - Liga 1;Petrolul Ploiesti vs Csikszereda;1636618551;spread;home;-1.0;2.05;1.99;2.927;0;2.0;1.78;1
