episode_id;timestamp_start;timestamp_end;league;match;matchup_id;market;ah_line;steam_side;steam_points;steam_start_odd;steam_end_odd;steam_movement_pct;opposite_movement_pct;opposite_side;opposite_points;opposite_start_odd;opposite_end_odd;steam_dominance_pct;base_prob_pct;observations;duration_minutes;hours_until_match_start;movement_score;persistence_score;timing_score;fvs_score
1637209854-ou25-1790510423;2026-09-27T12:00:23.205910+00:00;2026-09-27T12:00:23.205910+00:00;Turkey - 2nd League;Karacabey Belediyespor vs Ankaragucu;1637209854;total;OU-2.5;under;2.5;1.926;1.926;2.727;0.0;over;2.5;1.862;1.862;100.0;49.16;1;0;0.98;22.73;0.0;74.54;52.86
1637110375-ah1-home_-1-1790510423;2026-09-27T12:00:23.205910+00:00;2026-09-27T12:00:23.205910+00:00;Greece - Super League 2;Ellas Syrou vs Pyrgos;1637110375;spread;AH-1;home;-1.0;2.02;2.02;0.0;5.989;away;1.0;1.758;1.758;0.0;46.53;1;0;1.98;0.0;0.0;99.45;14.21
1637269549-ou25-1790510734;2026-09-27T12:05:34.981584+00:00;2026-09-27T12:05:34.981584+00:00;Brazil - Copa Santa Catarina;Metropolitano vs Figueirense;1637269549;total;OU-2.5;under;2.5;1.909;1.909;1.75;0.0;over;2.5;1.806;1.806;100.0;48.61;1;0;5.9;14.58;0.0;100.0;54.17
1637312112-ou25-1790510734;2026-09-27T12:05:34.981584+00:00;2026-09-27T12:05:34.981584+00:00;Jamaica - Premier League;Dunbeholden vs Mount Pleasant;1637312112;total;OU-2.5;under;2.5;1.82;1.82;1.087;0.0;over;2.5;1.935;1.935;100.0;51.53;1;0;8.4;9.06;0.0;94.97;51.87
1636866935-ah1-home_-1-1790511047;2026-09-27T12:10:47.940668+00:00;2026-09-27T12:10:47.940668+00:00;UEFA - Nations League B;Austria vs Kosovo;1636866935;spread;AH-1;home;-1.0;2.09;2.09;0.0;1.933;away;1.0;1.826;1.826;0.0;46.63;1;0;3.8;0.0;0.0;100.0;14.29
1637225835-ou25-1790512119;2026-09-27T12:28:39.707007+00:00;2026-09-27T12:28:39.707007+00:00;Guatemala - Primera Division de Ascenso;Mictlan vs Sacachispas;1637225835;total;OU-2.5;over;2.5;1.885;1.885;4.798;0.0;under;2.5;1.826;1.826;100.0;49.21;1;0;4.5;39.98;0.0;100.0;61.42
1637411000-ou25-1790511678;2026-09-27T12:21:18.776799+00:00;2026-09-27T12:33:57.307251+00:00;Tunisia - League 2;CO Medenine vs Kalaa Sport;1637411000;total;OU-2.5;over;2.5;1.84;1.847;2.387;0.424;under;2.5;1.885;1.877;84.91;50.6;2;12.64;1.63;19.89;35.89;90.77;56.66
1637113327-ou25-1790512437;2026-09-27T12:33:57.307251+00:00;2026-09-27T12:33:57.307251+00:00;Greece - Super League 2;Panionios vs Zakynthos;1637113327;total;OU-2.5;over;2.5;1.98;1.98;1.0;0.0;under;2.5;1.806;1.806;100.0;47.7;1;0;0.43;8.33;0.0;60.73;46.77
1637165294-ah1-away_-1-1790512437;2026-09-27T12:33:57.307251+00:00;2026-09-27T12:33:57.307251+00:00;Poland - 3rd Liga;Moravia Morawica vs JKS 1909 Jaroslaw;1637165294;spread;AH-1;away;-1.0;1.893;1.893;0.0;1.23;home;1.0;1.847;1.847;0.0;49.39;1;0;0.41;0.0;0.0;60.34;8.62
1636866935-ah1-home_-1-1790512747;2026-09-27T12:39:07.004508+00:00;2026-09-27T12:39:07.004508+00:00;UEFA - Nations League B;Austria vs Kosovo;1636866935;spread;AH-1;home;-1.0;2.05;2.05;1.914;0.0;away;1.0;1.862;1.862;100.0;47.6;1;0;3.33;15.95;0.0;100.0;54.56
1636866934-ah1-away_-1-1790513049;2026-09-27T12:44:09.449025+00:00;2026-09-27T12:44:09.449025+00:00;UEFA - Nations League D;Gibraltar vs Andorra;1636866934;spread;AH-1;away;-1.0;1.8;1.8;7.787;0.0;home;1.0;1.917;1.917;100.0;51.57;1;0;3.26;64.89;0.0;100.0;68.54
1637158331-ah1-home_-1-1790513049;2026-09-27T12:44:09.449025+00:00;2026-09-27T12:44:09.449025+00:00;Argentina - Torneo Federal A;Olimpo Bahia Blanca vs Gimnasia Chivilcoy;1637158331;spread;AH-1;home;-1.0;2.05;2.05;0.0;5.187;away;1.0;1.645;1.645;0.0;44.52;1;0;5.75;0.0;0.0;100.0;14.29
1637215386-ah1-home_-1-1790513357;2026-09-27T12:49:17.976316+00:00;2026-09-27T12:49:17.976316+00:00;Turkey - 2nd League;Corluspor 1947 vs Isparta 32 Spor;1637215386;spread;AH-1;home;-1.0;1.775;1.775;6.233;0.0;away;1.0;2.03;2.03;100.0;53.35;1;0;0.18;51.95;0.0;54.41;58.33
1637215386-ou25-1790513357;2026-09-27T12:49:17.976316+00:00;2026-09-27T12:49:17.976316+00:00;Turkey - 2nd League;Corluspor 1947 vs Isparta 32 Spor;1637215386;total;OU-2.5;over;2.5;1.806;1.806;1.473;0.0;under;2.5;1.99;1.99;100.0;52.42;1;0;0.18;12.27;0.0;54.41;46.99
1637411000-ou25-1790513357;2026-09-27T12:49:17.976316+00:00;2026-09-27T12:49:17.976316+00:00;Tunisia - League 2;CO Medenine vs Kalaa Sport;1637411000;total;OU-2.5;under;2.5;1.855;1.855;1.172;1.137;over;2.5;1.826;1.826;50.76;49.61;1;0;1.16;9.77;0.0;78.94;32.2
1637148810-ou25-1790513357;2026-09-27T12:49:17.976316+00:00;2026-09-27T12:49:17.976316+00:00;Bulgaria - Second League;CSKA Sofia II vs Sportist Svoge;1637148810;total;OU-2.5;under;2.5;1.847;1.847;1.598;0.0;over;2.5;1.893;1.893;100.0;50.61;1;0;1.16;13.32;0.0;78.92;50.79
1637157199-ou25-1790513357;2026-09-27T12:49:17.976316+00:00;2026-09-27T12:49:17.976316+00:00;Italy - Serie D;Paganese vs Gelbison;1637157199;total;OU-2.5;over;2.5;1.901;1.901;1.298;0.0;under;2.5;1.84;1.84;100.0;49.18;1;0;0.16;10.82;0.0;53.9;46.51
1637165078-ou25-1790514291;2026-09-27T13:04:51.499487+00:00;2026-09-27T13:04:51.499487+00:00;Bulgaria - Second League;Fratria Varna vs Spartak Pleven;1637165078;total;OU-2.5;over;2.5;1.813;1.813;3.048;0.0;under;2.5;1.893;1.893;100.0;51.08;1;0;2.9;25.4;0.0;100.0;57.26
1637165548-ah1-home_-1-1790514291;2026-09-27T13:04:51.499487+00:00;2026-09-27T13:04:51.499487+00:00;Bulgaria - Second League;Chernomorets 1919 Burgas vs Montana;1637165548;spread;AH-1;home;-1.0;1.752;1.752;12.836;0.0;away;1.0;2.01;2.01;100.0;53.43;1;0;0.9;100.0;0.0;72.51;74.64
1637165548-ou25-1790514291;2026-09-27T13:04:51.499487+00:00;2026-09-27T13:04:51.499487+00:00;Bulgaria - Second League;Chernomorets 1919 Burgas vs Montana;1637165548;total;OU-2.5;over;2.5;1.833;1.833;3.577;0.0;under;2.5;1.909;1.909;100.0;51.02;1;0;0.9;29.81;0.0;72.51;54.59
1637148810-ah1-home_-1-1790514291;2026-09-27T13:04:51.499487+00:00;2026-09-27T13:04:51.499487+00:00;Bulgaria - Second League;CSKA Sofia II vs Sportist Svoge;1637148810;spread;AH-1;home;-1.0;1.735;1.735;3.289;0.0;away;1.0;2.03;2.03;100.0;53.92;1;0;0.9;27.41;0.0;72.51;53.9
1637148810-ou25-1790514291;2026-09-27T13:04:51.499487+00:00;2026-09-27T13:04:51.499487+00:00;Bulgaria - Second League;CSKA Sofia II vs Sportist Svoge;1637148810;total;OU-2.5;over;2.5;1.769;1.769;6.55;0.0;under;2.5;1.98;1.98;100.0;52.81;1;0;0.9;54.59;0.0;72.51;61.67
1637155081-ou25-1790514879;2026-09-27T13:14:39.331802+00:00;2026-09-27T13:14:39.331802+00:00;Panama - Primera Division;Union Cocle vs Plaza Amador;1637155081;total;OU-2.5;over;2.5;1.877;1.877;1.262;0.0;under;2.5;1.909;1.909;100.0;50.42;1;0;7.75;10.52;0.0;100.0;53.01
1637151308-ah1-home_-1-1790514291;2026-09-27T13:04:51.499487+00:00;2026-09-27T13:19:30.256424+00:00;Hungary - NB 3;Siofok vs Paksi II;1637151308;spread;AH-1;home;-1.0;1.962;1.943;0.968;1.813;away;1.0;1.787;1.8;34.81;47.67;2;14.65;0.92;8.07;37.77;72.88;33.24
1637411000-ou25-1790514291;2026-09-27T13:04:51.499487+00:00;2026-09-27T13:19:30.256424+00:00;Tunisia - League 2;CO Medenine vs Kalaa Sport;1637411000;total;OU-2.5;over;2.5;1.82;1.775;2.801;0.0;under;2.5;1.862;1.909;100.0;50.57;2;14.65;0.9;23.34;37.77;72.6;60.85
1637146523-ah1-home_-1-1790515170;2026-09-27T13:19:30.256424+00:00;2026-09-27T13:19:30.256424+00:00;Slovakia - 3. Liga;Stropkov vs Odeva Lipany;1637146523;spread;AH-1;home;-1.0;1.893;1.893;3.023;0.0;away;1.0;1.847;1.847;100.0;49.39;1;0;0.17;25.19;0.0;54.35;50.67
1637152101-ah1-home_-1-1790515170;2026-09-27T13:19:30.256424+00:00;2026-09-27T13:34:08.596570+00:00;Nigeria - NPFL;Ikorodu City vs Enugu Rangers International;1637152101;spread;AH-1;home;-1.0;1.855;1.769;8.323;0.0;away;1.0;1.885;1.98;100.0;50.4;2;14.64;1.66;69.35;37.76;91.44;76.68
1637152101-ou25-1790515170;2026-09-27T13:19:30.256424+00:00;2026-09-27T13:34:08.596570+00:00;Nigeria - NPFL;Ikorodu City vs Enugu Rangers International;1637152101;total;OU-2.5;over;2.5;1.862;1.794;5.704;0.0;under;2.5;1.877;1.952;100.0;50.2;2;14.64;1.66;47.53;37.76;91.44;70.45
1637152114-ah1-home_-1-1790516048;2026-09-27T13:34:08.596570+00:00;2026-09-27T13:34:08.596570+00:00;Nigeria - NPFL;Nasarawa United vs Niger Tornadoes;1637152114;spread;AH-1;home;-1.0;1.84;1.84;1.604;0.0;away;1.0;1.901;1.901;100.0;50.82;1;0;1.41;13.37;0.0;85.27;51.72
1636866935-ah1-home_-1-1790515758;2026-09-27T13:29:18.744972+00:00;2026-09-27T13:39:00.910251+00:00;UEFA - Nations League B;Austria vs Kosovo;1636866935;spread;AH-1;home;-1.0;2.05;2.07;0.485;1.182;away;1.0;1.862;1.84;29.12;47.6;2;9.7;2.49;4.05;32.55;100.0;32.82
1637155295-ou25-1790516340;2026-09-27T13:39:00.910251+00:00;2026-09-27T13:39:00.910251+00:00;CONCACAF - Nations League A;Haiti vs Costa Rica;1637155295;total;OU-2.5;over;2.5;1.909;1.909;1.75;0.0;under;2.5;1.926;1.926;100.0;50.22;1;0;9.34;14.58;0.0;83.19;51.76
1637148812-ah1-home_-1-1790516340;2026-09-27T13:39:00.910251+00:00;2026-09-27T13:39:00.910251+00:00;Sweden - Division 1 Norra;IF Karlstad vs Karlbergs;1637148812;spread;AH-1;home;-1.0;1.833;1.833;10.147;0.0;away;1.0;1.99;1.99;100.0;52.05;1;0;0.33;84.56;0.0;58.32;68.21
1637148810-ah1-home_-1-1790516340;2026-09-27T13:39:00.910251+00:00;2026-09-27T13:48:32.485975+00:00;Bulgaria - Second League;CSKA Sofia II vs Sportist Svoge;1637148810;spread;AH-1;home;-1.0;1.775;1.909;0.0;9.887;away;1.0;1.98;1.833;0.0;52.73;2;9.53;0.35;0.0;32.32;58.69;15.31
1637165548-ah1-home_-1-1790516912;2026-09-27T13:48:32.485975+00:00;2026-09-27T13:48:32.485975+00:00;Bulgaria - Second League;Chernomorets 1919 Burgas vs Montana;1637165548;spread;AH-1;home;-1.0;1.769;1.769;0.0;1.493;away;1.0;1.98;1.98;0.0;52.81;1;0;0.17;0.0;0.0;54.35;7.76
1636866935-ou25-1790515758;2026-09-27T13:29:18.744972+00:00;2026-09-27T13:53:24.406374+00:00;UEFA - Nations League B;Austria vs Kosovo;1636866935;total;OU-2.5;under;2.5;1.926;1.87;3.394;0.0;over;2.5;1.962;2.02;100.0;50.46;3;24.09;2.49;28.28;55.84;100.0;70.05
1637152102-ou25-1790517204;2026-09-27T13:53:24.406374+00:00;2026-09-27T13:53:24.406374+00:00;Spain - Segunda Federacion;Salamanca UDS vs RSD Alcala SAD;1637152102;total;OU-2.5;over;2.5;1.935;1.935;1.376;0.0;under;2.5;1.885;1.885;100.0;49.35;1;0;1.11;11.47;0.0;77.74;50.1
1637155290-ou25-1790517794;2026-09-27T14:03:14.023640+00:00;2026-09-27T14:03:14.023640+00:00;Venezuela - Segunda Division;Monagas II vs Mineros de Guayana;1637155290;total;OU-2.5;over;2.5;1.885;1.885;3.432;0.0;under;2.5;1.826;1.826;100.0;49.21;1;0;5.43;28.6;0.0;100.0;58.17
1637157135-ou25-1790518067;2026-09-27T14:07:47.851957+00:00;2026-09-27T14:07:47.851957+00:00;CONCACAF - Nations League B;Dominica vs Puerto Rico;1637157135;total;OU-2.5;over;2.5;1.99;1.99;1.485;0.0;under;2.5;1.806;1.806;100.0;47.58;1;0;9.86;12.38;0.0;76.73;50.21
1637152160-ah1-home_-1-1790517501;2026-09-27T13:58:21.645881+00:00;2026-09-27T14:12:25.283175+00:00;Spain - Tercera Division;Badalona vs San Cristobal;1637152160;spread;AH-1;home;-1.0;1.855;1.833;2.358;0.0;away;1.0;1.901;1.962;100.0;50.61;2;14.06;2.02;19.65;37.24;100.0;63.6
1637152101-ah1-home_-1-1790518067;2026-09-27T14:07:47.851957+00:00;2026-09-27T14:21:31.313344+00:00;Nigeria - NPFL;Ikorodu City vs Enugu Rangers International;1637152101;spread;AH-1;home;-1.0;1.8;1.758;2.333;1.869;away;1.0;1.943;2.0;55.53;51.91;2;13.72;0.85;19.44;36.93;71.32;43.49
1637152102-ou25-1790518891;2026-09-27T14:21:31.313344+00:00;2026-09-27T14:21:31.313344+00:00;Spain - Segunda Federacion;Salamanca UDS vs RSD Alcala SAD;1637152102;total;OU-2.5;over;2.5;1.901;1.901;1.757;0.0;under;2.5;1.917;1.917;100.0;50.21;1;0;0.62;14.64;0.0;65.59;49.27
1637154808-ou25-1790520540;2026-09-27T14:49:00.802754+00:00;2026-09-27T14:49:00.802754+00:00;Spain - Segunda Division;Eibar vs Las Palmas;1637154808;total;OU-2.5;over;2.5;1.84;1.84;2.387;0.0;under;2.5;2.06;2.06;100.0;52.82;1;0;1.68;19.89;0.0;92.02;54.54
1637152101-ah1-home_-1-1790519998;2026-09-27T14:39:58.063187+00:00;2026-09-27T14:53:35.824913+00:00;Nigeria - NPFL;Ikorodu City vs Enugu Rangers International;1637152101;spread;AH-1;home;-1.0;1.763;1.862;0.0;6.178;away;1.0;1.99;1.877;0.0;53.02;2;13.63;0.32;0.0;36.85;58.05;16.19
1637152103-ou25-1790519998;2026-09-27T14:39:58.063187+00:00;2026-09-27T14:53:35.824913+00:00;Spain - Segunda Federacion;Talavera vs Real Valladolid Promesas;1637152103;total;OU-2.5;over;2.5;1.99;1.962;2.892;0.0;under;2.5;1.84;1.855;100.0;48.04;2;13.63;0.32;24.1;36.85;57.91;58.77
1637154253-ou25-1790520540;2026-09-27T14:49:00.802754+00:00;2026-09-27T15:02:43.463610+00:00;Chile - Cup;Antofagasta vs Deportes Iquique;1637154253;total;OU-2.5;under;2.5;1.8;1.82;2.174;1.478;over;2.5;2.03;2.0;59.53;53.0;2;13.71;0.67;18.12;36.92;66.63;43.87
1636866935-ou25-1790521090;2026-09-27T14:58:10.452101+00:00;2026-09-27T15:11:24.807558+00:00;UEFA - Nations League B;Austria vs Kosovo;1636866935;total;OU-2.5;over;2.5;2.05;1.935;5.61;1.23;under;2.5;1.847;1.952;82.02;47.4;2;13.24;1.02;46.75;36.47;75.57;61.26
1637154791-ah1-home_-1-1790522669;2026-09-27T15:24:29.123438+00:00;2026-09-27T15:24:29.123438+00:00;Bulgaria - Second League;Hebar vs Dobrudzha Dobrich;1637154791;spread;AH-1;home;-1.0;2.0;2.0;0.0;3.971;away;1.0;1.741;1.741;0.0;46.54;1;0;0.59;0.0;0.0;64.65;9.24
1636866935-ah1-home_-1-1790522930;2026-09-27T15:28:50.924204+00:00;2026-09-27T15:41:38.249291+00:00;UEFA - Nations League B;Austria vs Kosovo;1636866935;spread;AH-1;home;-1.0;2.06;1.971;5.282;0.0;away;1.0;1.855;1.935;100.0;47.38;2;12.79;0.51;44.02;36.03;62.67;64.96
1637165078-ou25-1790524456;2026-09-27T15:54:16.362866+00:00;2026-09-27T15:54:16.362866+00:00;Bulgaria - Second League;Fratria Varna vs Spartak Pleven;1637165078;total;OU-2.5;under;2.5;1.877;1.877;1.676;0.0;over;2.5;1.862;1.862;100.0;49.8;1;0;0.09;13.97;0.0;52.13;47.15
1637154310-ah1-home_-1-1790524456;2026-09-27T15:54:16.362866+00:00;2026-09-27T15:54:16.362866+00:00;Guatemala - Liga Nacional;Coban Imperial vs Aurora FC;1637154310;spread;AH-1;home;-1.0;1.82;1.82;4.662;0.0;away;1.0;1.971;1.971;100.0;51.99;1;0;3.08;38.85;0.0;100.0;61.1
1637154310-ou25-1790524456;2026-09-27T15:54:16.362866+00:00;2026-09-27T15:54:16.362866+00:00;Guatemala - Liga Nacional;Coban Imperial vs Aurora FC;1637154310;total;OU-2.5;over;2.5;1.862;1.862;1.638;0.0;under;2.5;1.926;1.926;100.0;50.84;1;0;3.08;13.65;0.0;100.0;53.9
1637152160-ou25-1790523951;2026-09-27T15:45:51.838708+00:00;2026-09-27T15:58:27.752605+00:00;Spain - Tercera Division;Badalona vs San Cristobal;1637152160;total;OU-2.5;under;2.5;1.917;1.847;3.652;2.043;over;2.5;1.87;1.943;64.12;49.38;2;12.6;0.23;30.43;35.84;55.83;47.25
1637193333-ah1-home_-1-1790524707;2026-09-27T15:58:27.752605+00:00;2026-09-27T15:58:27.752605+00:00;Finland - Ykkonen;KuPS Akatemia vs Inter Turku 2;1637193333;spread;AH-1;home;-1.0;1.885;1.885;2.985;0.0;away;1.0;1.855;1.855;100.0;49.6;1;0;0.02;24.88;0.0;50.43;50.03
1637152160-ah1-home_-1-1790524707;2026-09-27T15:58:27.752605+00:00;2026-09-27T15:58:27.752605+00:00;Spain - Tercera Division;Badalona vs San Cristobal;1637152160;spread;AH-1;home;-1.0;1.909;1.909;0.0;4.332;away;1.0;1.877;1.877;0.0;49.58;1;0;0.01;0.0;0.0;50.36;7.19
1637387973-ah1-home_-1-1790525446;2026-09-27T16:10:46.192877+00:00;2026-09-27T16:10:46.192877+00:00;Spain - Tercera Division;Motril vs Alhaurino;1637387973;spread;AH-1;home;-1.0;1.893;1.893;1.252;0.0;away;1.0;1.893;1.893;100.0;50.0;1;0;0.82;10.43;0.0;70.44;48.76
1637272130-ou25-1790525446;2026-09-27T16:10:46.192877+00:00;2026-09-27T16:10:46.192877+00:00;Brazil - Paraibano 2;Sao Paulo Crystal vs Auto Esporte;1637272130;total;OU-2.5;over;2.5;1.901;1.901;1.298;0.0;under;2.5;1.84;1.84;100.0;49.18;1;0;1.81;10.82;0.0;95.31;52.42
1637208887-ou25-1790525446;2026-09-27T16:10:46.192877+00:00;2026-09-27T16:22:45.178112+00:00;Brazil - Carioca B2;Santa Cruz RJ vs Cardoso Moreira;1637208887;total;OU-2.5;over;2.5;1.813;1.833;1.467;0.883;under;2.5;1.926;1.909;62.44;51.51;2;11.98;1.81;12.23;35.21;95.24;46.94
1637157147-ah1-home_-1-1790528062;2026-09-27T16:54:22.876961+00:00;2026-09-27T16:54:22.876961+00:00;Argentina - Primera B Nacional;Defensores de Belgrano vs Ferro Carril Oeste;1637157147;spread;AH-1;home;-1.0;1.935;1.935;0.0;2.128;away;1.0;1.794;1.794;0.0;48.11;1;0;1.59;0.0;0.0;89.71;12.82
1637387973-ou25-1790528062;2026-09-27T16:54:22.876961+00:00;2026-09-27T16:54:22.876961+00:00;Spain - Tercera Division;Motril vs Alhaurino;1637387973;total;OU-2.5;over;2.5;1.952;1.952;2.886;0.0;under;2.5;1.84;1.84;100.0;48.52;1;0;0.08;24.05;0.0;52.01;50.02
1637155060-ou25-1790528062;2026-09-27T16:54:22.876961+00:00;2026-09-27T16:54:22.876961+00:00;Spain - Primera Federacion;Real Madrid Castilla vs Alcorcon;1637155060;total;OU-2.5;under;2.5;1.813;1.813;1.091;0.0;over;2.5;2.02;2.02;100.0;52.7;1;0;1.58;9.09;0.0;89.51;51.1
1637272130-ou25-1790529005;2026-09-27T17:10:05.922277+00:00;2026-09-27T17:10:05.922277+00:00;Brazil - Paraibano 2;Sao Paulo Crystal vs Auto Esporte;1637272130;total;OU-2.5;over;2.5;1.862;1.862;2.052;0.0;under;2.5;1.862;1.862;100.0;50.0;1;0;0.82;17.1;0.0;70.4;50.66
1637154836-ou25-1790529691;2026-09-27T17:21:31.593011+00:00;2026-09-27T17:21:31.593011+00:00;Colombia - Primera B;Envigado vs Atletico Cali;1637154836;total;OU-2.5;over;2.5;1.901;1.901;2.613;0.0;under;2.5;1.935;1.935;100.0;50.44;1;0;1.64;21.77;0.0;91.02;54.94
1637154302-ah1-away_-1-1790529691;2026-09-27T17:21:31.593011+00:00;2026-09-27T17:21:31.593011+00:00;Arabian Gulf Cup;Bahrain vs United Arab Emirates;1637154302;spread;AH-1;away;-1.0;1.99;1.99;1.485;0.0;home;1.0;1.87;1.87;100.0;48.45;1;0;0.63;12.38;0.0;65.76;48.64
1637154836-ou25-1790530604;2026-09-27T17:36:44.375763+00:00;2026-09-27T17:36:44.375763+00:00;Colombia - Primera B;Envigado vs Atletico Cali;1637154836;total;OU-2.5;under;2.5;1.909;1.909;1.344;0.0;over;2.5;1.926;1.926;100.0;50.22;1;0;1.39;11.2;0.0;84.63;51.0
1637154301-ou25-1790531292;2026-09-27T17:48:12.295322+00:00;2026-09-27T17:48:12.295322+00:00;Chile - Cup;Deportes Concepcion vs Curico Unido;1637154301;total;OU-2.5;over;2.5;1.971;1.971;1.45;0.0;under;2.5;1.855;1.855;100.0;48.48;1;0;0.19;12.08;0.0;54.69;46.98
1637269549-ou25-1790531524;2026-09-27T17:52:04.737158+00:00;2026-09-27T17:52:04.737158+00:00;Brazil - Copa Santa Catarina;Metropolitano vs Figueirense;1637269549;total;OU-2.5;over;2.5;1.8;1.8;1.099;0.0;under;2.5;1.943;1.943;100.0;51.91;1;0;0.12;9.16;0.0;52.97;45.9
1637208887-ou25-1790531754;2026-09-27T17:55:54.131067+00:00;2026-09-27T17:55:54.131067+00:00;Brazil - Carioca B2;Santa Cruz RJ vs Cardoso Moreira;1637208887;total;OU-2.5;over;2.5;1.806;1.806;1.095;0.0;under;2.5;1.935;1.935;100.0;51.72;1;0;0.06;9.13;0.0;51.4;45.66
1637432923-ah1-home_-1-1790533056;2026-09-27T18:17:36.900674+00:00;2026-09-27T18:17:36.900674+00:00;USA - USL League One;New York Cosmos vs Richmond Kickers;1637432923;spread;AH-1;home;-1.0;1.962;1.962;1.9;0.0;away;1.0;1.862;1.862;100.0;48.69;1;0;1.69;15.83;0.0;92.32;53.43
1637154836-ou25-1790533483;2026-09-27T18:24:43.217797+00:00;2026-09-27T18:24:43.217797+00:00;Colombia - Primera B;Envigado vs Atletico Cali;1637154836;total;OU-2.5;under;2.5;1.885;1.885;1.257;0.0;over;2.5;1.943;1.943;100.0;50.76;1;0;0.59;10.48;0.0;64.64;47.94
1637154307-ou25-1790533483;2026-09-27T18:24:43.217797+00:00;2026-09-27T18:24:43.217797+00:00;Italy - Serie C Group C;Casarano vs Monopoli;1637154307;total;OU-2.5;under;2.5;1.885;1.885;1.257;0.0;over;2.5;1.952;1.952;100.0;50.87;1;0;0.08;10.48;0.0;52.03;46.14
1637154836-ou25-1790534326;2026-09-27T18:38:46.190057+00:00;2026-09-27T18:38:46.190057+00:00;Colombia - Primera B;Envigado vs Atletico Cali;1637154836;total;OU-2.5;over;2.5;1.877;1.877;3.397;0.0;under;2.5;1.962;1.962;100.0;51.11;1;0;0.35;28.31;0.0;58.81;52.2
1637154310-ah1-home_-1-1790535364;2026-09-27T18:56:04.481013+00:00;2026-09-27T18:56:04.481013+00:00;Guatemala - Liga Nacional;Coban Imperial vs Aurora FC;1637154310;spread;AH-1;home;-1.0;2.02;2.02;0.0;8.894;away;1.0;1.813;1.813;0.0;47.3;1;0;0.06;0.0;0.0;51.56;7.37
1637154310-ou25-1790535364;2026-09-27T18:56:04.481013+00:00;2026-09-27T18:56:04.481013+00:00;Guatemala - Liga Nacional;Coban Imperial vs Aurora FC;1637154310;total;OU-2.5;under;2.5;1.87;1.87;3.757;0.0;over;2.5;1.952;1.952;100.0;51.07;1;0;0.06;31.31;0.0;51.56;52.03
1637105544-ah1-home_-1-1790536785;2026-09-27T19:19:45.921119+00:00;2026-09-27T19:19:45.921119+00:00;Venezuela - Segunda Division;Aragua vs Club Atletico Deportivo Avila;1637105544;spread;AH-1;home;-1.0;1.758;1.758;4.457;0.0;away;1.0;2.0;2.0;100.0;53.22;1;0;0.17;37.14;0.0;54.23;54.07
1637154865-ou25-1790538523;2026-09-27T19:48:43.406322+00:00;2026-09-27T19:48:43.406322+00:00;El Salvador - Primera Division;CD Platense vs Fuerte San Francisco;1637154865;total;OU-2.5;over;2.5;1.893;1.893;2.171;0.0;under;2.5;1.926;1.926;100.0;50.43;1;0;1.18;18.09;0.0;79.59;52.25
1637268783-ou25-1790538925;2026-09-27T19:55:25.184278+00:00;2026-09-27T19:55:25.184278+00:00;Peru - League Cup;Asociacion Deportiva Tarma vs Sporting Cristal;1637268783;total;OU-2.5;over;2.5;1.971;1.971;1.45;0.0;under;2.5;1.781;1.781;100.0;47.47;1;0;0.31;12.08;0.0;57.84;47.43
1637154865-ou25-1790539521;2026-09-27T20:05:21.547339+00:00;2026-09-27T20:05:21.547339+00:00;El Salvador - Primera Division;CD Platense vs Fuerte San Francisco;1637154865;total;OU-2.5;over;2.5;1.862;1.862;1.638;0.0;under;2.5;1.962;1.962;100.0;51.31;1;0;0.91;13.65;0.0;72.68;50.0
1637155295-ah1-home_-1-1790541619;2026-09-27T20:40:19.267954+00:00;2026-09-27T20:40:19.267954+00:00;CONCACAF - Nations League A;Haiti vs Costa Rica;1637155295;spread;AH-1;home;-1.0;1.87;1.87;0.0;2.016;away;1.0;1.847;1.847;0.0;49.69;1;0;2.32;0.0;0.0;100.0;14.29
1637155112-ah1-home_-1-1790543465;2026-09-27T21:11:05.498865+00:00;2026-09-27T21:11:05.498865+00:00;Brazil - Serie B;Fortaleza vs Athletic Club;1637155112;spread;AH-1;home;-1.0;2.0;2.0;4.762;0.0;away;1.0;1.893;1.893;100.0;48.63;1;0;0.31;39.68;0.0;57.82;55.31
1637155113-ou25-1790544199;2026-09-27T21:23:19.850125+00:00;2026-09-27T21:23:19.850125+00:00;Brazil - Paranaense 3;City London FC vs Clube Atletico Cambe;1637155113;total;OU-2.5;over;2.5;1.826;1.826;4.348;0.0;under;2.5;1.909;1.909;100.0;51.11;1;0;0.1;36.23;0.0;52.43;53.56
1637155112-ah1-home_-1-1790544380;2026-09-27T21:26:20.485742+00:00;2026-09-27T21:26:20.485742+00:00;Brazil - Serie B;Fortaleza vs Athletic Club;1637155112;spread;AH-1;home;-1.0;2.03;2.03;0.0;1.638;away;1.0;1.862;1.862;0.0;47.84;1;0;0.06;0.0;0.0;51.47;7.35
1637155248-ah1-home_-1-1790544560;2026-09-27T21:29:20.566470+00:00;2026-09-27T21:29:20.566470+00:00;Mexico - Liga MX;Club Leon vs FC Juarez;1637155248;spread;AH-1;home;-1.0;1.943;1.943;1.421;0.0;away;1.0;1.962;1.962;100.0;50.24;1;0;3.5;11.84;0.0;100.0;53.38
1637155295-ah1-home_-1-1790545222;2026-09-27T21:40:22.178613+00:00;2026-09-27T21:40:22.178613+00:00;CONCACAF - Nations League A;Haiti vs Costa Rica;1637155295;spread;AH-1;home;-1.0;1.909;1.909;0.0;2.256;away;1.0;1.82;1.82;0.0;48.81;1;0;1.32;0.0;0.0;82.88;11.84
1637268781-ah1-home_-1-1790548767;2026-09-27T22:39:27.240213+00:00;2026-09-27T22:39:27.240213+00:00;Jamaica - Premier League;Waterhouse vs Treasure Beach;1637268781;spread;AH-1;home;-1.0;1.917;1.917;0.0;7.071;away;1.0;1.84;1.84;0.0;48.98;1;0;2.34;0.0;0.0;100.0;14.29
1637268781-ou25-1790548767;2026-09-27T22:39:27.240213+00:00;2026-09-27T22:39:27.240213+00:00;Jamaica - Premier League;Waterhouse vs Treasure Beach;1637268781;total;OU-2.5;under;2.5;1.909;1.909;2.203;0.0;over;2.5;1.847;1.847;100.0;49.17;1;0;2.34;18.36;0.0;100.0;55.24
1637155135-ah1-home_-1-1790549117;2026-09-27T22:45:17.461754+00:00;2026-09-27T22:45:17.461754+00:00;USA - USL League One;One Knoxville vs Westchester SC;1637155135;spread;AH-1;home;-1.0;1.87;1.87;8.78;0.0;away;1.0;1.952;1.952;100.0;51.07;1;0;0.24;73.17;0.0;56.0;64.62
1637157135-ou25-1790549643;2026-09-27T22:54:03.229758+00:00;2026-09-27T22:54:03.229758+00:00;CONCACAF - Nations League B;Dominica vs Puerto Rico;1637157135;total;OU-2.5;over;2.5;1.909;1.909;2.203;0.0;under;2.5;1.909;1.909;100.0;50.0;1;0;1.09;18.36;0.0;77.22;51.99
1637155295-ou25-1790549819;2026-09-27T22:56:59.082482+00:00;2026-09-27T22:56:59.082482+00:00;CONCACAF - Nations League A;Haiti vs Costa Rica;1637155295;total;OU-2.5;over;2.5;1.847;1.847;1.23;0.0;under;2.5;1.99;1.99;100.0;51.86;1;0;0.04;10.25;0.0;51.06;45.94
1637268781-ou25-1790550677;2026-09-27T23:11:17.284148+00:00;2026-09-27T23:11:17.284148+00:00;Jamaica - Premier League;Waterhouse vs Treasure Beach;1637268781;total;OU-2.5;under;2.5;1.758;1.758;7.91;0.0;over;2.5;1.855;1.855;100.0;51.34;1;0;1.81;65.92;0.0;95.18;68.14
1637268781-ou25-1790553560;2026-09-27T23:59:20.072140+00:00;2026-09-27T23:59:20.072140+00:00;Jamaica - Premier League;Waterhouse vs Treasure Beach;1637268781;total;OU-2.5;under;2.5;1.725;1.725;1.877;0.0;over;2.5;1.901;1.901;100.0;52.43;1;0;1.0;15.64;0.0;75.05;50.9
1637155248-ah1-home_-1-1790554739;2026-09-28T00:18:59.268071+00:00;2026-09-28T00:30:05.324116+00:00;Mexico - Liga MX;Club Leon vs FC Juarez;1637155248;spread;AH-1;home;-1.0;1.909;1.893;1.721;0.0;away;1.0;2.0;2.01;100.0;51.16;2;11.1;0.68;14.34;34.24;67.05;56.73
1637157215-ah1-home_-1-1790557071;2026-09-28T00:57:51.180403+00:00;2026-09-28T00:57:51.180403+00:00;FIFA - ASEAN Cup Division 1;Singapore vs Bangladesh;1637157215;spread;AH-1;home;-1.0;1.952;1.952;2.4;0.0;away;1.0;1.87;1.87;100.0;48.93;1;0;8.03;20.0;0.0;99.62;55.66
1637165486-ah1-away_-1-1790562338;2026-09-28T02:25:38.977920+00:00;2026-09-28T02:25:38.977920+00:00;FIFA - ASEAN Cup Division 1;Malaysia vs Indonesia;1637165486;spread;AH-1;away;-1.0;1.909;1.909;0.0;2.171;home;1.0;1.893;1.893;0.0;49.79;1;0;10.07;0.0;0.0;74.12;10.59
1637157215-ah1-home_-1-1790566120;2026-09-28T03:28:40.312343+00:00;2026-09-28T03:28:40.312343+00:00;FIFA - ASEAN Cup Division 1;Singapore vs Bangladesh;1637157215;spread;AH-1;home;-1.0;1.813;1.813;7.594;0.0;away;1.0;2.01;2.01;100.0;52.58;1;0;5.52;63.29;0.0;100.0;68.08
1637183919-ah1-away_-1-1790571495;2026-09-28T04:58:15.965241+00:00;2026-09-28T04:58:15.965241+00:00;CAF - Africa Cup of Nations Qualifiers;Zimbabwe vs DR Congo;1637183919;spread;AH-1;away;-1.0;1.885;1.885;0.0;4.017;home;1.0;1.84;1.84;0.0;49.4;1;0;11.03;0.0;0.0;62.16;8.88
1637171516-ah1-away_-1-1790575756;2026-09-28T06:09:16.176668+00:00;2026-09-28T06:09:16.176668+00:00;Israel - Ligat Leumit;Hapoel Kfar Saba vs Bnei Yehuda Tel Aviv;1637171516;spread;AH-1;away;-1.0;1.877;1.877;2.087;0.0;home;1.0;1.909;1.909;100.0;50.42;1;0;9.84;17.39;0.0;76.98;51.68
1637165486-ah1-away_-1-1790576787;2026-09-28T06:26:27.343700+00:00;2026-09-28T06:26:27.343700+00:00;FIFA - ASEAN Cup Division 1;Malaysia vs Indonesia;1637165486;spread;AH-1;away;-1.0;1.87;1.87;1.215;0.0;home;1.0;1.935;1.935;100.0;50.85;1;0;6.05;10.13;0.0;100.0;52.89
1637165504-ou25-1790577136;2026-09-28T06:32:16.279472+00:00;2026-09-28T06:32:16.279472+00:00;Serbia - Prva Liga;Graficar vs Teleoptik;1637165504;total;OU-2.5;under;2.5;1.877;1.877;2.997;0.0;over;2.5;1.833;1.833;100.0;49.41;1;0;6.46;24.98;0.0;100.0;57.14
1637241116-ah1-home_-1-1790577662;2026-09-28T06:41:02.324401+00:00;2026-09-28T06:41:02.324401+00:00;Greece - Super League 2;Marko vs Panthrakikos;1637241116;spread;AH-1;home;-1.0;1.935;1.935;0.0;1.087;away;1.0;1.82;1.82;0.0;48.47;1;0;6.31;0.0;0.0;100.0;14.29
1637157215-ou25-1790577837;2026-09-28T06:43:57.721099+00:00;2026-09-28T06:43:57.721099+00:00;FIFA - ASEAN Cup Division 1;Singapore vs Bangladesh;1637157215;total;OU-2.5;under;2.5;1.935;1.935;2.764;0.0;over;2.5;1.87;1.87;100.0;49.15;1;0;2.26;23.03;0.0;100.0;56.58
1637157215-ah1-home_-1-1790579805;2026-09-28T07:16:45.138414+00:00;2026-09-28T07:16:45.138414+00:00;FIFA - ASEAN Cup Division 1;Singapore vs Bangladesh;1637157215;spread;AH-1;home;-1.0;1.806;1.806;1.095;0.0;away;1.0;2.07;2.07;100.0;53.41;1;0;1.71;9.13;0.0;92.85;51.59
1637157215-ou25-1790581556;2026-09-28T07:45:56.599020+00:00;2026-09-28T07:45:56.599020+00:00;FIFA - ASEAN Cup Division 1;Singapore vs Bangladesh;1637157215;total;OU-2.5;under;2.5;1.952;1.952;1.414;0.0;over;2.5;1.885;1.885;100.0;49.13;1;0;1.22;11.78;0.0;80.55;50.59
1637241116-ah1-home_-1-1790583190;2026-09-28T08:13:10.707730+00:00;2026-09-28T08:13:10.707730+00:00;Greece - Super League 2;Marko vs Panthrakikos;1637241116;spread;AH-1;home;-1.0;1.98;1.98;0.0;1.813;away;1.0;1.787;1.787;0.0;47.44;1;0;4.78;0.0;0.0;100.0;14.29
1637157215-ou25-1790583370;2026-09-28T08:16:10.789460+00:00;2026-09-28T08:16:10.789460+00:00;FIFA - ASEAN Cup Division 1;Singapore vs Bangladesh;1637157215;total;OU-2.5;under;2.5;1.885;1.885;2.584;0.0;over;2.5;1.952;1.952;100.0;50.87;1;0;0.72;21.53;0.0;67.93;51.57
1637165486-ah1-away_-1-1790583190;2026-09-28T08:13:10.707730+00:00;2026-09-28T08:25:19.755399+00:00;FIFA - ASEAN Cup Division 1;Malaysia vs Indonesia;1637165486;spread;AH-1;away;-1.0;1.926;1.952;0.0;3.716;home;1.0;1.877;1.855;0.0;49.36;2;12.15;4.27;0.0;35.38;100.0;21.87
1637312147-ou25-1790584285;2026-09-28T08:31:25.567887+00:00;2026-09-28T08:31:25.567887+00:00;CONCACAF - Nations League B;Guadeloupe vs Barbados;1637312147;total;OU-2.5;under;2.5;1.794;1.794;1.429;0.0;over;2.5;1.99;1.99;100.0;52.59;1;0;10.47;11.9;0.0;69.11;48.99
1637157215-ah1-home_-1-1790585199;2026-09-28T08:46:39.907136+00:00;2026-09-28T08:46:39.907136+00:00;FIFA - ASEAN Cup Division 1;Singapore vs Bangladesh;1637157215;spread;AH-1;home;-1.0;1.855;1.855;0.0;3.846;away;1.0;2.0;2.0;0.0;51.88;1;0;0.21;0.0;0.0;55.24;7.89
1637172034-ou25-1790585382;2026-09-28T08:49:42.078618+00:00;2026-09-28T08:49:42.078618+00:00;Paraguay - Division Intermedia;Atletico Tembetary vs Paraguari AC;1637172034;total;OU-2.5;under;2.5;1.794;1.794;4.422;0.0;over;2.5;1.901;1.901;100.0;51.45;1;0;11.17;36.85;0.0;60.43;54.88
1637171516-ah1-away_-1-1790585563;2026-09-28T08:52:43.597313+00:00;2026-09-28T08:52:43.597313+00:00;Israel - Ligat Leumit;Hapoel Kfar Saba vs Bnei Yehuda Tel Aviv;1637171516;spread;AH-1;away;-1.0;1.847;1.847;1.598;0.0;home;1.0;1.943;1.943;100.0;51.27;1;0;7.11;13.32;0.0;100.0;53.81
1637171956-ou25-1790586112;2026-09-28T09:01:52.698859+00:00;2026-09-28T09:01:52.698859+00:00;Qatar - Stars Cup;Al Kharaitiyat vs Al Wakrah;1637171956;total;OU-2.5;under;2.5;1.917;1.917;1.338;0.0;over;2.5;1.82;1.82;100.0;48.7;1;0;5.96;11.15;0.0;100.0;53.19
1637165486-ou25-1790586659;2026-09-28T09:10:59.799955+00:00;2026-09-28T09:10:59.799955+00:00;FIFA - ASEAN Cup Division 1;Malaysia vs Indonesia;1637165486;total;OU-2.5;under;2.5;1.971;1.971;1.94;0.0;over;2.5;1.833;1.833;100.0;48.19;1;0;3.31;16.17;0.0;100.0;54.62
1637171983-ou25-1790587380;2026-09-28T09:23:00.041429+00:00;2026-09-28T09:23:00.041429+00:00;Israel - Ligat Leumit;Maccabi Kiryat Gat vs Kafr Qasim;1637171983;total;OU-2.5;under;2.5;1.935;1.935;1.376;0.0;over;2.5;1.847;1.847;100.0;48.84;1;0;6.61;11.47;0.0;100.0;53.28
1637165486-ou25-1790587560;2026-09-28T09:26:00.438677+00:00;2026-09-28T09:26:00.438677+00:00;FIFA - ASEAN Cup Division 1;Malaysia vs Indonesia;1637165486;total;OU-2.5;over;2.5;1.813;1.813;1.091;0.0;under;2.5;2.0;2.0;100.0;52.45;1;0;3.07;9.09;0.0;100.0;52.6
1637241116-ah1-home_-1-1790588471;2026-09-28T09:41:11.062348+00:00;2026-09-28T09:41:11.062348+00:00;Greece - Super League 2;Marko vs Panthrakikos;1637241116;spread;AH-1;home;-1.0;2.01;2.01;0.0;1.343;away;1.0;1.763;1.763;0.0;46.73;1;0;3.3;0.0;0.0;100.0;14.29
1637159113-ah1-away_-1-1790590129;2026-09-28T10:08:49.073483+00:00;2026-09-28T10:08:49.073483+00:00;Spain - Segunda Division;Leganes vs Castellon;1637159113;spread;AH-1;away;-1.0;1.917;1.917;1.793;0.0;home;1.0;1.84;1.84;100.0;48.98;1;0;8.34;14.94;0.0;95.69;53.65
1637165486-ou25-1790591239;2026-09-28T10:27:19.105747+00:00;2026-09-28T10:27:19.105747+00:00;FIFA - ASEAN Cup Division 1;Malaysia vs Indonesia;1637165486;total;OU-2.5;under;2.5;1.971;1.971;1.45;0.0;over;2.5;1.84;1.84;100.0;48.28;1;0;2.04;12.08;0.0;100.0;53.45
1637172026-ou25-1790591422;2026-09-28T10:30:22.672528+00:00;2026-09-28T10:30:22.672528+00:00;CAF - Africa Cup of Nations Qualifiers;Tunisia vs Botswana;1637172026;total;OU-2.5;over;2.5;1.87;1.87;1.215;0.0;under;2.5;1.901;1.901;100.0;50.41;1;0;8.49;10.13;0.0;93.84;52.01
1637165575-ou25-1790593449;2026-09-28T11:04:09.690262+00:00;2026-09-28T11:04:09.690262+00:00;Serbia - Prva Liga;FK Bor 1919 vs Metalac Gornji Milanovac;1637165575;total;OU-2.5;over;2.5;1.885;1.885;3.432;0.0;under;2.5;1.826;1.826;100.0;49.21;1;0;4.93;28.6;0.0;100.0;58.17
1637172034-ou25-1790593449;2026-09-28T11:04:09.690262+00:00;2026-09-28T11:04:09.690262+00:00;Paraguay - Division Intermedia;Atletico Tembetary vs Paraguari AC;1637172034;total;OU-2.5;under;2.5;1.735;1.735;3.289;0.0;over;2.5;1.98;1.98;100.0;53.3;1;0;8.92;27.41;0.0;88.47;56.18
1637417562-ou25-1790594486;2026-09-28T11:21:26.657605+00:00;2026-09-28T11:21:26.657605+00:00;Brazil - Paraense 3;Belenense vs Gaviao Kyikateje;1637417562;total;OU-2.5;over;2.5;1.935;1.935;1.826;0.0;under;2.5;1.813;1.813;100.0;48.37;1;0;1.63;15.22;0.0;90.79;53.03
1637165486-ou25-1790594854;2026-09-28T11:27:34.510356+00:00;2026-09-28T11:27:34.510356+00:00;FIFA - ASEAN Cup Division 1;Malaysia vs Indonesia;1637165486;total;OU-2.5;under;2.5;1.943;1.943;1.869;0.0;over;2.5;1.885;1.885;100.0;49.24;1;0;1.03;15.57;0.0;75.74;50.98
1637171983-ou25-1790595618;2026-09-28T11:40:18.128264+00:00;2026-09-28T11:40:18.128264+00:00;Israel - Ligat Leumit;Maccabi Kiryat Gat vs Kafr Qasim;1637171983;total;OU-2.5;over;2.5;1.82;1.82;1.462;0.0;under;2.5;1.971;1.971;100.0;51.99;1;0;4.32;12.18;0.0;100.0;53.48
1637165486-ou25-1790595804;2026-09-28T11:43:24.318471+00:00;2026-09-28T11:43:24.318471+00:00;FIFA - ASEAN Cup Division 1;Malaysia vs Indonesia;1637165486;total;OU-2.5;over;2.5;1.847;1.847;2.016;0.0;under;2.5;1.99;1.99;100.0;51.86;1;0;0.76;16.8;0.0;69.1;50.39
1637171981-ou25-1790595804;2026-09-28T11:43:24.318471+00:00;2026-09-28T11:43:24.318471+00:00;CAF - Africa Cup of Nations Qualifiers;Central African Republic vs Burkina Faso;1637171981;total;OU-2.5;over;2.5;1.794;1.794;4.422;0.0;under;2.5;1.952;1.952;100.0;52.11;1;0;4.26;36.85;0.0;100.0;60.53
1637165575-ou25-1790596175;2026-09-28T11:49:35.447585+00:00;2026-09-28T11:49:35.447585+00:00;Serbia - Prva Liga;FK Bor 1919 vs Metalac Gornji Milanovac;1637165575;total;OU-2.5;under;2.5;1.8;1.8;1.424;0.0;over;2.5;1.901;1.901;100.0;51.36;1;0;4.17;11.87;0.0;100.0;53.39
1637165504-ou25-1790596175;2026-09-28T11:49:35.447585+00:00;2026-09-28T11:49:35.447585+00:00;Serbia - Prva Liga;Graficar vs Teleoptik;1637165504;total;OU-2.5;over;2.5;1.813;1.813;1.841;0.0;under;2.5;1.926;1.926;100.0;51.51;1;0;1.17;15.34;0.0;79.15;51.4
1637165486-ou25-1790596736;2026-09-28T11:58:56.902633+00:00;2026-09-28T11:58:56.902633+00:00;FIFA - ASEAN Cup Division 1;Malaysia vs Indonesia;1637165486;total;OU-2.5;under;2.5;1.952;1.952;1.91;0.0;over;2.5;1.885;1.885;100.0;49.13;1;0;0.51;15.91;0.0;62.87;49.24
1637172026-ou25-1790596924;2026-09-28T12:02:04.969846+00:00;2026-09-28T12:02:04.969846+00:00;CAF - Africa Cup of Nations Qualifiers;Tunisia vs Botswana;1637172026;total;OU-2.5;over;2.5;1.826;1.826;2.717;0.0;under;2.5;1.901;1.901;100.0;51.01;1;0;6.96;22.64;0.0;100.0;56.47
1637225863-ah1-home_-1-1790597109;2026-09-28T12:05:09.719228+00:00;2026-09-28T12:05:09.719228+00:00;Brazil - Carioca B2;Barra Mansa vs Buzios;1637225863;spread;AH-1;home;-1.0;1.952;1.952;1.91;0.0;away;1.0;1.763;1.763;100.0;47.46;1;0;5.91;15.91;0.0;100.0;54.55
1637225863-ou25-1790597109;2026-09-28T12:05:09.719228+00:00;2026-09-28T12:05:09.719228+00:00;Brazil - Carioca B2;Barra Mansa vs Buzios;1637225863;total;OU-2.5;over;2.5;1.794;1.794;3.288;0.0;under;2.5;1.926;1.926;100.0;51.77;1;0;5.91;27.4;0.0;100.0;57.83
1637165486-ah1-away_-1-1790584833;2026-09-28T08:40:33.719765+00:00;2026-09-28T12:11:28.698005+00:00;FIFA - ASEAN Cup Division 1;Malaysia vs Indonesia;1637165486;spread;AH-1;away;-1.0;1.758;1.806;573.04;174.0;home;1.0;1.952;1.926;76.71;52.61;127;210.92;3.81;100.0;100.0;100.0;91.68
1637165575-ou25-1790598046;2026-09-28T12:20:46.279822+00:00;2026-09-28T12:20:46.279822+00:00;Serbia - Prva Liga;FK Bor 1919 vs Metalac Gornji Milanovac;1637165575;total;OU-2.5;under;2.5;1.763;1.763;2.381;0.0;over;2.5;1.962;1.962;100.0;52.67;1;0;3.65;19.84;0.0;100.0;55.67
1637165504-ou25-1790598046;2026-09-28T12:20:46.279822+00:00;2026-09-28T12:20:46.279822+00:00;Serbia - Prva Liga;Graficar vs Teleoptik;1637165504;total;OU-2.5;under;2.5;1.84;1.84;4.465;0.0;over;2.5;1.901;1.901;100.0;50.82;1;0;0.65;37.21;0.0;66.23;55.81
1637165486-ou25-1790597674;2026-09-28T12:14:34.847862+00:00;2026-09-28T12:27:05.480156+00:00;FIFA - ASEAN Cup Division 1;Malaysia vs Indonesia;1637165486;total;OU-2.5;under;2.5;1.87;1.826;6.554;0.0;over;2.5;1.962;2.02;100.0;51.2;2;12.51;0.25;54.61;35.75;56.29;67.02
1637165486-ah1-away_-1-1790598425;2026-09-28T12:27:05.480156+00:00;2026-09-28T12:27:05.480156+00:00;FIFA - ASEAN Cup Division 1;Malaysia vs Indonesia;1637165486;spread;AH-1;away;-1.0;1.885;1.885;0.0;3.686;home;1.0;1.855;1.855;0.0;49.6;1;0;0.05;0.0;0.0;51.14;7.31
1637417562-ou25-1790598802;2026-09-28T12:33:22.838554+00:00;2026-09-28T12:33:22.838554+00:00;Brazil - Paraense 3;Belenense vs Gaviao Kyikateje;1637417562;total;OU-2.5;under;2.5;1.769;1.769;2.427;1.344;over;2.5;1.909;1.909;64.36;51.9;1;0;0.44;20.22;0.0;60.95;37.47
1637165504-ou25-1790598989;2026-09-28T12:36:29.861738+00:00;2026-09-28T12:36:29.861738+00:00;Serbia - Prva Liga;Graficar vs Teleoptik;1637165504;total;OU-2.5;under;2.5;1.813;1.813;1.467;0.0;over;2.5;1.935;1.935;100.0;51.63;1;0;0.38;12.23;0.0;59.52;47.71
1637165504-ou25-1790599922;2026-09-28T12:52:02.156716+00:00;2026-09-28T12:52:02.156716+00:00;Serbia - Prva Liga;Graficar vs Teleoptik;1637165504;total;OU-2.5;under;2.5;1.787;1.787;1.434;0.0;over;2.5;1.962;1.962;100.0;52.33;1;0;0.13;11.95;0.0;53.29;46.74
1637175366-ah1-home_-1-1790602523;2026-09-28T13:35:23.444757+00:00;2026-09-28T13:35:23.444757+00:00;CONCACAF - Nations League A;Suriname vs Martinique;1637175366;spread;AH-1;home;-1.0;1.98;1.98;3.415;0.0;away;1.0;1.877;1.877;100.0;48.66;1;0;8.41;28.46;0.0;94.92;57.4
1637175366-ou25-1790603460;2026-09-28T13:51:00.914846+00:00;2026-09-28T13:51:00.914846+00:00;CONCACAF - Nations League A;Suriname vs Martinique;1637175366;total;OU-2.5;under;2.5;1.806;1.806;1.848;0.0;over;2.5;2.04;2.04;100.0;53.04;1;0;8.15;15.4;0.0;98.13;54.13
1637225863-ah1-home_-1-1790603460;2026-09-28T13:51:00.914846+00:00;2026-09-28T13:51:00.914846+00:00;Brazil - Carioca B2;Barra Mansa vs Buzios;1637225863;spread;AH-1;home;-1.0;1.82;1.82;6.762;0.0;away;1.0;1.893;1.893;100.0;50.98;1;0;4.14;56.35;0.0;100.0;66.1
1637225863-ou25-1790603460;2026-09-28T13:51:00.914846+00:00;2026-09-28T13:51:00.914846+00:00;Brazil - Carioca B2;Barra Mansa vs Buzios;1637225863;total;OU-2.5;over;2.5;1.763;1.763;1.728;0.0;under;2.5;1.962;1.962;100.0;52.67;1;0;4.14;14.4;0.0;100.0;54.11
1637312291-ou25-1790604024;2026-09-28T14:00:24.868680+00:00;2026-09-28T14:00:24.868680+00:00;UAE - President's Cup;Al-Ittifaq vs Al-Urooba;1637312291;total;OU-2.5;over;2.5;1.813;1.813;1.841;1.826;under;2.5;1.935;1.935;50.2;51.63;1;0;0.66;15.34;0.0;66.48;31.81
1637312291-ou25-1790605705;2026-09-28T14:28:25.611156+00:00;2026-09-28T14:28:25.611156+00:00;UAE - President's Cup;Al-Ittifaq vs Al-Urooba;1637312291;total;OU-2.5;under;2.5;1.909;1.909;1.344;0.0;over;2.5;1.833;1.833;100.0;48.98;1;0;0.19;11.2;0.0;54.63;46.72
1637175366-ah1-home_-1-1790606269;2026-09-28T14:37:49.582087+00:00;2026-09-28T14:37:49.582087+00:00;CONCACAF - Nations League A;Suriname vs Martinique;1637175366;spread;AH-1;home;-1.0;2.07;2.07;0.0;4.102;away;1.0;1.8;1.8;0.0;46.51;1;0;7.36;0.0;0.0;100.0;14.29
1637159113-ah1-away_-1-1790607393;2026-09-28T14:56:33.720129+00:00;2026-09-28T14:56:33.720129+00:00;Spain - Segunda Division;Leganes vs Castellon;1637159113;spread;AH-1;away;-1.0;1.943;1.943;0.0;1.467;home;1.0;1.813;1.813;0.0;48.27;1;0;3.56;0.0;0.0;100.0;14.29
1637171516-ah1-away_-1-1790607393;2026-09-28T14:56:33.720129+00:00;2026-09-28T14:56:33.720129+00:00;Israel - Ligat Leumit;Hapoel Kfar Saba vs Bnei Yehuda Tel Aviv;1637171516;spread;AH-1;away;-1.0;1.813;1.813;2.632;0.0;home;1.0;2.02;2.02;100.0;52.7;1;0;1.05;21.93;0.0;76.25;52.87
1637165575-ou25-1790607951;2026-09-28T15:05:51.521796+00:00;2026-09-28T15:05:51.521796+00:00;Serbia - Prva Liga;FK Bor 1919 vs Metalac Gornji Milanovac;1637165575;total;OU-2.5;over;2.5;1.962;1.962;1.407;0.0;under;2.5;1.787;1.787;100.0;47.67;1;0;0.9;11.73;0.0;72.49;49.42
1637171984-ou25-1790607951;2026-09-28T15:05:51.521796+00:00;2026-09-28T15:05:51.521796+00:00;Serbia - Prva Liga;Dubocica vs Javor Ivanjica;1637171984;total;OU-2.5;under;2.5;1.813;1.813;6.305;0.0;over;2.5;1.926;1.926;100.0;51.51;1;0;0.9;52.54;0.0;72.49;61.08
1637225863-ah1-home_-1-1790608876;2026-09-28T15:21:16.987515+00:00;2026-09-28T15:21:16.987515+00:00;Brazil - Carioca B2;Barra Mansa vs Buzios;1637225863;spread;AH-1;home;-1.0;1.877;1.877;0.0;3.17;away;1.0;1.833;1.833;0.0;49.41;1;0;2.64;0.0;0.0;100.0;14.29
1637225863-ou25-1790608876;2026-09-28T15:21:16.987515+00:00;2026-09-28T15:21:16.987515+00:00;Brazil - Carioca B2;Barra Mansa vs Buzios;1637225863;total;OU-2.5;under;2.5;1.935;1.935;1.376;0.0;over;2.5;1.781;1.781;100.0;47.93;1;0;2.64;11.47;0.0;100.0;53.28
1637183919-ah1-away_-1-1790609430;2026-09-28T15:30:30.120686+00:00;2026-09-28T15:30:30.120686+00:00;CAF - Africa Cup of Nations Qualifiers;Zimbabwe vs DR Congo;1637183919;spread;AH-1;away;-1.0;1.862;1.862;2.052;0.0;home;1.0;1.877;1.877;100.0;50.2;1;0;0.49;17.1;0.0;62.28;49.5
1637171984-ou25-1790609800;2026-09-28T15:36:40.677609+00:00;2026-09-28T15:36:40.677609+00:00;Serbia - Prva Liga;Dubocica vs Javor Ivanjica;1637171984;total;OU-2.5;under;2.5;1.787;1.787;2.136;0.0;over;2.5;1.962;1.962;100.0;52.33;1;0;0.39;17.8;0.0;59.69;49.33
1637225863-ah1-home_-1-1790609800;2026-09-28T15:36:40.677609+00:00;2026-09-28T15:36:40.677609+00:00;Brazil - Carioca B2;Barra Mansa vs Buzios;1637225863;spread;AH-1;home;-1.0;1.962;1.962;0.0;4.092;away;1.0;1.758;1.758;0.0;47.26;1;0;2.38;0.0;0.0;100.0;14.29
1637183919-ah1-away_-1-1790610356;2026-09-28T15:45:56.686543+00:00;2026-09-28T15:45:56.686543+00:00;CAF - Africa Cup of Nations Qualifiers;Zimbabwe vs DR Congo;1637183919;spread;AH-1;away;-1.0;1.877;1.877;0.0;1.172;home;1.0;1.855;1.855;0.0;49.71;1;0;0.23;0.0;0.0;55.79;7.97
1636868416-ou25-1790610726;2026-09-28T15:52:06.382893+00:00;2026-09-28T15:52:06.382893+00:00;UEFA - Nations League C;Armenia vs Montenegro;1636868416;total;OU-2.5;over;2.5;2.0;2.0;2.439;0.0;under;2.5;1.87;1.87;100.0;48.32;1;0;0.13;20.33;0.0;53.29;49.13
1637178767-ou25-1790610910;2026-09-28T15:55:10.778968+00:00;2026-09-28T15:55:10.778968+00:00;UEFA - Nations League B;Georgia vs Ukraine;1637178767;total;OU-2.5;over;2.5;1.847;1.847;3.652;0.0;under;2.5;2.05;2.05;100.0;52.6;1;0;0.07;30.43;0.0;51.72;51.8
1636866937-ah1-home_-1-1790610910;2026-09-28T15:55:10.778968+00:00;2026-09-28T15:55:10.778968+00:00;UEFA - Nations League B;Romania vs Bosnia and Herzegovina;1636866937;spread;AH-1;home;-1.0;1.971;1.971;0.0;3.037;away;1.0;1.82;1.82;0.0;48.01;1;0;2.82;0.0;0.0;100.0;14.29
1637225863-ou25-1790612546;2026-09-28T16:22:26.176083+00:00;2026-09-28T16:22:26.176083+00:00;Brazil - Carioca B2;Barra Mansa vs Buzios;1637225863;total;OU-2.5;under;2.5;1.935;1.935;1.376;0.0;over;2.5;1.813;1.813;100.0;48.37;1;0;1.62;11.47;0.0;90.43;51.91
1637175407-ou25-1790612907;2026-09-28T16:28:27.876590+00:00;2026-09-28T16:28:27.876590+00:00;CONCACAF - Nations League A;Guatemala vs El Salvador;1637175407;total;OU-2.5;under;2.5;1.8;1.8;2.174;0.0;over;2.5;2.05;2.05;100.0;53.25;1;0;9.51;18.12;0.0;81.07;52.47
1637370448-ah1-home_-1-1790614297;2026-09-28T16:51:37.677558+00:00;2026-09-28T16:51:37.677558+00:00;Peru - Liga 3;Cesar Vallejo II vs Juventus Huamachuco;1637370448;spread;AH-1;home;-1.0;1.763;1.763;9.682;0.0;away;1.0;1.99;1.99;100.0;53.02;1;0;1.13;80.69;0.0;78.34;69.96
1637312147-ou25-1790615025;2026-09-28T17:03:45.095460+00:00;2026-09-28T17:03:45.095460+00:00;CONCACAF - Nations League B;Guadeloupe vs Barbados;1637312147;total;OU-2.5;over;2.5;1.943;1.943;3.333;0.0;under;2.5;1.847;1.847;100.0;48.73;1;0;1.93;27.78;0.0;98.36;57.7
1637225863-ou25-1790615205;2026-09-28T17:06:45.889848+00:00;2026-09-28T17:06:45.889848+00:00;Brazil - Carioca B2;Barra Mansa vs Buzios;1637225863;total;OU-2.5;under;2.5;1.901;1.901;1.757;0.0;over;2.5;1.84;1.84;100.0;49.18;1;0;0.88;14.64;0.0;72.02;50.19
1637159113-ou25-1790615567;2026-09-28T17:12:47.868459+00:00;2026-09-28T17:12:47.868459+00:00;Spain - Segunda Division;Leganes vs Castellon;1637159113;total;OU-2.5;over;2.5;1.877;1.877;2.544;0.0;under;2.5;2.01;2.01;100.0;51.71;1;0;1.28;21.2;0.0;82.0;53.49
1637171554-ah1-away_-1-1790615747;2026-09-28T17:15:47.812710+00:00;2026-09-28T17:15:47.812710+00:00;England - Northern League Division 1;St Ives Town vs Nuneaton Town;1637171554;spread;AH-1;away;-1.0;1.893;1.893;3.023;0.0;home;1.0;1.847;1.847;100.0;49.39;1;0;1.48;25.19;0.0;86.88;55.32
1637312147-ou25-1790615928;2026-09-28T17:18:48.502058+00:00;2026-09-28T17:18:48.502058+00:00;CONCACAF - Nations League B;Guadeloupe vs Barbados;1637312147;total;OU-2.5;over;2.5;1.847;1.847;4.941;0.0;under;2.5;1.971;1.971;100.0;51.62;1;0;1.68;41.17;0.0;92.01;60.62
1637312147-ou25-1790617722;2026-09-28T17:48:42.392741+00:00;2026-09-28T17:48:42.392741+00:00;CONCACAF - Nations League B;Guadeloupe vs Barbados;1637312147;total;OU-2.5;over;2.5;1.813;1.813;1.841;0.0;under;2.5;2.01;2.01;100.0;52.58;1;0;1.19;15.34;0.0;79.63;51.47
1637171554-ah1-away_-1-1790617722;2026-09-28T17:48:42.392741+00:00;2026-09-28T17:48:42.392741+00:00;England - Northern League Division 1;St Ives Town vs Nuneaton Town;1637171554;spread;AH-1;away;-1.0;1.833;1.833;3.577;0.0;home;1.0;1.893;1.893;100.0;50.81;1;0;0.93;29.81;0.0;73.18;54.69
1637225863-ou25-1790617901;2026-09-28T17:51:41.898472+00:00;2026-09-28T17:51:41.898472+00:00;Brazil - Carioca B2;Barra Mansa vs Buzios;1637225863;total;OU-2.5;under;2.5;1.877;1.877;1.262;0.0;over;2.5;1.862;1.862;100.0;49.8;1;0;0.13;10.52;0.0;53.18;46.32
1636866937-ah1-home_-1-1790618081;2026-09-28T17:54:41.687784+00:00;2026-09-28T17:54:41.687784+00:00;UEFA - Nations League B;Romania vs Bosnia and Herzegovina;1636866937;spread;AH-1;home;-1.0;2.0;2.0;0.0;1.099;away;1.0;1.8;1.8;0.0;47.37;1;0;0.83;0.0;0.0;70.69;10.1
1637159113-ou25-1790619156;2026-09-28T18:12:36.365125+00:00;2026-09-28T18:12:36.365125+00:00;Spain - Segunda Division;Leganes vs Castellon;1637159113;total;OU-2.5;under;2.5;1.971;1.971;1.45;0.0;over;2.5;1.917;1.917;100.0;49.31;1;0;0.28;12.08;0.0;57.11;47.32
1637172026-ou25-1790619508;2026-09-28T18:18:28.429985+00:00;2026-09-28T18:18:28.429985+00:00;CAF - Africa Cup of Nations Qualifiers;Tunisia vs Botswana;1637172026;total;OU-2.5;under;2.5;1.917;1.917;1.793;0.0;over;2.5;1.885;1.885;100.0;49.58;1;0;0.69;14.94;0.0;67.29;49.6
1637159113-ah1-away_-1-1790620037;2026-09-28T18:27:17.954913+00:00;2026-09-28T18:27:17.954913+00:00;Spain - Segunda Division;Leganes vs Castellon;1637159113;spread;AH-1;away;-1.0;1.862;1.862;3.323;0.0;home;1.0;1.926;1.926;100.0;50.84;1;0;0.04;27.69;0.0;51.1;50.93
1637172026-ou25-1790620392;2026-09-28T18:33:12.784188+00:00;2026-09-28T18:33:12.784188+00:00;CAF - Africa Cup of Nations Qualifiers;Tunisia vs Botswana;1637172026;total;OU-2.5;over;2.5;1.862;1.862;1.22;0.0;under;2.5;1.935;1.935;100.0;50.96;1;0;0.44;10.17;0.0;60.99;47.33
1636866937-ou25-1790620746;2026-09-28T18:39:06.032478+00:00;2026-09-28T18:39:06.032478+00:00;UEFA - Nations League B;Romania vs Bosnia and Herzegovina;1636866937;total;OU-2.5;over;2.5;2.05;2.05;1.442;0.0;under;2.5;1.847;1.847;100.0;47.4;1;0;0.09;12.02;0.0;52.19;46.6
1637175386-ou25-1790623012;2026-09-28T19:16:52.690475+00:00;2026-09-28T19:16:52.690475+00:00;Paraguay - Division Profesional;Sportivo San Lorenzo vs Deportivo Recoleta;1637175386;total;OU-2.5;over;2.5;1.87;1.87;2.452;0.0;under;2.5;1.971;1.971;100.0;51.31;1;0;0.72;20.43;0.0;67.92;51.25
1637173024-ah1-home_-1-1790626947;2026-09-28T20:22:27.254570+00:00;2026-09-28T20:22:27.254570+00:00;Colombia - Primera B;Internacional de Palmira vs Leones FC;1637173024;spread;AH-1;home;-1.0;1.82;1.82;8.543;0.0;away;1.0;2.05;2.05;100.0;52.97;1;0;0.62;71.19;0.0;65.49;65.41
1637175366-ou25-1790626947;2026-09-28T20:22:27.254570+00:00;2026-09-28T20:22:27.254570+00:00;CONCACAF - Nations League A;Suriname vs Martinique;1637175366;total;OU-2.5;over;2.5;2.01;2.01;1.951;0.0;under;2.5;1.833;1.833;100.0;47.7;1;0;1.61;16.26;0.0;90.37;53.27
1637173024-ah1-home_-1-1790627972;2026-09-28T20:39:32.095528+00:00;2026-09-28T20:39:32.095528+00:00;Colombia - Primera B;Internacional de Palmira vs Leones FC;1637173024;spread;AH-1;home;-1.0;1.943;1.943;0.0;6.878;away;1.0;1.909;1.909;0.0;49.56;1;0;0.34;0.0;0.0;58.5;8.36
1637173068-ou25-1790628647;2026-09-28T20:50:47.406466+00:00;2026-09-28T20:50:47.406466+00:00;Paraguay - Division Profesional;Libertad Asuncion vs Olimpia Asuncion;1637173068;total;OU-2.5;under;2.5;1.82;1.82;2.674;0.0;over;2.5;2.02;2.02;100.0;52.6;1;0;1.4;22.28;0.0;84.93;54.21
1637175366-ah1-home_-1-1790628816;2026-09-28T20:53:36.578967+00:00;2026-09-28T20:53:36.578967+00:00;CONCACAF - Nations League A;Suriname vs Martinique;1637175366;spread;AH-1;home;-1.0;2.09;2.09;0.0;1.052;away;1.0;1.787;1.787;0.0;46.09;1;0;1.11;0.0;0.0;77.66;11.09
1637175366-ah1-home_-1-1790630687;2026-09-28T21:24:47.293536+00:00;2026-09-28T21:24:47.293536+00:00;CONCACAF - Nations League A;Suriname vs Martinique;1637175366;spread;AH-1;home;-1.0;1.962;1.962;5.217;0.0;away;1.0;1.893;1.893;100.0;49.11;1;0;0.58;43.48;0.0;64.6;57.37
1637175366-ou25-1790630687;2026-09-28T21:24:47.293536+00:00;2026-09-28T21:24:47.293536+00:00;CONCACAF - Nations League A;Suriname vs Martinique;1637175366;total;OU-2.5;over;2.5;1.98;1.98;1.0;0.0;under;2.5;1.862;1.862;100.0;48.46;1;0;0.58;8.33;0.0;64.6;47.32
1637175366-ah1-home_-1-1790631530;2026-09-28T21:38:50.811939+00:00;2026-09-28T21:38:50.811939+00:00;CONCACAF - Nations League A;Suriname vs Martinique;1637175366;spread;AH-1;home;-1.0;1.935;1.935;1.376;0.0;away;1.0;1.917;1.917;100.0;49.77;1;0;0.34;11.47;0.0;58.59;47.36
1637175366-ah1-home_-1-1790632379;2026-09-28T21:52:59.940626+00:00;2026-09-28T21:52:59.940626+00:00;CONCACAF - Nations League A;Suriname vs Martinique;1637175366;spread;AH-1;home;-1.0;1.893;1.893;2.171;0.0;away;1.0;1.962;1.962;100.0;50.89;1;0;0.11;18.09;0.0;52.68;48.41
1637175366-ou25-1790632379;2026-09-28T21:52:59.940626+00:00;2026-09-28T21:52:59.940626+00:00;CONCACAF - Nations League A;Suriname vs Martinique;1637175366;total;OU-2.5;over;2.5;1.917;1.917;2.294;0.0;under;2.5;1.917;1.917;100.0;50.0;1;0;0.11;19.11;0.0;52.68;48.7
1637178704-ah1-away_-1-1790633062;2026-09-28T22:04:22.050535+00:00;2026-09-28T22:04:22.050535+00:00;Japan - League Cup;FC Osaka vs Avispa Fukuoka;1637178704;spread;AH-1;away;-1.0;1.877;1.877;0.0;3.812;home;1.0;1.943;1.943;0.0;50.86;1;0;11.93;0.0;0.0;50.93;7.28
1637175407-ou25-1790634799;2026-09-28T22:33:19.398370+00:00;2026-09-28T22:33:19.398370+00:00;CONCACAF - Nations League A;Guatemala vs El Salvador;1637175407;total;OU-2.5;under;2.5;1.8;1.8;1.099;0.0;over;2.5;2.05;2.05;100.0;53.25;1;0;3.44;9.16;0.0;100.0;52.62
1637183975-ah1-away_-1-1790640642;2026-09-29T00:10:42.533116+00:00;2026-09-29T00:10:42.533116+00:00;Japan - League Cup;Consadole Sapporo vs Fagiano Okayama;1637183975;spread;AH-1;away;-1.0;1.84;1.84;6.218;0.0;home;1.0;1.971;1.971;100.0;51.72;1;0;9.81;51.82;0.0;77.38;61.57
1637218383-ah1-away_-1-1790646534;2026-09-29T01:48:54.720127+00:00;2026-09-29T01:48:54.720127+00:00;Slovakia - Cup;Inter Bratislava vs Podbrezova;1637218383;spread;AH-1;away;-1.0;1.847;1.847;0.0;6.432;home;1.0;1.862;1.862;0.0;50.2;1;0;11.68;0.0;0.0;53.99;7.71
1637218383-ah1-away_-1-1790647400;2026-09-29T02:03:20.553720+00:00;2026-09-29T02:03:20.553720+00:00;Slovakia - Cup;Inter Bratislava vs Podbrezova;1637218383;spread;AH-1;away;-1.0;1.952;1.952;0.0;4.995;home;1.0;1.769;1.769;0.0;47.54;1;0;11.43;0.0;0.0;57.07;8.15
1637205984-ah1-home_-1-1790654941;2026-09-29T04:09:01.051678+00:00;2026-09-29T04:09:01.051678+00:00;CAF - Africa Cup of Nations Qualifiers;Ghana vs Gambia;1637205984;spread;AH-1;home;-1.0;1.833;1.833;0.0;1.45;away;1.0;1.971;1.971;0.0;51.81;1;0;11.84;0.0;0.0;51.99;7.43
1636868420-ah1-home_-1-1790656717;2026-09-29T04:38:37.425368+00:00;2026-09-29T04:38:37.425368+00:00;UEFA - Nations League C;Finland vs Belarus;1636868420;spread;AH-1;home;-1.0;2.09;2.09;1.415;0.0;away;1.0;1.82;1.82;100.0;46.55;1;0;11.35;11.79;0.0;58.17;47.39
1636868420-ah1-home_-1-1790659388;2026-09-29T05:23:08.904135+00:00;2026-09-29T05:23:08.904135+00:00;UEFA - Nations League C;Finland vs Belarus;1636868420;spread;AH-1;home;-1.0;2.04;2.04;2.392;0.0;away;1.0;1.855;1.855;100.0;47.63;1;0;10.61;19.94;0.0;67.36;51.03
1637218383-ah1-away_-1-1790660106;2026-09-29T05:35:06.020405+00:00;2026-09-29T05:35:06.020405+00:00;Slovakia - Cup;Inter Bratislava vs Podbrezova;1637218383;spread;AH-1;away;-1.0;1.909;1.909;3.146;0.0;home;1.0;1.8;1.8;100.0;48.53;1;0;7.91;26.21;0.0;100.0;57.49
1637190759-ou25-1790662794;2026-09-29T06:19:54.324369+00:00;2026-09-29T06:19:54.324369+00:00;CAF - Africa Cup of Nations Qualifiers;Ethiopia vs Senegal;1637190759;total;OU-2.5;under;2.5;1.826;1.826;2.353;0.0;over;2.5;1.917;1.917;100.0;51.22;1;0;6.66;19.61;0.0;100.0;55.6
1636868420-ah1-home_-1-1790662973;2026-09-29T06:22:53.250033+00:00;2026-09-29T06:22:53.250033+00:00;UEFA - Nations League C;Finland vs Belarus;1636868420;spread;AH-1;home;-1.0;2.07;2.07;0.0;1.137;away;1.0;1.826;1.826;0.0;46.87;1;0;9.61;0.0;0.0;79.9;11.41
1637190759-ou25-1790664610;2026-09-29T06:50:10.662761+00:00;2026-09-29T06:50:10.662761+00:00;CAF - Africa Cup of Nations Qualifiers;Ethiopia vs Senegal;1637190759;total;OU-2.5;under;2.5;1.787;1.787;2.136;0.0;over;2.5;1.962;1.962;100.0;52.33;1;0;6.16;17.8;0.0;100.0;55.09
1636868421-ou25-1790665797;2026-09-29T07:09:57.919501+00:00;2026-09-29T07:09:57.919501+00:00;UEFA - Nations League C;Slovakia vs Kazakhstan;1636868421;total;OU-2.5;over;2.5;1.8;1.8;2.174;0.0;under;2.5;2.09;2.09;100.0;53.73;1;0;11.58;18.12;0.0;55.31;48.79
1637183971-ah1-away_-1-1790665997;2026-09-29T07:13:17.116610+00:00;2026-09-29T07:13:17.116610+00:00;Japan - League Cup;Fujieda MYFC vs Cerezo Osaka;1637183971;spread;AH-1;away;-1.0;1.781;1.781;13.122;0.0;home;1.0;1.99;1.99;100.0;52.77;1;0;2.77;100.0;0.0;100.0;78.57
1636868421-ou25-1790666722;2026-09-29T07:25:22.833100+00:00;2026-09-29T07:25:22.833100+00:00;UEFA - Nations League C;Slovakia vs Kazakhstan;1636868421;total;OU-2.5;under;2.5;2.06;2.06;1.435;0.0;over;2.5;1.826;1.826;100.0;46.99;1;0;11.32;11.96;0.0;58.45;47.48
1637290065-ah1-home_-1-1790666933;2026-09-29T07:28:53.734440+00:00;2026-09-29T07:28:53.734440+00:00;England - Northern League Division 1;Wythenshawe FC vs Padiham;1637290065;spread;AH-1;home;-1.0;1.952;1.952;0.0;1.722;away;1.0;1.769;1.769;0.0;47.54;1;0;11.26;0.0;0.0;59.22;8.46
1637218383-ah1-away_-1-1790667351;2026-09-29T07:35:51.264229+00:00;2026-09-29T07:35:51.264229+00:00;Slovakia - Cup;Inter Bratislava vs Podbrezova;1637218383;spread;AH-1;away;-1.0;1.769;1.769;6.55;0.0;home;1.0;1.952;1.952;100.0;52.46;1;0;5.9;54.59;0.0;100.0;65.6
1637183971-ah1-away_-1-1790668819;2026-09-29T08:00:19.276812+00:00;2026-09-29T08:00:19.276812+00:00;Japan - League Cup;Fujieda MYFC vs Cerezo Osaka;1637183971;spread;AH-1;away;-1.0;1.758;1.758;1.291;0.0;home;1.0;2.02;2.02;100.0;53.47;1;0;1.99;10.76;0.0;99.63;53.02
1637185200-ou25-1790670285;2026-09-29T08:24:45.160776+00:00;2026-09-29T08:24:45.160776+00:00;CAF - Africa Cup of Nations Qualifiers;Burundi vs Algeria;1637185200;total;OU-2.5;under;2.5;1.917;1.917;1.793;0.0;over;2.5;1.885;1.885;100.0;49.58;1;0;4.58;14.94;0.0;100.0;54.27
1637185200-ou25-1790671341;2026-09-29T08:42:21.254961+00:00;2026-09-29T08:42:21.254961+00:00;CAF - Africa Cup of Nations Qualifiers;Burundi vs Algeria;1637185200;total;OU-2.5;over;2.5;1.862;1.862;1.22;0.0;under;2.5;1.943;1.943;100.0;51.06;1;0;4.29;10.17;0.0;100.0;52.91
1637181799-ah1-away_-1-1790671341;2026-09-29T08:42:21.254961+00:00;2026-09-29T08:42:21.254961+00:00;Japan - League Cup;Fukushima United vs Mito HollyHock;1637181799;spread;AH-1;away;-1.0;1.885;1.885;0.0;6.154;home;1.0;1.952;1.952;0.0;50.87;1;0;1.28;0.0;0.0;82.03;11.72
1637183971-ah1-away_-1-1790671341;2026-09-29T08:42:21.254961+00:00;2026-09-29T08:42:21.254961+00:00;Japan - League Cup;Fujieda MYFC vs Cerezo Osaka;1637183971;spread;AH-1;away;-1.0;1.813;1.813;0.0;1.98;home;1.0;1.98;1.98;0.0;52.2;1;0;1.28;0.0;0.0;82.03;11.72
1637183957-ou25-1790671553;2026-09-29T08:45:53.143322+00:00;2026-09-29T08:45:53.143322+00:00;India - IFA Shield;Mohun Bagan vs NorthEast United;1637183957;total;OU-2.5;over;2.5;1.84;1.84;1.971;0.0;under;2.5;1.901;1.901;100.0;50.82;1;0;0.23;16.43;0.0;55.63;48.35
1637181806-ou25-1790671973;2026-09-29T08:52:53.085077+00:00;2026-09-29T08:52:53.085077+00:00;China - League One;Wuxi Wugou vs Ningbo Professional;1637181806;total;OU-2.5;over;2.5;1.98;1.98;1.0;0.0;under;2.5;1.833;1.833;100.0;48.07;1;0;2.11;8.33;0.0;100.0;52.38
1637205986-ah1-away_-1-1790672185;2026-09-29T08:56:25.478123+00:00;2026-09-29T08:56:25.478123+00:00;CAF - Africa Cup of Nations Qualifiers;Guinea-Bissau vs Nigeria;1637205986;spread;AH-1;away;-1.0;1.962;1.962;0.0;1.172;home;1.0;1.855;1.855;0.0;48.6;1;0;7.05;0.0;0.0;100.0;14.29
1637205984-ah1-home_-1-1790672185;2026-09-29T08:56:25.478123+00:00;2026-09-29T08:56:25.478123+00:00;CAF - Africa Cup of Nations Qualifiers;Ghana vs Gambia;1637205984;spread;AH-1;home;-1.0;1.794;1.794;2.128;0.0;away;1.0;2.02;2.02;100.0;52.96;1;0;7.05;17.73;0.0;100.0;55.07
1637208909-ou25-1790672396;2026-09-29T08:59:56.382410+00:00;2026-09-29T08:59:56.382410+00:00;Wales - Premier League;Cardiff Metropolitan University vs Haverfordwest County;1637208909;total;OU-2.5;under;2.5;1.98;1.98;1.0;0.0;over;2.5;1.826;1.826;100.0;47.98;1;0;9.74;8.33;0.0;78.26;49.28
1637218383-ah1-away_-1-1790672823;2026-09-29T09:07:03.474029+00:00;2026-09-29T09:07:03.474029+00:00;Slovakia - Cup;Inter Bratislava vs Podbrezova;1637218383;spread;AH-1;away;-1.0;1.84;1.84;0.0;4.201;home;1.0;1.87;1.87;0.0;50.4;1;0;4.37;0.0;0.0;100.0;14.29
1636868421-ou25-1790673030;2026-09-29T09:10:30.683707+00:00;2026-09-29T09:10:30.683707+00:00;UEFA - Nations League C;Slovakia vs Kazakhstan;1636868421;total;OU-2.5;under;2.5;1.99;1.99;3.398;0.0;over;2.5;1.885;1.885;100.0;48.65;1;0;9.56;28.32;0.0;80.45;55.3
1637183975-ah1-away_-1-1790673246;2026-09-29T09:14:06.876303+00:00;2026-09-29T09:14:06.876303+00:00;Japan - League Cup;Consadole Sapporo vs Fagiano Okayama;1637183975;spread;AH-1;away;-1.0;1.917;1.917;0.0;2.294;home;1.0;1.917;1.917;0.0;50.0;1;0;0.76;0.0;0.0;68.97;9.85
1637183974-ou25-1790674099;2026-09-29T09:28:19.459019+00:00;2026-09-29T09:28:19.459019+00:00;Japan - League Cup;Matsumoto Yamaga vs Albirex Niigata;1637183974;total;OU-2.5;over;2.5;1.855;1.855;1.172;0.0;under;2.5;1.99;1.99;100.0;51.76;1;0;0.52;9.77;0.0;63.04;47.51
1637181799-ah1-away_-1-1790674099;2026-09-29T09:28:19.459019+00:00;2026-09-29T09:28:19.459019+00:00;Japan - League Cup;Fukushima United vs Mito HollyHock;1637181799;spread;AH-1;away;-1.0;1.909;1.909;0.0;4.332;home;1.0;1.877;1.877;0.0;49.58;1;0;0.52;0.0;0.0;63.04;9.01
1637183975-ah1-away_-1-1790674099;2026-09-29T09:28:19.459019+00:00;2026-09-29T09:28:19.459019+00:00;Japan - League Cup;Consadole Sapporo vs Fagiano Okayama;1637183975;spread;AH-1;away;-1.0;1.862;1.862;2.869;0.0;home;1.0;1.971;1.971;100.0;51.42;1;0;0.52;23.91;0.0;63.04;51.55
1637181806-ou25-1790674740;2026-09-29T09:39:00.588767+00:00;2026-09-29T09:39:00.588767+00:00;China - League One;Wuxi Wugou vs Ningbo Professional;1637181806;total;OU-2.5;under;2.5;1.826;1.826;1.933;0.0;over;2.5;2.02;2.02;100.0;52.52;1;0;1.34;16.11;0.0;83.51;52.25
1637290066-ah1-home_-1-1790675171;2026-09-29T09:46:11.730258+00:00;2026-09-29T09:46:11.730258+00:00;England - Southern League Division 1;Thame United vs Beaconsfield Town;1637290066;spread;AH-1;home;-1.0;1.847;1.847;1.598;0.0;away;1.0;1.862;1.862;100.0;50.2;1;0;8.98;13.32;0.0;87.78;52.06
1637208909-ou25-1790675171;2026-09-29T09:46:11.730258+00:00;2026-09-29T09:46:11.730258+00:00;Wales - Premier League;Cardiff Metropolitan University vs Haverfordwest County;1637208909;total;OU-2.5;over;2.5;1.8;1.8;1.099;0.0;under;2.5;2.01;2.01;100.0;52.76;1;0;8.97;9.16;0.0;87.83;50.88
1637183975-ah1-away_-1-1790675171;2026-09-29T09:46:11.730258+00:00;2026-09-29T09:46:11.730258+00:00;Japan - League Cup;Consadole Sapporo vs Fagiano Okayama;1637183975;spread;AH-1;away;-1.0;1.99;1.99;0.0;5.53;home;1.0;1.862;1.862;0.0;48.34;1;0;0.22;0.0;0.0;55.45;7.92
1637183973-ou25-1790675171;2026-09-29T09:46:11.730258+00:00;2026-09-29T09:46:11.730258+00:00;Japan - League Cup;Zweigen Kanazawa vs Shimizu S-Pulse;1637183973;total;OU-2.5;over;2.5;1.84;1.84;2.8;0.0;under;2.5;2.0;2.0;100.0;52.08;1;0;0.22;23.33;0.0;55.45;50.3
1637183971-ah1-away_-1-1790675171;2026-09-29T09:46:11.730258+00:00;2026-09-29T09:46:11.730258+00:00;Japan - League Cup;Fujieda MYFC vs Cerezo Osaka;1637183971;spread;AH-1;away;-1.0;1.862;1.862;0.0;3.216;home;1.0;1.926;1.926;0.0;50.84;1;0;0.22;0.0;0.0;55.45;7.92
1637206050-ou25-1790675385;2026-09-29T09:49:45.036043+00:00;2026-09-29T09:49:45.036043+00:00;England - Southern Premier League South;Wimborne Town vs Yate Town;1637206050;total;OU-2.5;over;2.5;1.901;1.901;3.109;0.0;under;2.5;1.855;1.855;100.0;49.39;1;0;8.67;25.91;0.0;91.63;56.21
1637209826-ou25-1790675385;2026-09-29T09:49:45.036043+00:00;2026-09-29T09:49:45.036043+00:00;England - Southern Premier League South;Sholing vs Berkhamsted;1637209826;total;OU-2.5;over;2.5;1.813;1.813;2.632;0.0;under;2.5;1.943;1.943;100.0;51.73;1;0;8.92;21.93;0.0;88.5;54.62
1637181806-ou25-1790676656;2026-09-29T10:10:56.652134+00:00;2026-09-29T10:10:56.652134+00:00;China - League One;Wuxi Wugou vs Ningbo Professional;1637181806;total;OU-2.5;over;2.5;1.98;1.98;1.98;0.0;under;2.5;1.862;1.862;100.0;48.46;1;0;0.82;16.5;0.0;70.41;50.49
1637181806-ou25-1790677497;2026-09-29T10:24:57.431932+00:00;2026-09-29T10:24:57.431932+00:00;China - League One;Wuxi Wugou vs Ningbo Professional;1637181806;total;OU-2.5;over;2.5;1.909;1.909;3.586;0.0;under;2.5;1.926;1.926;100.0;50.22;1;0;0.57;29.88;0.0;64.37;53.45
1637205984-ah1-home_-1-1790677707;2026-09-29T10:28:27.271432+00:00;2026-09-29T10:28:27.271432+00:00;CAF - Africa Cup of Nations Qualifiers;Ghana vs Gambia;1637205984;spread;AH-1;home;-1.0;1.847;1.847;0.0;2.871;away;1.0;1.962;1.962;0.0;51.51;1;0;5.51;0.0;0.0;100.0;14.29
1636868420-ah1-home_-1-1790678662;2026-09-29T10:44:22.518921+00:00;2026-09-29T10:55:02.259581+00:00;UEFA - Nations League C;Finland vs Belarus;1636868420;spread;AH-1;home;-1.0;2.01;2.04;0.985;1.592;away;1.0;1.885;1.855;38.24;48.4;2;10.66;5.26;8.21;33.73;100.0;37.52
1636868421-ou25-1790679514;2026-09-29T10:58:34.740936+00:00;2026-09-29T10:58:34.740936+00:00;UEFA - Nations League C;Slovakia vs Kazakhstan;1636868421;total;OU-2.5;over;2.5;1.8;1.8;4.102;0.0;under;2.5;2.09;2.09;100.0;53.73;1;0;7.77;34.19;0.0;100.0;59.77
1637185202-ou25-1790679723;2026-09-29T11:02:03.877733+00:00;2026-09-29T11:02:03.877733+00:00;CAF - Africa Cup of Nations Qualifiers;South Sudan vs Egypt;1637185202;total;OU-2.5;under;2.5;1.952;1.952;1.414;0.0;over;2.5;1.84;1.84;100.0;48.52;1;0;1.95;11.78;0.0;98.84;53.2
1637205984-ah1-home_-1-1790681228;2026-09-29T11:27:08.875032+00:00;2026-09-29T11:27:08.875032+00:00;CAF - Africa Cup of Nations Qualifiers;Ghana vs Gambia;1637205984;spread;AH-1;home;-1.0;1.8;1.8;2.545;0.0;away;1.0;2.01;2.01;100.0;52.76;1;0;4.55;21.21;0.0;100.0;56.06
1636868420-ah1-home_-1-1790681228;2026-09-29T11:27:08.875032+00:00;2026-09-29T11:27:08.875032+00:00;UEFA - Nations League C;Finland vs Belarus;1636868420;spread;AH-1;home;-1.0;2.0;2.0;1.961;0.0;away;1.0;1.893;1.893;100.0;48.63;1;0;4.53;16.34;0.0;100.0;54.67
1637181805-ah1-home_-1-1790682095;2026-09-29T11:41:35.995909+00:00;2026-09-29T11:41:35.995909+00:00;CAF - Africa Cup of Nations Qualifiers;Comoros vs Namibia;1637181805;spread;AH-1;home;-1.0;1.877;1.877;0.0;2.829;away;1.0;1.855;1.855;0.0;49.71;1;0;0.29;0.0;0.0;57.36;8.19
1637185200-ou25-1790682095;2026-09-29T11:41:35.995909+00:00;2026-09-29T11:41:35.995909+00:00;CAF - Africa Cup of Nations Qualifiers;Burundi vs Algeria;1637185200;total;OU-2.5;over;2.5;1.847;1.847;1.23;0.0;under;2.5;1.99;1.99;100.0;51.86;1;0;1.29;10.25;0.0;82.36;50.41
1637312254-ou25-1790683383;2026-09-29T12:03:03.565921+00:00;2026-09-29T12:03:03.565921+00:00;Paraguay - Tercera Division;29 de Setiembre vs 24 de Setiembre;1637312254;total;OU-2.5;over;2.5;1.82;1.82;4.662;0.0;under;2.5;1.893;1.893;100.0;50.98;1;0;5.94;38.85;0.0;100.0;61.1
1636868420-ah1-home_-1-1790683813;2026-09-29T12:10:13.322200+00:00;2026-09-29T12:10:13.322200+00:00;UEFA - Nations League C;Finland vs Belarus;1636868420;spread;AH-1;home;-1.0;2.02;2.02;0.0;1.631;away;1.0;1.87;1.87;0.0;48.07;1;0;3.82;0.0;0.0;100.0;14.29
1637208916-ah1-away_-1-1790684894;2026-09-29T12:28:14.590326+00:00;2026-09-29T12:28:14.590326+00:00;CAF - Africa Cup of Nations Qualifiers;Liberia vs Mali;1637208916;spread;AH-1;away;-1.0;1.826;1.826;3.539;0.0;home;1.0;2.0;2.0;100.0;52.27;1;0;6.52;29.49;0.0;100.0;58.43
1637185202-ou25-1790685327;2026-09-29T12:35:27.333723+00:00;2026-09-29T12:35:27.333723+00:00;CAF - Africa Cup of Nations Qualifiers;South Sudan vs Egypt;1637185202;total;OU-2.5;over;2.5;1.833;1.833;1.186;0.0;under;2.5;1.99;1.99;100.0;52.05;1;0;0.4;9.88;0.0;60.11;47.13
1637206075-ah1-home_-1-1790685542;2026-09-29T12:39:02.088776+00:00;2026-09-29T12:39:02.088776+00:00;CAF - Africa Cup of Nations Qualifiers;Gabon vs Niger;1637206075;spread;AH-1;home;-1.0;2.08;2.08;0.0;1.011;away;1.0;1.763;1.763;0.0;45.88;1;0;6.35;0.0;0.0;100.0;14.29
1637190759-ou25-1790685542;2026-09-29T12:39:02.088776+00:00;2026-09-29T12:39:02.088776+00:00;CAF - Africa Cup of Nations Qualifiers;Ethiopia vs Senegal;1637190759;total;OU-2.5;over;2.5;1.935;1.935;1.376;0.0;under;2.5;1.901;1.901;100.0;49.56;1;0;0.35;11.47;0.0;58.63;47.37
1637218383-ah1-away_-1-1790686406;2026-09-29T12:53:26.247101+00:00;2026-09-29T12:53:26.247101+00:00;Slovakia - Cup;Inter Bratislava vs Podbrezova;1637218383;spread;AH-1;away;-1.0;1.87;1.87;0.373;3.008;home;1.0;1.806;1.806;11.03;49.13;1;0;0.6;3.11;0.0;64.94;14.1
1637190759-ou25-1790686406;2026-09-29T12:53:26.247101+00:00;2026-09-29T12:53:26.247101+00:00;CAF - Africa Cup of Nations Qualifiers;Ethiopia vs Senegal;1637190759;total;OU-2.5;over;2.5;1.885;1.885;2.584;0.0;under;2.5;1.952;1.952;100.0;50.87;1;0;0.1;21.53;0.0;52.38;49.35
1637185200-ou25-1790686619;2026-09-29T12:56:59.818119+00:00;2026-09-29T12:56:59.818119+00:00;CAF - Africa Cup of Nations Qualifiers;Burundi vs Algeria;1637185200;total;OU-2.5;over;2.5;1.847;1.847;1.23;0.0;under;2.5;1.99;1.99;100.0;51.86;1;0;0.04;10.25;0.0;50.88;45.91
1637312171-ah1-home_-1-1790687899;2026-09-29T13:18:19.244040+00:00;2026-09-29T13:18:19.244040+00:00;Israel - Liga Bet;Bnei Yehud vs Hakoah Amidar Ramat Gan;1637312171;spread;AH-1;home;-1.0;1.833;1.833;4.382;0.0;away;1.0;1.877;1.877;100.0;50.59;1;0;4.44;36.52;0.0;100.0;60.43
1636868420-ah1-home_-1-1790689389;2026-09-29T13:43:09.621099+00:00;2026-09-29T13:43:09.621099+00:00;UEFA - Nations League C;Finland vs Belarus;1636868420;spread;AH-1;home;-1.0;1.943;1.943;1.869;0.0;away;1.0;1.943;1.943;100.0;50.0;1;0;2.28;15.57;0.0;100.0;54.45
1637208916-ah1-away_-1-1790690457;2026-09-29T14:00:57.739192+00:00;2026-09-29T14:00:57.739192+00:00;CAF - Africa Cup of Nations Qualifiers;Liberia vs Mali;1637208916;spread;AH-1;away;-1.0;1.926;1.926;0.0;5.35;home;1.0;1.893;1.893;0.0;49.57;1;0;4.98;0.0;0.0;100.0;14.29
1636868420-ah1-home_-1-1790691943;2026-09-29T14:25:43.203982+00:00;2026-09-29T14:25:43.203982+00:00;UEFA - Nations League C;Finland vs Belarus;1636868420;spread;AH-1;home;-1.0;1.99;1.99;0.0;2.613;away;1.0;1.901;1.901;0.0;48.86;1;0;1.56;0.0;0.0;89.03;12.72
1637307594-ou25-1790692583;2026-09-29T14:36:23.945430+00:00;2026-09-29T14:36:23.945430+00:00;Mexico - Copa Promesas MX;Ejidatarios de Bonfil vs Deportiva Venados;1637307594;total;OU-2.5;over;2.5;1.847;1.847;1.23;0.0;under;2.5;1.862;1.862;100.0;50.2;1;0;6.38;10.25;0.0;100.0;52.93
1637205986-ah1-away_-1-1790693009;2026-09-29T14:43:29.880253+00:00;2026-09-29T14:43:29.880253+00:00;CAF - Africa Cup of Nations Qualifiers;Guinea-Bissau vs Nigeria;1637205986;spread;AH-1;away;-1.0;1.893;1.893;2.171;0.0;home;1.0;1.962;1.962;100.0;50.89;1;0;1.27;18.09;0.0;81.85;52.57
1636868420-ah1-home_-1-1790693009;2026-09-29T14:43:29.880253+00:00;2026-09-29T14:43:29.880253+00:00;UEFA - Nations League C;Finland vs Belarus;1636868420;spread;AH-1;home;-1.0;1.885;1.885;5.276;0.0;away;1.0;2.0;2.0;100.0;51.48;1;0;1.27;43.97;0.0;81.67;59.94
1637113372-ou25-1790693009;2026-09-29T14:43:29.880253+00:00;2026-09-29T14:43:29.880253+00:00;Colombia - Primera A;Deportivo Pereira vs Independiente Santa Fe;1637113372;total;OU-2.5;over;2.5;1.813;1.813;10.248;0.0;under;2.5;2.04;2.04;100.0;52.95;1;0;5.76;85.4;0.0;100.0;74.4
1637113372-ah1-away_-1-1790693009;2026-09-29T14:43:29.880253+00:00;2026-09-29T14:43:29.880253+00:00;Colombia - Primera A;Deportivo Pereira vs Independiente Santa Fe;1637113372;spread;AH-1;away;-1.0;1.926;1.926;1.332;0.0;home;1.0;1.794;1.794;100.0;48.23;1;0;5.76;11.1;0.0;100.0;53.17
1636868420-ah1-home_-1-1790693856;2026-09-29T14:57:36.611936+00:00;2026-09-29T14:57:36.611936+00:00;UEFA - Nations League C;Finland vs Belarus;1636868420;spread;AH-1;home;-1.0;1.826;1.826;3.13;0.0;away;1.0;2.08;2.08;100.0;53.25;1;0;1.03;26.08;0.0;75.74;53.99
1636868420-ou25-1790693856;2026-09-29T14:57:36.611936+00:00;2026-09-29T14:57:36.611936+00:00;UEFA - Nations League C;Finland vs Belarus;1636868420;total;OU-2.5;over;2.5;1.935;1.935;2.764;0.0;under;2.5;1.935;1.935;100.0;50.0;1;0;1.03;23.03;0.0;75.74;53.12
1637206068-ah1-away_-1-1790694284;2026-09-29T15:04:44.481851+00:00;2026-09-29T15:04:44.481851+00:00;England - Isthmian Division 1 North;Fakenham Town vs Felixstowe and Walton United;1637206068;spread;AH-1;away;-1.0;1.855;1.855;0.0;5.885;home;1.0;1.855;1.855;0.0;50.0;1;0;3.66;0.0;0.0;100.0;14.29
1637208902-ah1-home_-1-1790694498;2026-09-29T15:08:18.317738+00:00;2026-09-29T15:08:18.317738+00:00;England - Southern Premier League Central;Bromsgrove Sporting vs Leamington;1637208902;spread;AH-1;home;-1.0;1.877;1.877;1.676;0.0;away;1.0;1.877;1.877;100.0;50.0;1;0;3.6;13.97;0.0;100.0;53.99
1636688813-ah1-away_-1-1790694709;2026-09-29T15:11:49.418159+00:00;2026-09-29T15:11:49.418159+00:00;England - National League;Hartlepool United vs Harrogate Town;1636688813;spread;AH-1;away;-1.0;1.926;1.926;0.0;1.048;home;1.0;1.794;1.794;0.0;48.23;1;0;3.55;0.0;0.0;100.0;14.29
1636866525-ah1-away_-1-1790694709;2026-09-29T15:11:49.418159+00:00;2026-09-29T15:11:49.418159+00:00;UEFA - Nations League A;Spain vs Croatia;1636866525;spread;AH-1;away;-1.0;2.01;2.01;1.951;0.0;home;1.0;1.752;1.752;100.0;46.57;1;0;3.55;16.26;0.0;100.0;54.65
1636868420-ou25-1790694709;2026-09-29T15:11:49.418159+00:00;2026-09-29T15:11:49.418159+00:00;UEFA - Nations League C;Finland vs Belarus;1636868420;total;OU-2.5;under;2.5;1.885;1.885;2.584;0.0;over;2.5;1.99;1.99;100.0;51.35;1;0;0.79;21.53;0.0;69.86;51.85
1636868420-ah1-home_-1-1790695767;2026-09-29T15:29:27.711884+00:00;2026-09-29T15:29:27.711884+00:00;UEFA - Nations League C;Finland vs Belarus;1636868420;spread;AH-1;home;-1.0;1.877;1.877;0.0;2.427;away;1.0;2.01;2.01;0.0;51.71;1;0;0.51;0.0;0.0;62.65;8.95
1636868420-ah1-home_-1-1790696616;2026-09-29T15:43:36.126072+00:00;2026-09-29T15:43:36.126072+00:00;UEFA - Nations League C;Finland vs Belarus;1636868420;spread;AH-1;home;-1.0;1.962;1.962;0.0;4.179;away;1.0;1.926;1.926;0.0;49.54;1;0;0.27;0.0;0.0;56.76;8.11
1637205986-ah1-away_-1-1790696616;2026-09-29T15:43:36.126072+00:00;2026-09-29T15:43:36.126072+00:00;CAF - Africa Cup of Nations Qualifiers;Guinea-Bissau vs Nigeria;1637205986;spread;AH-1;away;-1.0;1.926;1.926;0.0;2.283;home;1.0;1.926;1.926;0.0;50.0;1;0;0.26;0.0;0.0;56.54;8.08
1637208909-ou25-1790696827;2026-09-29T15:47:07.742663+00:00;2026-09-29T15:47:07.742663+00:00;Wales - Premier League;Cardiff Metropolitan University vs Haverfordwest County;1637208909;total;OU-2.5;under;2.5;1.971;1.971;1.94;0.0;over;2.5;1.84;1.84;100.0;48.28;1;0;2.96;16.17;0.0;100.0;54.62
1637281669-ah1-home_-1-1790697045;2026-09-29T15:50:45.050615+00:00;2026-09-29T15:50:45.050615+00:00;England - Northern League Division 1;Bootle vs Nantwich Town;1637281669;spread;AH-1;home;-1.0;1.787;1.787;1.434;0.0;away;1.0;1.926;1.926;100.0;51.87;1;0;2.89;11.95;0.0;100.0;53.41
1637205984-ou25-1790697465;2026-09-29T15:57:45.652143+00:00;2026-09-29T15:57:45.652143+00:00;CAF - Africa Cup of Nations Qualifiers;Ghana vs Gambia;1637205984;total;OU-2.5;over;2.5;1.952;1.952;3.366;0.0;under;2.5;1.885;1.885;100.0;49.13;1;0;0.03;28.05;0.0;50.68;50.97
1637206068-ah1-away_-1-1790697880;2026-09-29T16:04:40.385901+00:00;2026-09-29T16:04:40.385901+00:00;England - Isthmian Division 1 North;Fakenham Town vs Felixstowe and Walton United;1637206068;spread;AH-1;away;-1.0;1.877;1.877;0.0;1.186;home;1.0;1.833;1.833;0.0;49.41;1;0;2.66;0.0;0.0;100.0;14.29
1637208916-ah1-away_-1-1790698503;2026-09-29T16:15:03.788399+00:00;2026-09-29T16:15:03.788399+00:00;CAF - Africa Cup of Nations Qualifiers;Liberia vs Mali;1637208916;spread;AH-1;away;-1.0;1.901;1.901;1.298;0.0;home;1.0;1.917;1.917;100.0;50.21;1;0;2.74;10.82;0.0;100.0;53.09
1637206068-ah1-away_-1-1790698711;2026-09-29T16:18:31.307110+00:00;2026-09-29T16:18:31.307110+00:00;England - Isthmian Division 1 North;Fakenham Town vs Felixstowe and Walton United;1637206068;spread;AH-1;away;-1.0;1.926;1.926;0.0;2.128;home;1.0;1.794;1.794;0.0;48.23;1;0;2.43;0.0;0.0;100.0;14.29
1636867985-ah1-away_-1-1790698921;2026-09-29T16:22:01.023152+00:00;2026-09-29T16:22:01.023152+00:00;UEFA - Nations League B;Scotland vs Switzerland;1636867985;spread;AH-1;away;-1.0;1.98;1.98;0.0;3.008;home;1.0;1.806;1.806;0.0;47.7;1;0;2.37;0.0;0.0;100.0;14.29
1637208902-ah1-home_-1-1790698921;2026-09-29T16:22:01.023152+00:00;2026-09-29T16:22:01.023152+00:00;England - Southern Premier League Central;Bromsgrove Sporting vs Leamington;1637208902;spread;AH-1;home;-1.0;1.794;1.794;4.422;0.0;away;1.0;1.971;1.971;100.0;52.35;1;0;2.37;36.85;0.0;100.0;60.53
1636866525-ah1-away_-1-1790700169;2026-09-29T16:42:49.044409+00:00;2026-09-29T16:42:49.044409+00:00;UEFA - Nations League A;Spain vs Croatia;1636866525;spread;AH-1;away;-1.0;2.08;2.08;0.0;3.311;home;1.0;1.694;1.694;0.0;44.89;1;0;2.03;0.0;0.0;100.0;14.29
1636867984-ah1-home_-1-1790701623;2026-09-29T17:07:03.260984+00:00;2026-09-29T17:07:03.260984+00:00;UEFA - Nations League B;Slovenia vs North Macedonia;1636867984;spread;AH-1;home;-1.0;2.1;2.1;1.869;0.0;away;1.0;1.826;1.826;100.0;46.51;1;0;1.63;15.58;0.0;90.73;53.13
1637208902-ah1-home_-1-1790701831;2026-09-29T17:10:31.931909+00:00;2026-09-29T17:10:31.931909+00:00;England - Southern Premier League Central;Bromsgrove Sporting vs Leamington;1637208902;spread;AH-1;home;-1.0;1.833;1.833;0.0;1.91;away;1.0;1.952;1.952;0.0;51.57;1;0;1.56;0.0;0.0;89.08;12.73
1637312171-ah1-home_-1-1790702449;2026-09-29T17:20:49.793633+00:00;2026-09-29T17:20:49.793633+00:00;Israel - Liga Bet;Bnei Yehud vs Hakoah Amidar Ramat Gan;1637312171;spread;AH-1;home;-1.0;1.943;1.943;0.0;4.913;away;1.0;1.8;1.8;0.0;48.09;1;0;0.4;0.0;0.0;59.96;8.57
1637312171-ah1-home_-1-1790703274;2026-09-29T17:34:34.040813+00:00;2026-09-29T17:34:34.040813+00:00;Israel - Liga Bet;Bnei Yehud vs Hakoah Amidar Ramat Gan;1637312171;spread;AH-1;home;-1.0;1.833;1.833;5.661;0.0;away;1.0;1.909;1.909;100.0;51.02;1;0;0.17;47.18;0.0;54.18;56.93
1636867985-ah1-away_-1-1790703483;2026-09-29T17:38:03.416021+00:00;2026-09-29T17:38:03.416021+00:00;UEFA - Nations League B;Scotland vs Switzerland;1636867985;spread;AH-1;away;-1.0;1.952;1.952;1.414;0.0;home;1.0;1.833;1.833;100.0;48.43;1;0;1.11;11.78;0.0;77.71;50.18
1636867984-ah1-home_-1-1790703483;2026-09-29T17:38:03.416021+00:00;2026-09-29T17:38:03.416021+00:00;UEFA - Nations League B;Slovenia vs North Macedonia;1636867984;spread;AH-1;home;-1.0;1.98;1.98;5.714;0.0;away;1.0;1.926;1.926;100.0;49.31;1;0;1.11;47.62;0.0;77.71;60.42
1637208902-ah1-home_-1-1790705334;2026-09-29T18:08:54.400700+00:00;2026-09-29T18:08:54.400700+00:00;England - Southern Premier League Central;Bromsgrove Sporting vs Leamington;1637208902;spread;AH-1;home;-1.0;2.02;2.02;0.0;8.76;away;1.0;1.781;1.781;0.0;46.86;1;0;0.59;0.0;0.0;64.72;9.25
1637281669-ah1-home_-1-1790705946;2026-09-29T18:19:06.252999+00:00;2026-09-29T18:19:06.252999+00:00;England - Northern League Division 1;Bootle vs Nantwich Town;1637281669;spread;AH-1;home;-1.0;1.82;1.82;0.0;1.338;away;1.0;1.917;1.917;0.0;51.3;1;0;0.42;0.0;0.0;60.59;8.66
1637206065-ou25-1790707179;2026-09-29T18:39:39.103324+00:00;2026-09-29T18:39:39.103324+00:00;England - Southern Premier League Central;Hitchin Town vs Leighton Town;1637206065;total;OU-2.5;under;2.5;1.885;1.885;5.75;0.0;over;2.5;1.901;1.901;100.0;50.21;1;0;0.08;47.92;0.0;52.12;56.85
1636709480-ah1-away_-1-1790707384;2026-09-29T18:43:04.046353+00:00;2026-09-29T18:43:04.046353+00:00;England - National League;Gateshead vs Altrincham;1636709480;spread;AH-1;away;-1.0;2.01;2.01;1.951;0.0;home;1.0;1.855;1.855;100.0;47.99;1;0;0.03;16.26;0.0;50.78;47.61
1637208916-ah1-away_-1-1790707584;2026-09-29T18:46:24.943948+00:00;2026-09-29T18:46:24.943948+00:00;CAF - Africa Cup of Nations Qualifiers;Liberia vs Mali;1637208916;spread;AH-1;away;-1.0;1.943;1.943;0.0;1.75;home;1.0;1.909;1.909;0.0;49.56;1;0;0.23;0.0;0.0;55.63;7.95
1637435199-ah1-away_-1-1790708300;2026-09-29T18:58:20.234316+00:00;2026-09-29T18:58:20.234316+00:00;Chile - Cup;Puerto Montt vs Colo Colo;1637435199;spread;AH-1;away;-1.0;1.813;1.813;3.048;0.0;home;1.0;1.98;1.98;100.0;52.2;1;0;2.02;25.4;0.0;100.0;57.26
1637453275-ah1-home_-1-1790708655;2026-09-29T19:04:15.831024+00:00;2026-09-29T19:04:15.831024+00:00;Solomon Islands - S-League;Southern United vs Marist Fire;1637453275;spread;AH-1;home;-1.0;1.826;1.826;0.761;3.048;away;1.0;1.813;1.813;19.98;49.82;1;0;4.92;6.34;0.0;100.0;23.23
1637417633-ou25-1790710603;2026-09-29T19:36:43.415713+00:00;2026-09-29T19:36:43.415713+00:00;CONCACAF - Nations League B;Belize vs Saint Vincent and the Grenadines;1637417633;total;OU-2.5;over;2.5;1.862;1.862;2.869;0.0;under;2.5;1.926;1.926;100.0;50.84;1;0;6.38;23.91;0.0;100.0;56.83
1637113372-ou25-1790710956;2026-09-29T19:42:36.187790+00:00;2026-09-29T19:42:36.187790+00:00;Colombia - Primera A;Deportivo Pereira vs Independiente Santa Fe;1637113372;total;OU-2.5;under;2.5;1.99;1.99;1.97;0.0;over;2.5;1.847;1.847;100.0;48.14;1;0;0.78;16.42;0.0;69.53;50.34
1637435199-ah1-away_-1-1790712012;2026-09-29T20:00:12.442354+00:00;2026-09-29T20:00:12.442354+00:00;Chile - Cup;Puerto Montt vs Colo Colo;1637435199;spread;AH-1;away;-1.0;1.99;1.99;0.0;6.218;home;1.0;1.84;1.84;0.0;48.04;1;0;0.99;0.0;0.0;74.72;10.67
1637435199-ou25-1790712012;2026-09-29T20:00:12.442354+00:00;2026-09-29T20:00:12.442354+00:00;Chile - Cup;Puerto Montt vs Colo Colo;1637435199;total;OU-2.5;under;2.5;1.971;1.971;1.94;0.0;over;2.5;1.855;1.855;100.0;48.48;1;0;0.99;16.17;0.0;74.72;51.01
1637113372-ah1-away_-1-1790712012;2026-09-29T20:00:12.442354+00:00;2026-09-29T20:00:12.442354+00:00;Colombia - Primera A;Deportivo Pereira vs Independiente Santa Fe;1637113372;spread;AH-1;away;-1.0;1.885;1.885;2.129;0.0;home;1.0;1.84;1.84;100.0;49.4;1;0;0.49;17.74;0.0;62.13;49.66
1637453275-ah1-home_-1-1790713068;2026-09-29T20:17:48.931495+00:00;2026-09-29T20:17:48.931495+00:00;Solomon Islands - S-League;Southern United vs Marist Fire;1637453275;spread;AH-1;home;-1.0;1.794;1.794;1.752;0.0;away;1.0;1.847;1.847;100.0;50.73;1;0;3.69;14.6;0.0;100.0;54.17
1637113405-ou25-1790713769;2026-09-29T20:29:29.659911+00:00;2026-09-29T20:29:29.659911+00:00;Colombia - Primera A;Independiente Medellin vs Millonarios;1637113405;total;OU-2.5;over;2.5;1.98;1.98;1.0;0.0;under;2.5;1.862;1.862;100.0;48.46;1;0;4.58;8.33;0.0;100.0;52.38
1637435199-ah1-away_-1-1790714646;2026-09-29T20:44:06.864407+00:00;2026-09-29T20:44:06.864407+00:00;Chile - Cup;Puerto Montt vs Colo Colo;1637435199;spread;AH-1;away;-1.0;1.847;1.847;7.186;0.0;home;1.0;1.971;1.971;100.0;51.62;1;0;0.26;59.88;0.0;56.52;60.9
1637453275-ah1-home_-1-1790718561;2026-09-29T21:49:21.650976+00:00;2026-09-29T21:49:21.650976+00:00;Solomon Islands - S-League;Southern United vs Marist Fire;1637453275;spread;AH-1;home;-1.0;1.725;1.725;3.846;0.0;away;1.0;1.926;1.926;100.0;52.75;1;0;2.17;32.05;0.0;100.0;59.16
1637225848-ou25-1790739336;2026-09-30T03:35:36.634557+00:00;2026-09-30T03:35:36.634557+00:00;Israel - Liga Alef;Ironi Nesher vs Beitar Nahariya;1637225848;total;OU-2.5;over;2.5;1.84;1.84;1.182;0.0;under;2.5;1.87;1.87;100.0;50.4;1;0;10.9;9.85;0.0;63.79;47.64
1637225847-ou25-1790745519;2026-09-30T05:18:39.616700+00:00;2026-09-30T05:18:39.616700+00:00;Israel - Liga Alef;Maccabi Neve Shaanan vs Tira;1637225847;total;OU-2.5;under;2.5;1.752;1.752;2.667;0.0;over;2.5;1.971;1.971;100.0;52.94;1;0;6.68;22.22;0.0;100.0;56.35
1637417733-ou25-1790745702;2026-09-30T05:21:42.109196+00:00;2026-09-30T05:21:42.109196+00:00;India - Bangalore Super Division;Roots FC vs SC Bengaluru;1637417733;total;OU-2.5;over;2.5;1.8;1.8;3.33;0.0;under;2.5;1.943;1.943;100.0;51.91;1;0;0.13;27.75;0.0;53.19;51.24
1637259104-ah1-home_-1-1790746958;2026-09-30T05:42:38.653365+00:00;2026-09-30T05:54:46.092249+00:00;Arabian Gulf Cup;United Arab Emirates vs Qatar;1637259104;spread;AH-1;home;-1.0;2.06;1.833;55.097;19.098;away;1.0;1.813;1.885;74.26;46.81;10;12.12;11.78;100.0;77.17;52.73;79.16
1637259104-ou25-1790752249;2026-09-30T07:10:49.681968+00:00;2026-09-30T07:10:49.681968+00:00;Arabian Gulf Cup;United Arab Emirates vs Qatar;1637259104;total;OU-2.5;under;2.5;1.855;1.855;1.172;0.0;over;2.5;1.98;1.98;100.0;51.63;1;0;10.31;9.77;0.0;71.17;48.67
1637281671-ah1-away_-1-1790753395;2026-09-30T07:29:55.759570+00:00;2026-09-30T07:29:55.759570+00:00;England - Southern League Division 1;Aylesbury United vs Waltham Abbey;1637281671;spread;AH-1;away;-1.0;1.847;1.847;0.0;3.773;home;1.0;1.862;1.862;0.0;50.2;1;0;11.25;0.0;0.0;59.39;8.48
1637437100-ah1-away_-1-1790752814;2026-09-30T07:20:14.943639+00:00;2026-09-30T07:33:08.166251+00:00;Egypt - 2nd Division B;Al Jazeera Matrouh vs Al Olympi;1637437100;spread;AH-1;away;-1.0;1.769;1.746;1.3;0.51;home;1.0;1.952;1.98;71.84;52.46;2;12.89;6.15;10.83;36.13;100.0;50.78
1637259104-ou25-1790754169;2026-09-30T07:42:49.535007+00:00;2026-09-30T07:42:49.535007+00:00;Arabian Gulf Cup;United Arab Emirates vs Qatar;1637259104;total;OU-2.5;under;2.5;1.82;1.82;1.887;1.869;over;2.5;1.943;1.943;50.24;51.63;1;0;9.78;15.72;0.0;77.78;33.55
1637260708-ou25-1790756437;2026-09-30T08:20:37.559794+00:00;2026-09-30T08:20:37.559794+00:00;Paraguay - Cup;Independiente FBC vs Nacional Asuncion;1637260708;total;OU-2.5;under;2.5;1.752;1.752;1.628;0.0;over;2.5;1.971;1.971;100.0;52.94;1;0;11.64;13.57;0.0;54.48;47.37
1637259104-ou25-1790756829;2026-09-30T08:27:09.409351+00:00;2026-09-30T08:27:09.409351+00:00;Arabian Gulf Cup;United Arab Emirates vs Qatar;1637259104;total;OU-2.5;over;2.5;1.917;1.917;1.338;0.0;under;2.5;1.84;1.84;100.0;48.98;1;0;9.03;11.15;0.0;87.08;51.34
1637281671-ah1-away_-1-1790756241;2026-09-30T08:17:21.784830+00:00;2026-09-30T08:43:21.765783+00:00;England - Southern League Division 1;Aylesbury United vs Waltham Abbey;1637281671;spread;AH-1;away;-1.0;1.935;1.943;0.93;5.409;home;1.0;1.781;1.775;14.67;47.93;3;26.0;10.46;7.75;57.11;69.26;29.59
1637246652-ah1-away_-1-1790759284;2026-09-30T09:08:04.332418+00:00;2026-09-30T09:08:04.332418+00:00;Israel - Liga Alef;Tzeirey Tira vs MS Jerusalem;1637246652;spread;AH-1;away;-1.0;1.893;1.893;1.252;0.0;home;1.0;1.82;1.82;100.0;49.02;1;0;8.86;10.43;0.0;89.23;51.44
1637424287-ah1-away_-1-1790759284;2026-09-30T09:08:04.332418+00:00;2026-09-30T09:08:04.332418+00:00;India - Bangalore Super Division;Technico FF vs United Stars;1637424287;spread;AH-1;away;-1.0;1.806;1.806;4.997;0.0;home;1.0;1.935;1.935;100.0;51.72;1;0;1.36;41.64;0.0;83.92;59.6
1637259104-ou25-1790759481;2026-09-30T09:11:21.054569+00:00;2026-09-30T09:11:21.054569+00:00;Arabian Gulf Cup;United Arab Emirates vs Qatar;1637259104;total;OU-2.5;over;2.5;1.893;1.893;1.252;1.087;under;2.5;1.82;1.82;53.53;49.02;1;0;8.3;10.43;0.0;96.2;35.84
1637417734-ah1-home_-1-1790759678;2026-09-30T09:14:38.862099+00:00;2026-09-30T09:14:38.862099+00:00;India - Shillong Premier League;Rangdajied United vs Mylliem;1637417734;spread;AH-1;home;-1.0;1.885;1.885;0.0;4.35;away;1.0;1.781;1.781;0.0;48.58;1;0;0.25;0.0;0.0;56.33;8.05
1637244591-ah1-away_-1-1790760073;2026-09-30T09:21:13.095673+00:00;2026-09-30T09:21:13.095673+00:00;Israel - Liga Alef;AS Nordia Jerusalem vs Hapoel Hadera;1637244591;spread;AH-1;away;-1.0;1.971;1.971;0.0;4.783;home;1.0;1.752;1.752;0.0;47.06;1;0;7.48;0.0;0.0;100.0;14.29
1637278015-ah1-away_-1-1790761467;2026-09-30T09:44:27.823000+00:00;2026-09-30T09:44:27.823000+00:00;England - Southern League Division 1;London Lions vs Biggleswade Town;1637278015;spread;AH-1;away;-1.0;1.98;1.98;0.0;2.676;home;1.0;1.746;1.746;0.0;46.86;1;0;9.01;0.0;0.0;87.42;12.49
1637278016-ah1-away_-1-1790763186;2026-09-30T10:13:06.005367+00:00;2026-09-30T10:13:06.005367+00:00;England - Southern League Division 1;Exmouth Town vs Weymouth;1637278016;spread;AH-1;away;-1.0;1.926;1.926;1.332;0.0;home;1.0;1.787;1.787;100.0;48.13;1;0;8.52;11.1;0.0;93.45;52.24
1637437102-ou25-1790763586;2026-09-30T10:19:46.302687+00:00;2026-09-30T10:19:46.302687+00:00;Egypt - 2nd Division B;Al Nasr Taadeen vs Aswan;1637437102;total;OU-2.5;under;2.5;1.746;1.746;9.767;0.0;over;2.5;1.98;1.98;100.0;53.14;1;0;3.17;81.4;0.0;100.0;73.26
1637248860-ou25-1790764188;2026-09-30T10:29:48.316686+00:00;2026-09-30T10:29:48.316686+00:00;Montenegro - Druga Liga;Rudar Pljevlja vs Berane;1637248860;total;OU-2.5;under;2.5;1.741;1.741;1.915;0.0;over;2.5;1.98;1.98;100.0;53.21;1;0;2.5;15.96;0.0;100.0;54.56
1637225848-ou25-1790764590;2026-09-30T10:36:30.173250+00:00;2026-09-30T10:36:30.173250+00:00;Israel - Liga Alef;Ironi Nesher vs Beitar Nahariya;1637225848;total;OU-2.5;over;2.5;1.84;1.84;1.182;0.0;under;2.5;1.87;1.87;100.0;50.4;1;0;3.88;9.85;0.0;100.0;52.81
1637240797-ou25-1790765398;2026-09-30T10:49:58.239090+00:00;2026-09-30T10:49:58.239090+00:00;Egypt - 2nd Division B;Misr Elmaqasah vs Beni Suef SC;1637240797;total;OU-2.5;over;2.5;1.775;1.775;3.533;0.0;under;2.5;1.943;1.943;100.0;52.26;1;0;2.65;29.44;0.0;100.0;58.41
1637259104-ou25-1790766004;2026-09-30T11:00:04.719796+00:00;2026-09-30T11:00:04.719796+00:00;Arabian Gulf Cup;United Arab Emirates vs Qatar;1637259104;total;OU-2.5;over;2.5;1.909;1.909;2.701;0.0;under;2.5;1.84;1.84;100.0;49.08;1;0;6.49;22.51;0.0;100.0;56.43
1637240797-ou25-1790766532;2026-09-30T11:08:52.068865+00:00;2026-09-30T11:08:52.068865+00:00;Egypt - 2nd Division B;Misr Elmaqasah vs Beni Suef SC;1637240797;total;OU-2.5;under;2.5;1.909;1.909;1.75;0.0;over;2.5;1.806;1.806;100.0;48.61;1;0;2.35;14.58;0.0;100.0;54.17
1637262775-ah1-home_-1-1790767143;2026-09-30T11:19:03.337666+00:00;2026-09-30T11:19:03.337666+00:00;Peru - Liga 1;Cienciano vs Los Chankas;1637262775;spread;AH-1;home;-1.0;1.806;1.806;0.0;1.471;away;1.0;2.01;2.01;0.0;52.67;1;0;8.68;0.0;0.0;91.52;13.07
1637209860-ah1-away_-1-1790767467;2026-09-30T11:24:27.135282+00:00;2026-09-30T11:24:27.135282+00:00;Norway - Cup;Honefoss vs KFUM Oslo;1637209860;spread;AH-1;away;-1.0;1.763;1.763;2.758;0.0;home;1.0;1.962;1.962;100.0;52.67;1;0;4.59;22.98;0.0;100.0;56.57
1637225847-ou25-1790769110;2026-09-30T11:51:50.760818+00:00;2026-09-30T11:51:50.760818+00:00;Israel - Liga Alef;Maccabi Neve Shaanan vs Tira;1637225847;total;OU-2.5;over;2.5;1.935;1.935;1.376;0.0;under;2.5;1.806;1.806;100.0;48.28;1;0;0.12;11.47;0.0;53.1;46.58
1637281671-ah1-away_-1-1790769721;2026-09-30T12:02:01.172868+00:00;2026-09-30T12:02:01.172868+00:00;England - Southern League Division 1;Aylesbury United vs Waltham Abbey;1637281671;spread;AH-1;away;-1.0;1.862;1.862;4.169;0.0;home;1.0;1.847;1.847;100.0;49.8;1;0;6.71;34.74;0.0;100.0;59.93
1637209860-ah1-away_-1-1790770132;2026-09-30T12:08:52.538833+00:00;2026-09-30T12:08:52.538833+00:00;Norway - Cup;Honefoss vs KFUM Oslo;1637209860;spread;AH-1;away;-1.0;1.826;1.826;0.0;4.363;home;1.0;1.885;1.885;0.0;50.79;1;0;3.85;0.0;0.0;100.0;14.29
1637244593-ou25-1790770132;2026-09-30T12:08:52.538833+00:00;2026-09-30T12:08:52.538833+00:00;Israel - Liga Alef;Shimshon Tel Aviv vs Hapoel Nir Ramat HaSharon;1637244593;total;OU-2.5;over;2.5;1.909;1.909;1.75;0.0;under;2.5;1.833;1.833;100.0;48.98;1;0;0.35;14.58;0.0;58.65;48.26
1637262782-ah1-home_-1-1790770947;2026-09-30T12:22:27.332735+00:00;2026-09-30T12:22:27.332735+00:00;USA - USL Championship;Miami FC vs Sporting Club Jacksonville;1637262782;spread;AH-1;home;-1.0;1.926;1.926;2.283;0.0;away;1.0;1.926;1.926;100.0;50.0;1;0;10.62;19.03;0.0;67.3;50.76
1637244593-ou25-1790770947;2026-09-30T12:22:27.332735+00:00;2026-09-30T12:22:27.332735+00:00;Israel - Liga Alef;Shimshon Tel Aviv vs Hapoel Nir Ramat HaSharon;1637244593;total;OU-2.5;over;2.5;1.862;1.862;2.462;0.0;under;2.5;1.877;1.877;100.0;50.2;1;0;0.11;20.52;0.0;52.86;49.13
1637209860-ah1-away_-1-1790770947;2026-09-30T12:22:27.332735+00:00;2026-09-30T12:22:27.332735+00:00;Norway - Cup;Honefoss vs KFUM Oslo;1637209860;spread;AH-1;away;-1.0;1.901;1.901;0.0;3.82;home;1.0;1.813;1.813;0.0;48.82;1;0;3.61;0.0;0.0;100.0;14.29
1637209860-ah1-away_-1-1790771975;2026-09-30T12:39:35.471561+00:00;2026-09-30T12:39:35.471561+00:00;Norway - Cup;Honefoss vs KFUM Oslo;1637209860;spread;AH-1;away;-1.0;1.87;1.87;1.631;0.0;home;1.0;1.84;1.84;100.0;49.6;1;0;3.33;13.59;0.0;100.0;53.88
1637281671-ah1-away_-1-1790772385;2026-09-30T12:46:25.884352+00:00;2026-09-30T12:46:25.884352+00:00;England - Southern League Division 1;Aylesbury United vs Waltham Abbey;1637281671;spread;AH-1;away;-1.0;1.794;1.794;3.652;0.0;home;1.0;1.926;1.926;100.0;51.77;1;0;5.97;30.43;0.0;100.0;58.7
1637438554-ou25-1790773601;2026-09-30T13:06:41.752636+00:00;2026-09-30T13:06:41.752636+00:00;Egypt - 2nd Division B;MS Abu El Matamir vs Alexandria Petroleum;1637438554;total;OU-2.5;over;2.5;1.847;1.847;2.016;0.0;under;2.5;1.893;1.893;100.0;50.61;1;0;0.38;16.8;0.0;59.53;49.02
1637240797-ou25-1790773601;2026-09-30T13:06:41.752636+00:00;2026-09-30T13:06:41.752636+00:00;Egypt - 2nd Division B;Misr Elmaqasah vs Beni Suef SC;1637240797;total;OU-2.5;under;2.5;1.862;1.862;3.323;0.0;over;2.5;1.877;1.877;100.0;50.2;1;0;0.38;27.69;0.0;59.53;52.13
1637281671-ah1-away_-1-1790774215;2026-09-30T13:16:55.096387+00:00;2026-09-30T13:16:55.096387+00:00;England - Southern League Division 1;Aylesbury United vs Waltham Abbey;1637281671;spread;AH-1;away;-1.0;1.82;1.82;0.0;1.713;home;1.0;1.893;1.893;0.0;50.98;1;0;5.46;0.0;0.0;100.0;14.29
1637438554-ou25-1790774422;2026-09-30T13:20:22.099916+00:00;2026-09-30T13:20:22.099916+00:00;Egypt - 2nd Division B;MS Abu El Matamir vs Alexandria Petroleum;1637438554;total;OU-2.5;over;2.5;1.787;1.787;3.249;0.0;under;2.5;1.962;1.962;100.0;52.33;1;0;0.16;27.07;0.0;53.93;51.15
1637259104-ou25-1790775848;2026-09-30T13:44:08.804252+00:00;2026-09-30T13:44:08.804252+00:00;Arabian Gulf Cup;United Arab Emirates vs Qatar;1637259104;total;OU-2.5;over;2.5;1.917;1.917;1.793;0.0;under;2.5;1.847;1.847;100.0;49.07;1;0;3.76;14.94;0.0;100.0;54.27
1637246652-ah1-away_-1-1790779074;2026-09-30T14:37:54.126597+00:00;2026-09-30T14:37:54.126597+00:00;Israel - Liga Alef;Tzeirey Tira vs MS Jerusalem;1637246652;spread;AH-1;away;-1.0;1.943;1.943;0.0;2.096;home;1.0;1.775;1.775;0.0;47.74;1;0;3.36;0.0;0.0;100.0;14.29
1637426520-ou25-1790784089;2026-09-30T16:01:29.115575+00:00;2026-09-30T16:01:29.115575+00:00;Guatemala - Primera Division de Ascenso;Deportivo Iztapa vs Juventud Copalera;1637426520;total;OU-2.5;under;2.5;1.787;1.787;1.434;0.0;over;2.5;1.909;1.909;100.0;51.65;1;0;4.97;11.95;0.0;100.0;53.41
1637426520-ou25-1790785076;2026-09-30T16:17:56.354119+00:00;2026-09-30T16:31:12.065952+00:00;Guatemala - Primera Division de Ascenso;Deportivo Iztapa vs Juventud Copalera;1637426520;total;OU-2.5;over;2.5;1.901;1.813;5.048;1.623;under;2.5;1.758;1.84;75.67;48.05;2;13.26;4.7;42.07;36.5;100.0;61.15
1637259104-ou25-1790785872;2026-09-30T16:31:12.065952+00:00;2026-09-30T16:31:12.065952+00:00;Arabian Gulf Cup;United Arab Emirates vs Qatar;1637259104;total;OU-2.5;over;2.5;1.855;1.855;3.234;0.0;under;2.5;1.952;1.952;100.0;51.27;1;0;0.97;26.95;0.0;74.36;54.04
1637259104-ou25-1790786870;2026-09-30T16:47:50.992740+00:00;2026-09-30T16:47:50.992740+00:00;Arabian Gulf Cup;United Arab Emirates vs Qatar;1637259104;total;OU-2.5;over;2.5;1.8;1.8;2.965;0.0;under;2.5;2.01;2.01;100.0;52.76;1;0;0.7;24.71;0.0;67.56;52.42
1637426517-ah1-away_-1-1790786870;2026-09-30T16:47:50.992740+00:00;2026-09-30T16:47:50.992740+00:00;Paraguay - Tercera Division;3 de Febrero vs Club Sportivo Limpeno;1637426517;spread;AH-1;away;-1.0;1.87;1.87;0.0;6.821;home;1.0;1.735;1.735;0.0;48.13;1;0;1.2;0.0;0.0;79.9;11.41
1637426520-ou25-1790786870;2026-09-30T16:47:50.992740+00:00;2026-09-30T16:47:50.992740+00:00;Guatemala - Primera Division de Ascenso;Deportivo Iztapa vs Juventud Copalera;1637426520;total;OU-2.5;under;2.5;1.806;1.806;1.848;0.0;over;2.5;1.847;1.847;100.0;50.56;1;0;4.19;15.4;0.0;100.0;54.4
1637260708-ou25-1790786471;2026-09-30T16:41:11.699255+00:00;2026-09-30T16:54:25.704771+00:00;Paraguay - Cup;Independiente FBC vs Nacional Asuncion;1637260708;total;OU-2.5;over;2.5;1.901;1.935;3.551;1.765;under;2.5;1.813;1.781;66.8;48.82;2;13.23;3.3;29.6;36.47;100.0;54.41
1637260708-ou25-1790788248;2026-09-30T17:10:48.268036+00:00;2026-09-30T17:10:48.268036+00:00;Paraguay - Cup;Independiente FBC vs Nacional Asuncion;1637260708;total;OU-2.5;over;2.5;1.877;1.877;2.997;0.0;under;2.5;1.833;1.833;100.0;49.41;1;0;2.82;24.98;0.0;100.0;57.14
1637424307-ah1-home_-1-1790788248;2026-09-30T17:10:48.268036+00:00;2026-09-30T17:10:48.268036+00:00;Uruguay - Cup;Cerro Largo vs Rentistas;1637424307;spread;AH-1;home;-1.0;2.02;2.02;0.0;3.207;away;1.0;1.781;1.781;0.0;46.86;1;0;1.82;0.0;0.0;95.4;13.63
1637426520-ah1-home_-1-1790788644;2026-09-30T17:17:24.092572+00:00;2026-09-30T17:17:24.092572+00:00;Guatemala - Primera Division de Ascenso;Deportivo Iztapa vs Juventud Copalera;1637426520;spread;AH-1;home;-1.0;1.862;1.862;2.869;0.0;away;1.0;1.787;1.787;100.0;48.97;1;0;3.71;23.91;0.0;100.0;56.83
1637426520-ou25-1790788644;2026-09-30T17:17:24.092572+00:00;2026-09-30T17:17:24.092572+00:00;Guatemala - Primera Division de Ascenso;Deportivo Iztapa vs Juventud Copalera;1637426520;total;OU-2.5;over;2.5;1.806;1.806;2.22;0.0;under;2.5;1.847;1.847;100.0;50.56;1;0;3.71;18.5;0.0;100.0;55.29
1637246652-ah1-away_-1-1790789043;2026-09-30T17:24:03.585397+00:00;2026-09-30T17:24:03.585397+00:00;Israel - Liga Alef;Tzeirey Tira vs MS Jerusalem;1637246652;spread;AH-1;away;-1.0;1.901;1.901;3.109;0.0;home;1.0;1.833;1.833;100.0;49.09;1;0;0.59;25.91;0.0;64.67;52.36
1637502787-ou25-1790789645;2026-09-30T17:34:05.374151+00:00;2026-09-30T17:34:05.374151+00:00;Brazil - Piauiense Serie B;River PI vs Picos PI;1637502787;total;OU-2.5;under;2.5;1.847;1.847;4.102;0.0;over;2.5;1.862;1.862;100.0;50.2;1;0;3.92;34.18;0.0;100.0;59.77
1637262819-ou25-1790789645;2026-09-30T17:34:05.374151+00:00;2026-09-30T17:34:05.374151+00:00;Paraguay - Cup;Cerro Porteno vs Rubio Nu;1637262819;total;OU-2.5;under;2.5;1.741;1.741;1.915;0.0;over;2.5;1.98;1.98;100.0;53.21;1;0;4.92;15.96;0.0;100.0;54.56
1637259151-ou25-1790789243;2026-09-30T17:27:23.086139+00:00;2026-09-30T17:40:37.197004+00:00;USA - USL Championship;Sacramento Republic vs Las Vegas Lights;1637259151;total;OU-2.5;over;2.5;1.917;1.901;1.765;0.0;under;2.5;1.917;1.935;100.0;50.0;2;13.24;8.53;14.71;36.47;93.37;61.07
1637260708-ou25-1790790037;2026-09-30T17:40:37.197004+00:00;2026-09-30T17:40:37.197004+00:00;Paraguay - Cup;Independiente FBC vs Nacional Asuncion;1637260708;total;OU-2.5;under;2.5;1.806;1.806;1.473;0.0;over;2.5;1.901;1.901;100.0;51.28;1;0;2.32;12.27;0.0;100.0;53.51
1637259151-ah1-home_-1-1790790037;2026-09-30T17:40:37.197004+00:00;2026-09-30T17:40:37.197004+00:00;USA - USL Championship;Sacramento Republic vs Las Vegas Lights;1637259151;spread;AH-1;home;-1.0;1.98;1.98;3.415;0.0;away;1.0;1.877;1.877;100.0;48.66;1;0;8.31;28.46;0.0;96.16;57.58
1637262773-ou25-1790790629;2026-09-30T17:50:29.109607+00:00;2026-09-30T17:50:29.109607+00:00;Spain - Federation Cup;Navalcarnero vs Real Murcia;1637262773;total;OU-2.5;under;2.5;1.813;1.813;2.264;0.0;over;2.5;1.935;1.935;100.0;51.63;1;0;0.15;18.87;0.0;53.69;48.78
1637424305-ah1-home_-1-1790790629;2026-09-30T17:50:29.109607+00:00;2026-09-30T17:50:29.109607+00:00;Panama - Liga Prom;Potros del Este vs Champions Academy;1637424305;spread;AH-1;home;-1.0;1.806;1.806;0.0;3.517;away;1.0;1.893;1.893;0.0;51.18;1;0;5.15;0.0;0.0;100.0;14.29
1637260708-ou25-1790791803;2026-09-30T18:10:03.506487+00:00;2026-09-30T18:10:03.506487+00:00;Paraguay - Cup;Independiente FBC vs Nacional Asuncion;1637260708;total;OU-2.5;over;2.5;1.862;1.862;2.052;0.0;under;2.5;1.862;1.862;100.0;50.0;1;0;1.82;17.1;0.0;95.46;54.24
1637260708-ou25-1790792777;2026-09-30T18:26:17.574319+00:00;2026-09-30T18:26:17.574319+00:00;Paraguay - Cup;Independiente FBC vs Nacional Asuncion;1637260708;total;OU-2.5;over;2.5;1.806;1.806;3.008;0.0;under;2.5;1.877;1.877;100.0;50.96;1;0;1.55;25.06;0.0;88.73;55.55
1637262819-ou25-1790794320;2026-09-30T18:52:00.477552+00:00;2026-09-30T18:52:00.477552+00:00;Paraguay - Cup;Cerro Porteno vs Rubio Nu;1637262819;total;OU-2.5;over;2.5;1.952;1.952;1.414;0.0;under;2.5;1.769;1.769;100.0;47.54;1;0;3.63;11.78;0.0;100.0;53.37
1637260708-ou25-1790795445;2026-09-30T19:10:45.445493+00:00;2026-09-30T19:10:45.445493+00:00;Paraguay - Cup;Independiente FBC vs Nacional Asuncion;1637260708;total;OU-2.5;under;2.5;1.847;1.847;2.43;0.0;over;2.5;1.833;1.833;100.0;49.81;1;0;0.81;20.25;0.0;70.14;51.52
1637262808-ou25-1790795632;2026-09-30T19:13:52.148164+00:00;2026-09-30T19:13:52.148164+00:00;El Salvador - Primera Division;Alianza vs CD Platense;1637262808;total;OU-2.5;over;2.5;1.84;1.84;2.387;0.0;under;2.5;1.943;1.943;100.0;51.36;1;0;4.77;19.89;0.0;100.0;55.68
1637260708-ou25-1790796382;2026-09-30T19:26:22.145935+00:00;2026-09-30T19:26:22.145935+00:00;Paraguay - Cup;Independiente FBC vs Nacional Asuncion;1637260708;total;OU-2.5;under;2.5;1.746;1.746;5.468;0.0;over;2.5;1.943;1.943;100.0;52.67;1;0;0.55;45.57;0.0;63.66;57.83
1637426520-ah1-home_-1-1790796755;2026-09-30T19:32:35.978242+00:00;2026-09-30T19:32:35.978242+00:00;Guatemala - Primera Division de Ascenso;Deportivo Iztapa vs Juventud Copalera;1637426520;spread;AH-1;home;-1.0;1.752;1.752;6.66;0.0;away;1.0;1.935;1.935;100.0;52.48;1;0;1.45;55.5;0.0;86.16;63.88
1637426520-ou25-1790796755;2026-09-30T19:32:35.978242+00:00;2026-09-30T19:32:35.978242+00:00;Guatemala - Primera Division de Ascenso;Deportivo Iztapa vs Juventud Copalera;1637426520;total;OU-2.5;over;2.5;1.781;1.781;2.143;0.0;under;2.5;1.901;1.901;100.0;51.63;1;0;1.45;17.86;0.0;86.16;53.13
1637424305-ah1-home_-1-1790796941;2026-09-30T19:35:41.803195+00:00;2026-09-30T19:35:41.803195+00:00;Panama - Liga Prom;Potros del Este vs Champions Academy;1637424305;spread;AH-1;home;-1.0;1.763;1.763;2.758;0.0;away;1.0;1.952;1.952;100.0;52.54;1;0;3.39;22.98;0.0;100.0;56.57
1637260708-ou25-1790798231;2026-09-30T19:57:11.165411+00:00;2026-09-30T19:57:11.165411+00:00;Paraguay - Cup;Independiente FBC vs Nacional Asuncion;1637260708;total;OU-2.5;over;2.5;1.877;1.877;2.544;0.0;under;2.5;1.862;1.862;100.0;49.8;1;0;0.04;21.2;0.0;50.89;49.04
1637426520-ou25-1790798598;2026-09-30T20:03:18.633435+00:00;2026-09-30T20:03:18.633435+00:00;Guatemala - Primera Division de Ascenso;Deportivo Iztapa vs Juventud Copalera;1637426520;total;OU-2.5;over;2.5;1.763;1.763;1.011;0.0;under;2.5;1.926;1.926;100.0;52.21;1;0;0.93;8.42;0.0;73.26;48.59
1637259151-ah1-home_-1-1790799141;2026-09-30T20:12:21.285906+00:00;2026-09-30T20:12:21.285906+00:00;USA - USL Championship;Sacramento Republic vs Las Vegas Lights;1637259151;spread;AH-1;home;-1.0;1.935;1.935;2.273;0.0;away;1.0;1.917;1.917;100.0;49.77;1;0;5.78;18.94;0.0;100.0;55.41
1637502787-ou25-1790800423;2026-09-30T20:33:43.780287+00:00;2026-09-30T20:33:43.780287+00:00;Brazil - Piauiense Serie B;River PI vs Picos PI;1637502787;total;OU-2.5;over;2.5;1.82;1.82;3.448;0.0;under;2.5;1.917;1.917;100.0;51.3;1;0;0.93;28.74;0.0;73.16;54.38
1637262808-ou25-1790804717;2026-09-30T21:45:17.579821+00:00;2026-09-30T21:45:17.579821+00:00;El Salvador - Primera Division;Alianza vs CD Platense;1637262808;total;OU-2.5;over;2.5;1.8;1.8;2.174;0.0;under;2.5;1.99;1.99;100.0;52.51;1;0;2.24;18.12;0.0;100.0;55.18
1637423344-ah1-home_-1-1790808749;2026-09-30T22:52:29.322682+00:00;2026-09-30T22:52:29.322682+00:00;Guatemala - Primera Division de Ascenso;Deportivo Gomerano vs Chichicasteco;1637423344;spread;AH-1;home;-1.0;1.794;1.794;2.87;0.0;away;1.0;1.926;1.926;100.0;51.77;1;0;2.12;23.91;0.0;100.0;56.83
1637424305-ah1-home_-1-1790808749;2026-09-30T22:52:29.322682+00:00;2026-09-30T22:52:29.322682+00:00;Panama - Liga Prom;Potros del Este vs Champions Academy;1637424305;spread;AH-1;home;-1.0;2.01;2.01;0.0;10.246;away;1.0;1.752;1.752;0.0;46.57;1;0;0.12;0.0;0.0;52.99;7.57
1637260762-ah1-away_-1-1790808749;2026-09-30T22:52:29.322682+00:00;2026-09-30T22:52:29.322682+00:00;Canada - Premier League;Atletico Ottawa vs Cavalry;1637260762;spread;AH-1;away;-1.0;2.04;2.04;0.0;1.048;home;1.0;1.794;1.794;0.0;46.79;1;0;0.11;0.0;0.0;52.84;7.55
1637259151-ah1-home_-1-1790818285;2026-10-01T01:31:25.100224+00:00;2026-10-01T01:31:25.100224+00:00;USA - USL Championship;Sacramento Republic vs Las Vegas Lights;1637259151;spread;AH-1;home;-1.0;1.806;1.806;6.667;0.0;away;1.0;2.06;2.06;100.0;53.29;1;0;0.47;55.56;0.0;61.71;60.4
1637259151-ou25-1790818285;2026-10-01T01:31:25.100224+00:00;2026-10-01T01:31:25.100224+00:00;USA - USL Championship;Sacramento Republic vs Las Vegas Lights;1637259151;total;OU-2.5;over;2.5;1.855;1.855;1.592;0.0;under;2.5;1.99;1.99;100.0;51.76;1;0;0.47;13.26;0.0;61.71;48.32
1637446237-ah1-home_-1-1790822843;2026-10-01T02:47:23.944517+00:00;2026-10-01T02:47:23.944517+00:00;Oman - Cup;Al-Nasr vs Samail;1637446237;spread;AH-1;home;-1.0;1.847;1.847;0.0;4.169;away;1.0;1.862;1.862;0.0;50.2;1;0;10.7;0.0;0.0;66.21;9.46
1637446237-ah1-home_-1-1790823704;2026-10-01T03:01:44.159093+00:00;2026-10-01T03:01:44.159093+00:00;Oman - Cup;Al-Nasr vs Samail;1637446237;spread;AH-1;home;-1.0;1.935;1.935;0.0;4.35;away;1.0;1.781;1.781;0.0;47.93;1;0;10.46;0.0;0.0;69.2;9.89
1637446238-ou25-1790824728;2026-10-01T03:18:48.762519+00:00;2026-10-01T03:18:48.762519+00:00;Oman - Cup;Al-Musannah vs Ibri;1637446238;total;OU-2.5;over;2.5;1.813;1.813;3.82;0.0;under;2.5;1.901;1.901;100.0;51.18;1;0;11.1;31.83;0.0;61.29;53.56
1637290074-ah1-home_-1-1790836182;2026-10-01T06:29:42.324044+00:00;2026-10-01T06:29:42.324044+00:00;Qatar - Stars Cup;Al-Shamal vs Muaither;1637290074;spread;AH-1;home;-1.0;1.833;1.833;1.979;0.0;away;1.0;1.926;1.926;100.0;51.24;1;0;10.74;16.49;0.0;65.69;49.81
1637329079-ou25-1790837294;2026-10-01T06:48:14.210369+00:00;2026-10-01T06:48:14.210369+00:00;Poland - 3rd Liga;Podlasie Biala Podlaska vs Star Starachowice;1637329079;total;OU-2.5;under;2.5;1.87;1.87;3.757;0.0;over;2.5;1.84;1.84;100.0;49.6;1;0;9.18;31.31;0.0;85.21;56.83
1637448194-ah1-away_-1-1790838247;2026-10-01T07:04:07.495730+00:00;2026-10-01T07:04:07.495730+00:00;India - Bangalore Super Division;HAL SC Bangalore vs FC Bengaluru United;1637448194;spread;AH-1;away;-1.0;1.781;1.781;1.384;0.0;home;1.0;1.962;1.962;100.0;52.42;1;0;0.92;11.54;0.0;73.01;49.44
1637448194-ah1-away_-1-1790839210;2026-10-01T07:20:10.655706+00:00;2026-10-01T07:20:10.655706+00:00;India - Bangalore Super Division;HAL SC Bangalore vs FC Bengaluru United;1637448194;spread;AH-1;away;-1.0;1.926;1.926;0.0;7.594;home;1.0;1.813;1.813;0.0;48.49;1;0;0.66;0.0;0.0;66.47;9.5
1637448194-ah1-away_-1-1790840995;2026-10-01T07:49:55.290634+00:00;2026-10-01T07:49:55.290634+00:00;India - Bangalore Super Division;HAL SC Bangalore vs FC Bengaluru United;1637448194;spread;AH-1;away;-1.0;1.806;1.806;6.231;0.0;home;1.0;1.862;1.862;100.0;50.76;1;0;0.16;51.92;0.0;53.88;58.25
1637290096-ah1-home_-1-1790842190;2026-10-01T08:09:50.040622+00:00;2026-10-01T08:23:04.267699+00:00;Peru - League Cup;Sporting Cristal vs Asociacion Deportiva Tarma;1637290096;spread;AH-1;home;-1.0;1.758;1.862;3.724;5.861;away;1.0;1.962;1.847;38.85;52.74;2;13.24;11.83;31.03;36.47;52.16;38.01
1637277994-ou25-1790842984;2026-10-01T08:23:04.267699+00:00;2026-10-01T08:23:04.267699+00:00;Israel - Ligat Leumit;Hapoel Raanana vs Kafr Qasim;1637277994;total;OU-2.5;over;2.5;1.847;1.847;1.23;0.0;under;2.5;1.935;1.935;100.0;51.16;1;0;7.6;10.25;0.0;100.0;52.93
1637402922-ah1-home_-1-1790842984;2026-10-01T08:23:04.267699+00:00;2026-10-01T08:23:04.267699+00:00;Israel - Liga Alef;Maccabi Yavne vs Ironi Beit Shemesh;1637402922;spread;AH-1;home;-1.0;1.775;1.775;4.313;0.0;away;1.0;1.926;1.926;100.0;52.04;1;0;7.1;35.94;0.0;100.0;60.27
1637402922-ou25-1790842984;2026-10-01T08:23:04.267699+00:00;2026-10-01T08:23:04.267699+00:00;Israel - Liga Alef;Maccabi Yavne vs Ironi Beit Shemesh;1637402922;total;OU-2.5;over;2.5;1.769;1.769;1.394;0.0;under;2.5;1.935;1.935;100.0;52.24;1;0;7.1;11.61;0.0;100.0;53.32
1637402922-ah1-home_-1-1790845574;2026-10-01T09:06:14.301615+00:00;2026-10-01T09:06:14.301615+00:00;Israel - Liga Alef;Maccabi Yavne vs Ironi Beit Shemesh;1637402922;spread;AH-1;home;-1.0;1.73;1.73;2.535;0.0;away;1.0;1.98;1.98;100.0;53.37;1;0;6.39;21.13;0.0;100.0;56.04
1637277994-ou25-1790846786;2026-10-01T09:26:26.050862+00:00;2026-10-01T09:26:26.050862+00:00;Israel - Ligat Leumit;Hapoel Raanana vs Kafr Qasim;1637277994;total;OU-2.5;under;2.5;1.82;1.82;5.943;0.0;over;2.5;1.971;1.971;100.0;51.99;1;0;6.54;49.53;0.0;100.0;64.15
1637277994-ou25-1790847602;2026-10-01T09:40:02.129383+00:00;2026-10-01T09:40:02.129383+00:00;Israel - Ligat Leumit;Hapoel Raanana vs Kafr Qasim;1637277994;total;OU-2.5;over;2.5;1.84;1.84;6.646;0.0;under;2.5;1.952;1.952;100.0;51.48;1;0;6.32;55.39;0.0;100.0;65.82
1637446237-ou25-1790849218;2026-10-01T10:06:58.364760+00:00;2026-10-01T10:06:58.364760+00:00;Oman - Cup;Al-Nasr vs Samail;1637446237;total;OU-2.5;under;2.5;1.847;1.847;2.43;1.429;over;2.5;1.794;1.794;62.98;49.27;1;0;3.38;20.25;0.0;100.0;42.56
1637402922-ou25-1790851043;2026-10-01T10:37:23.953168+00:00;2026-10-01T10:37:23.953168+00:00;Israel - Liga Alef;Maccabi Yavne vs Ironi Beit Shemesh;1637402922;total;OU-2.5;under;2.5;1.862;1.862;4.611;0.0;over;2.5;1.833;1.833;100.0;49.61;1;0;4.87;38.42;0.0;100.0;60.98
1637443913-ah1-home_-1-1790852063;2026-10-01T10:54:23.901948+00:00;2026-10-01T10:54:23.901948+00:00;CAF - Africa Cup of Nations Qualifiers;Guinea vs Kenya;1637443913;spread;AH-1;home;-1.0;2.07;2.07;0.0;1.722;away;1.0;1.769;1.769;0.0;46.08;1;0;5.09;0.0;0.0;100.0;14.29
1637402922-ah1-home_-1-1790852063;2026-10-01T10:54:23.901948+00:00;2026-10-01T10:54:23.901948+00:00;Israel - Liga Alef;Maccabi Yavne vs Ironi Beit Shemesh;1637402922;spread;AH-1;home;-1.0;1.84;1.84;0.0;6.313;away;1.0;1.855;1.855;0.0;50.2;1;0;4.59;0.0;0.0;100.0;14.29
1637402922-ou25-1790852063;2026-10-01T10:54:23.901948+00:00;2026-10-01T10:54:23.901948+00:00;Israel - Liga Alef;Maccabi Yavne vs Ironi Beit Shemesh;1637402922;total;OU-2.5;over;2.5;1.794;1.794;2.128;0.0;under;2.5;1.901;1.901;100.0;51.45;1;0;4.59;17.73;0.0;100.0;55.07
1637402922-ah1-home_-1-1790852870;2026-10-01T11:07:50.338104+00:00;2026-10-01T11:07:50.338104+00:00;Israel - Liga Alef;Maccabi Yavne vs Ironi Beit Shemesh;1637402922;spread;AH-1;home;-1.0;1.746;1.746;5.109;0.0;away;1.0;1.962;1.962;100.0;52.91;1;0;4.37;42.57;0.0;100.0;62.16
1637402922-ou25-1790852870;2026-10-01T11:07:50.338104+00:00;2026-10-01T11:07:50.338104+00:00;Israel - Liga Alef;Maccabi Yavne vs Ironi Beit Shemesh;1637402922;total;OU-2.5;over;2.5;1.769;1.769;1.394;0.0;under;2.5;1.935;1.935;100.0;52.24;1;0;4.37;11.61;0.0;100.0;53.32
1637281650-ou25-1790853072;2026-10-01T11:11:12.727690+00:00;2026-10-01T11:11:12.727690+00:00;Israel - Ligat Leumit;Maccabi Ahi Nazareth vs Ironi Modiin;1637281650;total;OU-2.5;over;2.5;1.806;1.806;1.095;0.0;under;2.5;1.99;1.99;100.0;52.42;1;0;4.8;9.13;0.0;100.0;52.61
1637281614-ah1-home_-1-1790854084;2026-10-01T11:28:04.435230+00:00;2026-10-01T11:28:04.435230+00:00;UAE - League Cup;Sharjah FC vs Al Dhafra;1637281614;spread;AH-1;home;-1.0;1.901;1.901;2.613;0.0;away;1.0;1.917;1.917;100.0;50.21;1;0;1.77;21.77;0.0;94.24;55.4
1637472025-ou25-1790854491;2026-10-01T11:34:51.789919+00:00;2026-10-01T11:34:51.789919+00:00;Israel - Liga Bet;Givat Olga vs Maccabi Ironi Kfar Yona;1637472025;total;OU-2.5;over;2.5;1.877;1.877;2.544;0.0;under;2.5;1.833;1.833;100.0;49.41;1;0;4.42;21.2;0.0;100.0;56.06
1637281614-ah1-home_-1-1790854902;2026-10-01T11:41:42.871070+00:00;2026-10-01T11:41:42.871070+00:00;UAE - League Cup;Sharjah FC vs Al Dhafra;1637281614;spread;AH-1;home;-1.0;1.855;1.855;2.42;0.0;away;1.0;1.962;1.962;100.0;51.4;1;0;1.55;20.16;0.0;88.84;54.17
1637448243-ah1-home_-1-1790855516;2026-10-01T11:51:56.862910+00:00;2026-10-01T11:51:56.862910+00:00;Israel - Liga Bet;Maccabi Ihud Bnei Avtin vs Hapoel Bnei Bi'ina;1637448243;spread;AH-1;home;-1.0;1.901;1.901;0.0;2.387;away;1.0;1.84;1.84;0.0;49.18;1;0;0.12;0.0;0.0;52.96;7.57
1636868423-ou25-1790855719;2026-10-01T11:55:19.814293+00:00;2026-10-01T11:55:19.814293+00:00;UEFA - Nations League B;Israel vs Kosovo;1636868423;total;OU-2.5;over;2.5;1.847;1.847;4.548;0.0;under;2.5;2.05;2.05;100.0;52.6;1;0;6.82;37.9;0.0;100.0;60.83
1637443913-ah1-home_-1-1790856538;2026-10-01T12:08:58.456686+00:00;2026-10-01T12:08:58.456686+00:00;CAF - Africa Cup of Nations Qualifiers;Guinea vs Kenya;1637443913;spread;AH-1;home;-1.0;2.03;2.03;1.932;0.0;away;1.0;1.8;1.8;100.0;47.0;1;0;3.85;16.1;0.0;100.0;54.6
1637277956-ah1-home_-1-1790856747;2026-10-01T12:12:27.362312+00:00;2026-10-01T12:12:27.362312+00:00;FIFA - ASEAN Cup Division 1;Malaysia vs Singapore;1637277956;spread;AH-1;home;-1.0;1.935;1.935;0.0;7.718;away;1.0;1.901;1.901;0.0;49.56;1;0;0.29;0.0;0.0;57.28;8.18
1637451463-ah1-home_-1-1790856747;2026-10-01T12:12:27.362312+00:00;2026-10-01T12:12:27.362312+00:00;CONCACAF - Nations League A;Curacao vs Trinidad and Tobago;1637451463;spread;AH-1;home;-1.0;1.893;1.893;2.573;0.0;away;1.0;1.962;1.962;100.0;50.89;1;0;9.78;21.44;0.0;77.75;52.95
1637329079-ou25-1790857366;2026-10-01T12:22:46.857718+00:00;2026-10-01T12:22:46.857718+00:00;Poland - 3rd Liga;Podlasie Biala Podlaska vs Star Starachowice;1637329079;total;OU-2.5;over;2.5;1.787;1.787;2.88;0.0;under;2.5;1.926;1.926;100.0;51.87;1;0;3.6;24.0;0.0;100.0;56.86
1637312275-ou25-1790859805;2026-10-01T13:03:25.559574+00:00;2026-10-01T13:03:25.559574+00:00;Brazil - Carioca B2;Belford Roxo vs Santa Cruz RJ;1637312275;total;OU-2.5;under;2.5;1.855;1.855;3.686;0.0;over;2.5;1.855;1.855;100.0;50.0;1;0;4.93;30.72;0.0;100.0;58.78
1637451463-ah1-home_-1-1790862058;2026-10-01T13:40:58.457998+00:00;2026-10-01T13:40:58.457998+00:00;CONCACAF - Nations League A;Curacao vs Trinidad and Tobago;1637451463;spread;AH-1;home;-1.0;1.847;1.847;1.598;0.0;away;1.0;2.01;2.01;100.0;52.11;1;0;8.3;13.32;0.0;96.23;53.27
1637360364-ah1-away_-1-1790863680;2026-10-01T14:08:00.355901+00:00;2026-10-01T14:08:00.355901+00:00;El Salvador - Primera Division;Fuerte San Francisco vs Luis Angel Firpo;1637360364;spread;AH-1;away;-1.0;1.952;1.952;1.91;0.0;home;1.0;1.84;1.84;100.0;48.52;1;0;7.36;15.91;0.0;100.0;54.55
1637360364-ou25-1790863680;2026-10-01T14:08:00.355901+00:00;2026-10-01T14:08:00.355901+00:00;El Salvador - Primera Division;Fuerte San Francisco vs Luis Angel Firpo;1637360364;total;OU-2.5;over;2.5;1.926;1.926;4.653;0.0;under;2.5;1.862;1.862;100.0;49.16;1;0;7.36;38.78;0.0;100.0;61.08
1637290096-ah1-home_-1-1790863883;2026-10-01T14:11:23.891979+00:00;2026-10-01T14:11:23.891979+00:00;Peru - League Cup;Sporting Cristal vs Asociacion Deportiva Tarma;1637290096;spread;AH-1;home;-1.0;1.8;1.8;3.33;0.0;away;1.0;1.893;1.893;100.0;51.26;1;0;5.81;27.75;0.0;100.0;57.93
1637290074-ah1-home_-1-1790864289;2026-10-01T14:18:09.499768+00:00;2026-10-01T14:18:09.499768+00:00;Qatar - Stars Cup;Al-Shamal vs Muaither;1637290074;spread;AH-1;home;-1.0;1.847;1.847;0.0;4.102;away;1.0;1.847;1.847;0.0;50.0;1;0;2.94;0.0;0.0;100.0;14.29
1636866908-ah1-away_-1-1790864698;2026-10-01T14:24:58.678779+00:00;2026-10-01T14:24:58.678779+00:00;UEFA - Nations League A;Germany vs Serbia;1636866908;spread;AH-1;away;-1.0;1.855;1.855;2.42;0.0;home;1.0;1.877;1.877;100.0;50.29;1;0;4.33;20.16;0.0;100.0;55.76
1637360364-ah1-away_-1-1790864698;2026-10-01T14:24:58.678779+00:00;2026-10-01T14:24:58.678779+00:00;El Salvador - Primera Division;Fuerte San Francisco vs Luis Angel Firpo;1637360364;spread;AH-1;away;-1.0;1.885;1.885;3.432;0.0;home;1.0;1.901;1.901;100.0;50.21;1;0;7.08;28.6;0.0;100.0;58.17
1637360364-ou25-1790864698;2026-10-01T14:24:58.678779+00:00;2026-10-01T14:24:58.678779+00:00;El Salvador - Primera Division;Fuerte San Francisco vs Luis Angel Firpo;1637360364;total;OU-2.5;over;2.5;1.8;1.8;6.542;0.0;under;2.5;2.0;2.0;100.0;52.63;1;0;7.08;54.52;0.0;100.0;65.58
1637290096-ah1-home_-1-1790864698;2026-10-01T14:24:58.678779+00:00;2026-10-01T14:24:58.678779+00:00;Peru - League Cup;Sporting Cristal vs Asociacion Deportiva Tarma;1637290096;spread;AH-1;home;-1.0;1.926;1.926;0.0;6.233;away;1.0;1.775;1.775;0.0;47.96;1;0;5.57;0.0;0.0;100.0;14.29
1637290096-ah1-home_-1-1790865712;2026-10-01T14:41:52.847677+00:00;2026-10-01T14:41:52.847677+00:00;Peru - League Cup;Sporting Cristal vs Asociacion Deportiva Tarma;1637290096;spread;AH-1;home;-1.0;1.901;1.901;1.298;0.0;away;1.0;1.794;1.794;100.0;48.55;1;0;5.29;10.82;0.0;100.0;53.09
1637290096-ah1-home_-1-1790866519;2026-10-01T14:55:19.651011+00:00;2026-10-01T14:55:19.651011+00:00;Peru - League Cup;Sporting Cristal vs Asociacion Deportiva Tarma;1637290096;spread;AH-1;home;-1.0;1.877;1.877;1.262;0.0;away;1.0;1.82;1.82;100.0;49.23;1;0;5.07;10.52;0.0;100.0;53.01
1636866909-ah1-away_-1-1790867525;2026-10-01T15:12:05.958057+00:00;2026-10-01T15:12:05.958057+00:00;UEFA - Nations League A;Greece vs Netherlands;1636866909;spread;AH-1;away;-1.0;1.971;1.971;1.45;0.0;home;1.0;1.82;1.82;100.0;48.01;1;0;3.54;12.08;0.0;100.0;53.45
1637443913-ah1-home_-1-1790868334;2026-10-01T15:25:34.931717+00:00;2026-10-01T15:25:34.931717+00:00;CAF - Africa Cup of Nations Qualifiers;Guinea vs Kenya;1637443913;spread;AH-1;home;-1.0;1.885;1.885;7.143;0.0;away;1.0;1.971;1.971;100.0;51.12;1;0;0.57;59.52;0.0;64.32;61.91
1637272213-ah1-home_-1-1790869341;2026-10-01T15:42:21.307408+00:00;2026-10-01T15:42:21.307408+00:00;Israel - Ligat Leumit;Maccabi Kabilio Jaffa vs Hapoel Acre;1637272213;spread;AH-1;home;-1.0;2.04;2.04;0.0;1.048;away;1.0;1.794;1.794;0.0;46.79;1;0;0.29;0.0;0.0;57.2;8.17
1637443913-ah1-home_-1-1790870143;2026-10-01T15:55:43.225446+00:00;2026-10-01T15:55:43.225446+00:00;CAF - Africa Cup of Nations Qualifiers;Guinea vs Kenya;1637443913;spread;AH-1;home;-1.0;1.917;1.917;0.0;2.273;away;1.0;1.935;1.935;0.0;50.23;1;0;0.06;0.0;0.0;51.55;7.36
1637278023-ah1-home_-1-1790870739;2026-10-01T16:05:39.701238+00:00;2026-10-01T16:05:39.701238+00:00;Qatar - Stars Cup;Qatar SC vs Al Bidda;1637278023;spread;AH-1;home;-1.0;1.758;1.758;7.522;0.0;away;1.0;1.855;1.855;100.0;51.34;1;0;1.15;62.69;0.0;78.64;64.86
1637290074-ah1-home_-1-1790871520;2026-10-01T16:18:40.103377+00:00;2026-10-01T16:18:40.103377+00:00;Qatar - Stars Cup;Al-Shamal vs Muaither;1637290074;spread;AH-1;home;-1.0;1.909;1.909;0.0;2.632;away;1.0;1.813;1.813;0.0;48.71;1;0;0.94;0.0;0.0;73.41;10.49
1637295595-ou25-1790871129;2026-10-01T16:12:09.442326+00:00;2026-10-01T16:25:09.039943+00:00;Brazil - Serie B;Gremio Novorizontino vs Goias;1637295595;total;OU-2.5;over;2.5;2.02;2.03;0.98;0.431;under;2.5;1.855;1.847;69.45;47.87;2;12.99;7.79;8.17;36.23;100.0;49.19
1637546650-ou25-1790875418;2026-10-01T17:23:38.165793+00:00;2026-10-01T17:23:38.165793+00:00;Brazil - Paraibano 2;Spartax Joao Pessoa FC vs Sport PB;1637546650;total;OU-2.5;over;2.5;1.813;1.813;1.467;0.0;under;2.5;1.917;1.917;100.0;51.39;1;0;0.6;12.23;0.0;65.01;48.5
1637297181-ah1-home_-1-1790875614;2026-10-01T17:26:54.317014+00:00;2026-10-01T17:26:54.317014+00:00;Bolivia - Cup;Blooming vs Independiente Petrolero;1637297181;spread;AH-1;home;-1.0;1.877;1.877;2.087;0.0;away;1.0;1.833;1.833;100.0;49.41;1;0;7.05;17.39;0.0;100.0;54.97
1636866909-ah1-away_-1-1790875614;2026-10-01T17:26:54.317014+00:00;2026-10-01T17:26:54.317014+00:00;UEFA - Nations League A;Greece vs Netherlands;1636866909;spread;AH-1;away;-1.0;1.885;1.885;0.0;1.338;home;1.0;1.917;1.917;0.0;50.42;1;0;1.3;0.0;0.0;82.48;11.78
1637290096-ah1-home_-1-1790875614;2026-10-01T17:26:54.317014+00:00;2026-10-01T17:26:54.317014+00:00;Peru - League Cup;Sporting Cristal vs Asociacion Deportiva Tarma;1637290096;spread;AH-1;home;-1.0;1.746;1.746;3.0;0.0;away;1.0;1.962;1.962;100.0;52.91;1;0;2.55;25.0;0.0;100.0;57.14
1636868423-ou25-1790875806;2026-10-01T17:30:06.796339+00:00;2026-10-01T17:43:05.121546+00:00;UEFA - Nations League B;Israel vs Kosovo;1636868423;total;OU-2.5;over;2.5;1.87;1.862;2.88;0.0;under;2.5;2.02;2.03;100.0;51.93;2;12.97;1.23;24.0;36.21;80.84;61.88
1636866909-ah1-away_-1-1790876585;2026-10-01T17:43:05.121546+00:00;2026-10-01T17:43:05.121546+00:00;UEFA - Nations League A;Greece vs Netherlands;1636866909;spread;AH-1;away;-1.0;1.862;1.862;1.22;0.0;home;1.0;1.935;1.935;100.0;50.96;1;0;1.03;10.17;0.0;75.67;49.43
1637546650-ou25-1790877166;2026-10-01T17:52:46.241751+00:00;2026-10-01T17:52:46.241751+00:00;Brazil - Paraibano 2;Spartax Joao Pessoa FC vs Sport PB;1637546650;total;OU-2.5;over;2.5;1.794;1.794;1.429;0.0;under;2.5;1.952;1.952;100.0;52.11;1;0;0.11;11.9;0.0;52.67;46.64
1637290096-ah1-home_-1-1790877549;2026-10-01T17:59:09.513406+00:00;2026-10-01T17:59:09.513406+00:00;Peru - League Cup;Sporting Cristal vs Asociacion Deportiva Tarma;1637290096;spread;AH-1;home;-1.0;1.813;1.813;0.0;3.109;away;1.0;1.901;1.901;0.0;51.18;1;0;2.01;0.0;0.0;100.0;14.29
1637451463-ah1-home_-1-1790877549;2026-10-01T17:59:09.513406+00:00;2026-10-01T17:59:09.513406+00:00;CONCACAF - Nations League A;Curacao vs Trinidad and Tobago;1637451463;spread;AH-1;home;-1.0;1.893;1.893;0.0;3.366;away;1.0;1.952;1.952;0.0;50.77;1;0;4.0;0.0;0.0;100.0;14.29
1637295595-ou25-1790879253;2026-10-01T18:27:33.131598+00:00;2026-10-01T18:27:33.131598+00:00;Brazil - Serie B;Gremio Novorizontino vs Goias;1637295595;total;OU-2.5;under;2.5;1.82;1.82;1.087;0.0;over;2.5;2.07;2.07;100.0;53.21;1;0;5.54;9.06;0.0;100.0;52.59
1637290096-ah1-home_-1-1790879253;2026-10-01T18:27:33.131598+00:00;2026-10-01T18:27:33.131598+00:00;Peru - League Cup;Sporting Cristal vs Asociacion Deportiva Tarma;1637290096;spread;AH-1;home;-1.0;1.813;1.813;0.0;1.631;away;1.0;1.87;1.87;0.0;50.77;1;0;1.53;0.0;0.0;88.23;12.6
1637290096-ou25-1790879253;2026-10-01T18:27:33.131598+00:00;2026-10-01T18:27:33.131598+00:00;Peru - League Cup;Sporting Cristal vs Asociacion Deportiva Tarma;1637290096;total;OU-2.5;under;2.5;1.885;1.885;2.129;0.0;over;2.5;1.8;1.8;100.0;48.85;1;0;1.53;17.74;0.0;88.23;53.39
1637290096-ah1-home_-1-1790880124;2026-10-01T18:42:04.867378+00:00;2026-10-01T18:42:04.867378+00:00;Peru - League Cup;Sporting Cristal vs Asociacion Deportiva Tarma;1637290096;spread;AH-1;home;-1.0;1.87;1.87;0.0;3.048;away;1.0;1.813;1.813;0.0;49.23;1;0;1.29;0.0;0.0;82.24;11.75
