episode_id;timestamp_start;timestamp_end;league;match;matchup_id;market;side;points;start_odd;end_odd;movement_pct;duration_minutes;hours_until_match_start;hours_until_match_end;observations
1636572945-spread-home--0.5-1790016598;2026-09-21T18:49:58.387311+00:00;2026-09-21T18:49:58.387311+00:00;Argentina - Primera B Nacional;Nueva Chicago vs Patronato;1636572945;spread;home;-0.5;1.862;1.752;5.908;0;3.16;2.96;1
1636572945-spread-away-0.5-1790016598;2026-09-21T18:49:58.387311+00:00;2026-09-21T18:49:58.387311+00:00;Argentina - Primera B Nacional;Nueva Chicago vs Patronato;1636572945;spread;away;0.5;1.99;1.962;1.407;0;3.16;2.96;1
1636681725-spread-away--0.0-1790016598;2026-09-21T18:49:58.387311+00:00;2026-09-21T18:49:58.387311+00:00;Ecuador - Serie A;Manta vs Orense;1636681725;spread;away;-0.0;2.06;1.84;10.68;0;0.16;0;1
1636681725-spread-home-0.0-1790016773;2026-09-21T18:52:53.999945+00:00;2026-09-21T18:55:45.208950+00:00;Ecuador - Serie A;Manta vs Orense;1636681725;spread;home;0.0;1.893;1.769;6.55;2.85;0.11;0;2
1636681725-moneyline-draw--1790016945;2026-09-21T18:55:45.208950+00:00;2026-09-21T18:55:45.208950+00:00;Ecuador - Serie A;Manta vs Orense;1636681725;moneyline;draw;;3.17;3.08;2.839;0;0.06;0;1
1636759965-moneyline-home--1790017115;2026-09-21T18:58:35.370391+00:00;2026-09-21T18:58:35.370391+00:00;Colombia - Primera B;Real Cundinamarca vs Deportes Quindio;1636759965;moneyline;home;;2.08;1.943;6.587;0;3.02;2.82;1
1636759965-spread-home--0.5-1790017115;2026-09-21T18:58:35.370391+00:00;2026-09-21T18:58:35.370391+00:00;Colombia - Primera B;Real Cundinamarca vs Deportes Quindio;1636759965;spread;home;-0.5;1.952;1.885;3.432;0;3.02;2.82;1
1636572945-moneyline-home--1790017455;2026-09-21T19:04:15.850780+00:00;2026-09-21T19:04:15.850780+00:00;Argentina - Primera B Nacional;Nueva Chicago vs Patronato;1636572945;moneyline;home;;1.855;1.833;1.186;0;2.92;2.72;1
1636572945-spread-home--0.5-1790017455;2026-09-21T19:04:15.850780+00:00;2026-09-21T19:04:15.850780+00:00;Argentina - Primera B Nacional;Nueva Chicago vs Patronato;1636572945;spread;home;-0.5;1.84;1.752;4.783;0;2.92;2.72;1
1636572945-spread-away-0.5-1790017455;2026-09-21T19:04:15.850780+00:00;2026-09-21T19:04:15.850780+00:00;Argentina - Primera B Nacional;Nueva Chicago vs Patronato;1636572945;spread;away;0.5;2.02;1.962;2.871;0;2.92;2.72;1
1636640756-moneyline-home--1790017455;2026-09-21T19:04:15.850780+00:00;2026-09-21T19:04:15.850780+00:00;Paraguay - Division Intermedia;Encarnacion vs Deportivo Capiata;1636640756;moneyline;home;;2.22;2.12;4.505;0;2.92;2.72;1
1636618379-moneyline-away--1790017792;2026-09-21T19:09:52.251433+00:00;2026-09-21T19:09:52.251433+00:00;Paraguay - Division Intermedia;Benjamin Aceval vs Atletico Tembetary;1636618379;moneyline;away;;3.23;2.68;17.028;0;0.33;0.12;1
1636759965-moneyline-home--1790017960;2026-09-21T19:12:40.412739+00:00;2026-09-21T19:12:40.412739+00:00;Colombia - Primera B;Real Cundinamarca vs Deportes Quindio;1636759965;moneyline;home;;1.943;1.833;5.661;0;2.79;2.59;1
1636759965-moneyline-draw--1790017960;2026-09-21T19:12:40.412739+00:00;2026-09-21T19:12:40.412739+00:00;Colombia - Primera B;Real Cundinamarca vs Deportes Quindio;1636759965;moneyline;draw;;3.09;3.05;1.294;0;2.79;2.59;1
1636759965-spread-home--0.5-1790017960;2026-09-21T19:12:40.412739+00:00;2026-09-21T19:12:40.412739+00:00;Colombia - Primera B;Real Cundinamarca vs Deportes Quindio;1636759965;spread;home;-0.5;1.885;1.84;2.387;0;2.79;2.59;1
1636759965-spread-away-0.5-1790017960;2026-09-21T19:12:40.412739+00:00;2026-09-21T19:12:40.412739+00:00;Colombia - Primera B;Real Cundinamarca vs Deportes Quindio;1636759965;spread;away;0.5;1.917;1.84;4.017;0;2.79;2.59;1
1636062212-spread-away--0.5-1790017960;2026-09-21T19:12:40.412739+00:00;2026-09-21T19:12:40.412739+00:00;Argentina - Liga Pro;Barracas Central vs Independiente Rivadavia;1636062212;spread;away;-0.5;1.87;1.758;5.989;0;2.78;2.58;1
1636572945-moneyline-away--1790018300;2026-09-21T19:18:20.476526+00:00;2026-09-21T19:18:20.476526+00:00;Argentina - Primera B Nacional;Nueva Chicago vs Patronato;1636572945;moneyline;away;;5.13;5.01;2.339;0;2.69;2.49;1
1636572945-moneyline-draw--1790018300;2026-09-21T19:18:20.476526+00:00;2026-09-21T19:18:20.476526+00:00;Argentina - Primera B Nacional;Nueva Chicago vs Patronato;1636572945;moneyline;draw;;3.19;3.15;1.254;0;2.69;2.49;1
1636572945-spread-home--0.5-1790018300;2026-09-21T19:18:20.476526+00:00;2026-09-21T19:18:20.476526+00:00;Argentina - Primera B Nacional;Nueva Chicago vs Patronato;1636572945;spread;home;-0.5;1.877;1.752;6.66;0;2.69;2.49;1
1636062212-moneyline-away--1790018813;2026-09-21T19:26:53.220726+00:00;2026-09-21T19:26:53.220726+00:00;Argentina - Liga Pro;Barracas Central vs Independiente Rivadavia;1636062212;moneyline;away;;2.46;2.41;2.033;0;2.55;2.34;1
1636759965-spread-home--0.5-1790018813;2026-09-21T19:26:53.220726+00:00;2026-09-21T19:26:53.220726+00:00;Colombia - Primera B;Real Cundinamarca vs Deportes Quindio;1636759965;spread;home;-0.5;1.885;1.84;2.387;0;2.55;2.34;1
1636759965-spread-away-0.5-1790018813;2026-09-21T19:26:53.220726+00:00;2026-09-21T19:26:53.220726+00:00;Colombia - Primera B;Real Cundinamarca vs Deportes Quindio;1636759965;spread;away;0.5;1.917;1.84;4.017;0;2.55;2.34;1
1636572945-spread-home--0.5-1790019155;2026-09-21T19:32:35.568512+00:00;2026-09-21T19:32:35.568512+00:00;Argentina - Primera B Nacional;Nueva Chicago vs Patronato;1636572945;spread;home;-0.5;1.877;1.752;6.66;0;2.45;2.25;1
1636572945-moneyline-home--1790019324;2026-09-21T19:35:24.751830+00:00;2026-09-21T19:35:24.751830+00:00;Argentina - Primera B Nacional;Nueva Chicago vs Patronato;1636572945;moneyline;home;;1.87;1.82;2.674;0;2.41;2.2;1
1636636585-spread-away-2.5-1790019324;2026-09-21T19:35:24.751830+00:00;2026-09-21T19:35:24.751830+00:00;Brazil - Serie B;Criciuma vs Operario Ferroviario;1636636585;spread;away;2.5;1.943;1.769;8.955;0;2.9;2.7;1
1636759965-spread-away-0.5-1790019662;2026-09-21T19:41:02.022683+00:00;2026-09-21T19:41:02.022683+00:00;Colombia - Primera B;Real Cundinamarca vs Deportes Quindio;1636759965;spread;away;0.5;1.917;1.84;4.017;0;2.31;2.11;1
1636928765-moneyline-away--1790019662;2026-09-21T19:41:02.022683+00:00;2026-09-21T19:41:02.022683+00:00;Brazil - Copa Paulista;Juventus SP vs Uniao Sao Joao;1636928765;moneyline;away;;4.59;4.04;11.983;0;3.81;3.61;1
1636928765-moneyline-draw--1790019662;2026-09-21T19:41:02.022683+00:00;2026-09-21T19:41:02.022683+00:00;Brazil - Copa Paulista;Juventus SP vs Uniao Sao Joao;1636928765;moneyline;draw;;2.89;2.73;5.536;0;3.81;3.61;1
1636759965-spread-home--0.5-1790019662;2026-09-21T19:41:02.022683+00:00;2026-09-21T19:43:52.706229+00:00;Colombia - Primera B;Real Cundinamarca vs Deportes Quindio;1636759965;spread;home;-0.5;1.885;1.775;5.836;2.84;2.31;2.11;2
1636759965-moneyline-home--1790019832;2026-09-21T19:43:52.706229+00:00;2026-09-21T19:43:52.706229+00:00;Colombia - Primera B;Real Cundinamarca vs Deportes Quindio;1636759965;moneyline;home;;1.833;1.763;3.819;0;2.26;2.06;1
1636572945-spread-home--0.5-1790020004;2026-09-21T19:46:44.034230+00:00;2026-09-21T19:46:44.034230+00:00;Argentina - Primera B Nacional;Nueva Chicago vs Patronato;1636572945;spread;home;-0.5;1.826;1.752;4.053;0;2.22;2.01;1
1636572945-spread-away-0.5-1790020004;2026-09-21T19:46:44.034230+00:00;2026-09-21T19:46:44.034230+00:00;Argentina - Primera B Nacional;Nueva Chicago vs Patronato;1636572945;spread;away;0.5;2.04;1.962;3.824;0;2.22;2.01;1
1636572945-moneyline-away--1790020175;2026-09-21T19:49:35.983626+00:00;2026-09-21T19:49:35.983626+00:00;Argentina - Primera B Nacional;Nueva Chicago vs Patronato;1636572945;moneyline;away;;5.21;5.08;2.495;0;2.17;1.97;1
1636572945-moneyline-draw--1790020175;2026-09-21T19:49:35.983626+00:00;2026-09-21T19:49:35.983626+00:00;Argentina - Primera B Nacional;Nueva Chicago vs Patronato;1636572945;moneyline;draw;;3.21;3.12;2.804;0;2.17;1.97;1
1636759965-spread-away-0.5-1790020512;2026-09-21T19:55:12.602758+00:00;2026-09-21T19:55:12.602758+00:00;Colombia - Primera B;Real Cundinamarca vs Deportes Quindio;1636759965;spread;away;0.5;2.0;1.84;8.0;0;2.08;1.88;1
1636759965-moneyline-home--1790020681;2026-09-21T19:58:01.703461+00:00;2026-09-21T19:58:01.703461+00:00;Colombia - Primera B;Real Cundinamarca vs Deportes Quindio;1636759965;moneyline;home;;1.763;1.73;1.872;0;2.03;1.83;1
1636062212-spread-home-0.5-1790020681;2026-09-21T19:58:01.703461+00:00;2026-09-21T19:58:01.703461+00:00;Argentina - Liga Pro;Barracas Central vs Independiente Rivadavia;1636062212;spread;home;0.5;1.952;1.926;1.332;0;2.03;1.83;1
1636572945-spread-home--0.5-1790020851;2026-09-21T20:00:51.376414+00:00;2026-09-21T20:00:51.376414+00:00;Argentina - Primera B Nacional;Nueva Chicago vs Patronato;1636572945;spread;home;-0.5;1.877;1.752;6.66;0;1.98;1.78;1
1636950929-moneyline-home--1790021021;2026-09-21T20:03:41.044729+00:00;2026-09-21T20:03:41.044729+00:00;Jamaica - Premier League;Humble Lions vs Waterhouse;1636950929;moneyline;home;;4.7;4.49;4.468;0;2.02;1.82;1
1636950929-moneyline-draw--1790021021;2026-09-21T20:03:41.044729+00:00;2026-09-21T20:03:41.044729+00:00;Jamaica - Premier League;Humble Lions vs Waterhouse;1636950929;moneyline;draw;;3.54;3.45;2.542;0;2.02;1.82;1
1636640777-moneyline-home--1790021188;2026-09-21T20:06:28.100391+00:00;2026-09-21T20:06:28.100391+00:00;Brazil - Serie B;Cuiaba vs Nautico;1636640777;moneyline;home;;2.15;2.11;1.86;0;4.39;4.19;1
1636062212-moneyline-away--1790021523;2026-09-21T20:12:03.362073+00:00;2026-09-21T20:12:03.362073+00:00;Argentina - Liga Pro;Barracas Central vs Independiente Rivadavia;1636062212;moneyline;away;;2.39;2.36;1.255;0;1.79;1.59;1
1636572945-spread-home--0.5-1790021693;2026-09-21T20:14:53.151170+00:00;2026-09-21T20:14:53.151170+00:00;Argentina - Primera B Nacional;Nueva Chicago vs Patronato;1636572945;spread;home;-0.5;1.862;1.758;5.585;0;1.75;1.55;1
1636054672-moneyline-away--1790021693;2026-09-21T20:14:53.151170+00:00;2026-09-21T20:14:53.151170+00:00;Argentina - Liga Pro;Lanus vs Estudiantes de La Plata;1636054672;moneyline;away;;3.94;3.84;2.538;0;4.0;3.8;1
1636572945-moneyline-home--1790022031;2026-09-21T20:20:31.503999+00:00;2026-09-21T20:20:31.503999+00:00;Argentina - Primera B Nacional;Nueva Chicago vs Patronato;1636572945;moneyline;home;;1.855;1.741;6.146;0;1.66;1.46;1
1636759965-moneyline-away--1790022535;2026-09-21T20:28:55.736590+00:00;2026-09-21T20:28:55.736590+00:00;Colombia - Primera B;Real Cundinamarca vs Deportes Quindio;1636759965;moneyline;away;;4.75;4.7;1.053;0;1.51;1.31;1
1636759965-moneyline-draw--1790022535;2026-09-21T20:28:55.736590+00:00;2026-09-21T20:28:55.736590+00:00;Colombia - Primera B;Real Cundinamarca vs Deportes Quindio;1636759965;moneyline;draw;;3.25;3.21;1.231;0;1.51;1.31;1
1636572945-moneyline-away--1790022873;2026-09-21T20:34:33.663359+00:00;2026-09-21T20:34:33.663359+00:00;Argentina - Primera B Nacional;Nueva Chicago vs Patronato;1636572945;moneyline;away;;5.64;5.54;1.773;0;1.42;1.22;1
1636768958-moneyline-away--1790023877;2026-09-21T20:51:17.212389+00:00;2026-09-21T20:51:17.212389+00:00;Colombia - Primera B;Real Cartagena vs Envigado;1636768958;moneyline;away;;4.64;4.44;4.31;0;3.64;3.44;1
1636768958-moneyline-draw--1790023877;2026-09-21T20:51:17.212389+00:00;2026-09-21T20:51:17.212389+00:00;Colombia - Primera B;Real Cartagena vs Envigado;1636768958;moneyline;draw;;3.54;3.44;2.825;0;3.64;3.44;1
1636062212-spread-home-0.5-1790024207;2026-09-21T20:56:47.153555+00:00;2026-09-21T20:56:47.153555+00:00;Argentina - Liga Pro;Barracas Central vs Independiente Rivadavia;1636062212;spread;home;0.5;1.917;1.794;6.416;0;1.05;0.85;1
1636054672-moneyline-home--1790024370;2026-09-21T20:59:30.599675+00:00;2026-09-21T20:59:30.599675+00:00;Argentina - Liga Pro;Lanus vs Estudiantes de La Plata;1636054672;moneyline;home;;2.29;2.25;1.747;0;3.25;3.06;1
1636768958-moneyline-away--1790024702;2026-09-21T21:05:02.030003+00:00;2026-09-21T21:05:02.030003+00:00;Colombia - Primera B;Real Cartagena vs Envigado;1636768958;moneyline;away;;4.44;4.13;6.982;0;3.41;3.21;1
1636768958-moneyline-draw--1790024702;2026-09-21T21:05:02.030003+00:00;2026-09-21T21:05:02.030003+00:00;Colombia - Primera B;Real Cartagena vs Envigado;1636768958;moneyline;draw;;3.44;3.34;2.907;0;3.41;3.21;1
1636618621-moneyline-away--1790025030;2026-09-21T21:10:30.537418+00:00;2026-09-21T21:10:30.537418+00:00;Bolivia - Cup;Guabira vs San Antonio Bulo Bulo;1636618621;moneyline;away;;4.41;4.2;4.762;0;0.82;0.63;1
1636618621-moneyline-draw--1790025030;2026-09-21T21:10:30.537418+00:00;2026-09-21T21:10:30.537418+00:00;Bolivia - Cup;Guabira vs San Antonio Bulo Bulo;1636618621;moneyline;draw;;3.94;3.82;3.046;0;0.82;0.63;1
1636759965-moneyline-away--1790025192;2026-09-21T21:13:12.602828+00:00;2026-09-21T21:13:12.602828+00:00;Colombia - Primera B;Real Cundinamarca vs Deportes Quindio;1636759965;moneyline;away;;4.7;4.51;4.043;0;0.77;0.59;1
1636759965-spread-home--0.5-1790025192;2026-09-21T21:13:12.602828+00:00;2026-09-21T21:13:12.602828+00:00;Colombia - Primera B;Real Cundinamarca vs Deportes Quindio;1636759965;spread;home;-0.5;1.893;1.787;5.6;0;0.77;0.59;1
1636759965-spread-away-0.5-1790025192;2026-09-21T21:13:12.602828+00:00;2026-09-21T21:13:12.602828+00:00;Colombia - Primera B;Real Cundinamarca vs Deportes Quindio;1636759965;spread;away;0.5;2.02;1.847;8.564;0;0.77;0.59;1
1636572945-moneyline-home--1790025641;2026-09-21T21:20:41.460148+00:00;2026-09-21T21:20:41.460148+00:00;Argentina - Primera B Nacional;Nueva Chicago vs Patronato;1636572945;moneyline;home;;1.763;1.714;2.779;0;0.65;0.46;1
1636768973-moneyline-draw--1790025641;2026-09-21T21:20:41.460148+00:00;2026-09-21T21:20:41.460148+00:00;Jamaica - Premier League;Arnett Gardens vs Dunbeholden;1636768973;moneyline;draw;;4.66;4.59;1.502;0;3.65;3.46;1
1636759965-spread-home--0.5-1790025969;2026-09-21T21:26:09.558608+00:00;2026-09-21T21:26:09.558608+00:00;Colombia - Primera B;Real Cundinamarca vs Deportes Quindio;1636759965;spread;home;-0.5;1.893;1.787;5.6;0;0.56;0.37;1
1636759965-spread-away-0.5-1790025969;2026-09-21T21:26:09.558608+00:00;2026-09-21T21:26:09.558608+00:00;Colombia - Primera B;Real Cundinamarca vs Deportes Quindio;1636759965;spread;away;0.5;2.02;1.847;8.564;0;0.56;0.37;1
1636062212-spread-away--0.5-1790026132;2026-09-21T21:28:52.531676+00:00;2026-09-21T21:28:52.531676+00:00;Argentina - Liga Pro;Barracas Central vs Independiente Rivadavia;1636062212;spread;away;-0.5;1.943;1.901;2.162;0;0.52;0.32;1
1636054672-moneyline-home--1790026132;2026-09-21T21:28:52.531676+00:00;2026-09-21T21:28:52.531676+00:00;Argentina - Liga Pro;Lanus vs Estudiantes de La Plata;1636054672;moneyline;home;;2.25;2.22;1.333;0;2.77;2.57;1
1636716455-moneyline-away--1790026132;2026-09-21T21:28:52.531676+00:00;2026-09-21T21:28:52.531676+00:00;Uruguay - Primera Division;Central Espanol vs Montevideo City Torque;1636716455;moneyline;away;;1.893;1.847;2.43;0;1.01;0.82;1
1636716455-spread-away--0.5-1790026132;2026-09-21T21:28:52.531676+00:00;2026-09-21T21:28:52.531676+00:00;Uruguay - Primera Division;Central Espanol vs Montevideo City Torque;1636716455;spread;away;-0.5;1.901;1.855;2.42;0;1.01;0.82;1
1636572945-moneyline-away--1790026460;2026-09-21T21:34:20.316443+00:00;2026-09-21T21:34:20.316443+00:00;Argentina - Primera B Nacional;Nueva Chicago vs Patronato;1636572945;moneyline;away;;5.79;5.37;7.254;0;0.43;0.23;1
1636572945-moneyline-draw--1790026460;2026-09-21T21:34:20.316443+00:00;2026-09-21T21:34:20.316443+00:00;Argentina - Primera B Nacional;Nueva Chicago vs Patronato;1636572945;moneyline;draw;;3.35;3.21;4.179;0;0.43;0.23;1
1636572945-spread-home--0.5-1790026460;2026-09-21T21:34:20.316443+00:00;2026-09-21T21:34:20.316443+00:00;Argentina - Primera B Nacional;Nueva Chicago vs Patronato;1636572945;spread;home;-0.5;1.806;1.758;2.658;0;0.43;0.23;1
1636572945-spread-away-0.5-1790026460;2026-09-21T21:34:20.316443+00:00;2026-09-21T21:34:20.316443+00:00;Argentina - Primera B Nacional;Nueva Chicago vs Patronato;1636572945;spread;away;0.5;2.06;1.971;4.32;0;0.43;0.23;1
1636759965-spread-home--0.5-1790026786;2026-09-21T21:39:46.569133+00:00;2026-09-21T21:39:46.569133+00:00;Colombia - Primera B;Real Cundinamarca vs Deportes Quindio;1636759965;spread;home;-0.5;1.893;1.787;5.6;0;0.33;0.14;1
1636759965-spread-away-0.5-1790026786;2026-09-21T21:39:46.569133+00:00;2026-09-21T21:39:46.569133+00:00;Colombia - Primera B;Real Cundinamarca vs Deportes Quindio;1636759965;spread;away;0.5;2.02;1.847;8.564;0;0.33;0.14;1
1636716455-moneyline-away--1790027114;2026-09-21T21:45:14.120547+00:00;2026-09-21T21:45:14.120547+00:00;Uruguay - Primera Division;Central Espanol vs Montevideo City Torque;1636716455;moneyline;away;;1.847;1.806;2.22;0;0.75;0.55;1
1636716455-spread-away--0.5-1790027114;2026-09-21T21:45:14.120547+00:00;2026-09-21T21:45:14.120547+00:00;Uruguay - Primera Division;Central Espanol vs Montevideo City Torque;1636716455;spread;away;-0.5;1.855;1.813;2.264;0;0.75;0.55;1
1636572945-spread-home--0.5-1790027278;2026-09-21T21:47:58.257379+00:00;2026-09-21T21:47:58.257379+00:00;Argentina - Primera B Nacional;Nueva Chicago vs Patronato;1636572945;spread;home;-0.5;1.806;1.758;2.658;0;0.2;0.0;1
1636572945-spread-away-0.5-1790027278;2026-09-21T21:47:58.257379+00:00;2026-09-21T21:47:58.257379+00:00;Argentina - Primera B Nacional;Nueva Chicago vs Patronato;1636572945;spread;away;0.5;2.06;1.971;4.32;0;0.2;0.0;1
1636950929-moneyline-home--1790027278;2026-09-21T21:47:58.257379+00:00;2026-09-21T21:47:58.257379+00:00;Jamaica - Premier League;Humble Lions vs Waterhouse;1636950929;moneyline;home;;4.59;3.98;13.29;0;0.28;0.08;1
1636950929-moneyline-draw--1790027278;2026-09-21T21:47:58.257379+00:00;2026-09-21T21:47:58.257379+00:00;Jamaica - Premier League;Humble Lions vs Waterhouse;1636950929;moneyline;draw;;3.51;3.24;7.692;0;0.28;0.08;1
1636640777-moneyline-draw--1790027443;2026-09-21T21:50:43.535302+00:00;2026-09-21T21:50:43.535302+00:00;Brazil - Serie B;Cuiaba vs Nautico;1636640777;moneyline;draw;;3.26;3.22;1.227;0;2.65;2.46;1
1636759965-spread-home--0.5-1790027608;2026-09-21T21:53:28.155688+00:00;2026-09-21T21:53:28.155688+00:00;Colombia - Primera B;Real Cundinamarca vs Deportes Quindio;1636759965;spread;home;-0.5;1.893;1.813;4.226;0;0.1;0;1
1636759965-spread-away-0.5-1790027608;2026-09-21T21:53:28.155688+00:00;2026-09-21T21:53:28.155688+00:00;Colombia - Primera B;Real Cundinamarca vs Deportes Quindio;1636759965;spread;away;0.5;2.05;1.847;9.902;0;0.1;0;1
1636950929-moneyline-home--1790028265;2026-09-21T22:04:25.649229+00:00;2026-09-21T22:04:25.649229+00:00;Jamaica - Premier League;Humble Lions vs Waterhouse;1636950929;moneyline;home;;3.98;3.84;3.518;0;0.01;0;1
1636950929-moneyline-draw--1790028265;2026-09-21T22:04:25.649229+00:00;2026-09-21T22:04:25.649229+00:00;Jamaica - Premier League;Humble Lions vs Waterhouse;1636950929;moneyline;draw;;3.24;3.19;1.543;0;0.01;0;1
1636950929-spread-home-0.5-1790028265;2026-09-21T22:04:25.649229+00:00;2026-09-21T22:04:25.649229+00:00;Jamaica - Premier League;Humble Lions vs Waterhouse;1636950929;spread;home;0.5;1.901;1.847;2.841;0;0.01;0;1
1636578529-moneyline-home--1790029235;2026-09-21T22:20:35.790764+00:00;2026-09-21T22:20:35.790764+00:00;Costa Rica - Ascenso;Pitbulls vs Cariari Pococi;1636578529;moneyline;home;;2.33;2.12;9.013;0;2.65;2.46;1
1636636585-moneyline-home--1790029397;2026-09-21T22:23:17.548454+00:00;2026-09-21T22:23:17.548454+00:00;Brazil - Serie B;Criciuma vs Operario Ferroviario;1636636585;moneyline;home;;1.971;1.87;5.124;0;0.1;0;1
1636636585-spread-home--0.5-1790029397;2026-09-21T22:23:17.548454+00:00;2026-09-21T22:23:17.548454+00:00;Brazil - Serie B;Criciuma vs Operario Ferroviario;1636636585;spread;home;-0.5;1.98;1.877;5.202;0;0.1;0;1
1636716455-moneyline-home--1790029721;2026-09-21T22:28:41.567558+00:00;2026-09-21T22:28:41.567558+00:00;Uruguay - Primera Division;Central Espanol vs Montevideo City Torque;1636716455;moneyline;home;;4.68;4.39;6.197;0;0.01;0;1
1636716455-spread-home-0.5-1790029721;2026-09-21T22:28:41.567558+00:00;2026-09-21T22:28:41.567558+00:00;Uruguay - Primera Division;Central Espanol vs Montevideo City Torque;1636716455;spread;home;0.5;2.05;1.862;9.171;0;0.01;0;2
1636928765-moneyline-home--1790030486;2026-09-21T22:41:26.462421+00:00;2026-09-21T22:41:26.462421+00:00;Brazil - Copa Paulista;Juventus SP vs Uniao Sao Joao;1636928765;moneyline;home;;1.943;1.917;1.338;0;0.8;0.61;1
1636928765-spread-home--0.5-1790030486;2026-09-21T22:41:26.462421+00:00;2026-09-21T22:41:26.462421+00:00;Brazil - Copa Paulista;Juventus SP vs Uniao Sao Joao;1636928765;spread;home;-0.5;1.952;1.926;1.332;0;0.8;0.61;1
1636578529-moneyline-home--1790030969;2026-09-21T22:49:29.312079+00:00;2026-09-21T22:49:29.312079+00:00;Costa Rica - Ascenso;Pitbulls vs Cariari Pococi;1636578529;moneyline;home;;2.12;2.06;2.83;0;2.17;1.98;1
1636640775-moneyline-home--1790031932;2026-09-21T23:05:32.119685+00:00;2026-09-21T23:05:32.119685+00:00;Bolivia - Cup;Independiente Petrolero vs Real Tomayapo;1636640775;moneyline;home;;1.676;1.658;1.074;0;1.41;1.22;1
1636640777-moneyline-home--1790032901;2026-09-21T23:21:41.395459+00:00;2026-09-21T23:21:41.395459+00:00;Brazil - Serie B;Cuiaba vs Nautico;1636640777;moneyline;home;;2.13;2.1;1.408;0;1.14;0.95;1
1636640777-spread-away-0.5-1790032901;2026-09-21T23:21:41.395459+00:00;2026-09-21T23:21:41.395459+00:00;Brazil - Serie B;Cuiaba vs Nautico;1636640777;spread;away;0.5;1.952;1.8;7.787;0;1.14;0.95;1
1636640777-spread-home--0.5-1790032901;2026-09-21T23:21:41.395459+00:00;2026-09-21T23:21:41.395459+00:00;Brazil - Serie B;Cuiaba vs Nautico;1636640777;spread;home;-0.5;2.11;1.781;15.592;0;1.14;0.95;1
1636928765-moneyline-home--1790033222;2026-09-21T23:27:02.337327+00:00;2026-09-21T23:27:02.337327+00:00;Brazil - Copa Paulista;Juventus SP vs Uniao Sao Joao;1636928765;moneyline;home;;1.926;1.862;3.323;0;0.05;0;1
1636928765-spread-home--0.5-1790033222;2026-09-21T23:27:02.337327+00:00;2026-09-21T23:27:02.337327+00:00;Brazil - Copa Paulista;Juventus SP vs Uniao Sao Joao;1636928765;spread;home;-0.5;1.935;1.87;3.359;0;0.05;0;1
1636640777-spread-away-0.5-1790033702;2026-09-21T23:35:02.966972+00:00;2026-09-21T23:35:02.966972+00:00;Brazil - Serie B;Cuiaba vs Nautico;1636640777;spread;away;0.5;1.952;1.8;7.787;0;0.91;0.72;1
1636640777-spread-home--0.5-1790033702;2026-09-21T23:35:02.966972+00:00;2026-09-21T23:35:02.966972+00:00;Brazil - Serie B;Cuiaba vs Nautico;1636640777;spread;home;-0.5;2.11;1.781;15.592;0;0.91;0.72;1
1636640777-spread-away-0.5-1790034505;2026-09-21T23:48:25.611524+00:00;2026-09-21T23:48:25.611524+00:00;Brazil - Serie B;Cuiaba vs Nautico;1636640777;spread;away;0.5;1.952;1.8;7.787;0;0.69;0.5;1
1636640777-spread-home--0.5-1790034505;2026-09-21T23:48:25.611524+00:00;2026-09-21T23:48:25.611524+00:00;Brazil - Serie B;Cuiaba vs Nautico;1636640777;spread;home;-0.5;2.11;1.781;15.592;0;0.69;0.5;1
1636640775-moneyline-away--1790034668;2026-09-21T23:51:08.229012+00:00;2026-09-21T23:51:08.229012+00:00;Bolivia - Cup;Independiente Petrolero vs Real Tomayapo;1636640775;moneyline;away;;3.71;3.58;3.504;0;0.64;0.45;1
1636640775-moneyline-draw--1790034668;2026-09-21T23:51:08.229012+00:00;2026-09-21T23:51:08.229012+00:00;Bolivia - Cup;Independiente Petrolero vs Real Tomayapo;1636640775;moneyline;draw;;4.16;4.05;2.644;0;0.64;0.45;1
1636054672-moneyline-draw--1790035148;2026-09-21T23:59:08.873421+00:00;2026-09-21T23:59:08.873421+00:00;Argentina - Liga Pro;Lanus vs Estudiantes de La Plata;1636054672;moneyline;draw;;3.01;2.86;4.983;0;0.26;0.07;1
1636054672-spread-away-1.0-1790035148;2026-09-21T23:59:08.873421+00:00;2026-09-21T23:59:08.873421+00:00;Argentina - Liga Pro;Lanus vs Estudiantes de La Plata;1636054672;spread;away;1.0;1.943;1.909;1.75;0;0.26;0.07;1
1636640777-spread-away-0.5-1790035309;2026-09-22T00:01:49.098552+00:00;2026-09-22T00:01:49.098552+00:00;Brazil - Serie B;Cuiaba vs Nautico;1636640777;spread;away;0.5;1.952;1.8;7.787;0;0.47;0.28;1
1636640777-spread-home--0.5-1790035309;2026-09-22T00:01:49.098552+00:00;2026-09-22T00:07:08.703831+00:00;Brazil - Serie B;Cuiaba vs Nautico;1636640777;spread;home;-0.5;2.11;1.781;15.592;5.33;0.47;0.28;2
1636640775-moneyline-draw--1790035628;2026-09-22T00:07:08.703831+00:00;2026-09-22T00:07:08.703831+00:00;Bolivia - Cup;Independiente Petrolero vs Real Tomayapo;1636640775;moneyline;draw;;4.05;3.19;21.235;0;0.38;0.19;1
1636640777-moneyline-home--1790035628;2026-09-22T00:07:08.703831+00:00;2026-09-22T00:07:08.703831+00:00;Brazil - Serie B;Cuiaba vs Nautico;1636640777;moneyline;home;;2.1;2.04;2.857;0;0.38;0.19;1
1636640777-spread-away-0.5-1790036109;2026-09-22T00:15:09.764550+00:00;2026-09-22T00:15:09.764550+00:00;Brazil - Serie B;Cuiaba vs Nautico;1636640777;spread;away;0.5;1.952;1.84;5.738;0;0.24;0.06;1
1636640777-spread-home--0.5-1790036431;2026-09-22T00:20:31.093969+00:00;2026-09-22T00:20:31.093969+00:00;Brazil - Serie B;Cuiaba vs Nautico;1636640777;spread;home;-0.5;2.05;1.781;13.122;0;0.15;0;1
1636640775-moneyline-home--1790036431;2026-09-22T00:20:31.093969+00:00;2026-09-22T00:20:31.093969+00:00;Bolivia - Cup;Independiente Petrolero vs Real Tomayapo;1636640775;moneyline;home;;1.847;1.826;1.137;0;0.15;0;1
1636640775-spread-home--0.5-1790036431;2026-09-22T00:20:31.093969+00:00;2026-09-22T00:20:31.093969+00:00;Bolivia - Cup;Independiente Petrolero vs Real Tomayapo;1636640775;spread;home;-0.5;1.855;1.833;1.186;0;0.15;0;1
1636640777-moneyline-home--1790036590;2026-09-22T00:23:10.164855+00:00;2026-09-22T00:23:10.164855+00:00;Brazil - Serie B;Cuiaba vs Nautico;1636640777;moneyline;home;;2.04;2.01;1.471;0;0.11;0;1
1636640777-spread-away-0.5-1790036906;2026-09-22T00:28:26.656336+00:00;2026-09-22T00:28:26.656336+00:00;Brazil - Serie B;Cuiaba vs Nautico;1636640777;spread;away;0.5;1.943;1.87;3.757;0;0.02;0;1
1636578529-moneyline-home--1790037382;2026-09-22T00:36:22.673154+00:00;2026-09-22T00:36:22.673154+00:00;Costa Rica - Ascenso;Pitbulls vs Cariari Pococi;1636578529;moneyline;home;;2.08;2.03;2.404;0;0.39;0.2;1
1636688743-moneyline-home--1790044945;2026-09-22T02:42:25.579114+00:00;2026-09-22T02:42:25.579114+00:00;Romania - Liga 2;Dumbravita vs Resita;1636688743;moneyline;home;;5.33;4.11;22.889;0;11.79;11.6;1
1634922628-moneyline-draw--1790053769;2026-09-22T05:09:29.699565+00:00;2026-09-22T05:09:29.699565+00:00;Algeria - Ligue 1;US Biskra vs JS Saoura;1634922628;moneyline;draw;;2.79;2.69;3.584;0;11.84;11.64;1
1636688743-moneyline-away--1790054908;2026-09-22T05:28:28.972419+00:00;2026-09-22T05:28:28.972419+00:00;Romania - Liga 2;Dumbravita vs Resita;1636688743;moneyline;away;;1.629;1.526;6.323;0;9.02;8.82;1
1636688743-total-over-2.5-1790054908;2026-09-22T05:28:28.972419+00:00;2026-09-22T05:28:28.972419+00:00;Romania - Liga 2;Dumbravita vs Resita;1636688743;total;over;2.5;1.82;1.781;2.143;0;9.02;8.82;1
1636866928-spread-home-0.0-1790056215;2026-09-22T05:50:15.399622+00:00;2026-09-22T05:50:15.399622+00:00;India - Bangalore Super Division;Bangalore City FC vs United Stars;1636866928;spread;home;0.0;1.806;1.769;2.049;0;2.16;1.96;1
1637090737-spread-home--0.5-1790056870;2026-09-22T06:01:10.963298+00:00;2026-09-22T06:01:10.963298+00:00;England - EFL Trophy;Swindon Town vs Newport County;1637090737;spread;home;-0.5;1.8;1.781;1.056;0;11.98;11.77;1
1637090737-spread-away-0.5-1790056870;2026-09-22T06:01:10.963298+00:00;2026-09-22T06:01:10.963298+00:00;England - EFL Trophy;Swindon Town vs Newport County;1637090737;spread;away;0.5;2.01;1.935;3.731;0;11.98;11.77;1
1636836473-moneyline-home--1790057043;2026-09-22T06:04:03.720417+00:00;2026-09-22T06:04:03.720417+00:00;Uzbekistan - Pro League;Fardu vs BuxDU;1636836473;moneyline;home;;1.182;1.156;2.2;0;4.93;4.72;1
1636836473-spread-home--2.0-1790057043;2026-09-22T06:04:03.720417+00:00;2026-09-22T06:04:03.720417+00:00;Uzbekistan - Pro League;Fardu vs BuxDU;1636836473;spread;home;-2.0;1.926;1.752;9.034;0;4.93;4.72;1
1636836605-moneyline-away--1790057563;2026-09-22T06:12:43.621603+00:00;2026-09-22T06:12:43.621603+00:00;Netherlands - Cup;Rijnvogels vs VVSB Noordwijkerhout;1636836605;moneyline;away;;3.68;2.97;19.293;0;11.78;11.57;1
1637090737-spread-home--0.5-1790057735;2026-09-22T06:15:35.564477+00:00;2026-09-22T06:15:35.564477+00:00;England - EFL Trophy;Swindon Town vs Newport County;1637090737;spread;home;-0.5;1.806;1.781;1.384;0;11.74;11.53;1
1637090737-spread-away-0.5-1790057735;2026-09-22T06:15:35.564477+00:00;2026-09-22T06:15:35.564477+00:00;England - EFL Trophy;Swindon Town vs Newport County;1637090737;spread;away;0.5;2.02;1.935;4.208;0;11.74;11.53;1
1637090737-spread-home--0.5-1790058609;2026-09-22T06:30:09.709148+00:00;2026-09-22T06:30:09.709148+00:00;England - EFL Trophy;Swindon Town vs Newport County;1637090737;spread;home;-0.5;1.806;1.781;1.384;0;11.5;11.29;1
1637090737-spread-away-0.5-1790058609;2026-09-22T06:30:09.709148+00:00;2026-09-22T06:30:09.709148+00:00;England - EFL Trophy;Swindon Town vs Newport County;1637090737;spread;away;0.5;2.02;1.935;4.208;0;11.5;11.29;1
1636836443-moneyline-home--1790059485;2026-09-22T06:44:45.376112+00:00;2026-09-22T06:44:45.376112+00:00;Netherlands - Cup;ACV Assen vs Hoogeveen;1636836443;moneyline;home;;1.221;1.204;1.392;0;11.24;11.01;1
1636836443-spread-home--2.0-1790059485;2026-09-22T06:44:45.376112+00:00;2026-09-22T06:44:45.376112+00:00;Netherlands - Cup;ACV Assen vs Hoogeveen;1636836443;spread;home;-2.0;1.943;1.84;5.301;0;11.24;11.01;1
1636836509-moneyline-home--1790059485;2026-09-22T06:44:45.376112+00:00;2026-09-22T06:44:45.376112+00:00;Netherlands - Cup;Eemdijk vs RBC;1636836509;moneyline;home;;2.63;2.6;1.141;0;11.24;11.01;1
1636836509-moneyline-away--1790059485;2026-09-22T06:44:45.376112+00:00;2026-09-22T06:44:45.376112+00:00;Netherlands - Cup;Eemdijk vs RBC;1636836509;moneyline;away;;2.04;2.01;1.471;0;11.24;11.01;1
1636950880-total-over-3.5-1790059485;2026-09-22T06:44:45.376112+00:00;2026-09-22T06:44:45.376112+00:00;India - Shillong Premier League;Langsning vs Nangkiew Irat SC;1636950880;total;over;3.5;1.877;1.855;1.172;0;2.74;2.51;1
1637090737-spread-home--0.5-1790059485;2026-09-22T06:44:45.376112+00:00;2026-09-22T06:44:45.376112+00:00;England - EFL Trophy;Swindon Town vs Newport County;1637090737;spread;home;-0.5;1.806;1.781;1.384;0;11.24;11.01;1
1637090737-spread-away-0.5-1790059485;2026-09-22T06:44:45.376112+00:00;2026-09-22T06:44:45.376112+00:00;England - EFL Trophy;Swindon Town vs Newport County;1637090737;spread;away;0.5;2.02;1.935;4.208;0;11.24;11.01;1
1637136174-moneyline-away--1790059675;2026-09-22T06:47:55.001595+00:00;2026-09-22T06:47:55.001595+00:00;England - Northern Premier League;Cleethorpes Town vs Redcar Athletic;1637136174;moneyline;away;;2.87;2.48;13.589;0;11.94;11.71;1
1636688815-moneyline-away--1790059675;2026-09-22T06:47:55.001595+00:00;2026-09-22T06:47:55.001595+00:00;England - Southern Premier League South;Taunton Town vs Bath City;1636688815;moneyline;away;;2.51;2.31;7.968;0;11.94;11.71;1
1636688815-spread-away--0.0-1790059675;2026-09-22T06:47:55.001595+00:00;2026-09-22T06:47:55.001595+00:00;England - Southern Premier League South;Taunton Town vs Bath City;1636688815;spread;away;-0.0;1.909;1.758;7.91;0;11.94;11.71;1
1636689387-moneyline-away--1790059675;2026-09-22T06:47:55.001595+00:00;2026-09-22T06:47:55.001595+00:00;England - Southern Premier League South;Yate Town vs Evesham United;1636689387;moneyline;away;;3.21;2.96;7.788;0;11.94;11.71;1
1636689387-moneyline-draw--1790059675;2026-09-22T06:47:55.001595+00:00;2026-09-22T06:47:55.001595+00:00;England - Southern Premier League South;Yate Town vs Evesham United;1636689387;moneyline;draw;;3.27;3.23;1.223;0;11.94;11.71;1
1636688818-total-under-3.5-1790059675;2026-09-22T06:47:55.001595+00:00;2026-09-22T06:47:55.001595+00:00;England - Southern Premier League South;Chichester City vs Chertsey Town;1636688818;total;under;3.5;1.833;1.8;1.8;0;11.94;11.71;1
1636689398-moneyline-away--1790059864;2026-09-22T06:51:04.664032+00:00;2026-09-22T06:51:04.664032+00:00;England - Northern Premier League;Leek Town vs Hyde United;1636689398;moneyline;away;;2.84;2.63;7.394;0;11.89;11.66;1
1636689398-moneyline-draw--1790059864;2026-09-22T06:51:04.664032+00:00;2026-09-22T06:51:04.664032+00:00;England - Northern Premier League;Leek Town vs Hyde United;1636689398;moneyline;draw;;3.46;3.42;1.156;0;11.89;11.66;1
1636689389-moneyline-away--1790059864;2026-09-22T06:51:04.664032+00:00;2026-09-22T06:51:04.664032+00:00;England - Southern Premier League South;Poole Town vs Wimborne Town;1636689389;moneyline;away;;3.74;3.53;5.615;0;11.89;11.66;1
1636689389-moneyline-draw--1790059864;2026-09-22T06:51:04.664032+00:00;2026-09-22T06:51:04.664032+00:00;England - Southern Premier League South;Poole Town vs Wimborne Town;1636689389;moneyline;draw;;3.46;3.37;2.601;0;11.89;11.66;1
1636689389-spread-away-0.5-1790059864;2026-09-22T06:51:04.664032+00:00;2026-09-22T06:51:04.664032+00:00;England - Southern Premier League South;Poole Town vs Wimborne Town;1636689389;spread;away;0.5;1.926;1.847;4.102;0;11.89;11.66;1
1636689389-total-under-2.5-1790059864;2026-09-22T06:51:04.664032+00:00;2026-09-22T06:51:04.664032+00:00;England - Southern Premier League South;Poole Town vs Wimborne Town;1636689389;total;under;2.5;1.909;1.885;1.257;0;11.89;11.66;1
1636906778-moneyline-home--1790060052;2026-09-22T06:54:12.307928+00:00;2026-09-22T06:54:12.307928+00:00;Scotland - Challenge Cup;Banks O´Dee vs Aberdeen B;1636906778;moneyline;home;;3.42;3.12;8.772;0;11.84;11.6;1
1636713987-moneyline-home--1790060242;2026-09-22T06:57:22.423911+00:00;2026-09-22T06:57:22.423911+00:00;Scotland - Challenge Cup;Forfar Athletic vs Peterhead;1636713987;moneyline;home;;3.79;3.1;18.206;0;11.79;11.56;1
1636866459-moneyline-away--1790060242;2026-09-22T06:57:22.423911+00:00;2026-09-22T06:57:22.423911+00:00;Scotland - Challenge Cup;Stirling Albion vs Cumbernauld Colts;1636866459;moneyline;away;;3.76;3.47;7.713;0;11.79;11.56;1
1636866459-moneyline-draw--1790060242;2026-09-22T06:57:22.423911+00:00;2026-09-22T06:57:22.423911+00:00;Scotland - Challenge Cup;Stirling Albion vs Cumbernauld Colts;1636866459;moneyline;draw;;5.12;4.85;5.273;0;11.79;11.56;1
1636866459-spread-away-1.0-1790060242;2026-09-22T06:57:22.423911+00:00;2026-09-22T06:57:22.423911+00:00;Scotland - Challenge Cup;Stirling Albion vs Cumbernauld Colts;1636866459;spread;away;1.0;1.926;1.794;6.854;0;11.79;11.56;1
1636866459-total-under-3.5-1790060242;2026-09-22T06:57:22.423911+00:00;2026-09-22T06:57:22.423911+00:00;Scotland - Challenge Cup;Stirling Albion vs Cumbernauld Colts;1636866459;total;under;3.5;1.855;1.826;1.563;0;11.79;11.56;1
1636836439-moneyline-home--1790060242;2026-09-22T06:57:22.423911+00:00;2026-09-22T06:57:22.423911+00:00;Scotland - Challenge Cup;Gala Fairydean Rovers vs Spartans;1636836439;moneyline;home;;10.97;8.91;18.778;0;11.79;11.56;1
1636836439-moneyline-draw--1790060242;2026-09-22T06:57:22.423911+00:00;2026-09-22T06:57:22.423911+00:00;Scotland - Challenge Cup;Gala Fairydean Rovers vs Spartans;1636836439;moneyline;draw;;7.39;6.44;12.855;0;11.79;11.56;1
1636709492-moneyline-home--1790060431;2026-09-22T07:00:31.870491+00:00;2026-09-22T07:00:31.870491+00:00;Scotland - Challenge Cup;Clyde vs Rangers B;1636709492;moneyline;home;;2.08;1.885;9.375;0;11.74;11.5;1
1636713985-moneyline-home--1790060431;2026-09-22T07:00:31.870491+00:00;2026-09-22T07:00:31.870491+00:00;Scotland - Challenge Cup;Dumbarton vs Kilmarnock B;1636713985;moneyline;home;;1.885;1.8;4.509;0;11.74;11.5;1
1636713985-spread-home--0.5-1790060431;2026-09-22T07:00:31.870491+00:00;2026-09-22T07:00:31.870491+00:00;Scotland - Challenge Cup;Dumbarton vs Kilmarnock B;1636713985;spread;home;-0.5;1.893;1.806;4.596;0;11.74;11.5;1
1637090737-spread-home--0.5-1790060431;2026-09-22T07:00:31.870491+00:00;2026-09-22T07:00:31.870491+00:00;England - EFL Trophy;Swindon Town vs Newport County;1637090737;spread;home;-0.5;1.806;1.781;1.384;0;10.99;10.75;1
1637090737-spread-away-0.5-1790060431;2026-09-22T07:00:31.870491+00:00;2026-09-22T07:00:31.870491+00:00;England - EFL Trophy;Swindon Town vs Newport County;1637090737;spread;away;0.5;2.02;1.935;4.208;0;10.99;10.75;1
1636688743-moneyline-home--1790060431;2026-09-22T07:00:31.870491+00:00;2026-09-22T07:00:31.870491+00:00;Romania - Liga 2;Dumbravita vs Resita;1636688743;moneyline;home;;4.74;4.63;2.321;0;7.48;7.25;1
1636688743-moneyline-draw--1790060431;2026-09-22T07:00:31.870491+00:00;2026-09-22T07:00:31.870491+00:00;Romania - Liga 2;Dumbravita vs Resita;1636688743;moneyline;draw;;4.16;4.11;1.202;0;7.48;7.25;1
1636688743-spread-home-1.0-1790060431;2026-09-22T07:00:31.870491+00:00;2026-09-22T07:00:31.870491+00:00;Romania - Liga 2;Dumbravita vs Resita;1636688743;spread;home;1.0;1.909;1.87;2.043;0;7.48;7.25;1
1636688815-moneyline-home--1790060623;2026-09-22T07:03:43.885207+00:00;2026-09-22T07:03:43.885207+00:00;England - Southern Premier League South;Taunton Town vs Bath City;1636688815;moneyline;home;;2.64;2.5;5.303;0;11.68;11.44;1
1636688815-moneyline-draw--1790060623;2026-09-22T07:03:43.885207+00:00;2026-09-22T07:03:43.885207+00:00;England - Southern Premier League South;Taunton Town vs Bath City;1636688815;moneyline;draw;;3.4;3.35;1.471;0;11.68;11.44;1
1636688815-spread-home-0.0-1790060623;2026-09-22T07:03:43.885207+00:00;2026-09-22T07:03:43.885207+00:00;England - Southern Premier League South;Taunton Town vs Bath City;1636688815;spread;home;0.0;2.02;1.901;5.891;0;11.68;11.44;1
1637131527-moneyline-away--1790060623;2026-09-22T07:03:43.885207+00:00;2026-09-22T07:03:43.885207+00:00;England - FA Cup Qualification;Worksop Town vs Telford United;1637131527;moneyline;away;;2.98;2.63;11.745;0;11.68;11.44;1
1637131527-total-over-2.5-1790060623;2026-09-22T07:03:43.885207+00:00;2026-09-22T07:03:43.885207+00:00;England - FA Cup Qualification;Worksop Town vs Telford United;1637131527;total;over;2.5;1.813;1.775;2.096;0;11.68;11.44;1
1637067771-moneyline-home--1790061008;2026-09-22T07:10:08.680592+00:00;2026-09-22T07:10:08.680592+00:00;England - EFL Trophy;Gillingham vs Cambridge United;1637067771;moneyline;home;;2.61;2.45;6.13;0;10.83;10.59;1
1637067771-spread-home-0.0-1790061008;2026-09-22T07:10:08.680592+00:00;2026-09-22T07:10:08.680592+00:00;England - EFL Trophy;Gillingham vs Cambridge United;1637067771;spread;home;0.0;1.962;1.847;5.861;0;10.83;10.59;1
1636896177-moneyline-away--1790061198;2026-09-22T07:13:18.903633+00:00;2026-09-22T07:13:18.903633+00:00;Scotland - Challenge Cup;Clydebank vs St Mirren B;1636896177;moneyline;away;;5.36;5.15;3.918;0;11.52;11.28;1
1636896177-moneyline-draw--1790061198;2026-09-22T07:13:18.903633+00:00;2026-09-22T07:13:18.903633+00:00;Scotland - Challenge Cup;Clydebank vs St Mirren B;1636896177;moneyline;draw;;4.48;4.4;1.786;0;11.52;11.28;1
1636836439-spread-away--2.0-1790061198;2026-09-22T07:13:18.903633+00:00;2026-09-22T07:13:18.903633+00:00;Scotland - Challenge Cup;Gala Fairydean Rovers vs Spartans;1636836439;spread;away;-2.0;1.87;1.826;2.353;0;11.52;11.28;1
1637090737-spread-home--0.5-1790061398;2026-09-22T07:16:38.575093+00:00;2026-09-22T07:16:38.575093+00:00;England - EFL Trophy;Swindon Town vs Newport County;1637090737;spread;home;-0.5;1.806;1.781;1.384;0;10.72;10.47;1
1637090737-spread-away-0.5-1790061398;2026-09-22T07:16:38.575093+00:00;2026-09-22T07:16:38.575093+00:00;England - EFL Trophy;Swindon Town vs Newport County;1637090737;spread;away;0.5;2.02;1.935;4.208;0;10.72;10.47;1
1636688828-moneyline-away--1790061992;2026-09-22T07:26:32.787613+00:00;2026-09-22T07:26:32.787613+00:00;England - Isthmian Division 1 North;Fakenham Town vs Mulbarton Wanderers;1636688828;moneyline;away;;2.05;1.98;3.415;0;11.31;11.11;1
1636709488-moneyline-home--1790061992;2026-09-22T07:26:32.787613+00:00;2026-09-22T07:26:32.787613+00:00;England - Isthmian Division 1 North;Takeley vs Redbridge;1636709488;moneyline;home;;3.47;2.81;19.02;0;11.31;11.11;1
1636688825-moneyline-home--1790061992;2026-09-22T07:26:32.787613+00:00;2026-09-22T07:26:32.787613+00:00;England - Isthmian Division 1 North;Hashtag United vs Walthamstow;1636688825;moneyline;home;;1.305;1.181;9.502;0;11.31;11.11;1
1636689394-moneyline-away--1790061992;2026-09-22T07:26:32.787613+00:00;2026-09-22T07:26:32.787613+00:00;England - Isthmian Division 1 North;Concord Rangers vs Buckhurst Hill;1636689394;moneyline;away;;3.41;3.24;4.985;0;11.31;11.11;1
1636689394-moneyline-draw--1790061992;2026-09-22T07:26:32.787613+00:00;2026-09-22T07:26:32.787613+00:00;England - Isthmian Division 1 North;Concord Rangers vs Buckhurst Hill;1636689394;moneyline;draw;;3.9;3.79;2.821;0;11.31;11.11;1
1636688829-moneyline-away--1790061992;2026-09-22T07:26:32.787613+00:00;2026-09-22T07:26:32.787613+00:00;England - Isthmian Division 1 South East;South Park vs Cray Valley Paper Mills;1636688829;moneyline;away;;3.25;2.55;21.538;0;11.3;11.11;1
1636836443-spread-away-2.0-1790062197;2026-09-22T07:29:57.416308+00:00;2026-09-22T07:29:57.416308+00:00;Netherlands - Cup;ACV Assen vs Hoogeveen;1636836443;spread;away;2.0;1.847;1.826;1.137;0;10.49;10.3;1
1636920009-moneyline-away--1790062197;2026-09-22T07:29:57.416308+00:00;2026-09-22T07:29:57.416308+00:00;England - Isthmian Division 1 South Central;Binfield vs Moneyfields;1636920009;moneyline;away;;1.725;1.704;1.217;0;11.24;11.05;1
1636713986-moneyline-away--1790062197;2026-09-22T07:29:57.416308+00:00;2026-09-22T07:29:57.416308+00:00;Scotland - Challenge Cup;East Kilbride vs Celtic II;1636713986;moneyline;away;;7.86;6.35;19.211;0;11.24;11.05;1
1636713986-moneyline-draw--1790062197;2026-09-22T07:29:57.416308+00:00;2026-09-22T07:29:57.416308+00:00;Scotland - Challenge Cup;East Kilbride vs Celtic II;1636713986;moneyline;draw;;6.1;5.45;10.656;0;11.24;11.05;1
1636918782-moneyline-home--1790062197;2026-09-22T07:29:57.416308+00:00;2026-09-22T07:29:57.416308+00:00;England - Northern League Division 1;Beverley Town vs Pontefract Collieries;1636918782;moneyline;home;;3.82;3.02;20.942;0;11.24;11.05;1
1636918782-moneyline-draw--1790062197;2026-09-22T07:29:57.416308+00:00;2026-09-22T07:29:57.416308+00:00;England - Northern League Division 1;Beverley Town vs Pontefract Collieries;1636918782;moneyline;draw;;4.11;3.7;9.976;0;11.24;11.05;1
1636918788-moneyline-away--1790062197;2026-09-22T07:29:57.416308+00:00;2026-09-22T07:29:57.416308+00:00;England - Northern League Division 1;Nuneaton Town vs Grantham Town;1636918788;moneyline;away;;3.29;2.8;14.894;0;11.24;11.05;1
1636918788-moneyline-draw--1790062197;2026-09-22T07:29:57.416308+00:00;2026-09-22T07:29:57.416308+00:00;England - Northern League Division 1;Nuneaton Town vs Grantham Town;1636918788;moneyline;draw;;3.74;3.6;3.743;0;11.24;11.05;1
1636920013-moneyline-away--1790062197;2026-09-22T07:29:57.416308+00:00;2026-09-22T07:29:57.416308+00:00;England - Northern League Division 1;West Auckland Town vs Heaton Stannington;1636920013;moneyline;away;;2.71;2.27;16.236;0;11.24;11.05;1
1637165542-moneyline-away--1790062197;2026-09-22T07:29:57.416308+00:00;2026-09-22T07:29:57.416308+00:00;England - Northern League Division 1;Stafford Rangers vs Wythenshawe Town;1637165542;moneyline;away;;3.42;3.12;8.772;0;11.24;11.05;1
1637165542-moneyline-draw--1790062197;2026-09-22T07:29:57.416308+00:00;2026-09-22T07:29:57.416308+00:00;England - Northern League Division 1;Stafford Rangers vs Wythenshawe Town;1637165542;moneyline;draw;;3.89;3.57;8.226;0;11.24;11.05;1
1636689398-moneyline-away--1790062402;2026-09-22T07:33:22.140335+00:00;2026-09-22T07:33:22.140335+00:00;England - Northern Premier League;Leek Town vs Hyde United;1636689398;moneyline;away;;2.63;2.6;1.141;0;11.19;10.99;1
1637090737-spread-home--0.5-1790062402;2026-09-22T07:33:22.140335+00:00;2026-09-22T07:33:22.140335+00:00;England - EFL Trophy;Swindon Town vs Newport County;1637090737;spread;home;-0.5;1.806;1.781;1.384;0;10.43;10.24;1
1637090737-spread-away-0.5-1790062402;2026-09-22T07:33:22.140335+00:00;2026-09-22T07:33:22.140335+00:00;England - EFL Trophy;Swindon Town vs Newport County;1637090737;spread;away;0.5;2.02;1.935;4.208;0;10.43;10.24;1
1636866928-spread-away--0.0-1790062602;2026-09-22T07:36:42.374139+00:00;2026-09-22T07:36:42.374139+00:00;India - Bangalore Super Division;Bangalore City FC vs United Stars;1636866928;spread;away;-0.0;1.971;1.87;5.124;0;0.39;0.19;1
1636918786-moneyline-draw--1790063008;2026-09-22T07:43:28.170585+00:00;2026-09-22T07:43:28.170585+00:00;England - Northern League Division 1;Liversedge vs Silsden;1636918786;moneyline;draw;;4.13;4.08;1.211;0;11.02;10.83;1
1636918784-moneyline-home--1790063008;2026-09-22T07:43:28.170585+00:00;2026-09-22T07:43:28.170585+00:00;England - Northern League Division 1;Long Eaton United vs Loughborough University;1636918784;moneyline;home;;2.76;2.69;2.536;0;11.02;10.83;1
1637165542-moneyline-away--1790063008;2026-09-22T07:43:28.170585+00:00;2026-09-22T07:43:28.170585+00:00;England - Northern League Division 1;Stafford Rangers vs Wythenshawe Town;1637165542;moneyline;away;;3.12;2.55;18.269;0;11.02;10.83;1
1637165542-moneyline-draw--1790063008;2026-09-22T07:43:28.170585+00:00;2026-09-22T07:43:28.170585+00:00;England - Northern League Division 1;Stafford Rangers vs Wythenshawe Town;1637165542;moneyline;draw;;3.57;3.34;6.443;0;11.02;10.83;1
1636896177-moneyline-away--1790063008;2026-09-22T07:43:28.170585+00:00;2026-09-22T07:43:28.170585+00:00;Scotland - Challenge Cup;Clydebank vs St Mirren B;1636896177;moneyline;away;;5.15;4.8;6.796;0;11.02;10.83;1
1636896177-moneyline-draw--1790063008;2026-09-22T07:43:28.170585+00:00;2026-09-22T07:43:28.170585+00:00;Scotland - Challenge Cup;Clydebank vs St Mirren B;1636896177;moneyline;draw;;4.4;4.24;3.636;0;11.02;10.83;1
1636896177-total-under-3.5-1790063008;2026-09-22T07:43:28.170585+00:00;2026-09-22T07:43:28.170585+00:00;Scotland - Challenge Cup;Clydebank vs St Mirren B;1636896177;total;under;3.5;1.917;1.893;1.252;0;11.02;10.83;1
1636836439-spread-away--2.0-1790063008;2026-09-22T07:43:28.170585+00:00;2026-09-22T07:43:28.170585+00:00;Scotland - Challenge Cup;Gala Fairydean Rovers vs Spartans;1636836439;spread;away;-2.0;1.826;1.787;2.136;0;11.02;10.83;1
1636709493-moneyline-draw--1790063008;2026-09-22T07:43:28.170585+00:00;2026-09-22T07:43:28.170585+00:00;Scotland - Challenge Cup;Formartine United vs Montrose;1636709493;moneyline;draw;;3.78;3.71;1.852;0;11.02;10.83;1
1637090737-spread-home--0.5-1790063213;2026-09-22T07:46:53.384034+00:00;2026-09-22T07:46:53.384034+00:00;England - EFL Trophy;Swindon Town vs Newport County;1637090737;spread;home;-0.5;1.806;1.781;1.384;0;10.21;10.02;1
1637090737-spread-away-0.5-1790063213;2026-09-22T07:46:53.384034+00:00;2026-09-22T07:46:53.384034+00:00;England - EFL Trophy;Swindon Town vs Newport County;1637090737;spread;away;0.5;2.02;1.935;4.208;0;10.21;10.02;1
1636866928-spread-away--0.0-1790063417;2026-09-22T07:50:17.747973+00:00;2026-09-22T07:50:17.747973+00:00;India - Bangalore Super Division;Bangalore City FC vs United Stars;1636866928;spread;away;-0.0;1.87;1.781;4.759;0;0.16;0;1
1637131525-moneyline-home--1790063417;2026-09-22T07:50:17.747973+00:00;2026-09-22T07:50:17.747973+00:00;England - FA Cup Qualification;Gainsborough Trinity vs Leamington;1637131525;moneyline;home;;1.8;1.73;3.889;0;10.91;10.71;1
1636689398-moneyline-away--1790063417;2026-09-22T07:50:17.747973+00:00;2026-09-22T07:50:17.747973+00:00;England - Northern Premier League;Leek Town vs Hyde United;1636689398;moneyline;away;;2.6;2.55;1.923;0;10.91;10.71;1
1636689398-spread-away--0.0-1790063417;2026-09-22T07:50:17.747973+00:00;2026-09-22T07:50:17.747973+00:00;England - Northern Premier League;Leek Town vs Hyde United;1636689398;spread;away;-0.0;1.99;1.952;1.91;0;10.91;10.71;1
1637136174-spread-away--0.0-1790063417;2026-09-22T07:50:17.747973+00:00;2026-09-22T07:50:17.747973+00:00;England - Northern Premier League;Cleethorpes Town vs Redcar Athletic;1637136174;spread;away;-0.0;1.862;1.84;1.182;0;10.91;10.71;1
1637069527-moneyline-away--1790063624;2026-09-22T07:53:44.966521+00:00;2026-09-22T07:53:44.966521+00:00;England - EFL Trophy;York City vs Rotherham United;1637069527;moneyline;away;;3.26;3.13;3.988;0;10.1;9.91;1
1637069527-moneyline-draw--1790063624;2026-09-22T07:53:44.966521+00:00;2026-09-22T07:53:44.966521+00:00;England - EFL Trophy;York City vs Rotherham United;1637069527;moneyline;draw;;3.5;3.43;2.0;0;10.1;9.91;1
1634922628-moneyline-home--1790063624;2026-09-22T07:53:44.966521+00:00;2026-09-22T07:53:44.966521+00:00;Algeria - Ligue 1;US Biskra vs JS Saoura;1634922628;moneyline;home;;2.59;2.39;7.722;0;9.1;8.9;1
1636688825-moneyline-away--1790063829;2026-09-22T07:57:09.040819+00:00;2026-09-22T07:57:09.040819+00:00;England - Isthmian Division 1 North;Hashtag United vs Walthamstow;1636688825;moneyline;away;;8.65;8.3;4.046;0;10.8;10.6;1
1636688825-moneyline-draw--1790063829;2026-09-22T07:57:09.040819+00:00;2026-09-22T07:57:09.040819+00:00;England - Isthmian Division 1 North;Hashtag United vs Walthamstow;1636688825;moneyline;draw;;5.97;5.84;2.178;0;10.8;10.6;1
1637090737-spread-home--0.5-1790064034;2026-09-22T08:00:34.995024+00:00;2026-09-22T08:00:34.995024+00:00;England - EFL Trophy;Swindon Town vs Newport County;1637090737;spread;home;-0.5;1.806;1.781;1.384;0;9.99;9.8;1
1637090737-spread-away-0.5-1790064034;2026-09-22T08:00:34.995024+00:00;2026-09-22T08:00:34.995024+00:00;England - EFL Trophy;Swindon Town vs Newport County;1637090737;spread;away;0.5;2.02;1.935;4.208;0;9.99;9.8;1
1636713986-moneyline-away--1790064034;2026-09-22T08:00:34.995024+00:00;2026-09-22T08:00:34.995024+00:00;Scotland - Challenge Cup;East Kilbride vs Celtic II;1636713986;moneyline;away;;6.39;5.89;7.825;0;10.73;10.54;1
1636713986-moneyline-draw--1790064034;2026-09-22T08:00:34.995024+00:00;2026-09-22T08:00:34.995024+00:00;Scotland - Challenge Cup;East Kilbride vs Celtic II;1636713986;moneyline;draw;;5.46;5.33;2.381;0;10.73;10.54;1
1636713985-moneyline-away--1790064034;2026-09-22T08:00:34.995024+00:00;2026-09-22T08:00:34.995024+00:00;Scotland - Challenge Cup;Dumbarton vs Kilmarnock B;1636713985;moneyline;away;;3.67;3.56;2.997;0;10.73;10.54;1
1636713985-moneyline-draw--1790064034;2026-09-22T08:00:34.995024+00:00;2026-09-22T08:00:34.995024+00:00;Scotland - Challenge Cup;Dumbarton vs Kilmarnock B;1636713985;moneyline;draw;;3.61;3.57;1.108;0;10.73;10.54;1
1636713985-spread-away-0.5-1790064034;2026-09-22T08:00:34.995024+00:00;2026-09-22T08:00:34.995024+00:00;Scotland - Challenge Cup;Dumbarton vs Kilmarnock B;1636713985;spread;away;0.5;1.952;1.909;2.203;0;10.73;10.54;1
1636689400-spread-away-2.0-1790064034;2026-09-22T08:00:34.995024+00:00;2026-09-22T08:00:34.995024+00:00;Scotland - Challenge Cup;Edinburgh City vs Dundee United B;1636689400;spread;away;2.0;1.847;1.826;1.137;0;10.73;10.54;1
1636918784-moneyline-home--1790064034;2026-09-22T08:00:34.995024+00:00;2026-09-22T08:00:34.995024+00:00;England - Northern League Division 1;Long Eaton United vs Loughborough University;1636918784;moneyline;home;;2.69;2.64;1.859;0;10.73;10.54;1
1636688818-moneyline-draw--1790064240;2026-09-22T08:04:00.982517+00:00;2026-09-22T08:04:00.982517+00:00;England - Southern Premier League South;Chichester City vs Chertsey Town;1636688818;moneyline;draw;;3.77;3.6;4.509;0;10.68;10.48;1
1637090755-moneyline-home--1790064445;2026-09-22T08:07:25.110650+00:00;2026-09-22T08:07:25.110650+00:00;England - EFL Trophy;Salford City vs Sheffield Wednesday;1637090755;moneyline;home;;2.56;2.46;3.906;0;9.88;9.68;1
1637090755-spread-home-0.0-1790064445;2026-09-22T08:07:25.110650+00:00;2026-09-22T08:07:25.110650+00:00;England - EFL Trophy;Salford City vs Sheffield Wednesday;1637090755;spread;home;0.0;1.962;1.885;3.925;0;9.88;9.68;1
1636689398-moneyline-away--1790064445;2026-09-22T08:07:25.110650+00:00;2026-09-22T08:07:25.110650+00:00;England - Northern Premier League;Leek Town vs Hyde United;1636689398;moneyline;away;;2.55;2.43;4.706;0;10.62;10.43;1
1636689398-moneyline-draw--1790064445;2026-09-22T08:07:25.110650+00:00;2026-09-22T08:07:25.110650+00:00;England - Northern Premier League;Leek Town vs Hyde United;1636689398;moneyline;draw;;3.39;3.31;2.36;0;10.62;10.43;1
1636689398-spread-away--0.0-1790064445;2026-09-22T08:07:25.110650+00:00;2026-09-22T08:07:25.110650+00:00;England - Northern Premier League;Leek Town vs Hyde United;1636689398;spread;away;-0.0;1.952;1.862;4.611;0;10.62;10.43;1
1636689398-total-over-2.5-1790064445;2026-09-22T08:07:25.110650+00:00;2026-09-22T08:07:25.110650+00:00;England - Northern Premier League;Leek Town vs Hyde United;1636689398;total;over;2.5;1.794;1.775;1.059;0;10.62;10.43;1
1636689398-total-under-2.5-1790064445;2026-09-22T08:07:25.110650+00:00;2026-09-22T08:07:25.110650+00:00;England - Northern Premier League;Leek Town vs Hyde United;1636689398;total;under;2.5;1.952;1.926;1.332;0;10.62;10.43;1
1634922628-moneyline-home--1790064649;2026-09-22T08:10:49.773004+00:00;2026-09-22T08:10:49.773004+00:00;Algeria - Ligue 1;US Biskra vs JS Saoura;1634922628;moneyline;home;;2.39;2.23;6.695;0;8.81;8.62;1
1636688829-moneyline-away--1790064850;2026-09-22T08:14:10.778459+00:00;2026-09-22T08:14:10.778459+00:00;England - Isthmian Division 1 South East;South Park vs Cray Valley Paper Mills;1636688829;moneyline;away;;2.55;2.51;1.569;0;10.51;10.31;1
1636688829-moneyline-draw--1790064850;2026-09-22T08:14:10.778459+00:00;2026-09-22T08:14:10.778459+00:00;England - Isthmian Division 1 South East;South Park vs Cray Valley Paper Mills;1636688829;moneyline;draw;;3.98;3.91;1.759;0;10.51;10.31;1
1636866931-moneyline-away--1790064850;2026-09-22T08:14:10.778459+00:00;2026-09-22T08:14:10.778459+00:00;UAE - President's Cup;Al-Urooba vs Dubai City;1636866931;moneyline;away;;5.94;5.42;8.754;0;6.42;6.23;1
1636866931-moneyline-draw--1790064850;2026-09-22T08:14:10.778459+00:00;2026-09-22T08:14:10.778459+00:00;UAE - President's Cup;Al-Urooba vs Dubai City;1636866931;moneyline;draw;;4.19;3.94;5.967;0;6.42;6.23;1
1636866931-spread-away-1.0-1790064850;2026-09-22T08:14:10.778459+00:00;2026-09-22T08:14:10.778459+00:00;UAE - President's Cup;Al-Urooba vs Dubai City;1636866931;spread;away;1.0;2.03;1.87;7.882;0;6.42;6.23;1
1637090737-spread-home--0.5-1790064850;2026-09-22T08:14:10.778459+00:00;2026-09-22T08:14:10.778459+00:00;England - EFL Trophy;Swindon Town vs Newport County;1637090737;spread;home;-0.5;1.813;1.781;1.765;0;9.75;9.55;1
1637090737-spread-away-0.5-1790064850;2026-09-22T08:14:10.778459+00:00;2026-09-22T08:14:10.778459+00:00;England - EFL Trophy;Swindon Town vs Newport County;1637090737;spread;away;0.5;2.02;1.935;4.208;0;9.75;9.55;1
1636867970-spread-home--1.0-1790065056;2026-09-22T08:17:36.979778+00:00;2026-09-22T08:17:36.979778+00:00;UAE - President's Cup;Dibba Al Fujairah vs Al-Ittifaq;1636867970;spread;home;-1.0;1.84;1.813;1.467;0;6.37;6.17;1
1636688835-moneyline-away--1790065056;2026-09-22T08:17:36.979778+00:00;2026-09-22T08:17:36.979778+00:00;England - Isthmian Premier League;Three Bridges vs Leatherhead;1636688835;moneyline;away;;2.3;2.17;5.652;0;10.44;10.25;1
1636688835-moneyline-draw--1790065056;2026-09-22T08:17:36.979778+00:00;2026-09-22T08:17:36.979778+00:00;England - Isthmian Premier League;Three Bridges vs Leatherhead;1636688835;moneyline;draw;;3.63;3.5;3.581;0;10.44;10.25;1
1636713985-moneyline-away--1790065056;2026-09-22T08:17:36.979778+00:00;2026-09-22T08:17:36.979778+00:00;Scotland - Challenge Cup;Dumbarton vs Kilmarnock B;1636713985;moneyline;away;;3.56;3.16;11.236;0;10.44;10.25;1
1636713985-moneyline-draw--1790065056;2026-09-22T08:17:36.979778+00:00;2026-09-22T08:17:36.979778+00:00;Scotland - Challenge Cup;Dumbarton vs Kilmarnock B;1636713985;moneyline;draw;;3.57;3.43;3.922;0;10.44;10.25;1
1636713985-total-under-3.5-1790065056;2026-09-22T08:17:36.979778+00:00;2026-09-22T08:17:36.979778+00:00;Scotland - Challenge Cup;Dumbarton vs Kilmarnock B;1636713985;total;under;3.5;1.833;1.813;1.091;0;10.44;10.25;1
1637064588-spread-away--1.5-1790065263;2026-09-22T08:21:03.730827+00:00;2026-09-22T08:21:03.730827+00:00;Uzbekistan - Pro League;TerDU vs Gazalkent FK;1637064588;spread;away;-1.5;1.813;1.775;2.096;0;5.65;5.45;1
1637136174-moneyline-home--1790065263;2026-09-22T08:21:03.730827+00:00;2026-09-22T08:21:03.730827+00:00;England - Northern Premier League;Cleethorpes Town vs Redcar Athletic;1637136174;moneyline;home;;2.53;2.47;2.372;0;10.39;10.19;1
1637136174-spread-home-0.0-1790065263;2026-09-22T08:21:03.730827+00:00;2026-09-22T08:21:03.730827+00:00;England - Northern Premier League;Cleethorpes Town vs Redcar Athletic;1637136174;spread;home;0.0;1.893;1.855;2.007;0;10.39;10.19;1
1634922628-moneyline-home--1790065474;2026-09-22T08:24:34.812255+00:00;2026-09-22T08:24:34.812255+00:00;Algeria - Ligue 1;US Biskra vs JS Saoura;1634922628;moneyline;home;;2.23;2.17;2.691;0;8.59;8.39;1
1637090755-moneyline-away--1790065474;2026-09-22T08:24:34.812255+00:00;2026-09-22T08:24:34.812255+00:00;England - EFL Trophy;Salford City vs Sheffield Wednesday;1637090755;moneyline;away;;2.52;2.46;2.381;0;9.58;9.38;1
1637090755-spread-away--0.0-1790065474;2026-09-22T08:24:34.812255+00:00;2026-09-22T08:24:34.812255+00:00;England - EFL Trophy;Salford City vs Sheffield Wednesday;1637090755;spread;away;-0.0;1.935;1.893;2.171;0;9.58;9.38;1
1636709489-moneyline-home--1790065682;2026-09-22T08:28:02.044029+00:00;2026-09-22T08:28:02.044029+00:00;England - Isthmian Division 1 North;Newmarket Town vs Brightlingsea Regent;1636709489;moneyline;home;;2.09;1.699;18.708;0;10.28;10.08;1
1636688826-moneyline-home--1790065682;2026-09-22T08:28:02.044029+00:00;2026-09-22T08:28:02.044029+00:00;England - Isthmian Division 1 North;Cambridge City vs Witham Town;1636688826;moneyline;home;;1.8;1.556;13.556;0;10.28;10.08;1
1636688824-moneyline-away--1790065682;2026-09-22T08:28:02.044029+00:00;2026-09-22T08:28:02.044029+00:00;England - Isthmian Division 1 North;Bowers and Pitsea vs Grays Athletic;1636688824;moneyline;away;;4.04;3.07;24.01;0;10.28;10.08;1
1636688824-moneyline-draw--1790065682;2026-09-22T08:28:02.044029+00:00;2026-09-22T08:28:02.044029+00:00;England - Isthmian Division 1 North;Bowers and Pitsea vs Grays Athletic;1636688824;moneyline;draw;;3.9;3.49;10.513;0;10.28;10.08;1
1636866931-moneyline-away--1790065682;2026-09-22T08:28:02.044029+00:00;2026-09-22T08:28:02.044029+00:00;UAE - President's Cup;Al-Urooba vs Dubai City;1636866931;moneyline;away;;5.42;5.22;3.69;0;6.19;6.0;1
1636866931-moneyline-draw--1790065682;2026-09-22T08:28:02.044029+00:00;2026-09-22T08:28:02.044029+00:00;UAE - President's Cup;Al-Urooba vs Dubai City;1636866931;moneyline;draw;;3.94;3.87;1.777;0;6.19;6.0;1
1636866931-spread-away-1.0-1790065682;2026-09-22T08:28:02.044029+00:00;2026-09-22T08:28:02.044029+00:00;UAE - President's Cup;Al-Urooba vs Dubai City;1636866931;spread;away;1.0;1.87;1.82;2.674;0;6.19;6.0;1
1636928750-spread-home--1.0-1790065682;2026-09-22T08:28:02.044029+00:00;2026-09-22T08:28:02.044029+00:00;Netherlands - Cup;HHC Hardenberg vs BVV Barendrecht;1636928750;spread;home;-1.0;1.926;1.901;1.298;0;9.52;9.33;1
1636836439-moneyline-home--1790065682;2026-09-22T08:28:02.044029+00:00;2026-09-22T08:28:02.044029+00:00;Scotland - Challenge Cup;Gala Fairydean Rovers vs Spartans;1636836439;moneyline;home;;9.06;8.88;1.987;0;10.27;10.07;1
1636836439-moneyline-draw--1790065682;2026-09-22T08:28:02.044029+00:00;2026-09-22T08:28:02.044029+00:00;Scotland - Challenge Cup;Gala Fairydean Rovers vs Spartans;1636836439;moneyline;draw;;6.61;6.52;1.362;0;10.27;10.07;1
1637090737-spread-home--0.5-1790065682;2026-09-22T08:28:02.044029+00:00;2026-09-22T08:28:02.044029+00:00;England - EFL Trophy;Swindon Town vs Newport County;1637090737;spread;home;-0.5;1.813;1.781;1.765;0;9.52;9.32;1
1637090737-spread-away-0.5-1790065682;2026-09-22T08:28:02.044029+00:00;2026-09-22T08:28:02.044029+00:00;England - EFL Trophy;Swindon Town vs Newport County;1637090737;spread;away;0.5;2.02;1.935;4.208;0;9.52;9.32;1
1634922509-moneyline-home--1790065891;2026-09-22T08:31:31.035161+00:00;2026-09-22T08:31:31.035161+00:00;Algeria - Ligue 1;MC Alger vs MC Oran;1634922509;moneyline;home;;1.606;1.578;1.743;0;10.47;10.27;1
1636918786-moneyline-home--1790065891;2026-09-22T08:31:31.035161+00:00;2026-09-22T08:31:31.035161+00:00;England - Northern League Division 1;Liversedge vs Silsden;1636918786;moneyline;home;;1.592;1.549;2.701;0;10.22;10.02;1
1636918786-spread-home--1.0-1790065891;2026-09-22T08:31:31.035161+00:00;2026-09-22T08:31:31.035161+00:00;England - Northern League Division 1;Liversedge vs Silsden;1636918786;spread;home;-1.0;1.99;1.917;3.668;0;10.22;10.02;1
1637136174-moneyline-home--1790066096;2026-09-22T08:34:56.480513+00:00;2026-09-22T08:34:56.480513+00:00;England - Northern Premier League;Cleethorpes Town vs Redcar Athletic;1637136174;moneyline;home;;2.47;2.42;2.024;0;10.17;9.97;1
1637136174-spread-home-0.0-1790066096;2026-09-22T08:34:56.480513+00:00;2026-09-22T08:34:56.480513+00:00;England - Northern Premier League;Cleethorpes Town vs Redcar Athletic;1637136174;spread;home;0.0;1.855;1.82;1.887;0;10.17;9.97;1
1637136174-total-over-2.5-1790066096;2026-09-22T08:34:56.480513+00:00;2026-09-22T08:34:56.480513+00:00;England - Northern Premier League;Cleethorpes Town vs Redcar Athletic;1637136174;total;over;2.5;1.962;1.917;2.294;0;10.17;9.97;1
1636867970-moneyline-away--1790066096;2026-09-22T08:34:56.480513+00:00;2026-09-22T08:34:56.480513+00:00;UAE - President's Cup;Dibba Al Fujairah vs Al-Ittifaq;1636867970;moneyline;away;;5.13;4.61;10.136;0;6.08;5.88;1
1636867970-moneyline-draw--1790066096;2026-09-22T08:34:56.480513+00:00;2026-09-22T08:34:56.480513+00:00;UAE - President's Cup;Dibba Al Fujairah vs Al-Ittifaq;1636867970;moneyline;draw;;4.29;4.09;4.662;0;6.08;5.88;1
1636867970-spread-away-1.0-1790066096;2026-09-22T08:34:56.480513+00:00;2026-09-22T08:34:56.480513+00:00;UAE - President's Cup;Dibba Al Fujairah vs Al-Ittifaq;1636867970;spread;away;1.0;1.98;1.82;8.081;0;6.08;5.88;1
1636688835-moneyline-draw--1790066096;2026-09-22T08:34:56.480513+00:00;2026-09-22T08:34:56.480513+00:00;England - Isthmian Premier League;Three Bridges vs Leatherhead;1636688835;moneyline;draw;;3.5;3.4;2.857;0;10.16;9.97;1
1636709487-moneyline-draw--1790066096;2026-09-22T08:34:56.480513+00:00;2026-09-22T08:34:56.480513+00:00;England - Southern Premier League Central;Stourbridge vs Real Bedford;1636709487;moneyline;draw;;3.71;3.66;1.348;0;10.16;9.97;1
1636689391-moneyline-home--1790066096;2026-09-22T08:34:56.480513+00:00;2026-09-22T08:34:56.480513+00:00;England - Southern Premier League Central;Stratford Town vs Bromsgrove Sporting;1636689391;moneyline;home;;3.29;2.76;16.109;0;10.16;9.97;1
1637069527-moneyline-away--1790066303;2026-09-22T08:38:23.919205+00:00;2026-09-22T08:38:23.919205+00:00;England - EFL Trophy;York City vs Rotherham United;1637069527;moneyline;away;;3.13;3.04;2.875;0;9.36;9.16;1
1634922628-moneyline-away--1790066303;2026-09-22T08:38:23.919205+00:00;2026-09-22T08:38:23.919205+00:00;Algeria - Ligue 1;US Biskra vs JS Saoura;1634922628;moneyline;away;;3.91;3.86;1.279;0;8.35;8.16;1
1637064580-moneyline-home--1790066508;2026-09-22T08:41:48.676657+00:00;2026-09-22T08:41:48.676657+00:00;England - EFL Trophy;Crewe Alexandra vs Aston Villa U21;1637064580;moneyline;home;;1.41;1.394;1.135;0;9.3;9.11;1
1637064580-spread-home--1.5-1790066508;2026-09-22T08:41:48.676657+00:00;2026-09-22T08:41:48.676657+00:00;England - EFL Trophy;Crewe Alexandra vs Aston Villa U21;1637064580;spread;home;-1.5;1.99;1.952;1.91;0;9.3;9.11;1
1637064577-spread-home--2.0-1790066508;2026-09-22T08:41:48.676657+00:00;2026-09-22T08:41:48.676657+00:00;England - EFL Trophy;Luton Town vs Ipswich Town U21;1637064577;spread;home;-2.0;1.901;1.87;1.631;0;9.3;9.11;1
1637090737-spread-home--0.5-1790066508;2026-09-22T08:41:48.676657+00:00;2026-09-22T08:41:48.676657+00:00;England - EFL Trophy;Swindon Town vs Newport County;1637090737;spread;home;-0.5;1.813;1.781;1.765;0;9.3;9.11;1
1637090737-spread-away-0.5-1790066508;2026-09-22T08:41:48.676657+00:00;2026-09-22T08:41:48.676657+00:00;England - EFL Trophy;Swindon Town vs Newport County;1637090737;spread;away;0.5;2.02;1.935;4.208;0;9.3;9.11;1
1636866931-moneyline-away--1790066508;2026-09-22T08:41:48.676657+00:00;2026-09-22T08:41:48.676657+00:00;UAE - President's Cup;Al-Urooba vs Dubai City;1636866931;moneyline;away;;5.22;4.96;4.981;0;5.96;5.77;1
1636866931-moneyline-draw--1790066508;2026-09-22T08:41:48.676657+00:00;2026-09-22T08:41:48.676657+00:00;UAE - President's Cup;Al-Urooba vs Dubai City;1636866931;moneyline;draw;;3.87;3.79;2.067;0;5.96;5.77;1
1636688826-moneyline-draw--1790066714;2026-09-22T08:45:14.129441+00:00;2026-09-22T08:45:14.129441+00:00;England - Isthmian Division 1 North;Cambridge City vs Witham Town;1636688826;moneyline;draw;;4.04;3.98;1.485;0;9.99;9.8;1
1636688826-spread-away-1.0-1790066714;2026-09-22T08:45:14.129441+00:00;2026-09-22T08:45:14.129441+00:00;England - Isthmian Division 1 North;Cambridge City vs Witham Town;1636688826;spread;away;1.0;1.781;1.763;1.011;0;9.99;9.8;1
1636713985-moneyline-home--1790066714;2026-09-22T08:45:14.129441+00:00;2026-09-22T08:45:14.129441+00:00;Scotland - Challenge Cup;Dumbarton vs Kilmarnock B;1636713985;moneyline;home;;2.01;1.662;17.313;0;9.99;9.79;1
1636713985-total-over-3.5-1790066714;2026-09-22T08:45:14.129441+00:00;2026-09-22T08:45:14.129441+00:00;Scotland - Challenge Cup;Dumbarton vs Kilmarnock B;1636713985;total;over;3.5;1.952;1.893;3.023;0;9.99;9.79;1
1636920011-moneyline-away--1790066714;2026-09-22T08:45:14.129441+00:00;2026-09-22T08:45:14.129441+00:00;England - Northern League Division 1;Chasetown vs Padiham;1636920011;moneyline;away;;4.64;4.55;1.94;0;9.99;9.79;1
1636920011-spread-away-1.0-1790066714;2026-09-22T08:45:14.129441+00:00;2026-09-22T08:45:14.129441+00:00;England - Northern League Division 1;Chasetown vs Padiham;1636920011;spread;away;1.0;1.862;1.833;1.557;0;9.99;9.79;1
1636867970-moneyline-away--1790066921;2026-09-22T08:48:41.236538+00:00;2026-09-22T08:48:41.236538+00:00;UAE - President's Cup;Dibba Al Fujairah vs Al-Ittifaq;1636867970;moneyline;away;;4.61;4.35;5.64;0;5.85;5.65;1
1636867970-moneyline-draw--1790066921;2026-09-22T08:48:41.236538+00:00;2026-09-22T08:48:41.236538+00:00;UAE - President's Cup;Dibba Al Fujairah vs Al-Ittifaq;1636867970;moneyline;draw;;4.09;3.99;2.445;0;5.85;5.65;1
1637131527-moneyline-home--1790066921;2026-09-22T08:48:41.236538+00:00;2026-09-22T08:48:41.236538+00:00;England - FA Cup Qualification;Worksop Town vs Telford United;1637131527;moneyline;home;;2.12;1.806;14.811;0;9.93;9.73;1
1637002779-spread-home--2.0-1790067127;2026-09-22T08:52:07.394880+00:00;2026-09-22T08:52:07.394880+00:00;England - EFL Trophy;Bradford City vs Newcastle United U21;1637002779;spread;home;-2.0;1.971;1.917;2.74;0;9.62;9.42;1
1637002779-total-over-3.5-1790067127;2026-09-22T08:52:07.394880+00:00;2026-09-22T08:52:07.394880+00:00;England - EFL Trophy;Bradford City vs Newcastle United U21;1637002779;total;over;3.5;1.935;1.909;1.344;0;9.62;9.42;1
1637090737-spread-home--0.5-1790067333;2026-09-22T08:55:33.407868+00:00;2026-09-22T08:55:33.407868+00:00;England - EFL Trophy;Swindon Town vs Newport County;1637090737;spread;home;-0.5;1.813;1.781;1.765;0;9.06;8.86;1
1637090737-spread-away-0.5-1790067333;2026-09-22T08:55:33.407868+00:00;2026-09-22T08:55:33.407868+00:00;England - EFL Trophy;Swindon Town vs Newport County;1637090737;spread;away;0.5;2.02;1.935;4.208;0;9.06;8.86;1
1636866931-moneyline-home--1790067541;2026-09-22T08:59:01.954340+00:00;2026-09-22T08:59:01.954340+00:00;UAE - President's Cup;Al-Urooba vs Dubai City;1636866931;moneyline;home;;1.595;1.568;1.693;0;5.68;5.48;1
1636866931-spread-away-1.0-1790067541;2026-09-22T08:59:01.954340+00:00;2026-09-22T08:59:01.954340+00:00;UAE - President's Cup;Al-Urooba vs Dubai City;1636866931;spread;away;1.0;1.82;1.794;1.429;0;5.68;5.48;1
1636689401-moneyline-home--1790067541;2026-09-22T08:59:01.954340+00:00;2026-09-22T08:59:01.954340+00:00;Scotland - Challenge Cup;Elgin City vs Dundee B;1636689401;moneyline;home;;1.164;1.133;2.663;0;9.76;9.55;1
1636713985-moneyline-away--1790067751;2026-09-22T09:02:31.062120+00:00;2026-09-22T09:02:31.062120+00:00;Scotland - Challenge Cup;Dumbarton vs Kilmarnock B;1636713985;moneyline;away;;4.03;3.68;8.685;0;9.71;9.5;1
1636768959-spread-home-0.0-1790067751;2026-09-22T09:02:31.062120+00:00;2026-09-22T09:02:31.062120+00:00;Colombia - Primera B;Atletico Cali vs Tigres;1636768959;spread;home;0.0;1.935;1.855;4.134;0;11.95;11.74;1
1637131527-moneyline-away--1790067751;2026-09-22T09:02:31.062120+00:00;2026-09-22T09:02:31.062120+00:00;England - FA Cup Qualification;Worksop Town vs Telford United;1637131527;moneyline;away;;3.25;2.81;13.538;0;9.7;9.49;1
1637131527-moneyline-draw--1790067751;2026-09-22T09:02:31.062120+00:00;2026-09-22T09:02:31.062120+00:00;England - FA Cup Qualification;Worksop Town vs Telford United;1637131527;moneyline;draw;;3.78;3.64;3.704;0;9.7;9.49;1
1636867970-moneyline-home--1790067751;2026-09-22T09:02:31.062120+00:00;2026-09-22T09:02:31.062120+00:00;UAE - President's Cup;Dibba Al Fujairah vs Al-Ittifaq;1636867970;moneyline;home;;1.637;1.599;2.321;0;5.61;5.41;1
1636689398-moneyline-away--1790067961;2026-09-22T09:06:01.537758+00:00;2026-09-22T09:06:01.537758+00:00;England - Northern Premier League;Leek Town vs Hyde United;1636689398;moneyline;away;;2.43;2.36;2.881;0;9.65;9.45;1
1636689398-spread-away--0.0-1790067961;2026-09-22T09:06:01.537758+00:00;2026-09-22T09:06:01.537758+00:00;England - Northern Premier League;Leek Town vs Hyde United;1636689398;spread;away;-0.0;1.862;1.806;3.008;0;9.65;9.45;1
1636688835-moneyline-home--1790067961;2026-09-22T09:06:01.537758+00:00;2026-09-22T09:06:01.537758+00:00;England - Isthmian Premier League;Three Bridges vs Leatherhead;1636688835;moneyline;home;;2.67;2.63;1.498;0;9.64;9.44;1
1636688835-moneyline-away--1790067961;2026-09-22T09:06:01.537758+00:00;2026-09-22T09:06:01.537758+00:00;England - Isthmian Premier League;Three Bridges vs Leatherhead;1636688835;moneyline;away;;2.16;2.13;1.389;0;9.64;9.44;1
1636709487-moneyline-away--1790067961;2026-09-22T09:06:01.537758+00:00;2026-09-22T09:06:01.537758+00:00;England - Southern Premier League Central;Stourbridge vs Real Bedford;1636709487;moneyline;away;;1.714;1.671;2.509;0;9.64;9.43;1
1634922628-moneyline-draw--1790068172;2026-09-22T09:09:32.604491+00:00;2026-09-22T09:09:32.604491+00:00;Algeria - Ligue 1;US Biskra vs JS Saoura;1634922628;moneyline;draw;;2.76;2.63;4.71;0;7.84;7.64;1
1637090755-moneyline-home--1790068172;2026-09-22T09:09:32.604491+00:00;2026-09-22T09:09:32.604491+00:00;England - EFL Trophy;Salford City vs Sheffield Wednesday;1637090755;moneyline;home;;2.51;2.46;1.992;0;8.84;8.64;1
1637090755-spread-home-0.0-1790068172;2026-09-22T09:09:32.604491+00:00;2026-09-22T09:09:32.604491+00:00;England - EFL Trophy;Salford City vs Sheffield Wednesday;1637090755;spread;home;0.0;1.926;1.893;1.713;0;8.84;8.64;1
1637090737-spread-home--0.5-1790068172;2026-09-22T09:09:32.604491+00:00;2026-09-22T09:09:32.604491+00:00;England - EFL Trophy;Swindon Town vs Newport County;1637090737;spread;home;-0.5;1.813;1.781;1.765;0;8.84;8.64;1
1637090737-spread-away-0.5-1790068172;2026-09-22T09:09:32.604491+00:00;2026-09-22T09:09:32.604491+00:00;England - EFL Trophy;Swindon Town vs Newport County;1637090737;spread;away;0.5;2.02;1.935;4.208;0;8.84;8.64;1
1636937809-moneyline-home--1790068384;2026-09-22T09:13:04.920202+00:00;2026-09-22T09:13:04.920202+00:00;England - EFL Trophy;MK Dons vs Crawley Town;1636937809;moneyline;home;;1.455;1.415;2.749;0;8.78;8.58;1
1636937809-total-over-3.5-1790068384;2026-09-22T09:13:04.920202+00:00;2026-09-22T09:13:04.920202+00:00;England - EFL Trophy;MK Dons vs Crawley Town;1636937809;total;over;3.5;1.98;1.901;3.99;0;8.78;8.58;1
1636688825-moneyline-away--1790068384;2026-09-22T09:13:04.920202+00:00;2026-09-22T09:13:04.920202+00:00;England - Isthmian Division 1 North;Hashtag United vs Walthamstow;1636688825;moneyline;away;;8.3;7.33;11.687;0;9.53;9.33;1
1636688825-moneyline-draw--1790068384;2026-09-22T09:13:04.920202+00:00;2026-09-22T09:13:04.920202+00:00;England - Isthmian Division 1 North;Hashtag United vs Walthamstow;1636688825;moneyline;draw;;5.84;5.54;5.137;0;9.53;9.33;1
1636709490-moneyline-home--1790068384;2026-09-22T09:13:04.920202+00:00;2026-09-22T09:13:04.920202+00:00;England - Isthmian Division 1 North;Wroxham vs Gorleston;1636709490;moneyline;home;;2.28;2.25;1.316;0;9.53;9.33;1
1636709490-total-over-2.5-1790068384;2026-09-22T09:13:04.920202+00:00;2026-09-22T09:13:04.920202+00:00;England - Isthmian Division 1 North;Wroxham vs Gorleston;1636709490;total;over;2.5;1.885;1.781;5.517;0;9.53;9.33;1
1636920009-moneyline-away--1790068384;2026-09-22T09:13:04.920202+00:00;2026-09-22T09:13:04.920202+00:00;England - Isthmian Division 1 South Central;Binfield vs Moneyfields;1636920009;moneyline;away;;1.704;1.621;4.871;0;9.52;9.32;1
1636768959-spread-home-0.0-1790068596;2026-09-22T09:16:36.241899+00:00;2026-09-22T09:16:36.241899+00:00;Colombia - Primera B;Atletico Cali vs Tigres;1636768959;spread;home;0.0;1.935;1.855;4.134;0;11.71;11.51;1
1636713985-moneyline-home--1790068596;2026-09-22T09:16:36.241899+00:00;2026-09-22T09:16:36.241899+00:00;Scotland - Challenge Cup;Dumbarton vs Kilmarnock B;1636713985;moneyline;home;;1.694;1.532;9.563;0;9.46;9.26;1
1636713985-total-over-3.5-1790068596;2026-09-22T09:16:36.241899+00:00;2026-09-22T09:16:36.241899+00:00;Scotland - Challenge Cup;Dumbarton vs Kilmarnock B;1636713985;total;over;3.5;1.901;1.806;4.997;0;9.46;9.26;1
1636689400-spread-home--2.0-1790068596;2026-09-22T09:16:36.241899+00:00;2026-09-22T09:16:36.241899+00:00;Scotland - Challenge Cup;Edinburgh City vs Dundee United B;1636689400;spread;home;-2.0;1.926;1.901;1.298;0;9.46;9.26;1
1636836483-spread-away--1.5-1790068596;2026-09-22T09:16:36.241899+00:00;2026-09-22T09:16:36.241899+00:00;Scotland - Challenge Cup;Fraserburgh vs Cove Rangers;1636836483;spread;away;-1.5;1.926;1.901;1.298;0;9.46;9.26;1
1636836483-total-over-3.5-1790068596;2026-09-22T09:16:36.241899+00:00;2026-09-22T09:16:36.241899+00:00;Scotland - Challenge Cup;Fraserburgh vs Cove Rangers;1636836483;total;over;3.5;1.98;1.926;2.727;0;9.46;9.26;1
1636709491-moneyline-home--1790068596;2026-09-22T09:16:36.241899+00:00;2026-09-22T09:16:36.241899+00:00;Scotland - Challenge Cup;Alloa Athletic vs Hibernian B;1636709491;moneyline;home;;1.208;1.17;3.146;0;9.46;9.26;1
1636709491-total-over-3.5-1790068596;2026-09-22T09:16:36.241899+00:00;2026-09-22T09:16:36.241899+00:00;Scotland - Challenge Cup;Alloa Athletic vs Hibernian B;1636709491;total;over;3.5;1.935;1.813;6.305;0;9.46;9.26;1
1636689401-moneyline-home--1790068596;2026-09-22T09:16:36.241899+00:00;2026-09-22T09:16:36.241899+00:00;Scotland - Challenge Cup;Elgin City vs Dundee B;1636689401;moneyline;home;;1.133;1.112;1.853;0;9.46;9.26;1
1636709492-moneyline-home--1790068596;2026-09-22T09:16:36.241899+00:00;2026-09-22T09:16:36.241899+00:00;Scotland - Challenge Cup;Clyde vs Rangers B;1636709492;moneyline;home;;1.885;1.658;12.042;0;9.46;9.26;1
1636688789-moneyline-away--1790068806;2026-09-22T09:20:06.505152+00:00;2026-09-22T09:20:06.505152+00:00;Romania - Liga 2;ASA Targu Mures vs CS Dinamo Bucharest;1636688789;moneyline;away;;15.6;15.43;1.09;0;7.66;7.46;1
1636688789-moneyline-draw--1790068806;2026-09-22T09:20:06.505152+00:00;2026-09-22T09:20:06.505152+00:00;Romania - Liga 2;ASA Targu Mures vs CS Dinamo Bucharest;1636688789;moneyline;draw;;8.71;8.46;2.87;0;7.66;7.46;1
1636867970-spread-home--1.0-1790068806;2026-09-22T09:20:06.505152+00:00;2026-09-22T09:20:06.505152+00:00;UAE - President's Cup;Dibba Al Fujairah vs Al-Ittifaq;1636867970;spread;home;-1.0;1.99;1.962;1.407;0;5.33;5.13;1
1636689398-moneyline-home--1790068806;2026-09-22T09:20:06.505152+00:00;2026-09-22T09:20:06.505152+00:00;England - Northern Premier League;Leek Town vs Hyde United;1636689398;moneyline;home;;2.46;2.43;1.22;0;9.4;9.21;1
1636689398-moneyline-away--1790068806;2026-09-22T09:20:06.505152+00:00;2026-09-22T09:20:06.505152+00:00;England - Northern Premier League;Leek Town vs Hyde United;1636689398;moneyline;away;;2.36;2.32;1.695;0;9.4;9.21;1
1636689391-moneyline-home--1790068806;2026-09-22T09:20:06.505152+00:00;2026-09-22T09:20:06.505152+00:00;England - Southern Premier League Central;Stratford Town vs Bromsgrove Sporting;1636689391;moneyline;home;;2.76;2.54;7.971;0;9.4;9.2;1
1636709487-moneyline-away--1790068806;2026-09-22T09:20:06.505152+00:00;2026-09-22T09:20:06.505152+00:00;England - Southern Premier League Central;Stourbridge vs Real Bedford;1636709487;moneyline;away;;1.671;1.649;1.317;0;9.4;9.2;1
1636709484-moneyline-home--1790068806;2026-09-22T09:20:06.505152+00:00;2026-09-22T09:20:06.505152+00:00;England - Southern Premier League Central;Bury Town vs Hitchin Town;1636709484;moneyline;home;;1.469;1.448;1.43;0;9.4;9.2;1
1636688820-moneyline-away--1790068806;2026-09-22T09:20:06.505152+00:00;2026-09-22T09:20:06.505152+00:00;England - Southern Premier League Central;Rushall Olympic vs Kettering Town;1636688820;moneyline;away;;2.25;2.22;1.333;0;9.4;9.2;1
1637157137-moneyline-home--1790068806;2026-09-22T09:20:06.505152+00:00;2026-09-22T09:20:06.505152+00:00;England - EFL Trophy;Accrington Stanley vs Sunderland U21;1637157137;moneyline;home;;1.685;1.654;1.84;0;8.65;8.45;1
1636906778-moneyline-away--1790069015;2026-09-22T09:23:35.366063+00:00;2026-09-22T09:23:35.366063+00:00;Scotland - Challenge Cup;Banks O´Dee vs Aberdeen B;1636906778;moneyline;away;;1.741;1.719;1.264;0;9.35;9.15;1
1636906778-total-over-3.5-1790069015;2026-09-22T09:23:35.366063+00:00;2026-09-22T09:23:35.366063+00:00;Scotland - Challenge Cup;Banks O´Dee vs Aberdeen B;1636906778;total;over;3.5;1.962;1.893;3.517;0;9.35;9.15;1
1637064578-moneyline-away--1790069015;2026-09-22T09:23:35.366063+00:00;2026-09-22T09:23:35.366063+00:00;England - EFL Trophy;Leicester City vs Fulham U21;1637064578;moneyline;away;;9.66;9.11;5.694;0;8.6;8.4;1
1637064578-moneyline-draw--1790069015;2026-09-22T09:23:35.366063+00:00;2026-09-22T09:23:35.366063+00:00;England - EFL Trophy;Leicester City vs Fulham U21;1637064578;moneyline;draw;;7.26;6.99;3.719;0;8.6;8.4;1
1637090737-spread-home--0.5-1790069015;2026-09-22T09:23:35.366063+00:00;2026-09-22T09:23:35.366063+00:00;England - EFL Trophy;Swindon Town vs Newport County;1637090737;spread;home;-0.5;1.813;1.781;1.765;0;8.6;8.4;1
1637090737-spread-away-0.5-1790069015;2026-09-22T09:23:35.366063+00:00;2026-09-22T09:23:35.366063+00:00;England - EFL Trophy;Swindon Town vs Newport County;1637090737;spread;away;0.5;2.02;1.935;4.208;0;8.6;8.4;1
1637069525-moneyline-home--1790069015;2026-09-22T09:23:35.366063+00:00;2026-09-22T09:23:35.366063+00:00;England - EFL Trophy;Notts County vs Grimsby Town;1637069525;moneyline;home;;2.13;2.07;2.817;0;8.6;8.4;1
1637069525-moneyline-away--1790069015;2026-09-22T09:23:35.366063+00:00;2026-09-22T09:23:35.366063+00:00;England - EFL Trophy;Notts County vs Grimsby Town;1637069525;moneyline;away;;2.89;2.81;2.768;0;8.6;8.4;1
1637069525-moneyline-draw--1790069015;2026-09-22T09:23:35.366063+00:00;2026-09-22T09:23:35.366063+00:00;England - EFL Trophy;Notts County vs Grimsby Town;1637069525;moneyline;draw;;3.82;3.76;1.571;0;8.6;8.4;1
1637067851-moneyline-home--1790069015;2026-09-22T09:23:35.366063+00:00;2026-09-22T09:23:35.366063+00:00;England - EFL Trophy;Wigan Athletic vs Blackpool;1637067851;moneyline;home;;2.33;2.25;3.433;0;8.6;8.4;1
1637067851-moneyline-away--1790069015;2026-09-22T09:23:35.366063+00:00;2026-09-22T09:23:35.366063+00:00;England - EFL Trophy;Wigan Athletic vs Blackpool;1637067851;moneyline;away;;2.72;2.63;3.309;0;8.6;8.4;1
1637002779-moneyline-home--1790069015;2026-09-22T09:23:35.366063+00:00;2026-09-22T09:23:35.366063+00:00;England - EFL Trophy;Bradford City vs Newcastle United U21;1637002779;moneyline;home;;1.2;1.184;1.333;0;9.1;8.9;1
1637002779-spread-home--2.0-1790069015;2026-09-22T09:23:35.366063+00:00;2026-09-22T09:23:35.366063+00:00;England - EFL Trophy;Bradford City vs Newcastle United U21;1637002779;spread;home;-2.0;1.917;1.847;3.652;0;9.1;8.9;1
1637002779-total-over-3.5-1790069015;2026-09-22T09:23:35.366063+00:00;2026-09-22T09:23:35.366063+00:00;England - EFL Trophy;Bradford City vs Newcastle United U21;1637002779;total;over;3.5;1.909;1.877;1.676;0;9.1;8.9;1
1637069527-moneyline-home--1790069015;2026-09-22T09:23:35.366063+00:00;2026-09-22T09:23:35.366063+00:00;England - EFL Trophy;York City vs Rotherham United;1637069527;moneyline;home;;2.17;2.14;1.382;0;8.6;8.4;1
1636866931-moneyline-home--1790069222;2026-09-22T09:27:02.969502+00:00;2026-09-22T09:27:02.969502+00:00;UAE - President's Cup;Al-Urooba vs Dubai City;1636866931;moneyline;home;;1.568;1.529;2.487;0;5.21;5.01;1
1636866931-spread-home--1.0-1790069222;2026-09-22T09:27:02.969502+00:00;2026-09-22T09:27:02.969502+00:00;UAE - President's Cup;Al-Urooba vs Dubai City;1636866931;spread;home;-1.0;2.01;1.917;4.627;0;5.21;5.01;1
1636768957-moneyline-away--1790069222;2026-09-22T09:27:02.969502+00:00;2026-09-22T09:27:02.969502+00:00;Colombia - Primera B;Independiente Yumbo vs Internacional de Palmira;1636768957;moneyline;away;;2.85;2.65;7.018;0;11.54;11.34;1
1636768957-spread-away--0.0-1790069222;2026-09-22T09:27:02.969502+00:00;2026-09-22T09:27:02.969502+00:00;Colombia - Primera B;Independiente Yumbo vs Internacional de Palmira;1636768957;spread;away;-0.0;2.04;1.901;6.814;0;11.54;11.34;1
1636689399-spread-away--2.5-1790069222;2026-09-22T09:27:02.969502+00:00;2026-09-22T09:27:02.969502+00:00;Scotland - Challenge Cup;Clachnacuddin vs Ross County;1636689399;spread;away;-2.5;1.926;1.893;1.713;0;9.29;9.09;1
1634922628-moneyline-home--1790069222;2026-09-22T09:27:02.969502+00:00;2026-09-22T09:27:02.969502+00:00;Algeria - Ligue 1;US Biskra vs JS Saoura;1634922628;moneyline;home;;2.2;2.06;6.364;0;7.54;7.34;1
1636937809-moneyline-home--1790069222;2026-09-22T09:27:02.969502+00:00;2026-09-22T09:27:02.969502+00:00;England - EFL Trophy;MK Dons vs Crawley Town;1636937809;moneyline;home;;1.415;1.382;2.332;0;8.54;8.34;1
1636937809-moneyline-away--1790069222;2026-09-22T09:27:02.969502+00:00;2026-09-22T09:27:02.969502+00:00;England - EFL Trophy;MK Dons vs Crawley Town;1636937809;moneyline;away;;5.8;5.63;2.931;0;8.54;8.34;1
1636937809-spread-away-1.5-1790069222;2026-09-22T09:27:02.969502+00:00;2026-09-22T09:27:02.969502+00:00;England - EFL Trophy;MK Dons vs Crawley Town;1636937809;spread;away;1.5;1.87;1.787;4.439;0;8.54;8.34;1
1636937809-spread-home--1.5-1790069222;2026-09-22T09:27:02.969502+00:00;2026-09-22T09:27:02.969502+00:00;England - EFL Trophy;MK Dons vs Crawley Town;1636937809;spread;home;-1.5;1.98;1.855;6.313;0;8.54;8.34;1
1636688825-moneyline-home--1790069432;2026-09-22T09:30:32.195608+00:00;2026-09-22T09:30:32.195608+00:00;England - Isthmian Division 1 North;Hashtag United vs Walthamstow;1636688825;moneyline;home;;1.227;1.197;2.445;0;9.24;9.04;1
1636688829-moneyline-draw--1790069432;2026-09-22T09:30:32.195608+00:00;2026-09-22T09:30:32.195608+00:00;England - Isthmian Division 1 South East;South Park vs Cray Valley Paper Mills;1636688829;moneyline;draw;;3.91;3.78;3.325;0;9.24;9.04;1
1636768959-spread-home-0.0-1790069432;2026-09-22T09:30:32.195608+00:00;2026-09-22T09:30:32.195608+00:00;Colombia - Primera B;Atletico Cali vs Tigres;1636768959;spread;home;0.0;1.935;1.855;4.134;0;11.48;11.28;1
1636866459-moneyline-home--1790069432;2026-09-22T09:30:32.195608+00:00;2026-09-22T09:30:32.195608+00:00;Scotland - Challenge Cup;Stirling Albion vs Cumbernauld Colts;1636866459;moneyline;home;;1.637;1.61;1.649;0;9.23;9.03;1
1636866459-spread-home--1.0-1790069432;2026-09-22T09:30:32.195608+00:00;2026-09-22T09:30:32.195608+00:00;Scotland - Challenge Cup;Stirling Albion vs Cumbernauld Colts;1636866459;spread;home;-1.0;1.971;1.926;2.283;0;9.23;9.03;1
1636866459-total-over-3.5-1790069432;2026-09-22T09:30:32.195608+00:00;2026-09-22T09:30:32.195608+00:00;Scotland - Challenge Cup;Stirling Albion vs Cumbernauld Colts;1636866459;total;over;3.5;1.926;1.87;2.908;0;9.23;9.03;1
1636713986-moneyline-home--1790069432;2026-09-22T09:30:32.195608+00:00;2026-09-22T09:30:32.195608+00:00;Scotland - Challenge Cup;East Kilbride vs Celtic II;1636713986;moneyline;home;;1.336;1.251;6.362;0;9.23;9.03;1
1636713985-moneyline-away--1790069432;2026-09-22T09:30:32.195608+00:00;2026-09-22T09:30:32.195608+00:00;Scotland - Challenge Cup;Dumbarton vs Kilmarnock B;1636713985;moneyline;away;;4.36;4.25;2.523;0;9.23;9.03;1
1636713985-spread-away-1.0-1790069432;2026-09-22T09:30:32.195608+00:00;2026-09-22T09:30:32.195608+00:00;Scotland - Challenge Cup;Dumbarton vs Kilmarnock B;1636713985;spread;away;1.0;1.917;1.885;1.669;0;9.23;9.03;1
1636896177-moneyline-away--1790069432;2026-09-22T09:30:32.195608+00:00;2026-09-22T09:30:32.195608+00:00;Scotland - Challenge Cup;Clydebank vs St Mirren B;1636896177;moneyline;away;;4.8;4.2;12.5;0;9.23;9.03;1
1636896177-moneyline-draw--1790069432;2026-09-22T09:30:32.195608+00:00;2026-09-22T09:30:32.195608+00:00;Scotland - Challenge Cup;Clydebank vs St Mirren B;1636896177;moneyline;draw;;4.24;3.99;5.896;0;9.23;9.03;1
1636896177-spread-away-1.0-1790069432;2026-09-22T09:30:32.195608+00:00;2026-09-22T09:30:32.195608+00:00;Scotland - Challenge Cup;Clydebank vs St Mirren B;1636896177;spread;away;1.0;1.952;1.8;7.787;0;9.23;9.03;1
1636896177-total-over-3.5-1790069432;2026-09-22T09:30:32.195608+00:00;2026-09-22T09:30:32.195608+00:00;Scotland - Challenge Cup;Clydebank vs St Mirren B;1636896177;total;over;3.5;1.847;1.806;2.22;0;9.23;9.03;1
1636689401-moneyline-away--1790069432;2026-09-22T09:30:32.195608+00:00;2026-09-22T09:30:32.195608+00:00;Scotland - Challenge Cup;Elgin City vs Dundee B;1636689401;moneyline;away;;13.17;11.99;8.96;0;9.23;9.03;1
1636689401-moneyline-draw--1790069432;2026-09-22T09:30:32.195608+00:00;2026-09-22T09:30:32.195608+00:00;Scotland - Challenge Cup;Elgin City vs Dundee B;1636689401;moneyline;draw;;8.0;7.41;7.375;0;9.23;9.03;1
1636918786-moneyline-away--1790069432;2026-09-22T09:30:32.195608+00:00;2026-09-22T09:30:32.195608+00:00;England - Northern League Division 1;Liversedge vs Silsden;1636918786;moneyline;away;;4.15;3.78;8.916;0;9.23;9.03;1
1636918786-moneyline-draw--1790069432;2026-09-22T09:30:32.195608+00:00;2026-09-22T09:30:32.195608+00:00;England - Northern League Division 1;Liversedge vs Silsden;1636918786;moneyline;draw;;4.17;4.02;3.597;0;9.23;9.03;1
1636688818-moneyline-home--1790069645;2026-09-22T09:34:05.243258+00:00;2026-09-22T09:34:05.243258+00:00;England - Southern Premier League South;Chichester City vs Chertsey Town;1636688818;moneyline;home;;2.77;2.71;2.166;0;9.17;8.97;1
1636688818-moneyline-away--1790069645;2026-09-22T09:34:05.243258+00:00;2026-09-22T09:34:05.243258+00:00;England - Southern Premier League South;Chichester City vs Chertsey Town;1636688818;moneyline;away;;2.07;2.03;1.932;0;9.17;8.97;1
1636688818-total-over-3.5-1790069645;2026-09-22T09:34:05.243258+00:00;2026-09-22T09:34:05.243258+00:00;England - Southern Premier League South;Chichester City vs Chertsey Town;1636688818;total;over;3.5;1.962;1.893;3.517;0;9.17;8.97;1
1636688835-moneyline-away--1790069645;2026-09-22T09:34:05.243258+00:00;2026-09-22T09:34:05.243258+00:00;England - Isthmian Premier League;Three Bridges vs Leatherhead;1636688835;moneyline;away;;2.12;2.02;4.717;0;9.17;8.97;1
1636688835-moneyline-draw--1790069645;2026-09-22T09:34:05.243258+00:00;2026-09-22T09:34:05.243258+00:00;England - Isthmian Premier League;Three Bridges vs Leatherhead;1636688835;moneyline;draw;;3.6;3.5;2.778;0;9.17;8.97;1
1636689391-moneyline-away--1790069855;2026-09-22T09:37:35.736415+00:00;2026-09-22T09:37:35.736415+00:00;England - Southern Premier League Central;Stratford Town vs Bromsgrove Sporting;1636689391;moneyline;away;;2.28;2.24;1.754;0;9.12;8.92;1
1637053207-moneyline-away--1790069855;2026-09-22T09:37:35.736415+00:00;2026-09-22T09:37:35.736415+00:00;England - EFL Trophy;Cheltenham Town vs Exeter City;1637053207;moneyline;away;;2.86;2.77;3.147;0;8.36;8.16;1
1637053207-moneyline-draw--1790069855;2026-09-22T09:37:35.736415+00:00;2026-09-22T09:37:35.736415+00:00;England - EFL Trophy;Cheltenham Town vs Exeter City;1637053207;moneyline;draw;;3.36;3.32;1.19;0;8.36;8.16;1
1637090737-moneyline-home--1790069855;2026-09-22T09:37:35.736415+00:00;2026-09-22T09:37:35.736415+00:00;England - EFL Trophy;Swindon Town vs Newport County;1637090737;moneyline;home;;1.806;1.769;2.049;0;8.36;8.16;1
1637069527-moneyline-home--1790069855;2026-09-22T09:37:35.736415+00:00;2026-09-22T09:37:35.736415+00:00;England - EFL Trophy;York City vs Rotherham United;1637069527;moneyline;home;;2.14;2.09;2.336;0;8.36;8.16;1
1637069527-moneyline-away--1790069855;2026-09-22T09:37:35.736415+00:00;2026-09-22T09:37:35.736415+00:00;England - EFL Trophy;York City vs Rotherham United;1637069527;moneyline;away;;3.01;2.93;2.658;0;8.36;8.16;1
1637069524-moneyline-home--1790069855;2026-09-22T09:37:35.736415+00:00;2026-09-22T09:37:35.736415+00:00;England - EFL Trophy;Oldham Athletic vs Fleetwood Town;1637069524;moneyline;home;;2.11;2.06;2.37;0;8.36;8.16;1
1637069524-moneyline-away--1790069855;2026-09-22T09:37:35.736415+00:00;2026-09-22T09:37:35.736415+00:00;England - EFL Trophy;Oldham Athletic vs Fleetwood Town;1637069524;moneyline;away;;2.96;2.87;3.041;0;8.36;8.16;1
1637069524-moneyline-draw--1790069855;2026-09-22T09:37:35.736415+00:00;2026-09-22T09:37:35.736415+00:00;England - EFL Trophy;Oldham Athletic vs Fleetwood Town;1637069524;moneyline;draw;;3.75;3.67;2.133;0;8.36;8.16;1
1636768957-moneyline-away--1790070067;2026-09-22T09:41:07.780347+00:00;2026-09-22T09:41:07.780347+00:00;Colombia - Primera B;Independiente Yumbo vs Internacional de Palmira;1636768957;moneyline;away;;2.65;2.57;3.019;0;11.31;11.11;1
1636768957-spread-away--0.0-1790070067;2026-09-22T09:41:07.780347+00:00;2026-09-22T09:41:07.780347+00:00;Colombia - Primera B;Independiente Yumbo vs Internacional de Palmira;1636768957;spread;away;-0.0;1.901;1.833;3.577;0;11.31;11.11;1
1636688826-moneyline-away--1790070278;2026-09-22T09:44:38.235094+00:00;2026-09-22T09:44:38.235094+00:00;England - Isthmian Division 1 North;Cambridge City vs Witham Town;1636688826;moneyline;away;;4.19;3.28;21.718;0;9.0;8.8;1
1636688826-moneyline-draw--1790070278;2026-09-22T09:44:38.235094+00:00;2026-09-22T09:44:38.235094+00:00;England - Isthmian Division 1 North;Cambridge City vs Witham Town;1636688826;moneyline;draw;;3.99;3.59;10.025;0;9.0;8.8;1
1636688826-spread-away-0.5-1790070278;2026-09-22T09:44:38.235094+00:00;2026-09-22T09:44:38.235094+00:00;England - Isthmian Division 1 North;Cambridge City vs Witham Town;1636688826;spread;away;0.5;1.909;1.855;2.829;0;9.0;8.8;1
1637165542-moneyline-away--1790070278;2026-09-22T09:44:38.235094+00:00;2026-09-22T09:44:38.235094+00:00;England - Northern League Division 1;Stafford Rangers vs Wythenshawe Town;1637165542;moneyline;away;;2.55;2.5;1.961;0;9.0;8.8;1
1636918790-moneyline-away--1790070278;2026-09-22T09:44:38.235094+00:00;2026-09-22T09:44:38.235094+00:00;England - Southern League Division 1;Hartpury University vs Worcester Raiders;1636918790;moneyline;away;;3.0;2.46;18.0;0;9.0;8.8;1
1636918790-moneyline-draw--1790070278;2026-09-22T09:44:38.235094+00:00;2026-09-22T09:44:38.235094+00:00;England - Southern League Division 1;Hartpury University vs Worcester Raiders;1636918790;moneyline;draw;;3.92;3.74;4.592;0;9.0;8.8;1
1636918790-total-under-3.5-1790070278;2026-09-22T09:44:38.235094+00:00;2026-09-22T09:44:38.235094+00:00;England - Southern League Division 1;Hartpury University vs Worcester Raiders;1636918790;total;under;3.5;1.806;1.775;1.717;0;9.0;8.8;1
1636768959-spread-home-0.0-1790070278;2026-09-22T09:44:38.235094+00:00;2026-09-22T09:44:38.235094+00:00;Colombia - Primera B;Atletico Cali vs Tigres;1636768959;spread;home;0.0;1.935;1.855;4.134;0;11.25;11.05;1
1636920009-moneyline-home--1790070278;2026-09-22T09:44:38.235094+00:00;2026-09-22T09:44:38.235094+00:00;England - Isthmian Division 1 South Central;Binfield vs Moneyfields;1636920009;moneyline;home;;3.7;3.64;1.622;0;9.0;8.79;1
1636709493-moneyline-home--1790070278;2026-09-22T09:44:38.235094+00:00;2026-09-22T09:44:38.235094+00:00;Scotland - Challenge Cup;Formartine United vs Montrose;1636709493;moneyline;home;;3.86;3.79;1.813;0;8.99;8.79;1
1636689401-spread-away-2.5-1790070278;2026-09-22T09:44:38.235094+00:00;2026-09-22T09:44:38.235094+00:00;Scotland - Challenge Cup;Elgin City vs Dundee B;1636689401;spread;away;2.5;1.847;1.794;2.87;0;8.99;8.79;1
1636709491-moneyline-home--1790070492;2026-09-22T09:48:12.072609+00:00;2026-09-22T09:48:12.072609+00:00;Scotland - Challenge Cup;Alloa Athletic vs Hibernian B;1636709491;moneyline;home;;1.17;1.157;1.111;0;8.94;8.74;1
1636709491-total-over-3.5-1790070492;2026-09-22T09:48:12.072609+00:00;2026-09-22T09:48:12.072609+00:00;Scotland - Challenge Cup;Alloa Athletic vs Hibernian B;1636709491;total;over;3.5;1.813;1.787;1.434;0;8.94;8.74;1
1636713985-moneyline-home--1790070492;2026-09-22T09:48:12.072609+00:00;2026-09-22T09:48:12.072609+00:00;Scotland - Challenge Cup;Dumbarton vs Kilmarnock B;1636713985;moneyline;home;;1.552;1.505;3.028;0;8.94;8.74;1
1636713985-spread-home--1.0-1790070492;2026-09-22T09:48:12.072609+00:00;2026-09-22T09:48:12.072609+00:00;Scotland - Challenge Cup;Dumbarton vs Kilmarnock B;1636713985;spread;home;-1.0;1.87;1.787;4.439;0;8.94;8.74;1
1636713985-total-over-3.5-1790070492;2026-09-22T09:48:12.072609+00:00;2026-09-22T09:48:12.072609+00:00;Scotland - Challenge Cup;Dumbarton vs Kilmarnock B;1636713985;total;over;3.5;1.813;1.794;1.048;0;8.94;8.74;1
1637131525-moneyline-away--1790070492;2026-09-22T09:48:12.072609+00:00;2026-09-22T09:48:12.072609+00:00;England - FA Cup Qualification;Gainsborough Trinity vs Leamington;1637131525;moneyline;away;;3.56;2.94;17.416;0;8.94;8.74;1
1637131525-moneyline-draw--1790070492;2026-09-22T09:48:12.072609+00:00;2026-09-22T09:48:12.072609+00:00;England - FA Cup Qualification;Gainsborough Trinity vs Leamington;1637131525;moneyline;draw;;3.75;3.5;6.667;0;8.94;8.74;1
1636867970-moneyline-away--1790070492;2026-09-22T09:48:12.072609+00:00;2026-09-22T09:48:12.072609+00:00;UAE - President's Cup;Dibba Al Fujairah vs Al-Ittifaq;1636867970;moneyline;away;;4.6;4.27;7.174;0;4.86;4.65;1
1636867970-moneyline-draw--1790070492;2026-09-22T09:48:12.072609+00:00;2026-09-22T09:48:12.072609+00:00;UAE - President's Cup;Dibba Al Fujairah vs Al-Ittifaq;1636867970;moneyline;draw;;4.06;3.89;4.187;0;4.86;4.65;1
1636759972-moneyline-away--1790070492;2026-09-22T09:48:12.072609+00:00;2026-09-22T09:48:12.072609+00:00;Paraguay - Cup;2 de Mayo vs Club Sol de America;1636759972;moneyline;away;;4.01;3.76;6.234;0;11.68;11.48;1
1637136173-moneyline-away--1790070704;2026-09-22T09:51:44.706722+00:00;2026-09-22T09:51:44.706722+00:00;England - FA Cup Qualification;Dagenham and Redbridge vs Waltham Abbey;1637136173;moneyline;away;;5.1;4.99;2.157;0;8.88;8.68;1
1637136173-moneyline-draw--1790070704;2026-09-22T09:51:44.706722+00:00;2026-09-22T09:51:44.706722+00:00;England - FA Cup Qualification;Dagenham and Redbridge vs Waltham Abbey;1637136173;moneyline;draw;;4.94;4.88;1.215;0;8.88;8.68;1
1637064588-moneyline-away--1790070704;2026-09-22T09:51:44.706722+00:00;2026-09-22T09:51:44.706722+00:00;Uzbekistan - Pro League;TerDU vs Gazalkent FK;1637064588;moneyline;away;;1.243;1.218;2.011;0;4.13;3.93;1
1636918788-moneyline-away--1790071125;2026-09-22T09:58:45.839985+00:00;2026-09-22T09:58:45.839985+00:00;England - Northern League Division 1;Nuneaton Town vs Grantham Town;1636918788;moneyline;away;;2.8;2.6;7.143;0;8.77;8.57;1
1636918788-moneyline-draw--1790071125;2026-09-22T09:58:45.839985+00:00;2026-09-22T09:58:45.839985+00:00;England - Northern League Division 1;Nuneaton Town vs Grantham Town;1636918788;moneyline;draw;;3.6;3.56;1.111;0;8.77;8.57;1
1636688826-moneyline-home--1790071125;2026-09-22T09:58:45.839985+00:00;2026-09-22T09:58:45.839985+00:00;England - Isthmian Division 1 North;Cambridge City vs Witham Town;1636688826;moneyline;home;;1.847;1.806;2.22;0;8.77;8.57;1
1636688826-spread-home--0.5-1790071125;2026-09-22T09:58:45.839985+00:00;2026-09-22T09:58:45.839985+00:00;England - Isthmian Division 1 North;Cambridge City vs Witham Town;1636688826;spread;home;-0.5;1.855;1.813;2.264;0;8.77;8.57;1
1636688828-moneyline-home--1790071125;2026-09-22T09:58:45.839985+00:00;2026-09-22T09:58:45.839985+00:00;England - Isthmian Division 1 North;Fakenham Town vs Mulbarton Wanderers;1636688828;moneyline;home;;2.88;2.36;18.056;0;8.77;8.57;1
1636688828-moneyline-draw--1790071125;2026-09-22T09:58:45.839985+00:00;2026-09-22T09:58:45.839985+00:00;England - Isthmian Division 1 North;Fakenham Town vs Mulbarton Wanderers;1636688828;moneyline;draw;;3.71;3.6;2.965;0;8.77;8.57;1
1636709493-moneyline-home--1790071125;2026-09-22T09:58:45.839985+00:00;2026-09-22T09:58:45.839985+00:00;Scotland - Challenge Cup;Formartine United vs Montrose;1636709493;moneyline;home;;3.79;3.69;2.639;0;8.77;8.56;1
1636709493-moneyline-draw--1790071125;2026-09-22T09:58:45.839985+00:00;2026-09-22T09:58:45.839985+00:00;Scotland - Challenge Cup;Formartine United vs Montrose;1636709493;moneyline;draw;;3.72;3.67;1.344;0;8.77;8.56;1
1636896177-moneyline-away--1790071125;2026-09-22T09:58:45.839985+00:00;2026-09-22T09:58:45.839985+00:00;Scotland - Challenge Cup;Clydebank vs St Mirren B;1636896177;moneyline;away;;4.2;4.04;3.81;0;8.77;8.56;1
1636896177-moneyline-draw--1790071125;2026-09-22T09:58:45.839985+00:00;2026-09-22T09:58:45.839985+00:00;Scotland - Challenge Cup;Clydebank vs St Mirren B;1636896177;moneyline;draw;;3.99;3.92;1.754;0;8.77;8.56;1
1636896177-spread-away-1.0-1790071125;2026-09-22T09:58:45.839985+00:00;2026-09-22T09:58:45.839985+00:00;Scotland - Challenge Cup;Clydebank vs St Mirren B;1636896177;spread;away;1.0;1.8;1.741;3.278;0;8.77;8.56;1
1636768959-spread-home-0.0-1790071125;2026-09-22T09:58:45.839985+00:00;2026-09-22T09:58:45.839985+00:00;Colombia - Primera B;Atletico Cali vs Tigres;1636768959;spread;home;0.0;1.935;1.855;4.134;0;11.01;10.81;1
1636709492-moneyline-away--1790071339;2026-09-22T10:02:19.039732+00:00;2026-09-22T10:02:19.039732+00:00;Scotland - Challenge Cup;Clyde vs Rangers B;1636709492;moneyline;away;;3.8;3.59;5.526;0;8.71;8.51;1
1636709492-moneyline-draw--1790071339;2026-09-22T10:02:19.039732+00:00;2026-09-22T10:02:19.039732+00:00;Scotland - Challenge Cup;Clyde vs Rangers B;1636709492;moneyline;draw;;4.23;4.13;2.364;0;8.71;8.51;1
1636709481-moneyline-home--1790071547;2026-09-22T10:05:47.137739+00:00;2026-09-22T10:05:47.137739+00:00;England - Southern Premier League South;Plymouth Parkway vs Frome Town;1636709481;moneyline;home;;2.07;2.0;3.382;0;8.65;8.44;1
1637131526-moneyline-away--1790071547;2026-09-22T10:05:47.137739+00:00;2026-09-22T10:05:47.137739+00:00;England - FA Cup Qualification;Truro City vs Merthyr Town;1637131526;moneyline;away;;4.18;4.0;4.306;0;8.64;8.44;1
1637131526-moneyline-draw--1790071547;2026-09-22T10:05:47.137739+00:00;2026-09-22T10:05:47.137739+00:00;England - FA Cup Qualification;Truro City vs Merthyr Town;1637131526;moneyline;draw;;4.1;3.92;4.39;0;8.64;8.44;1
1637131527-moneyline-home--1790071547;2026-09-22T10:05:47.137739+00:00;2026-09-22T10:05:47.137739+00:00;England - FA Cup Qualification;Worksop Town vs Telford United;1637131527;moneyline;home;;2.02;1.84;8.911;0;8.64;8.44;1
1637131527-spread-away-0.5-1790071547;2026-09-22T10:05:47.137739+00:00;2026-09-22T10:05:47.137739+00:00;England - FA Cup Qualification;Worksop Town vs Telford United;1637131527;spread;away;0.5;1.901;1.862;2.052;0;8.64;8.44;1
1637086522-moneyline-home--1790071760;2026-09-22T10:09:20.774675+00:00;2026-09-22T10:09:20.774675+00:00;England - EFL Trophy;Tranmere Rovers vs Shrewsbury Town;1637086522;moneyline;home;;2.16;2.13;1.389;0;7.84;7.64;1
1637090755-moneyline-away--1790071760;2026-09-22T10:09:20.774675+00:00;2026-09-22T10:09:20.774675+00:00;England - EFL Trophy;Salford City vs Sheffield Wednesday;1637090755;moneyline;away;;2.5;2.43;2.8;0;7.84;7.64;1
1637090755-spread-away--0.0-1790071760;2026-09-22T10:09:20.774675+00:00;2026-09-22T10:09:20.774675+00:00;England - EFL Trophy;Salford City vs Sheffield Wednesday;1637090755;spread;away;-0.0;1.926;1.877;2.544;0;7.84;7.64;1
1636689394-moneyline-draw--1790071975;2026-09-22T10:12:55.093402+00:00;2026-09-22T10:12:55.093402+00:00;England - Isthmian Division 1 North;Concord Rangers vs Buckhurst Hill;1636689394;moneyline;draw;;3.8;3.57;6.053;0;8.53;8.33;1
1636689394-spread-away-0.5-1790071975;2026-09-22T10:12:55.093402+00:00;2026-09-22T10:12:55.093402+00:00;England - Isthmian Division 1 North;Concord Rangers vs Buckhurst Hill;1636689394;spread;away;0.5;1.901;1.847;2.841;0;8.53;8.33;1
1636768959-spread-home-0.0-1790071975;2026-09-22T10:12:55.093402+00:00;2026-09-22T10:12:55.093402+00:00;Colombia - Primera B;Atletico Cali vs Tigres;1636768959;spread;home;0.0;1.935;1.855;4.134;0;10.77;10.57;1
1636713986-moneyline-away--1790072189;2026-09-22T10:16:29.971283+00:00;2026-09-22T10:16:29.971283+00:00;Scotland - Challenge Cup;East Kilbride vs Celtic II;1636713986;moneyline;away;;7.27;6.4;11.967;0;8.47;8.27;1
1636713986-moneyline-draw--1790072189;2026-09-22T10:16:29.971283+00:00;2026-09-22T10:16:29.971283+00:00;Scotland - Challenge Cup;East Kilbride vs Celtic II;1636713986;moneyline;draw;;5.92;5.53;6.588;0;8.47;8.27;1
1636709491-moneyline-home--1790072189;2026-09-22T10:16:29.971283+00:00;2026-09-22T10:16:29.971283+00:00;Scotland - Challenge Cup;Alloa Athletic vs Hibernian B;1636709491;moneyline;home;;1.157;1.118;3.371;0;8.47;8.27;1
1636836473-moneyline-home--1790072404;2026-09-22T10:20:04.048178+00:00;2026-09-22T10:20:04.048178+00:00;Uzbekistan - Pro League;Fardu vs BuxDU;1636836473;moneyline;home;;1.153;1.118;3.036;0;0.66;0.46;1
1636688818-moneyline-away--1790072404;2026-09-22T10:20:04.048178+00:00;2026-09-22T10:20:04.048178+00:00;England - Southern Premier League South;Chichester City vs Chertsey Town;1636688818;moneyline;away;;2.03;1.926;5.123;0;8.41;8.21;1
1636867970-moneyline-away--1790072404;2026-09-22T10:20:04.048178+00:00;2026-09-22T10:20:04.048178+00:00;UAE - President's Cup;Dibba Al Fujairah vs Al-Ittifaq;1636867970;moneyline;away;;4.27;4.13;3.279;0;4.32;4.12;1
1636867970-moneyline-draw--1790072404;2026-09-22T10:20:04.048178+00:00;2026-09-22T10:20:04.048178+00:00;UAE - President's Cup;Dibba Al Fujairah vs Al-Ittifaq;1636867970;moneyline;draw;;3.89;3.84;1.285;0;4.32;4.12;1
1637090755-spread-home-0.0-1790072615;2026-09-22T10:23:35.228239+00:00;2026-09-22T10:23:35.228239+00:00;England - EFL Trophy;Salford City vs Sheffield Wednesday;1637090755;spread;home;0.0;1.943;1.917;1.338;0;7.6;7.4;1
1637067771-moneyline-away--1790072615;2026-09-22T10:23:35.228239+00:00;2026-09-22T10:23:35.228239+00:00;England - EFL Trophy;Gillingham vs Cambridge United;1637067771;moneyline;away;;2.59;2.51;3.089;0;7.6;7.4;1
1637067771-spread-away--0.0-1790072615;2026-09-22T10:23:35.228239+00:00;2026-09-22T10:23:35.228239+00:00;England - EFL Trophy;Gillingham vs Cambridge United;1637067771;spread;away;-0.0;1.952;1.893;3.023;0;7.6;7.4;1
1634922628-total-under-1.5-1790072826;2026-09-22T10:27:06.672057+00:00;2026-09-22T10:27:06.672057+00:00;Algeria - Ligue 1;US Biskra vs JS Saoura;1634922628;total;under;1.5;1.971;1.926;2.283;0;6.55;6.34;1
1636768959-spread-home-0.0-1790072826;2026-09-22T10:27:06.672057+00:00;2026-09-22T10:27:06.672057+00:00;Colombia - Primera B;Atletico Cali vs Tigres;1636768959;spread;home;0.0;1.935;1.847;4.548;0;10.54;10.33;1
1636689402-moneyline-away--1790073041;2026-09-22T10:30:41.258559+00:00;2026-09-22T10:30:41.258559+00:00;Scotland - Challenge Cup;Kelty Hearts vs Hearts II;1636689402;moneyline;away;;5.67;5.43;4.233;0;8.24;8.03;1
1636689400-moneyline-home--1790073041;2026-09-22T10:30:41.258559+00:00;2026-09-22T10:30:41.258559+00:00;Scotland - Challenge Cup;Edinburgh City vs Dundee United B;1636689400;moneyline;home;;1.211;1.175;2.973;0;8.24;8.03;1
1636689400-spread-home--2.0-1790073041;2026-09-22T10:30:41.258559+00:00;2026-09-22T10:30:41.258559+00:00;Scotland - Challenge Cup;Edinburgh City vs Dundee United B;1636689400;spread;home;-2.0;1.901;1.769;6.944;0;8.24;8.03;1
1636688816-moneyline-home--1790073254;2026-09-22T10:34:14.999179+00:00;2026-09-22T10:34:14.999179+00:00;England - Southern Premier League South;Malvern Town vs Gloucester City;1636688816;moneyline;home;;4.34;4.15;4.378;0;8.17;7.97;1
1636688816-moneyline-draw--1790073254;2026-09-22T10:34:14.999179+00:00;2026-09-22T10:34:14.999179+00:00;England - Southern Premier League South;Malvern Town vs Gloucester City;1636688816;moneyline;draw;;3.93;3.85;2.036;0;8.17;7.97;1
1637131526-moneyline-away--1790073254;2026-09-22T10:34:14.999179+00:00;2026-09-22T10:34:14.999179+00:00;England - FA Cup Qualification;Truro City vs Merthyr Town;1637131526;moneyline;away;;4.01;3.76;6.234;0;8.17;7.96;1
1637131526-moneyline-draw--1790073254;2026-09-22T10:34:14.999179+00:00;2026-09-22T10:34:14.999179+00:00;England - FA Cup Qualification;Truro City vs Merthyr Town;1637131526;moneyline;draw;;3.97;3.84;3.275;0;8.17;7.96;1
1636867970-moneyline-home--1790073254;2026-09-22T10:34:14.999179+00:00;2026-09-22T10:34:14.999179+00:00;UAE - President's Cup;Dibba Al Fujairah vs Al-Ittifaq;1636867970;moneyline;home;;1.676;1.559;6.981;0;4.08;3.88;1
1636867970-spread-home--1.0-1790073254;2026-09-22T10:34:14.999179+00:00;2026-09-22T10:34:14.999179+00:00;UAE - President's Cup;Dibba Al Fujairah vs Al-Ittifaq;1636867970;spread;home;-1.0;1.962;1.909;2.701;0;4.08;3.88;1
1637090755-moneyline-away--1790073469;2026-09-22T10:37:49.485414+00:00;2026-09-22T10:37:49.485414+00:00;England - EFL Trophy;Salford City vs Sheffield Wednesday;1637090755;moneyline;away;;2.45;2.42;1.224;0;7.36;7.15;1
1637090755-spread-away--0.0-1790073469;2026-09-22T10:37:49.485414+00:00;2026-09-22T10:37:49.485414+00:00;England - EFL Trophy;Salford City vs Sheffield Wednesday;1637090755;spread;away;-0.0;1.901;1.87;1.631;0;7.36;7.15;1
1636768959-spread-home-0.0-1790073681;2026-09-22T10:41:21.390386+00:00;2026-09-22T10:41:21.390386+00:00;Colombia - Primera B;Atletico Cali vs Tigres;1636768959;spread;home;0.0;1.935;1.847;4.548;0;10.3;10.1;1
1636688825-moneyline-home--1790073894;2026-09-22T10:44:54.764555+00:00;2026-09-22T10:44:54.764555+00:00;England - Isthmian Division 1 North;Hashtag United vs Walthamstow;1636688825;moneyline;home;;1.197;1.183;1.17;0;8.0;7.8;1
1636896177-moneyline-home--1790073894;2026-09-22T10:44:54.764555+00:00;2026-09-22T10:44:54.764555+00:00;Scotland - Challenge Cup;Clydebank vs St Mirren B;1636896177;moneyline;home;;1.585;1.546;2.461;0;7.99;7.78;1
1636896177-spread-home--1.0-1790073894;2026-09-22T10:44:54.764555+00:00;2026-09-22T10:44:54.764555+00:00;Scotland - Challenge Cup;Clydebank vs St Mirren B;1636896177;spread;home;-1.0;1.971;1.893;3.957;0;7.99;7.78;1
1636867970-moneyline-away--1790074107;2026-09-22T10:48:27.899549+00:00;2026-09-22T10:48:27.899549+00:00;UAE - President's Cup;Dibba Al Fujairah vs Al-Ittifaq;1636867970;moneyline;away;;4.91;4.73;3.666;0;3.85;3.65;1
1636867970-moneyline-draw--1790074107;2026-09-22T10:48:27.899549+00:00;2026-09-22T10:48:27.899549+00:00;UAE - President's Cup;Dibba Al Fujairah vs Al-Ittifaq;1636867970;moneyline;draw;;4.05;3.99;1.481;0;3.85;3.65;1
1636867970-spread-away-1.0-1790074107;2026-09-22T10:48:27.899549+00:00;2026-09-22T10:48:27.899549+00:00;UAE - President's Cup;Dibba Al Fujairah vs Al-Ittifaq;1636867970;spread;away;1.0;1.877;1.826;2.717;0;3.85;3.65;1
1636836473-moneyline-home--1790074318;2026-09-22T10:51:58.928452+00:00;2026-09-22T10:51:58.928452+00:00;Uzbekistan - Pro League;Fardu vs BuxDU;1636836473;moneyline;home;;1.117;1.105;1.074;0;0.13;0;1
1636836473-spread-home--2.5-1790074318;2026-09-22T10:51:58.928452+00:00;2026-09-22T10:51:58.928452+00:00;Uzbekistan - Pro League;Fardu vs BuxDU;1636836473;spread;home;-2.5;1.855;1.781;3.989;0;0.13;0;1
1636688817-moneyline-away--1790074318;2026-09-22T10:51:58.928452+00:00;2026-09-22T10:51:58.928452+00:00;England - Southern Premier League South;Berkhamsted vs Hanworth Villa;1636688817;moneyline;away;;2.43;2.39;1.646;0;7.87;7.67;1
1636688817-spread-away--0.0-1790074318;2026-09-22T10:51:58.928452+00:00;2026-09-22T10:51:58.928452+00:00;England - Southern Premier League South;Berkhamsted vs Hanworth Villa;1636688817;spread;away;-0.0;1.8;1.763;2.056;0;7.87;7.67;1
1636928826-spread-home--1.0-1790074318;2026-09-22T10:51:58.928452+00:00;2026-09-22T10:51:58.928452+00:00;Iraq - Premier Division;Amanat Baghdad vs Naft Al-Wasat;1636928826;spread;home;-1.0;1.99;1.917;3.668;0;1.87;1.67;1
1637090755-moneyline-away--1790074532;2026-09-22T10:55:32.641855+00:00;2026-09-22T10:55:32.641855+00:00;England - EFL Trophy;Salford City vs Sheffield Wednesday;1637090755;moneyline;away;;2.42;2.34;3.306;0;7.07;6.87;1
1637090755-spread-away--0.0-1790074532;2026-09-22T10:55:32.641855+00:00;2026-09-22T10:55:32.641855+00:00;England - EFL Trophy;Salford City vs Sheffield Wednesday;1637090755;spread;away;-0.0;1.87;1.82;2.674;0;7.07;6.87;1
1636836483-total-under-3.5-1790074746;2026-09-22T10:59:06.942581+00:00;2026-09-22T10:59:06.942581+00:00;Scotland - Challenge Cup;Fraserburgh vs Cove Rangers;1636836483;total;under;3.5;1.833;1.813;1.091;0;7.76;7.56;1
1636768959-spread-home-0.0-1790074746;2026-09-22T10:59:06.942581+00:00;2026-09-22T10:59:06.942581+00:00;Colombia - Primera B;Atletico Cali vs Tigres;1636768959;spread;home;0.0;1.935;1.847;4.548;0;10.01;9.8;1
1636918790-moneyline-home--1790074746;2026-09-22T10:59:06.942581+00:00;2026-09-22T10:59:06.942581+00:00;England - Southern League Division 1;Hartpury University vs Worcester Raiders;1636918790;moneyline;home;;2.22;2.17;2.252;0;7.75;7.55;1
1636689402-moneyline-away--1790074959;2026-09-22T11:02:39.366455+00:00;2026-09-22T11:02:39.366455+00:00;Scotland - Challenge Cup;Kelty Hearts vs Hearts II;1636689402;moneyline;away;;5.43;4.14;23.757;0;7.7;7.5;1
1636713986-moneyline-away--1790074959;2026-09-22T11:02:39.366455+00:00;2026-09-22T11:02:39.366455+00:00;Scotland - Challenge Cup;East Kilbride vs Celtic II;1636713986;moneyline;away;;6.4;6.19;3.281;0;7.7;7.5;1
1636713986-moneyline-draw--1790074959;2026-09-22T11:02:39.366455+00:00;2026-09-22T11:02:39.366455+00:00;Scotland - Challenge Cup;East Kilbride vs Celtic II;1636713986;moneyline;draw;;5.53;5.47;1.085;0;7.7;7.5;1
1636713986-spread-home--1.5-1790074959;2026-09-22T11:02:39.366455+00:00;2026-09-22T11:02:39.366455+00:00;Scotland - Challenge Cup;East Kilbride vs Celtic II;1636713986;spread;home;-1.5;1.855;1.794;3.288;0;7.7;7.5;1
1637165542-moneyline-home--1790074959;2026-09-22T11:02:39.366455+00:00;2026-09-22T11:02:39.366455+00:00;England - Northern League Division 1;Stafford Rangers vs Wythenshawe Town;1637165542;moneyline;home;;2.21;1.909;13.62;0;7.7;7.5;1
1637165542-spread-away-0.5-1790074959;2026-09-22T11:02:39.366455+00:00;2026-09-22T11:02:39.366455+00:00;England - Northern League Division 1;Stafford Rangers vs Wythenshawe Town;1637165542;spread;away;0.5;1.8;1.746;3.0;0;7.7;7.5;1
1637131526-moneyline-away--1790075168;2026-09-22T11:06:08.247579+00:00;2026-09-22T11:06:08.247579+00:00;England - FA Cup Qualification;Truro City vs Merthyr Town;1637131526;moneyline;away;;3.76;3.7;1.596;0;7.64;7.43;1
1637131527-moneyline-away--1790075168;2026-09-22T11:06:08.247579+00:00;2026-09-22T11:06:08.247579+00:00;England - FA Cup Qualification;Worksop Town vs Telford United;1637131527;moneyline;away;;3.11;2.86;8.039;0;7.64;7.43;1
1637131527-moneyline-draw--1790075168;2026-09-22T11:06:08.247579+00:00;2026-09-22T11:06:08.247579+00:00;England - FA Cup Qualification;Worksop Town vs Telford United;1637131527;moneyline;draw;;3.82;3.78;1.047;0;7.64;7.43;1
1637131525-moneyline-away--1790075168;2026-09-22T11:06:08.247579+00:00;2026-09-22T11:06:08.247579+00:00;England - FA Cup Qualification;Gainsborough Trinity vs Leamington;1637131525;moneyline;away;;2.94;2.78;5.442;0;7.64;7.43;1
1634922628-moneyline-draw--1790075382;2026-09-22T11:09:42.247961+00:00;2026-09-22T11:09:42.247961+00:00;Algeria - Ligue 1;US Biskra vs JS Saoura;1634922628;moneyline;draw;;2.8;2.75;1.786;0;5.84;5.63;1
1634922628-total-under-1.5-1790075382;2026-09-22T11:09:42.247961+00:00;2026-09-22T11:09:42.247961+00:00;Algeria - Ligue 1;US Biskra vs JS Saoura;1634922628;total;under;1.5;1.917;1.855;3.234;0;5.84;5.63;1
1637090755-moneyline-away--1790075382;2026-09-22T11:09:42.247961+00:00;2026-09-22T11:09:42.247961+00:00;England - EFL Trophy;Salford City vs Sheffield Wednesday;1637090755;moneyline;away;;2.34;2.21;5.556;0;6.82;6.62;1
1637069525-moneyline-draw--1790075382;2026-09-22T11:09:42.247961+00:00;2026-09-22T11:09:42.247961+00:00;England - EFL Trophy;Notts County vs Grimsby Town;1637069525;moneyline;draw;;3.75;3.68;1.867;0;6.82;6.62;1
1637067851-moneyline-draw--1790075382;2026-09-22T11:09:42.247961+00:00;2026-09-22T11:09:42.247961+00:00;England - EFL Trophy;Wigan Athletic vs Blackpool;1637067851;moneyline;draw;;3.56;3.51;1.404;0;6.82;6.62;1
1636768959-spread-home-0.0-1790075595;2026-09-22T11:13:15.135942+00:00;2026-09-22T11:13:15.135942+00:00;Colombia - Primera B;Atletico Cali vs Tigres;1636768959;spread;home;0.0;1.935;1.847;4.548;0;9.77;9.57;1
1636906778-moneyline-away--1790075595;2026-09-22T11:13:15.135942+00:00;2026-09-22T11:13:15.135942+00:00;Scotland - Challenge Cup;Banks O´Dee vs Aberdeen B;1636906778;moneyline;away;;1.719;1.699;1.163;0;7.52;7.31;1
1637165544-moneyline-home--1790075805;2026-09-22T11:16:45.880903+00:00;2026-09-22T11:16:45.880903+00:00;Bolivia - Cup;Nacional Potosi vs Real Potosi;1637165544;moneyline;home;;2.0;1.935;3.25;0;11.72;11.51;1
1637165544-moneyline-away--1790075805;2026-09-22T11:16:45.880903+00:00;2026-09-22T11:16:45.880903+00:00;Bolivia - Cup;Nacional Potosi vs Real Potosi;1637165544;moneyline;away;;2.89;2.81;2.768;0;11.72;11.51;1
1636836509-moneyline-away--1790075805;2026-09-22T11:16:45.880903+00:00;2026-09-22T11:16:45.880903+00:00;Netherlands - Cup;Eemdijk vs RBC;1636836509;moneyline;away;;2.01;1.952;2.886;0;6.71;6.51;1
1636689402-moneyline-home--1790075805;2026-09-22T11:16:45.880903+00:00;2026-09-22T11:16:45.880903+00:00;Scotland - Challenge Cup;Kelty Hearts vs Hearts II;1636689402;moneyline;home;;1.521;1.366;10.191;0;7.46;7.25;1
1636689402-total-over-3.5-1790075805;2026-09-22T11:16:45.880903+00:00;2026-09-22T11:16:45.880903+00:00;Scotland - Challenge Cup;Kelty Hearts vs Hearts II;1636689402;total;over;3.5;1.99;1.952;1.91;0;7.46;7.25;1
1636689391-moneyline-away--1790076020;2026-09-22T11:20:20.604285+00:00;2026-09-22T11:20:20.604285+00:00;England - Southern Premier League Central;Stratford Town vs Bromsgrove Sporting;1636689391;moneyline;away;;2.24;1.98;11.607;0;7.41;7.21;1
1636867970-moneyline-away--1790076020;2026-09-22T11:20:20.604285+00:00;2026-09-22T11:20:20.604285+00:00;UAE - President's Cup;Dibba Al Fujairah vs Al-Ittifaq;1636867970;moneyline;away;;4.73;4.57;3.383;0;3.32;3.12;1
1636867970-moneyline-draw--1790076020;2026-09-22T11:20:20.604285+00:00;2026-09-22T11:20:20.604285+00:00;UAE - President's Cup;Dibba Al Fujairah vs Al-Ittifaq;1636867970;moneyline;draw;;3.99;3.93;1.504;0;3.32;3.12;1
1636867970-spread-away-1.0-1790076020;2026-09-22T11:20:20.604285+00:00;2026-09-22T11:20:20.604285+00:00;UAE - President's Cup;Dibba Al Fujairah vs Al-Ittifaq;1636867970;spread;away;1.0;1.826;1.781;2.464;0;3.32;3.12;1
1637131527-moneyline-home--1790076020;2026-09-22T11:20:20.604285+00:00;2026-09-22T11:20:20.604285+00:00;England - FA Cup Qualification;Worksop Town vs Telford United;1637131527;moneyline;home;;1.952;1.763;9.682;0;7.4;7.2;1
1637131527-spread-home--0.5-1790076020;2026-09-22T11:20:20.604285+00:00;2026-09-22T11:20:20.604285+00:00;England - FA Cup Qualification;Worksop Town vs Telford United;1637131527;spread;home;-0.5;1.847;1.769;4.223;0;7.4;7.2;1
1637002779-spread-home--2.0-1790076231;2026-09-22T11:23:51.589409+00:00;2026-09-22T11:23:51.589409+00:00;England - EFL Trophy;Bradford City vs Newcastle United U21;1637002779;spread;home;-2.0;1.84;1.82;1.087;0;7.1;6.9;1
1634922628-moneyline-away--1790076442;2026-09-22T11:27:22.884160+00:00;2026-09-22T11:27:22.884160+00:00;Algeria - Ligue 1;US Biskra vs JS Saoura;1634922628;moneyline;away;;4.17;3.79;9.113;0;5.54;5.33;1
1634922628-moneyline-draw--1790076442;2026-09-22T11:27:22.884160+00:00;2026-09-22T11:27:22.884160+00:00;Algeria - Ligue 1;US Biskra vs JS Saoura;1634922628;moneyline;draw;;2.75;2.7;1.818;0;5.54;5.33;1
1636768959-spread-home-0.0-1790076442;2026-09-22T11:27:22.884160+00:00;2026-09-22T11:27:22.884160+00:00;Colombia - Primera B;Atletico Cali vs Tigres;1636768959;spread;home;0.0;1.935;1.847;4.548;0;9.54;9.33;1
1636713986-moneyline-home--1790076656;2026-09-22T11:30:56.609252+00:00;2026-09-22T11:30:56.609252+00:00;Scotland - Challenge Cup;East Kilbride vs Celtic II;1636713986;moneyline;home;;1.313;1.294;1.447;0;7.23;7.02;1
1636836617-moneyline-draw--1790076656;2026-09-22T11:30:56.609252+00:00;2026-09-22T11:30:56.609252+00:00;Scotland - Challenge Cup;Bonnyrigg Rose vs Airdrieonians;1636836617;moneyline;draw;;4.17;4.09;1.918;0;7.23;7.02;1
1636836483-moneyline-home--1790076656;2026-09-22T11:30:56.609252+00:00;2026-09-22T11:30:56.609252+00:00;Scotland - Challenge Cup;Fraserburgh vs Cove Rangers;1636836483;moneyline;home;;6.21;5.13;17.391;0;7.23;7.02;1
1636836483-moneyline-draw--1790076656;2026-09-22T11:30:56.609252+00:00;2026-09-22T11:30:56.609252+00:00;Scotland - Challenge Cup;Fraserburgh vs Cove Rangers;1636836483;moneyline;draw;;4.98;4.52;9.237;0;7.23;7.02;1
1636867970-moneyline-home--1790076869;2026-09-22T11:34:29.385023+00:00;2026-09-22T11:34:29.385023+00:00;UAE - President's Cup;Dibba Al Fujairah vs Al-Ittifaq;1636867970;moneyline;home;;1.617;1.571;2.845;0;3.09;2.88;1
1636867970-spread-home--1.0-1790076869;2026-09-22T11:34:29.385023+00:00;2026-09-22T11:34:29.385023+00:00;UAE - President's Cup;Dibba Al Fujairah vs Al-Ittifaq;1636867970;spread;home;-1.0;2.02;1.935;4.208;0;3.09;2.88;1
1637131525-moneyline-home--1790076869;2026-09-22T11:34:29.385023+00:00;2026-09-22T11:34:29.385023+00:00;England - FA Cup Qualification;Gainsborough Trinity vs Leamington;1637131525;moneyline;home;;2.08;2.03;2.404;0;7.17;6.96;1
1637131527-moneyline-home--1790076869;2026-09-22T11:34:29.385023+00:00;2026-09-22T11:34:29.385023+00:00;England - FA Cup Qualification;Worksop Town vs Telford United;1637131527;moneyline;home;;1.763;1.704;3.347;0;7.17;6.96;1
1637131526-moneyline-away--1790076869;2026-09-22T11:34:29.385023+00:00;2026-09-22T11:34:29.385023+00:00;England - FA Cup Qualification;Truro City vs Merthyr Town;1637131526;moneyline;away;;3.7;3.29;11.081;0;7.17;6.96;1
1637131526-moneyline-draw--1790076869;2026-09-22T11:34:29.385023+00:00;2026-09-22T11:34:29.385023+00:00;England - FA Cup Qualification;Truro City vs Merthyr Town;1637131526;moneyline;draw;;3.78;3.56;5.82;0;7.17;6.96;1
1637069524-moneyline-away--1790077081;2026-09-22T11:38:01.651092+00:00;2026-09-22T11:38:01.651092+00:00;England - EFL Trophy;Oldham Athletic vs Fleetwood Town;1637069524;moneyline;away;;2.87;2.83;1.394;0;6.37;6.16;1
1637053207-moneyline-home--1790077081;2026-09-22T11:38:01.651092+00:00;2026-09-22T11:38:01.651092+00:00;England - EFL Trophy;Cheltenham Town vs Exeter City;1637053207;moneyline;home;;2.4;2.37;1.25;0;6.37;6.16;1
1636928826-spread-home--1.0-1790077081;2026-09-22T11:38:01.651092+00:00;2026-09-22T11:38:01.651092+00:00;Iraq - Premier Division;Amanat Baghdad vs Naft Al-Wasat;1636928826;spread;home;-1.0;1.917;1.87;2.452;0;1.11;0.91;1
1636709486-moneyline-draw--1790077081;2026-09-22T11:38:01.651092+00:00;2026-09-22T11:38:01.651092+00:00;England - Southern Premier League Central;Leiston vs Peterborough Sports;1636709486;moneyline;draw;;3.45;3.41;1.159;0;7.11;6.91;1
1636937837-spread-home--1.0-1790077081;2026-09-22T11:38:01.651092+00:00;2026-09-22T11:38:01.651092+00:00;Mexico - Liga TDP;Dragones II vs Ajolotes Lerma FC;1636937837;spread;home;-1.0;1.893;1.855;2.007;0;4.35;4.15;1
1637090755-moneyline-away--1790077300;2026-09-22T11:41:40.314214+00:00;2026-09-22T11:41:40.314214+00:00;England - EFL Trophy;Salford City vs Sheffield Wednesday;1637090755;moneyline;away;;2.21;2.17;1.81;0;6.31;6.1;1
1636937809-spread-away-1.5-1790077300;2026-09-22T11:41:40.314214+00:00;2026-09-22T11:41:40.314214+00:00;England - EFL Trophy;MK Dons vs Crawley Town;1636937809;spread;away;1.5;1.87;1.787;4.439;0;6.31;6.1;1
1636937809-spread-home--1.5-1790077300;2026-09-22T11:41:40.314214+00:00;2026-09-22T11:41:40.314214+00:00;England - EFL Trophy;MK Dons vs Crawley Town;1636937809;spread;home;-1.5;1.98;1.855;6.313;0;6.31;6.1;1
1637086522-moneyline-away--1790077300;2026-09-22T11:41:40.314214+00:00;2026-09-22T11:41:40.314214+00:00;England - EFL Trophy;Tranmere Rovers vs Shrewsbury Town;1637086522;moneyline;away;;3.36;2.95;12.202;0;6.31;6.1;1
1636918790-moneyline-draw--1790077506;2026-09-22T11:45:06.650128+00:00;2026-09-22T11:45:06.650128+00:00;England - Southern League Division 1;Hartpury University vs Worcester Raiders;1636918790;moneyline;draw;;3.74;3.44;8.021;0;7.0;6.79;1
1636768959-spread-home-0.0-1790077506;2026-09-22T11:45:06.650128+00:00;2026-09-22T11:45:06.650128+00:00;Colombia - Primera B;Atletico Cali vs Tigres;1636768959;spread;home;0.0;1.935;1.847;4.548;0;9.24;9.03;1
1636714053-moneyline-home--1790077506;2026-09-22T11:45:06.650128+00:00;2026-09-22T11:45:06.650128+00:00;Chile - Cup;Cobreloa vs Coquimbo Unido;1636714053;moneyline;home;;3.06;2.97;2.941;0;11.74;11.53;1
1636713986-moneyline-home--1790077506;2026-09-22T11:45:06.650128+00:00;2026-09-22T11:45:06.650128+00:00;Scotland - Challenge Cup;East Kilbride vs Celtic II;1636713986;moneyline;home;;1.294;1.204;6.955;0;6.99;6.78;1
1636713986-spread-home--2.0-1790077506;2026-09-22T11:45:06.650128+00:00;2026-09-22T11:45:06.650128+00:00;Scotland - Challenge Cup;East Kilbride vs Celtic II;1636713986;spread;home;-2.0;1.909;1.833;3.981;0;6.99;6.78;1
1636689402-moneyline-home--1790077506;2026-09-22T11:45:06.650128+00:00;2026-09-22T11:45:06.650128+00:00;Scotland - Challenge Cup;Kelty Hearts vs Hearts II;1636689402;moneyline;home;;1.366;1.327;2.855;0;6.99;6.78;1
1636689402-spread-home--1.5-1790077506;2026-09-22T11:45:06.650128+00:00;2026-09-22T11:45:06.650128+00:00;Scotland - Challenge Cup;Kelty Hearts vs Hearts II;1636689402;spread;home;-1.5;1.943;1.84;5.301;0;6.99;6.78;1
1636689402-total-over-3.5-1790077506;2026-09-22T11:45:06.650128+00:00;2026-09-22T11:45:06.650128+00:00;Scotland - Challenge Cup;Kelty Hearts vs Hearts II;1636689402;total;over;3.5;1.952;1.909;2.203;0;6.99;6.78;1
1637165542-moneyline-home--1790077506;2026-09-22T11:45:06.650128+00:00;2026-09-22T11:45:06.650128+00:00;England - Northern League Division 1;Stafford Rangers vs Wythenshawe Town;1637165542;moneyline;home;;1.909;1.862;2.462;0;6.99;6.78;1
1637165542-spread-home--0.5-1790077506;2026-09-22T11:45:06.650128+00:00;2026-09-22T11:45:06.650128+00:00;England - Northern League Division 1;Stafford Rangers vs Wythenshawe Town;1637165542;spread;home;-0.5;1.909;1.87;2.043;0;6.99;6.78;1
1636928756-total-under-3.5-1790077506;2026-09-22T11:45:06.650128+00:00;2026-09-22T11:45:06.650128+00:00;England - Northern League Division 1;Prescot Cables vs Lichfield City;1636928756;total;under;3.5;1.787;1.758;1.623;0;6.99;6.78;1
1636867970-moneyline-away--1790077722;2026-09-22T11:48:42.928370+00:00;2026-09-22T11:48:42.928370+00:00;UAE - President's Cup;Dibba Al Fujairah vs Al-Ittifaq;1636867970;moneyline;away;;4.82;4.6;4.564;0;2.85;2.64;1
1636867970-moneyline-draw--1790077722;2026-09-22T11:48:42.928370+00:00;2026-09-22T11:48:42.928370+00:00;UAE - President's Cup;Dibba Al Fujairah vs Al-Ittifaq;1636867970;moneyline;draw;;4.02;3.92;2.488;0;2.85;2.64;1
1636867970-spread-away-1.0-1790077722;2026-09-22T11:48:42.928370+00:00;2026-09-22T11:48:42.928370+00:00;UAE - President's Cup;Dibba Al Fujairah vs Al-Ittifaq;1636867970;spread;away;1.0;1.855;1.8;2.965;0;2.85;2.64;1
1637067851-moneyline-away--1790077935;2026-09-22T11:52:15.371098+00:00;2026-09-22T11:52:15.371098+00:00;England - EFL Trophy;Wigan Athletic vs Blackpool;1637067851;moneyline;away;;2.61;2.57;1.533;0;6.13;5.92;1
1637067851-spread-away--0.0-1790077935;2026-09-22T11:52:15.371098+00:00;2026-09-22T11:52:15.371098+00:00;England - EFL Trophy;Wigan Athletic vs Blackpool;1637067851;spread;away;-0.0;2.01;1.98;1.493;0;6.13;5.92;1
1637064588-moneyline-away--1790077935;2026-09-22T11:52:15.371098+00:00;2026-09-22T11:52:15.371098+00:00;Uzbekistan - Pro League;TerDU vs Gazalkent FK;1637064588;moneyline;away;;1.218;1.198;1.642;0;2.12;1.92;1
1636688815-moneyline-away--1790077935;2026-09-22T11:52:15.371098+00:00;2026-09-22T11:52:15.371098+00:00;England - Southern Premier League South;Taunton Town vs Bath City;1636688815;moneyline;away;;2.43;2.37;2.469;0;6.87;6.67;1
1636688815-moneyline-draw--1790077935;2026-09-22T11:52:15.371098+00:00;2026-09-22T11:52:15.371098+00:00;England - Southern Premier League South;Taunton Town vs Bath City;1636688815;moneyline;draw;;3.35;3.26;2.687;0;6.87;6.67;1
1636688815-spread-away--0.0-1790077935;2026-09-22T11:52:15.371098+00:00;2026-09-22T11:52:15.371098+00:00;England - Southern Premier League South;Taunton Town vs Bath City;1636688815;spread;away;-0.0;1.84;1.806;1.848;0;6.87;6.67;1
1636928752-total-under-3.5-1790077935;2026-09-22T11:52:15.371098+00:00;2026-09-22T11:52:15.371098+00:00;Netherlands - Cup;Excelsior'31 Rijssen vs AFC 34;1636928752;total;under;3.5;1.877;1.84;1.971;0;6.12;5.92;1
1636937809-spread-away-1.5-1790078152;2026-09-22T11:55:52.018308+00:00;2026-09-22T11:55:52.018308+00:00;England - EFL Trophy;MK Dons vs Crawley Town;1636937809;spread;away;1.5;1.87;1.787;4.439;0;6.07;5.86;1
1636937809-spread-home--1.5-1790078152;2026-09-22T11:55:52.018308+00:00;2026-09-22T11:59:26.805220+00:00;England - EFL Trophy;MK Dons vs Crawley Town;1636937809;spread;home;-1.5;1.98;1.787;9.747;3.58;6.07;5.86;2
1636937809-moneyline-home--1790078366;2026-09-22T11:59:26.805220+00:00;2026-09-22T11:59:26.805220+00:00;England - EFL Trophy;MK Dons vs Crawley Town;1636937809;moneyline;home;;1.38;1.303;5.58;0;6.01;5.81;1
1636768959-spread-home-0.0-1790078366;2026-09-22T11:59:26.805220+00:00;2026-09-22T11:59:26.805220+00:00;Colombia - Primera B;Atletico Cali vs Tigres;1636768959;spread;home;0.0;1.935;1.847;4.548;0;9.0;8.8;1
1636918790-moneyline-home--1790078581;2026-09-22T12:03:01.131624+00:00;2026-09-22T12:03:01.131624+00:00;England - Southern League Division 1;Hartpury University vs Worcester Raiders;1636918790;moneyline;home;;2.24;2.21;1.339;0;6.7;6.49;1
1636714053-moneyline-home--1790078581;2026-09-22T12:03:01.131624+00:00;2026-09-22T12:03:01.131624+00:00;Chile - Cup;Cobreloa vs Coquimbo Unido;1636714053;moneyline;home;;2.97;2.94;1.01;0;11.44;11.24;1
1637136174-moneyline-away--1790078791;2026-09-22T12:06:31.767607+00:00;2026-09-22T12:06:31.767607+00:00;England - Northern Premier League;Cleethorpes Town vs Redcar Athletic;1637136174;moneyline;away;;2.54;2.41;5.118;0;6.64;6.43;1
1637136174-moneyline-draw--1790078791;2026-09-22T12:06:31.767607+00:00;2026-09-22T12:06:31.767607+00:00;England - Northern Premier League;Cleethorpes Town vs Redcar Athletic;1637136174;moneyline;draw;;3.29;3.21;2.432;0;6.64;6.43;1
1637136174-spread-away--0.0-1790078791;2026-09-22T12:06:31.767607+00:00;2026-09-22T12:06:31.767607+00:00;England - Northern Premier League;Cleethorpes Town vs Redcar Athletic;1637136174;spread;away;-0.0;1.917;1.826;4.747;0;6.64;6.43;1
1637136174-total-over-2.5-1790078791;2026-09-22T12:06:31.767607+00:00;2026-09-22T12:06:31.767607+00:00;England - Northern Premier League;Cleethorpes Town vs Redcar Athletic;1637136174;total;over;2.5;1.917;1.893;1.252;0;6.64;6.43;1
1637136174-total-under-2.5-1790078791;2026-09-22T12:06:31.767607+00:00;2026-09-22T12:06:31.767607+00:00;England - Northern Premier League;Cleethorpes Town vs Redcar Athletic;1637136174;total;under;2.5;1.826;1.806;1.095;0;6.64;6.43;1
1636928826-spread-home--1.0-1790078791;2026-09-22T12:06:31.767607+00:00;2026-09-22T12:06:31.767607+00:00;Iraq - Premier Division;Amanat Baghdad vs Naft Al-Wasat;1636928826;spread;home;-1.0;1.87;1.787;4.439;0;0.64;0.43;1
1637131526-moneyline-home--1790078791;2026-09-22T12:06:31.767607+00:00;2026-09-22T12:06:31.767607+00:00;England - FA Cup Qualification;Truro City vs Merthyr Town;1637131526;moneyline;home;;1.855;1.82;1.887;0;6.63;6.42;1
1637131526-spread-home--0.5-1790078791;2026-09-22T12:06:31.767607+00:00;2026-09-22T12:06:31.767607+00:00;England - FA Cup Qualification;Truro City vs Merthyr Town;1637131526;spread;home;-0.5;1.862;1.826;1.933;0;6.63;6.42;1
1637069525-moneyline-away--1790079005;2026-09-22T12:10:05.518873+00:00;2026-09-22T12:10:05.518873+00:00;England - EFL Trophy;Notts County vs Grimsby Town;1637069525;moneyline;away;;2.83;2.44;13.781;0;5.82;5.61;1
1637069525-moneyline-draw--1790079005;2026-09-22T12:10:05.518873+00:00;2026-09-22T12:10:05.518873+00:00;England - EFL Trophy;Notts County vs Grimsby Town;1637069525;moneyline;draw;;3.67;3.59;2.18;0;5.82;5.61;1
1637076076-spread-away-1.0-1790079005;2026-09-22T12:10:05.518873+00:00;2026-09-22T12:10:05.518873+00:00;England - EFL Trophy;Peterborough United vs Colchester United;1637076076;spread;away;1.0;1.877;1.806;3.783;0;5.82;5.61;1
1636937809-spread-away-1.5-1790079005;2026-09-22T12:10:05.518873+00:00;2026-09-22T12:10:05.518873+00:00;England - EFL Trophy;MK Dons vs Crawley Town;1636937809;spread;away;1.5;1.971;1.87;5.124;0;5.82;5.61;1
1637067851-moneyline-away--1790079005;2026-09-22T12:10:05.518873+00:00;2026-09-22T12:10:05.518873+00:00;England - EFL Trophy;Wigan Athletic vs Blackpool;1637067851;moneyline;away;;2.57;2.42;5.837;0;5.82;5.61;1
1637067851-moneyline-draw--1790079005;2026-09-22T12:10:05.518873+00:00;2026-09-22T12:10:05.518873+00:00;England - EFL Trophy;Wigan Athletic vs Blackpool;1637067851;moneyline;draw;;3.52;3.48;1.136;0;5.82;5.61;1
1637067851-spread-away--0.0-1790079005;2026-09-22T12:10:05.518873+00:00;2026-09-22T12:10:05.518873+00:00;England - EFL Trophy;Wigan Athletic vs Blackpool;1637067851;spread;away;-0.0;1.98;1.855;6.313;0;5.82;5.61;1
1637053207-moneyline-draw--1790079005;2026-09-22T12:10:05.518873+00:00;2026-09-22T12:10:05.518873+00:00;England - EFL Trophy;Cheltenham Town vs Exeter City;1637053207;moneyline;draw;;3.4;3.35;1.471;0;5.82;5.61;1
1637157137-moneyline-away--1790079005;2026-09-22T12:10:05.518873+00:00;2026-09-22T12:10:05.518873+00:00;England - EFL Trophy;Accrington Stanley vs Sunderland U21;1637157137;moneyline;away;;4.16;4.03;3.125;0;5.82;5.61;1
1637157137-moneyline-draw--1790079005;2026-09-22T12:10:05.518873+00:00;2026-09-22T12:10:05.518873+00:00;England - EFL Trophy;Accrington Stanley vs Sunderland U21;1637157137;moneyline;draw;;4.28;4.23;1.168;0;5.82;5.61;1
1637067771-moneyline-away--1790079005;2026-09-22T12:10:05.518873+00:00;2026-09-22T12:10:05.518873+00:00;England - EFL Trophy;Gillingham vs Cambridge United;1637067771;moneyline;away;;2.51;2.46;1.992;0;5.82;5.61;1
1637067771-spread-away--0.0-1790079005;2026-09-22T12:10:05.518873+00:00;2026-09-22T12:10:05.518873+00:00;England - EFL Trophy;Gillingham vs Cambridge United;1637067771;spread;away;-0.0;1.893;1.855;2.007;0;5.82;5.61;1
1637002779-moneyline-home--1790079005;2026-09-22T12:10:05.518873+00:00;2026-09-22T12:10:05.518873+00:00;England - EFL Trophy;Bradford City vs Newcastle United U21;1637002779;moneyline;home;;1.181;1.166;1.27;0;6.32;6.11;1
1637002779-total-over-3.5-1790079005;2026-09-22T12:10:05.518873+00:00;2026-09-22T12:10:05.518873+00:00;England - EFL Trophy;Bradford City vs Newcastle United U21;1637002779;total;over;3.5;1.862;1.826;1.933;0;6.32;6.11;1
1636689394-moneyline-home--1790079220;2026-09-22T12:13:40.731722+00:00;2026-09-22T12:13:40.731722+00:00;England - Isthmian Division 1 North;Concord Rangers vs Buckhurst Hill;1636689394;moneyline;home;;1.855;1.82;1.887;0;6.52;6.31;1
1636689394-spread-home--0.5-1790079220;2026-09-22T12:13:40.731722+00:00;2026-09-22T12:13:40.731722+00:00;England - Isthmian Division 1 North;Concord Rangers vs Buckhurst Hill;1636689394;spread;home;-0.5;1.862;1.826;1.933;0;6.52;6.31;1
1636768959-spread-home-0.0-1790079220;2026-09-22T12:13:40.731722+00:00;2026-09-22T12:13:40.731722+00:00;Colombia - Primera B;Atletico Cali vs Tigres;1636768959;spread;home;0.0;1.935;1.847;4.548;0;8.76;8.56;1
1636137124-spread-home--1.5-1790079220;2026-09-22T12:13:40.731722+00:00;2026-09-22T12:13:40.731722+00:00;Colombia - Primera A;Independiente Medellin vs Jaguares de Cordoba;1636137124;spread;home;-1.5;1.962;1.926;1.835;0;10.76;10.55;1
1636937809-moneyline-away--1790079220;2026-09-22T12:13:40.731722+00:00;2026-09-22T12:13:40.731722+00:00;England - EFL Trophy;MK Dons vs Crawley Town;1636937809;moneyline;away;;6.71;6.55;2.385;0;5.76;5.55;1
1636937809-moneyline-draw--1790079220;2026-09-22T12:13:40.731722+00:00;2026-09-22T12:13:40.731722+00:00;England - EFL Trophy;MK Dons vs Crawley Town;1636937809;moneyline;draw;;5.3;5.2;1.887;0;5.76;5.55;1
1636937809-spread-home--1.5-1790079220;2026-09-22T12:13:40.731722+00:00;2026-09-22T12:13:40.731722+00:00;England - EFL Trophy;MK Dons vs Crawley Town;1636937809;spread;home;-1.5;1.855;1.826;1.563;0;5.76;5.55;1
1636920011-moneyline-home--1790079435;2026-09-22T12:17:15.984676+00:00;2026-09-22T12:17:15.984676+00:00;England - Northern League Division 1;Chasetown vs Padiham;1636920011;moneyline;home;;1.505;1.465;2.658;0;6.46;6.25;1
1636920011-spread-home--1.0-1790079435;2026-09-22T12:17:15.984676+00:00;2026-09-22T12:17:15.984676+00:00;England - Northern League Division 1;Chasetown vs Padiham;1636920011;spread;home;-1.0;1.877;1.8;4.102;0;6.46;6.25;1
1637165542-moneyline-home--1790079435;2026-09-22T12:17:15.984676+00:00;2026-09-22T12:17:15.984676+00:00;England - Northern League Division 1;Stafford Rangers vs Wythenshawe Town;1637165542;moneyline;home;;1.862;1.741;6.498;0;6.46;6.25;1
1637165542-spread-home--0.5-1790079435;2026-09-22T12:17:15.984676+00:00;2026-09-22T12:17:15.984676+00:00;England - Northern League Division 1;Stafford Rangers vs Wythenshawe Town;1637165542;spread;home;-0.5;1.87;1.746;6.631;0;6.46;6.25;1
1636918790-moneyline-home--1790079435;2026-09-22T12:17:15.984676+00:00;2026-09-22T12:17:15.984676+00:00;England - Southern League Division 1;Hartpury University vs Worcester Raiders;1636918790;moneyline;home;;2.21;1.893;14.344;0;6.46;6.25;1
1636918790-spread-away-0.5-1790079435;2026-09-22T12:17:15.984676+00:00;2026-09-22T12:17:15.984676+00:00;England - Southern League Division 1;Hartpury University vs Worcester Raiders;1636918790;spread;away;0.5;1.84;1.806;1.848;0;6.46;6.25;1
1636714053-moneyline-home--1790079435;2026-09-22T12:17:15.984676+00:00;2026-09-22T12:17:15.984676+00:00;Chile - Cup;Cobreloa vs Coquimbo Unido;1636714053;moneyline;home;;2.94;2.9;1.361;0;11.21;11.0;1
1636663192-spread-home--1.5-1790079435;2026-09-22T12:17:15.984676+00:00;2026-09-22T12:17:15.984676+00:00;Mozambique - Mocambola;UD Do Songo vs Maxaquene;1636663192;spread;home;-1.5;1.971;1.935;1.826;0;0.45;0.25;1
1636713985-moneyline-away--1790079435;2026-09-22T12:17:15.984676+00:00;2026-09-22T12:17:15.984676+00:00;Scotland - Challenge Cup;Dumbarton vs Kilmarnock B;1636713985;moneyline;away;;4.52;4.32;4.425;0;6.45;6.24;1
1636713985-moneyline-draw--1790079435;2026-09-22T12:17:15.984676+00:00;2026-09-22T12:17:15.984676+00:00;Scotland - Challenge Cup;Dumbarton vs Kilmarnock B;1636713985;moneyline;draw;;4.53;4.44;1.987;0;6.45;6.24;1
1636713985-spread-away-1.0-1790079435;2026-09-22T12:17:15.984676+00:00;2026-09-22T12:17:15.984676+00:00;Scotland - Challenge Cup;Dumbarton vs Kilmarnock B;1636713985;spread;away;1.0;1.98;1.909;3.586;0;6.45;6.24;1
1636689391-moneyline-away--1790079653;2026-09-22T12:20:53.606428+00:00;2026-09-22T12:20:53.606428+00:00;England - Southern Premier League Central;Stratford Town vs Bromsgrove Sporting;1636689391;moneyline;away;;1.98;1.746;11.818;0;6.4;6.19;1
1637131527-moneyline-away--1790079653;2026-09-22T12:20:53.606428+00:00;2026-09-22T12:20:53.606428+00:00;England - FA Cup Qualification;Worksop Town vs Telford United;1637131527;moneyline;away;;3.44;2.89;15.988;0;6.39;6.18;1
1637131527-moneyline-draw--1790079653;2026-09-22T12:20:53.606428+00:00;2026-09-22T12:20:53.606428+00:00;England - FA Cup Qualification;Worksop Town vs Telford United;1637131527;moneyline;draw;;4.02;3.83;4.726;0;6.39;6.18;1
1637131527-spread-away-0.5-1790079653;2026-09-22T12:20:53.606428+00:00;2026-09-22T12:20:53.606428+00:00;England - FA Cup Qualification;Worksop Town vs Telford United;1637131527;spread;away;0.5;1.943;1.775;8.646;0;6.39;6.18;1
1637131525-moneyline-away--1790079653;2026-09-22T12:20:53.606428+00:00;2026-09-22T12:20:53.606428+00:00;England - FA Cup Qualification;Gainsborough Trinity vs Leamington;1637131525;moneyline;away;;2.85;2.69;5.614;0;6.39;6.18;1
1637131525-moneyline-draw--1790079653;2026-09-22T12:20:53.606428+00:00;2026-09-22T12:20:53.606428+00:00;England - FA Cup Qualification;Gainsborough Trinity vs Leamington;1637131525;moneyline;draw;;3.54;3.48;1.695;0;6.39;6.18;1
1637053207-moneyline-draw--1790079865;2026-09-22T12:24:25.564311+00:00;2026-09-22T12:24:25.564311+00:00;England - EFL Trophy;Cheltenham Town vs Exeter City;1637053207;moneyline;draw;;3.35;3.21;4.179;0;5.58;5.37;1
1637067851-moneyline-draw--1790079865;2026-09-22T12:24:25.564311+00:00;2026-09-22T12:24:25.564311+00:00;England - EFL Trophy;Wigan Athletic vs Blackpool;1637067851;moneyline;draw;;3.48;3.43;1.437;0;5.58;5.37;1
1637090737-moneyline-away--1790079865;2026-09-22T12:24:25.564311+00:00;2026-09-22T12:24:25.564311+00:00;England - EFL Trophy;Swindon Town vs Newport County;1637090737;moneyline;away;;3.84;3.24;15.625;0;5.58;5.37;1
1637090737-moneyline-draw--1790079865;2026-09-22T12:24:25.564311+00:00;2026-09-22T12:24:25.564311+00:00;England - EFL Trophy;Swindon Town vs Newport County;1637090737;moneyline;draw;;3.91;3.71;5.115;0;5.58;5.37;1
1637090737-spread-away-0.5-1790079865;2026-09-22T12:24:25.564311+00:00;2026-09-22T12:24:25.564311+00:00;England - EFL Trophy;Swindon Town vs Newport County;1637090737;spread;away;0.5;1.935;1.82;5.943;0;5.58;5.37;1
1637090737-spread-home--0.5-1790079865;2026-09-22T12:24:25.564311+00:00;2026-09-22T12:24:25.564311+00:00;England - EFL Trophy;Swindon Town vs Newport County;1637090737;spread;home;-0.5;2.01;1.781;11.393;0;5.58;5.37;1
1636937809-spread-away-1.5-1790079865;2026-09-22T12:24:25.564311+00:00;2026-09-22T12:24:25.564311+00:00;England - EFL Trophy;MK Dons vs Crawley Town;1636937809;spread;away;1.5;1.935;1.87;3.359;0;5.58;5.37;1
1637064578-moneyline-home--1790079865;2026-09-22T12:24:25.564311+00:00;2026-09-22T12:24:25.564311+00:00;England - EFL Trophy;Leicester City vs Fulham U21;1637064578;moneyline;home;;1.206;1.167;3.234;0;5.58;5.37;1
1636768959-spread-home-0.0-1790080082;2026-09-22T12:28:02.413612+00:00;2026-09-22T12:28:02.413612+00:00;Colombia - Primera B;Atletico Cali vs Tigres;1636768959;spread;home;0.0;1.935;1.847;4.548;0;8.53;8.32;1
1636768957-moneyline-home--1790080082;2026-09-22T12:28:02.413612+00:00;2026-09-22T12:28:02.413612+00:00;Colombia - Primera B;Independiente Yumbo vs Internacional de Palmira;1636768957;moneyline;home;;2.78;2.75;1.079;0;8.53;8.32;1
1636937809-spread-home--1.5-1790080082;2026-09-22T12:28:02.413612+00:00;2026-09-22T12:28:02.413612+00:00;England - EFL Trophy;MK Dons vs Crawley Town;1636937809;spread;home;-1.5;1.855;1.826;1.563;0;5.52;5.31;1
1636928751-moneyline-home--1790080296;2026-09-22T12:31:36.480851+00:00;2026-09-22T12:31:36.480851+00:00;England - Isthmian Division 1 South Central;Winchester City vs Bognor Regis Town;1636928751;moneyline;home;;2.15;2.06;4.186;0;6.22;6.01;1
1636836443-spread-home--2.0-1790080296;2026-09-22T12:31:36.480851+00:00;2026-09-22T12:31:36.480851+00:00;Netherlands - Cup;ACV Assen vs Hoogeveen;1636836443;spread;home;-2.0;1.847;1.826;1.137;0;5.47;5.25;1
1636688825-spread-home--2.0-1790080296;2026-09-22T12:31:36.480851+00:00;2026-09-22T12:31:36.480851+00:00;England - Isthmian Division 1 North;Hashtag United vs Walthamstow;1636688825;spread;home;-2.0;1.952;1.909;2.203;0;6.21;6.0;1
1636688825-total-over-3.5-1790080296;2026-09-22T12:31:36.480851+00:00;2026-09-22T12:31:36.480851+00:00;England - Isthmian Division 1 North;Hashtag United vs Walthamstow;1636688825;total;over;3.5;1.926;1.893;1.713;0;6.21;6.0;1
1636689393-moneyline-away--1790080296;2026-09-22T12:31:36.480851+00:00;2026-09-22T12:31:36.480851+00:00;England - Isthmian Division 1 North;Felixstowe and Walton United vs Sudbury;1636689393;moneyline;away;;4.26;4.16;2.347;0;6.21;6.0;1
1636688797-moneyline-home--1790080296;2026-09-22T12:31:36.480851+00:00;2026-09-22T12:31:36.480851+00:00;Qatar - Stars Cup;Muaither vs Al Khor;1636688797;moneyline;home;;2.2;2.08;5.455;0;4.71;4.5;1
1637181765-moneyline-home--1790080296;2026-09-22T12:31:36.480851+00:00;2026-09-22T12:31:36.480851+00:00;Egypt - Cup;Tanta vs Sporting Alexandria;1637181765;moneyline;home;;1.671;1.617;3.232;0;0.46;0.25;1
1636688743-moneyline-away--1790080296;2026-09-22T12:31:36.480851+00:00;2026-09-22T12:31:36.480851+00:00;Romania - Liga 2;Dumbravita vs Resita;1636688743;moneyline;away;;1.552;1.508;2.835;0;1.96;1.75;1
1636688743-spread-away--1.0-1790080296;2026-09-22T12:31:36.480851+00:00;2026-09-22T12:31:36.480851+00:00;Romania - Liga 2;Dumbravita vs Resita;1636688743;spread;away;-1.0;1.901;1.826;3.945;0;1.96;1.75;1
1637165529-moneyline-home--1790080296;2026-09-22T12:31:36.480851+00:00;2026-09-22T12:31:36.480851+00:00;England - Northern League Division 1;Mossley vs 1874 Northwich;1637165529;moneyline;home;;1.463;1.407;3.828;0;6.21;6.0;1
1637165529-total-over-2.5-1790080296;2026-09-22T12:31:36.480851+00:00;2026-09-22T12:31:36.480851+00:00;England - Northern League Division 1;Mossley vs 1874 Northwich;1637165529;total;over;2.5;1.806;1.781;1.384;0;6.21;6.0;1
1636918790-moneyline-home--1790080296;2026-09-22T12:31:36.480851+00:00;2026-09-22T12:31:36.480851+00:00;England - Southern League Division 1;Hartpury University vs Worcester Raiders;1636918790;moneyline;home;;1.893;1.855;2.007;0;6.21;6.0;1
1636918790-spread-home--0.5-1790080296;2026-09-22T12:31:36.480851+00:00;2026-09-22T12:31:36.480851+00:00;England - Southern League Division 1;Hartpury University vs Worcester Raiders;1636918790;spread;home;-0.5;1.901;1.862;2.052;0;6.21;6.0;1
1636688835-moneyline-away--1790080519;2026-09-22T12:35:19.004275+00:00;2026-09-22T12:35:19.004275+00:00;England - Isthmian Premier League;Three Bridges vs Leatherhead;1636688835;moneyline;away;;2.0;1.833;8.35;0;6.16;5.95;1
1636709491-moneyline-away--1790080519;2026-09-22T12:35:19.004275+00:00;2026-09-22T12:35:19.004275+00:00;Scotland - Challenge Cup;Alloa Athletic vs Hibernian B;1636709491;moneyline;away;;12.98;10.98;15.408;0;6.15;5.94;1
1636709491-moneyline-draw--1790080519;2026-09-22T12:35:19.004275+00:00;2026-09-22T12:35:19.004275+00:00;Scotland - Challenge Cup;Alloa Athletic vs Hibernian B;1636709491;moneyline;draw;;7.43;6.66;10.363;0;6.15;5.94;1
1637131527-moneyline-away--1790080519;2026-09-22T12:35:19.004275+00:00;2026-09-22T12:35:19.004275+00:00;England - FA Cup Qualification;Worksop Town vs Telford United;1637131527;moneyline;away;;2.89;2.59;10.381;0;6.15;5.94;1
1637131527-moneyline-draw--1790080519;2026-09-22T12:35:19.004275+00:00;2026-09-22T12:35:19.004275+00:00;England - FA Cup Qualification;Worksop Town vs Telford United;1637131527;moneyline;draw;;3.83;3.76;1.828;0;6.15;5.94;1
1636688789-moneyline-away--1790080739;2026-09-22T12:38:59.368525+00:00;2026-09-22T12:38:59.368525+00:00;Romania - Liga 2;ASA Targu Mures vs CS Dinamo Bucharest;1636688789;moneyline;away;;15.46;14.71;4.851;0;4.34;4.13;1
1636688789-moneyline-draw--1790080739;2026-09-22T12:38:59.368525+00:00;2026-09-22T12:38:59.368525+00:00;Romania - Liga 2;ASA Targu Mures vs CS Dinamo Bucharest;1636688789;moneyline;draw;;8.5;7.88;7.294;0;4.34;4.13;1
1636688789-spread-away-2.5-1790080739;2026-09-22T12:38:59.368525+00:00;2026-09-22T12:38:59.368525+00:00;Romania - Liga 2;ASA Targu Mures vs CS Dinamo Bucharest;1636688789;spread;away;2.5;1.935;1.833;5.271;0;4.34;4.13;1
1637157137-moneyline-away--1790080739;2026-09-22T12:38:59.368525+00:00;2026-09-22T12:38:59.368525+00:00;England - EFL Trophy;Accrington Stanley vs Sunderland U21;1637157137;moneyline;away;;4.03;3.82;5.211;0;5.34;5.13;1
1637157137-moneyline-draw--1790080739;2026-09-22T12:38:59.368525+00:00;2026-09-22T12:38:59.368525+00:00;England - EFL Trophy;Accrington Stanley vs Sunderland U21;1637157137;moneyline;draw;;4.23;4.14;2.128;0;5.34;5.13;1
1637090737-spread-away-0.5-1790080739;2026-09-22T12:38:59.368525+00:00;2026-09-22T12:38:59.368525+00:00;England - EFL Trophy;Swindon Town vs Newport County;1637090737;spread;away;0.5;1.935;1.82;5.943;0;5.34;5.13;1
1637090737-spread-home--0.5-1790080739;2026-09-22T12:38:59.368525+00:00;2026-09-22T12:38:59.368525+00:00;England - EFL Trophy;Swindon Town vs Newport County;1637090737;spread;home;-0.5;2.01;1.781;11.393;0;5.34;5.13;1
1637002779-total-over-3.5-1790080739;2026-09-22T12:38:59.368525+00:00;2026-09-22T12:38:59.368525+00:00;England - EFL Trophy;Bradford City vs Newcastle United U21;1637002779;total;over;3.5;1.826;1.806;1.095;0;5.84;5.63;1
1636937809-spread-away-1.5-1790080739;2026-09-22T12:38:59.368525+00:00;2026-09-22T12:38:59.368525+00:00;England - EFL Trophy;MK Dons vs Crawley Town;1636937809;spread;away;1.5;1.935;1.885;2.584;0;5.34;5.13;1
1634922628-moneyline-away--1790080957;2026-09-22T12:42:37.811026+00:00;2026-09-22T12:42:37.811026+00:00;Algeria - Ligue 1;US Biskra vs JS Saoura;1634922628;moneyline;away;;3.79;3.7;2.375;0;4.29;4.08;1
1637064578-moneyline-away--1790080957;2026-09-22T12:42:37.811026+00:00;2026-09-22T12:42:37.811026+00:00;England - EFL Trophy;Leicester City vs Fulham U21;1637064578;moneyline;away;;10.9;10.73;1.56;0;5.29;5.08;1
1636937809-spread-home--1.5-1790080957;2026-09-22T12:42:37.811026+00:00;2026-09-22T12:42:37.811026+00:00;England - EFL Trophy;MK Dons vs Crawley Town;1636937809;spread;home;-1.5;1.84;1.813;1.467;0;5.29;5.08;2
1636768959-spread-home-0.0-1790080957;2026-09-22T12:42:37.811026+00:00;2026-09-22T12:42:37.811026+00:00;Colombia - Primera B;Atletico Cali vs Tigres;1636768959;spread;home;0.0;1.935;1.847;4.548;0;8.27;8.07;1
1636866931-spread-home--1.0-1790081180;2026-09-22T12:46:20.960405+00:00;2026-09-22T12:46:20.960405+00:00;UAE - President's Cup;Al-Urooba vs Dubai City;1636866931;spread;home;-1.0;1.917;1.893;1.252;0;1.89;1.69;1
1636709492-moneyline-away--1790081180;2026-09-22T12:46:20.960405+00:00;2026-09-22T12:46:20.960405+00:00;Scotland - Challenge Cup;Clyde vs Rangers B;1636709492;moneyline;away;;3.59;3.54;1.393;0;5.97;5.77;1
1636709492-moneyline-draw--1790081180;2026-09-22T12:46:20.960405+00:00;2026-09-22T12:46:20.960405+00:00;Scotland - Challenge Cup;Clyde vs Rangers B;1636709492;moneyline;draw;;4.13;4.04;2.179;0;5.97;5.77;1
1636688797-moneyline-home--1790081180;2026-09-22T12:46:20.960405+00:00;2026-09-22T12:46:20.960405+00:00;Qatar - Stars Cup;Muaither vs Al Khor;1636688797;moneyline;home;;2.08;2.03;2.404;0;4.47;4.26;1
1637181765-moneyline-home--1790081180;2026-09-22T12:46:20.960405+00:00;2026-09-22T12:46:20.960405+00:00;Egypt - Cup;Tanta vs Sporting Alexandria;1637181765;moneyline;home;;1.617;1.556;3.772;0;0.22;0.01;1
1637131527-moneyline-draw--1790081400;2026-09-22T12:50:00.733690+00:00;2026-09-22T12:50:00.733690+00:00;England - FA Cup Qualification;Worksop Town vs Telford United;1637131527;moneyline;draw;;3.76;3.64;3.191;0;5.91;5.7;1
1637069524-moneyline-away--1790081614;2026-09-22T12:53:34.986497+00:00;2026-09-22T12:53:34.986497+00:00;England - EFL Trophy;Oldham Athletic vs Fleetwood Town;1637069524;moneyline;away;;2.82;2.77;1.773;0;5.1;4.9;1
1637090737-spread-away-0.5-1790081614;2026-09-22T12:53:34.986497+00:00;2026-09-22T12:53:34.986497+00:00;England - EFL Trophy;Swindon Town vs Newport County;1637090737;spread;away;0.5;1.935;1.813;6.305;0;5.1;4.9;1
1637090737-spread-home--0.5-1790081614;2026-09-22T12:53:34.986497+00:00;2026-09-22T12:53:34.986497+00:00;England - EFL Trophy;Swindon Town vs Newport County;1637090737;spread;home;-0.5;2.01;1.781;11.393;0;5.1;4.9;1
1636937809-spread-away-1.5-1790081614;2026-09-22T12:53:34.986497+00:00;2026-09-22T12:53:34.986497+00:00;England - EFL Trophy;MK Dons vs Crawley Town;1636937809;spread;away;1.5;1.935;1.909;1.344;0;5.1;4.9;1
1637157137-moneyline-away--1790081614;2026-09-22T12:53:34.986497+00:00;2026-09-22T12:53:34.986497+00:00;England - EFL Trophy;Accrington Stanley vs Sunderland U21;1637157137;moneyline;away;;3.82;3.63;4.974;0;5.1;4.9;1
1637157137-moneyline-draw--1790081614;2026-09-22T12:53:34.986497+00:00;2026-09-22T12:53:34.986497+00:00;England - EFL Trophy;Accrington Stanley vs Sunderland U21;1637157137;moneyline;draw;;4.14;4.06;1.932;0;5.1;4.9;1
1637076076-moneyline-home--1790081614;2026-09-22T12:53:34.986497+00:00;2026-09-22T12:53:34.986497+00:00;England - EFL Trophy;Peterborough United vs Colchester United;1637076076;moneyline;home;;1.855;1.8;2.965;0;5.1;4.9;1
1637136173-moneyline-away--1790081614;2026-09-22T12:53:34.986497+00:00;2026-09-22T12:53:34.986497+00:00;England - FA Cup Qualification;Dagenham and Redbridge vs Waltham Abbey;1637136173;moneyline;away;;4.99;4.52;9.419;0;5.85;5.64;1
1637136173-moneyline-draw--1790081614;2026-09-22T12:53:34.986497+00:00;2026-09-22T12:53:34.986497+00:00;England - FA Cup Qualification;Dagenham and Redbridge vs Waltham Abbey;1637136173;moneyline;draw;;4.88;4.65;4.713;0;5.85;5.64;1
1636768959-spread-home-0.0-1790081830;2026-09-22T12:57:10.172447+00:00;2026-09-22T12:57:10.172447+00:00;Colombia - Primera B;Atletico Cali vs Tigres;1636768959;spread;home;0.0;1.935;1.847;4.548;0;8.04;7.83;1
1636906778-moneyline-draw--1790081830;2026-09-22T12:57:10.172447+00:00;2026-09-22T12:57:10.172447+00:00;Scotland - Challenge Cup;Banks O´Dee vs Aberdeen B;1636906778;moneyline;draw;;4.68;4.57;2.35;0;5.78;5.58;1
1636688797-moneyline-home--1790082048;2026-09-22T13:00:48.591871+00:00;2026-09-22T13:00:48.591871+00:00;Qatar - Stars Cup;Muaither vs Al Khor;1636688797;moneyline;home;;2.03;1.943;4.286;0;4.23;4.03;1
1636918790-moneyline-home--1790082048;2026-09-22T13:00:48.591871+00:00;2026-09-22T13:00:48.591871+00:00;England - Southern League Division 1;Hartpury University vs Worcester Raiders;1636918790;moneyline;home;;1.855;1.806;2.642;0;5.73;5.52;1
1636918790-spread-home--0.5-1790082048;2026-09-22T13:00:48.591871+00:00;2026-09-22T13:00:48.591871+00:00;England - Southern League Division 1;Hartpury University vs Worcester Raiders;1636918790;spread;home;-0.5;1.862;1.813;2.632;0;5.73;5.52;1
1636866931-spread-home--1.0-1790082048;2026-09-22T13:00:48.591871+00:00;2026-09-22T13:00:48.591871+00:00;UAE - President's Cup;Al-Urooba vs Dubai City;1636866931;spread;home;-1.0;1.893;1.87;1.215;0;1.65;1.44;1
1636709492-moneyline-home--1790082048;2026-09-22T13:00:48.591871+00:00;2026-09-22T13:00:48.591871+00:00;Scotland - Challenge Cup;Clyde vs Rangers B;1636709492;moneyline;home;;1.735;1.61;7.205;0;5.72;5.52;1
1637172987-moneyline-home--1790082265;2026-09-22T13:04:25.734191+00:00;2026-09-22T13:04:25.734191+00:00;Paraguay - Tercera Division;3 de Febrero vs River Plate Asuncion;1637172987;moneyline;home;;3.76;3.68;2.128;0;4.93;4.72;1
1637172987-spread-home-0.5-1790082265;2026-09-22T13:04:25.734191+00:00;2026-09-22T13:04:25.734191+00:00;Paraguay - Tercera Division;3 de Febrero vs River Plate Asuncion;1637172987;spread;home;0.5;1.87;1.84;1.604;0;4.93;4.72;1
1637165544-moneyline-draw--1790082265;2026-09-22T13:04:25.734191+00:00;2026-09-22T13:04:25.734191+00:00;Bolivia - Cup;Nacional Potosi vs Real Potosi;1637165544;moneyline;draw;;3.57;3.45;3.361;0;9.92;9.71;1
1637131525-moneyline-away--1790082265;2026-09-22T13:04:25.734191+00:00;2026-09-22T13:04:25.734191+00:00;England - FA Cup Qualification;Gainsborough Trinity vs Leamington;1637131525;moneyline;away;;2.69;2.52;6.32;0;5.66;5.46;1
1637064588-moneyline-away--1790082479;2026-09-22T13:07:59.397008+00:00;2026-09-22T13:07:59.397008+00:00;Uzbekistan - Pro League;TerDU vs Gazalkent FK;1637064588;moneyline;away;;1.193;1.175;1.509;0;0.86;0.66;1
1636866930-moneyline-home--1790082479;2026-09-22T13:07:59.397008+00:00;2026-09-22T13:07:59.397008+00:00;UAE - President's Cup;Al Hamriyah vs Al-Dhaid;1636866930;moneyline;home;;2.33;2.28;2.146;0;1.53;1.32;1
1636866930-moneyline-away--1790082479;2026-09-22T13:07:59.397008+00:00;2026-09-22T13:07:59.397008+00:00;UAE - President's Cup;Al Hamriyah vs Al-Dhaid;1636866930;moneyline;away;;2.77;2.73;1.444;0;1.53;1.32;1
1637136174-total-over-2.5-1790082479;2026-09-22T13:07:59.397008+00:00;2026-09-22T13:07:59.397008+00:00;England - Northern Premier League;Cleethorpes Town vs Redcar Athletic;1637136174;total;over;2.5;1.893;1.862;1.638;0;5.61;5.4;1
1637131526-moneyline-home--1790082479;2026-09-22T13:07:59.397008+00:00;2026-09-22T13:07:59.397008+00:00;England - FA Cup Qualification;Truro City vs Merthyr Town;1637131526;moneyline;home;;1.82;1.667;8.407;0;5.6;5.4;1
1637067851-moneyline-away--1790082479;2026-09-22T13:07:59.397008+00:00;2026-09-22T13:07:59.397008+00:00;England - EFL Trophy;Wigan Athletic vs Blackpool;1637067851;moneyline;away;;2.41;2.14;11.203;0;4.85;4.64;1
1636937809-spread-away-1.5-1790082479;2026-09-22T13:07:59.397008+00:00;2026-09-22T13:07:59.397008+00:00;England - EFL Trophy;MK Dons vs Crawley Town;1636937809;spread;away;1.5;1.935;1.909;1.344;0;4.85;4.64;1
1637067772-moneyline-draw--1790082479;2026-09-22T13:07:59.397008+00:00;2026-09-22T13:07:59.397008+00:00;England - EFL Trophy;Chesterfield vs Port Vale;1637067772;moneyline;draw;;3.9;3.79;2.821;0;4.85;4.64;1
1637157137-moneyline-away--1790082479;2026-09-22T13:07:59.397008+00:00;2026-09-22T13:07:59.397008+00:00;England - EFL Trophy;Accrington Stanley vs Sunderland U21;1637157137;moneyline;away;;3.63;3.44;5.234;0;4.85;4.64;1
1637157137-moneyline-draw--1790082479;2026-09-22T13:07:59.397008+00:00;2026-09-22T13:07:59.397008+00:00;England - EFL Trophy;Accrington Stanley vs Sunderland U21;1637157137;moneyline;draw;;4.06;3.99;1.724;0;4.85;4.64;1
1637076076-moneyline-home--1790082479;2026-09-22T13:07:59.397008+00:00;2026-09-22T13:07:59.397008+00:00;England - EFL Trophy;Peterborough United vs Colchester United;1637076076;moneyline;home;;1.8;1.781;1.056;0;4.85;4.64;1
1636768959-spread-home-0.0-1790082699;2026-09-22T13:11:39.282337+00:00;2026-09-22T13:11:39.282337+00:00;Colombia - Primera B;Atletico Cali vs Tigres;1636768959;spread;home;0.0;1.935;1.847;4.548;0;7.8;7.59;1
1637090755-moneyline-away--1790082699;2026-09-22T13:11:39.282337+00:00;2026-09-22T13:11:39.282337+00:00;England - EFL Trophy;Salford City vs Sheffield Wednesday;1637090755;moneyline;away;;2.15;2.05;4.651;0;4.79;4.58;1
1637069525-moneyline-away--1790082699;2026-09-22T13:11:39.282337+00:00;2026-09-22T13:11:39.282337+00:00;England - EFL Trophy;Notts County vs Grimsby Town;1637069525;moneyline;away;;2.42;2.39;1.24;0;4.79;4.58;1
1637069525-spread-away--0.0-1790082699;2026-09-22T13:11:39.282337+00:00;2026-09-22T13:11:39.282337+00:00;England - EFL Trophy;Notts County vs Grimsby Town;1637069525;spread;away;-0.0;1.877;1.855;1.172;0;4.79;4.58;1
1637090737-moneyline-home--1790082699;2026-09-22T13:11:39.282337+00:00;2026-09-22T13:11:39.282337+00:00;England - EFL Trophy;Swindon Town vs Newport County;1637090737;moneyline;home;;2.0;1.98;1.0;0;4.79;4.58;1
1637090737-spread-away-0.5-1790082699;2026-09-22T13:11:39.282337+00:00;2026-09-22T13:11:39.282337+00:00;England - EFL Trophy;Swindon Town vs Newport County;1637090737;spread;away;0.5;1.935;1.833;5.271;0;4.79;4.58;1
1637090737-spread-home--0.5-1790082699;2026-09-22T13:11:39.282337+00:00;2026-09-22T13:11:39.282337+00:00;England - EFL Trophy;Swindon Town vs Newport County;1637090737;spread;home;-0.5;1.99;1.781;10.503;0;4.79;4.58;1
1636688797-moneyline-home--1790082915;2026-09-22T13:15:15.776488+00:00;2026-09-22T13:15:15.776488+00:00;Qatar - Stars Cup;Muaither vs Al Khor;1636688797;moneyline;home;;1.943;1.84;5.301;0;3.99;3.78;1
1636688797-spread-home--0.5-1790082915;2026-09-22T13:15:15.776488+00:00;2026-09-22T13:15:15.776488+00:00;Qatar - Stars Cup;Muaither vs Al Khor;1636688797;spread;home;-0.5;1.952;1.847;5.379;0;3.99;3.78;1
1637190757-moneyline-home--1790083135;2026-09-22T13:18:55.147602+00:00;2026-09-22T13:18:55.147602+00:00;England - FA Cup Qualification;Chippenham Town vs Yate Town;1637190757;moneyline;home;;2.23;2.13;4.484;0;5.42;5.21;1
1637190757-moneyline-draw--1790083135;2026-09-22T13:18:55.147602+00:00;2026-09-22T13:18:55.147602+00:00;England - FA Cup Qualification;Chippenham Town vs Yate Town;1637190757;moneyline;draw;;3.66;3.48;4.918;0;5.42;5.21;1
1636836443-moneyline-away--1790083135;2026-09-22T13:18:55.147602+00:00;2026-09-22T13:18:55.147602+00:00;Netherlands - Cup;ACV Assen vs Hoogeveen;1636836443;moneyline;away;;7.83;7.07;9.706;0;4.67;4.46;1
1636836443-moneyline-draw--1790083135;2026-09-22T13:18:55.147602+00:00;2026-09-22T13:18:55.147602+00:00;Netherlands - Cup;ACV Assen vs Hoogeveen;1636836443;moneyline;draw;;5.96;5.49;7.886;0;4.67;4.46;1
1636713985-moneyline-draw--1790083135;2026-09-22T13:18:55.147602+00:00;2026-09-22T13:18:55.147602+00:00;Scotland - Challenge Cup;Dumbarton vs Kilmarnock B;1636713985;moneyline;draw;;4.44;4.39;1.126;0;5.42;5.21;1
1636713985-total-under-3.5-1790083135;2026-09-22T13:18:55.147602+00:00;2026-09-22T13:18:55.147602+00:00;Scotland - Challenge Cup;Dumbarton vs Kilmarnock B;1636713985;total;under;3.5;1.952;1.893;3.023;0;5.42;5.21;1
1637064588-moneyline-home--1790083350;2026-09-22T13:22:30.376812+00:00;2026-09-22T13:22:30.376812+00:00;Uzbekistan - Pro League;TerDU vs Gazalkent FK;1637064588;moneyline;home;;9.73;9.46;2.775;0;0.62;0.41;1
1637064588-moneyline-away--1790083350;2026-09-22T13:22:30.376812+00:00;2026-09-22T13:22:30.376812+00:00;Uzbekistan - Pro League;TerDU vs Gazalkent FK;1637064588;moneyline;away;;1.175;1.149;2.213;0;0.62;0.41;1
1636866930-moneyline-home--1790083350;2026-09-22T13:22:30.376812+00:00;2026-09-22T13:22:30.376812+00:00;UAE - President's Cup;Al Hamriyah vs Al-Dhaid;1636866930;moneyline;home;;2.28;1.877;17.675;0;1.28;1.07;1
1637131525-moneyline-home--1790083350;2026-09-22T13:22:30.376812+00:00;2026-09-22T13:22:30.376812+00:00;England - FA Cup Qualification;Gainsborough Trinity vs Leamington;1637131525;moneyline;home;;2.28;2.0;12.281;0;5.36;5.15;1
1637157137-moneyline-away--1790083350;2026-09-22T13:22:30.376812+00:00;2026-09-22T13:22:30.376812+00:00;England - EFL Trophy;Accrington Stanley vs Sunderland U21;1637157137;moneyline;away;;3.44;3.03;11.919;0;4.61;4.4;1
1637157137-moneyline-draw--1790083350;2026-09-22T13:22:30.376812+00:00;2026-09-22T13:22:30.376812+00:00;England - EFL Trophy;Accrington Stanley vs Sunderland U21;1637157137;moneyline;draw;;3.99;3.82;4.261;0;4.61;4.4;1
1637067851-moneyline-away--1790083350;2026-09-22T13:22:30.376812+00:00;2026-09-22T13:22:30.376812+00:00;England - EFL Trophy;Wigan Athletic vs Blackpool;1637067851;moneyline;away;;2.14;2.07;3.271;0;4.61;4.4;1
1637067772-moneyline-home--1790083350;2026-09-22T13:22:30.376812+00:00;2026-09-22T13:22:30.376812+00:00;England - EFL Trophy;Chesterfield vs Port Vale;1637067772;moneyline;home;;2.18;2.11;3.211;0;4.61;4.4;1
1636937809-spread-away-1.5-1790083350;2026-09-22T13:22:30.376812+00:00;2026-09-22T13:22:30.376812+00:00;England - EFL Trophy;MK Dons vs Crawley Town;1636937809;spread;away;1.5;1.935;1.909;1.344;0;4.61;4.4;1
1636768959-spread-home-0.0-1790083571;2026-09-22T13:26:11.459758+00:00;2026-09-22T13:26:11.459758+00:00;Colombia - Primera B;Atletico Cali vs Tigres;1636768959;spread;home;0.0;1.935;1.847;4.548;0;7.56;7.35;1
1637090737-spread-away-0.5-1790083571;2026-09-22T13:26:11.459758+00:00;2026-09-22T13:26:11.459758+00:00;England - EFL Trophy;Swindon Town vs Newport County;1637090737;spread;away;0.5;1.935;1.833;5.271;0;4.55;4.34;1
1637090737-spread-home--0.5-1790083571;2026-09-22T13:26:11.459758+00:00;2026-09-22T13:26:11.459758+00:00;England - EFL Trophy;Swindon Town vs Newport County;1637090737;spread;home;-0.5;1.99;1.781;10.503;0;4.55;4.34;1
1636866931-moneyline-home--1790083786;2026-09-22T13:29:46.270233+00:00;2026-09-22T13:29:46.270233+00:00;UAE - President's Cup;Al-Urooba vs Dubai City;1636866931;moneyline;home;;1.498;1.413;5.674;0;1.17;0.96;1
1636768960-moneyline-draw--1790083786;2026-09-22T13:29:46.270233+00:00;2026-09-22T13:29:46.270233+00:00;Colombia - Primera B;Real Santander vs Orsomarso;1636768960;moneyline;draw;;3.11;3.07;1.286;0;7.49;7.28;1
1637165544-moneyline-draw--1790084006;2026-09-22T13:33:26.840007+00:00;2026-09-22T13:33:26.840007+00:00;Bolivia - Cup;Nacional Potosi vs Real Potosi;1637165544;moneyline;draw;;3.45;3.26;5.507;0;9.44;9.23;1
1636836509-moneyline-home--1790084006;2026-09-22T13:33:26.840007+00:00;2026-09-22T13:33:26.840007+00:00;Netherlands - Cup;Eemdijk vs RBC;1636836509;moneyline;home;;2.69;2.55;5.204;0;4.43;4.23;1
1636928751-moneyline-away--1790084006;2026-09-22T13:33:26.840007+00:00;2026-09-22T13:33:26.840007+00:00;England - Isthmian Division 1 South Central;Winchester City vs Bognor Regis Town;1636928751;moneyline;away;;2.87;2.75;4.181;0;5.18;4.97;1
1636689402-total-under-3.5-1790084006;2026-09-22T13:33:26.840007+00:00;2026-09-22T13:33:26.840007+00:00;Scotland - Challenge Cup;Kelty Hearts vs Hearts II;1636689402;total;under;3.5;1.847;1.813;1.841;0;5.18;4.97;1
1636866930-spread-away-0.5-1790084229;2026-09-22T13:37:09.151571+00:00;2026-09-22T13:37:09.151571+00:00;UAE - President's Cup;Al Hamriyah vs Al-Dhaid;1636866930;spread;away;0.5;1.87;1.847;1.23;0;1.04;0.83;1
1637175360-moneyline-away--1790084229;2026-09-22T13:37:09.151571+00:00;2026-09-22T13:37:09.151571+00:00;Brazil - Serie B;Criciuma vs Operario Ferroviario;1637175360;moneyline;away;;4.3;4.2;2.326;0;8.87;8.66;1
1636689391-moneyline-draw--1790084229;2026-09-22T13:37:09.151571+00:00;2026-09-22T13:37:09.151571+00:00;England - Southern Premier League Central;Stratford Town vs Bromsgrove Sporting;1636689391;moneyline;draw;;3.94;3.67;6.853;0;5.12;4.91;1
1636689391-spread-away--0.5-1790084229;2026-09-22T13:37:09.151571+00:00;2026-09-22T13:37:09.151571+00:00;England - Southern Premier League Central;Stratford Town vs Bromsgrove Sporting;1636689391;spread;away;-0.5;1.99;1.8;9.548;0;5.12;4.91;1
1636937809-spread-away-1.5-1790084229;2026-09-22T13:37:09.151571+00:00;2026-09-22T13:37:09.151571+00:00;England - EFL Trophy;MK Dons vs Crawley Town;1636937809;spread;away;1.5;1.935;1.909;1.344;0;4.37;4.16;1
1637076076-moneyline-home--1790084229;2026-09-22T13:37:09.151571+00:00;2026-09-22T13:37:09.151571+00:00;England - EFL Trophy;Peterborough United vs Colchester United;1637076076;moneyline;home;;1.787;1.763;1.343;0;4.37;4.16;1
1637067851-moneyline-home--1790084229;2026-09-22T13:37:09.151571+00:00;2026-09-22T13:37:09.151571+00:00;England - EFL Trophy;Wigan Athletic vs Blackpool;1637067851;moneyline;home;;2.96;2.91;1.689;0;4.37;4.16;1
1637157137-moneyline-home--1790084229;2026-09-22T13:37:09.151571+00:00;2026-09-22T13:37:09.151571+00:00;England - EFL Trophy;Accrington Stanley vs Sunderland U21;1637157137;moneyline;home;;2.06;1.943;5.68;0;4.37;4.16;1
1637157137-spread-away-0.5-1790084229;2026-09-22T13:37:09.151571+00:00;2026-09-22T13:37:09.151571+00:00;England - EFL Trophy;Accrington Stanley vs Sunderland U21;1637157137;spread;away;0.5;1.952;1.87;4.201;0;4.37;4.16;1
1637067772-moneyline-draw--1790084229;2026-09-22T13:37:09.151571+00:00;2026-09-22T13:37:09.151571+00:00;England - EFL Trophy;Chesterfield vs Port Vale;1637067772;moneyline;draw;;3.81;3.72;2.362;0;4.37;4.16;1
1636768959-spread-home-0.0-1790084449;2026-09-22T13:40:49.802240+00:00;2026-09-22T13:40:49.802240+00:00;Colombia - Primera B;Atletico Cali vs Tigres;1636768959;spread;home;0.0;1.935;1.847;4.548;0;7.31;7.1;1
1637090737-spread-away-0.5-1790084449;2026-09-22T13:40:49.802240+00:00;2026-09-22T13:40:49.802240+00:00;England - EFL Trophy;Swindon Town vs Newport County;1637090737;spread;away;0.5;1.935;1.833;5.271;0;4.31;4.1;1
1637090737-spread-home--0.5-1790084449;2026-09-22T13:40:49.802240+00:00;2026-09-22T13:40:49.802240+00:00;England - EFL Trophy;Swindon Town vs Newport County;1637090737;spread;home;-0.5;1.99;1.781;10.503;0;4.31;4.1;1
1637067771-moneyline-away--1790084449;2026-09-22T13:40:49.802240+00:00;2026-09-22T13:40:49.802240+00:00;England - EFL Trophy;Gillingham vs Cambridge United;1637067771;moneyline;away;;2.45;2.29;6.531;0;4.31;4.1;1
1634922628-moneyline-away--1790084663;2026-09-22T13:44:23.924312+00:00;2026-09-22T13:44:23.924312+00:00;Algeria - Ligue 1;US Biskra vs JS Saoura;1634922628;moneyline;away;;3.74;3.64;2.674;0;3.26;3.05;1
1636688825-moneyline-away--1790084663;2026-09-22T13:44:23.924312+00:00;2026-09-22T13:44:23.924312+00:00;England - Isthmian Division 1 North;Hashtag United vs Walthamstow;1636688825;moneyline;away;;8.22;7.92;3.65;0;5.01;4.8;1
1636688825-moneyline-draw--1790084663;2026-09-22T13:44:23.924312+00:00;2026-09-22T13:44:23.924312+00:00;England - Isthmian Division 1 North;Hashtag United vs Walthamstow;1636688825;moneyline;draw;;6.22;6.08;2.251;0;5.01;4.8;1
1636688825-spread-away-2.0-1790084663;2026-09-22T13:44:23.924312+00:00;2026-09-22T13:44:23.924312+00:00;England - Isthmian Division 1 North;Hashtag United vs Walthamstow;1636688825;spread;away;2.0;1.794;1.746;2.676;0;5.01;4.8;1
1636688825-total-under-3.5-1790084663;2026-09-22T13:44:23.924312+00:00;2026-09-22T13:44:23.924312+00:00;England - Isthmian Division 1 North;Hashtag United vs Walthamstow;1636688825;total;under;3.5;1.806;1.787;1.052;0;5.01;4.8;1
1636866931-moneyline-away--1790084663;2026-09-22T13:44:23.924312+00:00;2026-09-22T13:44:23.924312+00:00;UAE - President's Cup;Al-Urooba vs Dubai City;1636866931;moneyline;away;;6.56;6.25;4.726;0;0.91;0.7;1
1636866931-moneyline-draw--1790084663;2026-09-22T13:44:23.924312+00:00;2026-09-22T13:44:23.924312+00:00;UAE - President's Cup;Al-Urooba vs Dubai City;1636866931;moneyline;draw;;4.6;4.49;2.391;0;0.91;0.7;1
1636713985-moneyline-away--1790084880;2026-09-22T13:48:00.325593+00:00;2026-09-22T13:48:00.325593+00:00;Scotland - Challenge Cup;Dumbarton vs Kilmarnock B;1636713985;moneyline;away;;4.31;4.1;4.872;0;4.95;4.74;1
1636713985-spread-away-1.0-1790084880;2026-09-22T13:48:00.325593+00:00;2026-09-22T13:48:00.325593+00:00;Scotland - Challenge Cup;Dumbarton vs Kilmarnock B;1636713985;spread;away;1.0;1.893;1.84;2.8;0;4.95;4.74;1
1636836439-moneyline-home--1790084880;2026-09-22T13:48:00.325593+00:00;2026-09-22T13:48:00.325593+00:00;Scotland - Challenge Cup;Gala Fairydean Rovers vs Spartans;1636836439;moneyline;home;;9.0;6.43;28.556;0;4.95;4.74;1
1636836439-moneyline-draw--1790084880;2026-09-22T13:48:00.325593+00:00;2026-09-22T13:48:00.325593+00:00;Scotland - Challenge Cup;Gala Fairydean Rovers vs Spartans;1636836439;moneyline;draw;;6.62;5.3;19.94;0;4.95;4.74;1
1637165542-moneyline-away--1790084880;2026-09-22T13:48:00.325593+00:00;2026-09-22T13:48:00.325593+00:00;England - Northern League Division 1;Stafford Rangers vs Wythenshawe Town;1637165542;moneyline;away;;3.31;2.96;10.574;0;4.94;4.73;1
1637165542-moneyline-draw--1790084880;2026-09-22T13:48:00.325593+00:00;2026-09-22T13:48:00.325593+00:00;England - Northern League Division 1;Stafford Rangers vs Wythenshawe Town;1637165542;moneyline;draw;;3.63;3.41;6.061;0;4.94;4.73;1
1637165542-spread-away-0.5-1790084880;2026-09-22T13:48:00.325593+00:00;2026-09-22T13:48:00.325593+00:00;England - Northern League Division 1;Stafford Rangers vs Wythenshawe Town;1637165542;spread;away;0.5;1.917;1.735;9.494;0;4.94;4.73;1
1636937809-spread-away-1.5-1790085100;2026-09-22T13:51:40.585827+00:00;2026-09-22T13:51:40.585827+00:00;England - EFL Trophy;MK Dons vs Crawley Town;1636937809;spread;away;1.5;1.935;1.909;1.344;0;4.14;3.93;1
1637064588-moneyline-draw--1790085100;2026-09-22T13:51:40.585827+00:00;2026-09-22T13:51:40.585827+00:00;Uzbekistan - Pro League;TerDU vs Gazalkent FK;1637064588;moneyline;draw;;6.45;6.38;1.085;0;0.13;0;1
1636688817-moneyline-home--1790085100;2026-09-22T13:51:40.585827+00:00;2026-09-22T13:51:40.585827+00:00;England - Southern Premier League South;Berkhamsted vs Hanworth Villa;1636688817;moneyline;home;;2.71;2.58;4.797;0;4.88;4.67;1
1636688817-spread-home-0.0-1790085100;2026-09-22T13:51:40.585827+00:00;2026-09-22T13:51:40.585827+00:00;England - Southern Premier League South;Berkhamsted vs Hanworth Villa;1636688817;spread;home;0.0;2.01;1.909;5.025;0;4.88;4.67;1
1637131525-moneyline-home--1790085100;2026-09-22T13:51:40.585827+00:00;2026-09-22T13:51:40.585827+00:00;England - FA Cup Qualification;Gainsborough Trinity vs Leamington;1637131525;moneyline;home;;2.0;1.87;6.5;0;4.88;4.66;1
1637131525-spread-away-0.5-1790085100;2026-09-22T13:51:40.585827+00:00;2026-09-22T13:51:40.585827+00:00;England - FA Cup Qualification;Gainsborough Trinity vs Leamington;1637131525;spread;away;0.5;1.909;1.826;4.348;0;4.88;4.66;1
1636866930-moneyline-home--1790085100;2026-09-22T13:51:40.585827+00:00;2026-09-22T13:51:40.585827+00:00;UAE - President's Cup;Al Hamriyah vs Al-Dhaid;1636866930;moneyline;home;;1.901;1.629;14.308;0;0.79;0.58;1
1637067771-moneyline-away--1790085320;2026-09-22T13:55:20.439553+00:00;2026-09-22T13:55:20.439553+00:00;England - EFL Trophy;Gillingham vs Cambridge United;1637067771;moneyline;away;;2.29;2.24;2.183;0;4.07;3.87;1
1637069525-moneyline-away--1790085320;2026-09-22T13:55:20.439553+00:00;2026-09-22T13:55:20.439553+00:00;England - EFL Trophy;Notts County vs Grimsby Town;1637069525;moneyline;away;;2.37;2.34;1.266;0;4.07;3.87;1
1637069525-spread-away--0.0-1790085320;2026-09-22T13:55:20.439553+00:00;2026-09-22T13:55:20.439553+00:00;England - EFL Trophy;Notts County vs Grimsby Town;1637069525;spread;away;-0.0;1.84;1.82;1.087;0;4.07;3.87;1
1637090737-spread-away-0.5-1790085320;2026-09-22T13:55:20.439553+00:00;2026-09-22T13:55:20.439553+00:00;England - EFL Trophy;Swindon Town vs Newport County;1637090737;spread;away;0.5;1.935;1.833;5.271;0;4.07;3.87;1
1637090737-spread-home--0.5-1790085320;2026-09-22T13:55:20.439553+00:00;2026-09-22T13:55:20.439553+00:00;England - EFL Trophy;Swindon Town vs Newport County;1637090737;spread;home;-0.5;1.99;1.781;10.503;0;4.07;3.87;1
1637076076-moneyline-home--1790085320;2026-09-22T13:55:20.439553+00:00;2026-09-22T13:55:20.439553+00:00;England - EFL Trophy;Peterborough United vs Colchester United;1637076076;moneyline;home;;1.763;1.73;1.872;0;4.07;3.87;1
1636768959-spread-home-0.0-1790085320;2026-09-22T13:55:20.439553+00:00;2026-09-22T13:55:20.439553+00:00;Colombia - Primera B;Atletico Cali vs Tigres;1636768959;spread;home;0.0;1.935;1.847;4.548;0;7.06;6.85;1
1637136173-moneyline-home--1790085320;2026-09-22T13:55:20.439553+00:00;2026-09-22T13:55:20.439553+00:00;England - FA Cup Qualification;Dagenham and Redbridge vs Waltham Abbey;1637136173;moneyline;home;;1.446;1.431;1.037;0;4.81;4.6;1
1637064577-spread-home--2.0-1790085538;2026-09-22T13:58:58.754086+00:00;2026-09-22T13:58:58.754086+00:00;England - EFL Trophy;Luton Town vs Ipswich Town U21;1637064577;spread;home;-2.0;1.84;1.806;1.848;0;4.02;3.81;1
1634922628-moneyline-away--1790085538;2026-09-22T13:58:58.754086+00:00;2026-09-22T13:58:58.754086+00:00;Algeria - Ligue 1;US Biskra vs JS Saoura;1634922628;moneyline;away;;3.64;3.54;2.747;0;3.01;2.8;1
1636688832-moneyline-home--1790085538;2026-09-22T13:58:58.754086+00:00;2026-09-22T13:58:58.754086+00:00;England - Isthmian Division 1 South East;Faversham Town vs Whitstable Town;1636688832;moneyline;home;;1.704;1.629;4.401;0;4.75;4.54;1
1636688743-moneyline-draw--1790085759;2026-09-22T14:02:39.303467+00:00;2026-09-22T14:02:39.303467+00:00;Romania - Liga 2;Dumbravita vs Resita;1636688743;moneyline;draw;;4.28;3.64;14.953;0;0.45;0.25;1
1636688743-spread-home-1.0-1790085759;2026-09-22T14:02:39.303467+00:00;2026-09-22T14:02:39.303467+00:00;Romania - Liga 2;Dumbravita vs Resita;1636688743;spread;home;1.0;1.926;1.847;4.102;0;0.45;0.25;1
1636836443-moneyline-away--1790085759;2026-09-22T14:02:39.303467+00:00;2026-09-22T14:02:39.303467+00:00;Netherlands - Cup;ACV Assen vs Hoogeveen;1636836443;moneyline;away;;7.07;6.17;12.73;0;3.95;3.74;1
1636836443-moneyline-draw--1790085759;2026-09-22T14:02:39.303467+00:00;2026-09-22T14:02:39.303467+00:00;Netherlands - Cup;ACV Assen vs Hoogeveen;1636836443;moneyline;draw;;5.49;5.11;6.922;0;3.95;3.74;1
1636928751-moneyline-away--1790085759;2026-09-22T14:02:39.303467+00:00;2026-09-22T14:02:39.303467+00:00;England - Isthmian Division 1 South Central;Winchester City vs Bognor Regis Town;1636928751;moneyline;away;;2.75;2.54;7.636;0;4.7;4.49;1
1636928751-moneyline-draw--1790085759;2026-09-22T14:02:39.303467+00:00;2026-09-22T14:02:39.303467+00:00;England - Isthmian Division 1 South Central;Winchester City vs Bognor Regis Town;1636928751;moneyline;draw;;3.5;3.46;1.143;0;4.7;4.49;1
1637165542-moneyline-home--1790085759;2026-09-22T14:02:39.303467+00:00;2026-09-22T14:02:39.303467+00:00;England - Northern League Division 1;Stafford Rangers vs Wythenshawe Town;1637165542;moneyline;home;;1.917;1.885;1.669;0;4.7;4.49;1
1637165542-spread-home--0.5-1790085759;2026-09-22T14:02:39.303467+00:00;2026-09-22T14:02:39.303467+00:00;England - Northern League Division 1;Stafford Rangers vs Wythenshawe Town;1637165542;spread;home;-0.5;1.926;1.893;1.713;0;4.7;4.49;1
1636688829-moneyline-home--1790085759;2026-09-22T14:02:39.303467+00:00;2026-09-22T14:02:39.303467+00:00;England - Isthmian Division 1 South East;South Park vs Cray Valley Paper Mills;1636688829;moneyline;home;;2.14;2.0;6.542;0;4.69;4.49;1
1636937809-spread-away-1.5-1790085977;2026-09-22T14:06:17.149639+00:00;2026-09-22T14:06:17.149639+00:00;England - EFL Trophy;MK Dons vs Crawley Town;1636937809;spread;away;1.5;1.935;1.909;1.344;0;3.89;3.69;1
1636867970-spread-home--1.0-1790085977;2026-09-22T14:06:17.149639+00:00;2026-09-22T14:06:17.149639+00:00;UAE - President's Cup;Dibba Al Fujairah vs Al-Ittifaq;1636867970;spread;home;-1.0;1.99;1.962;1.407;0;0.56;0.35;1
1637086544-moneyline-away--1790086194;2026-09-22T14:09:54.398593+00:00;2026-09-22T14:09:54.398593+00:00;England - EFL Trophy;Rochdale vs Liverpool U21;1637086544;moneyline;away;;3.19;2.92;8.464;0;3.83;3.62;1
1637086544-moneyline-draw--1790086194;2026-09-22T14:09:54.398593+00:00;2026-09-22T14:09:54.398593+00:00;England - EFL Trophy;Rochdale vs Liverpool U21;1637086544;moneyline;draw;;3.72;3.66;1.613;0;3.83;3.62;1
1637090737-spread-away-0.5-1790086194;2026-09-22T14:09:54.398593+00:00;2026-09-22T14:09:54.398593+00:00;England - EFL Trophy;Swindon Town vs Newport County;1637090737;spread;away;0.5;1.935;1.833;5.271;0;3.83;3.62;1
1637090737-spread-home--0.5-1790086194;2026-09-22T14:09:54.398593+00:00;2026-09-22T14:09:54.398593+00:00;England - EFL Trophy;Swindon Town vs Newport County;1637090737;spread;home;-0.5;1.99;1.781;10.503;0;3.83;3.62;1
1637067851-moneyline-home--1790086194;2026-09-22T14:09:54.398593+00:00;2026-09-22T14:09:54.398593+00:00;England - EFL Trophy;Wigan Athletic vs Blackpool;1637067851;moneyline;home;;2.92;2.89;1.027;0;3.83;3.62;1
1637076076-moneyline-away--1790086194;2026-09-22T14:09:54.398593+00:00;2026-09-22T14:09:54.398593+00:00;England - EFL Trophy;Peterborough United vs Colchester United;1637076076;moneyline;away;;3.84;3.78;1.563;0;3.83;3.62;1
1637069525-moneyline-draw--1790086194;2026-09-22T14:09:54.398593+00:00;2026-09-22T14:09:54.398593+00:00;England - EFL Trophy;Notts County vs Grimsby Town;1637069525;moneyline;draw;;3.61;3.5;3.047;0;3.83;3.62;1
1636866930-moneyline-home--1790086194;2026-09-22T14:09:54.398593+00:00;2026-09-22T14:09:54.398593+00:00;UAE - President's Cup;Al Hamriyah vs Al-Dhaid;1636866930;moneyline;home;;1.629;1.61;1.166;0;0.5;0.29;1
1636768959-spread-home-0.0-1790086194;2026-09-22T14:09:54.398593+00:00;2026-09-22T14:09:54.398593+00:00;Colombia - Primera B;Atletico Cali vs Tigres;1636768959;spread;home;0.0;1.935;1.847;4.548;0;6.83;6.62;1
1636937809-spread-home--1.5-1790086194;2026-09-22T14:09:54.398593+00:00;2026-09-22T14:13:31.927001+00:00;England - EFL Trophy;MK Dons vs Crawley Town;1636937809;spread;home;-1.5;1.826;1.8;1.424;3.63;3.83;3.63;2
1637067771-moneyline-away--1790086411;2026-09-22T14:13:31.927001+00:00;2026-09-22T14:13:31.927001+00:00;England - EFL Trophy;Gillingham vs Cambridge United;1637067771;moneyline;away;;2.24;2.15;4.018;0;3.77;3.56;1
1636866931-moneyline-home--1790086411;2026-09-22T14:13:31.927001+00:00;2026-09-22T14:13:31.927001+00:00;UAE - President's Cup;Al-Urooba vs Dubai City;1636866931;moneyline;home;;1.439;1.407;2.224;0;0.43;0.22;1
1636836443-moneyline-home--1790086626;2026-09-22T14:17:06.912013+00:00;2026-09-22T14:17:06.912013+00:00;Netherlands - Cup;ACV Assen vs Hoogeveen;1636836443;moneyline;home;;1.3;1.284;1.231;0;3.71;3.5;1
1636836442-moneyline-home--1790086626;2026-09-22T14:17:06.912013+00:00;2026-09-22T14:17:06.912013+00:00;Netherlands - Cup;Staphorst vs Genemuiden;1636836442;moneyline;home;;3.05;2.78;8.852;0;3.71;3.5;1
1636836442-spread-home-0.5-1790086626;2026-09-22T14:17:06.912013+00:00;2026-09-22T14:17:06.912013+00:00;Netherlands - Cup;Staphorst vs Genemuiden;1636836442;spread;home;0.5;1.84;1.763;4.185;0;3.71;3.5;1
1636688797-moneyline-away--1790086626;2026-09-22T14:17:06.912013+00:00;2026-09-22T14:17:06.912013+00:00;Qatar - Stars Cup;Muaither vs Al Khor;1636688797;moneyline;away;;3.37;3.26;3.264;0;2.96;2.75;1
1636688797-spread-away-0.5-1790086626;2026-09-22T14:17:06.912013+00:00;2026-09-22T14:17:06.912013+00:00;Qatar - Stars Cup;Muaither vs Al Khor;1636688797;spread;away;0.5;1.901;1.855;2.42;0;2.96;2.75;1
1636918785-moneyline-away--1790086626;2026-09-22T14:17:06.912013+00:00;2026-09-22T14:17:06.912013+00:00;England - Northern League Division 1;Garforth Town vs Lincoln United;1636918785;moneyline;away;;3.44;3.36;2.326;0;4.46;4.25;1
1636918785-spread-away-0.5-1790086626;2026-09-22T14:17:06.912013+00:00;2026-09-22T14:17:06.912013+00:00;England - Northern League Division 1;Garforth Town vs Lincoln United;1636918785;spread;away;0.5;1.971;1.935;1.826;0;4.46;4.25;1
1636920013-moneyline-home--1790086626;2026-09-22T14:17:06.912013+00:00;2026-09-22T14:17:06.912013+00:00;England - Northern League Division 1;West Auckland Town vs Heaton Stannington;1636920013;moneyline;home;;2.41;2.38;1.245;0;4.46;4.25;1
1636920013-moneyline-away--1790086626;2026-09-22T14:17:06.912013+00:00;2026-09-22T14:17:06.912013+00:00;England - Northern League Division 1;West Auckland Town vs Heaton Stannington;1636920013;moneyline;away;;2.26;2.23;1.327;0;4.46;4.25;1
1637165544-moneyline-draw--1790086626;2026-09-22T14:17:06.912013+00:00;2026-09-22T14:17:06.912013+00:00;Bolivia - Cup;Nacional Potosi vs Real Potosi;1637165544;moneyline;draw;;3.26;3.2;1.84;0;8.71;8.5;1
1636688817-moneyline-away--1790086849;2026-09-22T14:20:49.171748+00:00;2026-09-22T14:20:49.171748+00:00;England - Southern Premier League South;Berkhamsted vs Hanworth Villa;1636688817;moneyline;away;;2.5;2.46;1.6;0;4.39;4.18;1
1636688817-spread-away--0.0-1790086849;2026-09-22T14:20:49.171748+00:00;2026-09-22T14:20:49.171748+00:00;England - Southern Premier League South;Berkhamsted vs Hanworth Villa;1636688817;spread;away;-0.0;1.847;1.82;1.462;0;4.39;4.18;1
1636688821-moneyline-home--1790086849;2026-09-22T14:20:49.171748+00:00;2026-09-22T14:20:49.171748+00:00;England - Southern Premier League Central;Worcester City vs Banbury United;1636688821;moneyline;home;;2.37;2.24;5.485;0;4.39;4.18;1
1636768959-spread-home-0.0-1790087069;2026-09-22T14:24:29.236690+00:00;2026-09-22T14:24:29.236690+00:00;Colombia - Primera B;Atletico Cali vs Tigres;1636768959;spread;home;0.0;1.935;1.847;4.548;0;6.59;6.38;1
1637157137-moneyline-home--1790087069;2026-09-22T14:24:29.236690+00:00;2026-09-22T14:24:29.236690+00:00;England - EFL Trophy;Accrington Stanley vs Sunderland U21;1637157137;moneyline;home;;1.943;1.769;8.955;0;3.59;3.38;1
1637067772-moneyline-home--1790087069;2026-09-22T14:24:29.236690+00:00;2026-09-22T14:24:29.236690+00:00;England - EFL Trophy;Chesterfield vs Port Vale;1637067772;moneyline;home;;2.14;2.02;5.607;0;3.59;3.38;1
1637067772-spread-away-0.5-1790087069;2026-09-22T14:24:29.236690+00:00;2026-09-22T14:24:29.236690+00:00;England - EFL Trophy;Chesterfield vs Port Vale;1637067772;spread;away;0.5;1.909;1.8;5.71;0;3.59;3.38;1
1637067772-spread-home--0.5-1790087069;2026-09-22T14:24:29.236690+00:00;2026-09-22T14:24:29.236690+00:00;England - EFL Trophy;Chesterfield vs Port Vale;1637067772;spread;home;-0.5;2.03;1.806;11.034;0;3.59;3.38;1
1636688789-moneyline-away--1790087069;2026-09-22T14:24:29.236690+00:00;2026-09-22T14:24:29.236690+00:00;Romania - Liga 2;ASA Targu Mures vs CS Dinamo Bucharest;1636688789;moneyline;away;;14.78;12.82;13.261;0;2.59;2.38;1
1636688789-moneyline-draw--1790087069;2026-09-22T14:24:29.236690+00:00;2026-09-22T14:24:29.236690+00:00;Romania - Liga 2;ASA Targu Mures vs CS Dinamo Bucharest;1636688789;moneyline;draw;;7.93;7.13;10.088;0;2.59;2.38;1
1636688789-total-under-3.5-1790087069;2026-09-22T14:24:29.236690+00:00;2026-09-22T14:24:29.236690+00:00;Romania - Liga 2;ASA Targu Mures vs CS Dinamo Bucharest;1636688789;total;under;3.5;1.971;1.877;4.769;0;2.59;2.38;1
1636866930-moneyline-home--1790087069;2026-09-22T14:24:29.236690+00:00;2026-09-22T14:24:29.236690+00:00;UAE - President's Cup;Al Hamriyah vs Al-Dhaid;1636866930;moneyline;home;;1.61;1.585;1.553;0;0.25;0.04;1
1636768957-moneyline-home--1790087286;2026-09-22T14:28:06.208550+00:00;2026-09-22T14:28:06.208550+00:00;Colombia - Primera B;Independiente Yumbo vs Internacional de Palmira;1636768957;moneyline;home;;2.75;2.72;1.091;0;6.53;6.32;1
1636768957-spread-home-0.0-1790087286;2026-09-22T14:28:06.208550+00:00;2026-09-22T14:28:06.208550+00:00;Colombia - Primera B;Independiente Yumbo vs Internacional de Palmira;1636768957;spread;home;0.0;1.971;1.943;1.421;0;6.53;6.32;1
1636768960-moneyline-away--1790087286;2026-09-22T14:28:06.208550+00:00;2026-09-22T14:28:06.208550+00:00;Colombia - Primera B;Real Santander vs Orsomarso;1636768960;moneyline;away;;3.15;3.09;1.905;0;6.53;6.32;1
1637090737-spread-away-0.5-1790087286;2026-09-22T14:28:06.208550+00:00;2026-09-22T14:28:06.208550+00:00;England - EFL Trophy;Swindon Town vs Newport County;1637090737;spread;away;0.5;1.935;1.833;5.271;0;3.53;3.32;1
1637090737-spread-home--0.5-1790087286;2026-09-22T14:28:06.208550+00:00;2026-09-22T14:28:06.208550+00:00;England - EFL Trophy;Swindon Town vs Newport County;1637090737;spread;home;-0.5;1.99;1.781;10.503;0;3.53;3.32;1
1637086544-moneyline-away--1790087286;2026-09-22T14:28:06.208550+00:00;2026-09-22T14:28:06.208550+00:00;England - EFL Trophy;Rochdale vs Liverpool U21;1637086544;moneyline;away;;2.92;2.79;4.452;0;3.53;3.32;1
1637067771-moneyline-away--1790087286;2026-09-22T14:28:06.208550+00:00;2026-09-22T14:28:06.208550+00:00;England - EFL Trophy;Gillingham vs Cambridge United;1637067771;moneyline;away;;2.15;2.06;4.186;0;3.53;3.32;1
1636937809-spread-home--1.5-1790087286;2026-09-22T14:28:06.208550+00:00;2026-09-22T14:28:06.208550+00:00;England - EFL Trophy;MK Dons vs Crawley Town;1636937809;spread;home;-1.5;1.826;1.8;1.424;0;3.53;3.32;1
1636137124-spread-home--1.5-1790087286;2026-09-22T14:28:06.208550+00:00;2026-09-22T14:28:06.208550+00:00;Colombia - Primera A;Independiente Medellin vs Jaguares de Cordoba;1636137124;spread;home;-1.5;1.917;1.893;1.252;0;8.53;8.32;1
1636768959-spread-away--0.0-1790087069;2026-09-22T14:24:29.236690+00:00;2026-09-22T14:31:44.673033+00:00;Colombia - Primera B;Atletico Cali vs Tigres;1636768959;spread;away;-0.0;1.885;1.847;2.016;7.26;6.59;6.38;2
1636768959-moneyline-away--1790087504;2026-09-22T14:31:44.673033+00:00;2026-09-22T14:31:44.673033+00:00;Colombia - Primera B;Atletico Cali vs Tigres;1636768959;moneyline;away;;2.7;2.66;1.481;0;6.47;6.26;1
1636928751-moneyline-away--1790087504;2026-09-22T14:31:44.673033+00:00;2026-09-22T14:31:44.673033+00:00;England - Isthmian Division 1 South Central;Winchester City vs Bognor Regis Town;1636928751;moneyline;away;;2.54;2.39;5.906;0;4.21;4.01;1
1636928751-spread-away--0.0-1790087504;2026-09-22T14:31:44.673033+00:00;2026-09-22T14:31:44.673033+00:00;England - Isthmian Division 1 South Central;Winchester City vs Bognor Regis Town;1636928751;spread;away;-0.0;1.971;1.862;5.53;0;4.21;4.01;1
1636866931-moneyline-away--1790087504;2026-09-22T14:31:44.673033+00:00;2026-09-22T14:31:44.673033+00:00;UAE - President's Cup;Al-Urooba vs Dubai City;1636866931;moneyline;away;;6.62;6.54;1.208;0;0.13;0;1
1636532745-moneyline-home--1790087722;2026-09-22T14:35:22.650113+00:00;2026-09-22T14:35:22.650113+00:00;Colombia - Primera A;Independiente Santa Fe vs Deportivo Cali;1636532745;moneyline;home;;2.19;2.15;1.826;0;10.41;10.2;1
1634922509-moneyline-away--1790087722;2026-09-22T14:35:22.650113+00:00;2026-09-22T14:35:22.650113+00:00;Algeria - Ligue 1;MC Alger vs MC Oran;1634922509;moneyline;away;;6.35;6.24;1.732;0;4.4;4.19;1
1634922509-moneyline-draw--1790087722;2026-09-22T14:35:22.650113+00:00;2026-09-22T14:35:22.650113+00:00;Algeria - Ligue 1;MC Alger vs MC Oran;1634922509;moneyline;draw;;3.49;3.45;1.146;0;4.4;4.19;1
1636709511-moneyline-away--1790087722;2026-09-22T14:35:22.650113+00:00;2026-09-22T14:35:22.650113+00:00;Chile - Cup;Puerto Montt vs Nublense;1636709511;moneyline;away;;2.15;2.11;1.86;0;6.4;6.19;1
1636713999-total-under-3.5-1790087722;2026-09-22T14:35:22.650113+00:00;2026-09-22T14:35:22.650113+00:00;Dominican Republic - Liga Mayor;Universidad O&M vs Atlantico;1636713999;total;under;3.5;1.84;1.781;3.207;0;5.4;5.19;1
1636768959-spread-home-0.0-1790087940;2026-09-22T14:39:00.717189+00:00;2026-09-22T14:39:00.717189+00:00;Colombia - Primera B;Atletico Cali vs Tigres;1636768959;spread;home;0.0;1.971;1.847;6.291;0;6.35;6.14;1
1637157137-moneyline-away--1790087940;2026-09-22T14:39:00.717189+00:00;2026-09-22T14:39:00.717189+00:00;England - EFL Trophy;Accrington Stanley vs Sunderland U21;1637157137;moneyline;away;;3.74;3.57;4.545;0;3.35;3.14;1
1637157137-moneyline-draw--1790087940;2026-09-22T14:39:00.717189+00:00;2026-09-22T14:39:00.717189+00:00;England - EFL Trophy;Accrington Stanley vs Sunderland U21;1637157137;moneyline;draw;;4.06;3.99;1.724;0;3.35;3.14;1
1637157137-spread-home--0.5-1790087940;2026-09-22T14:39:00.717189+00:00;2026-09-22T14:39:00.717189+00:00;England - EFL Trophy;Accrington Stanley vs Sunderland U21;1637157137;spread;home;-0.5;1.952;1.833;6.096;0;3.35;3.14;1
1637155305-moneyline-away--1790087940;2026-09-22T14:39:00.717189+00:00;2026-09-22T14:39:00.717189+00:00;England - EFL Trophy;Bromley vs Brentford U21;1637155305;moneyline;away;;3.4;3.07;9.706;0;3.85;3.64;1
1637155305-moneyline-draw--1790087940;2026-09-22T14:39:00.717189+00:00;2026-09-22T14:39:00.717189+00:00;England - EFL Trophy;Bromley vs Brentford U21;1637155305;moneyline;draw;;3.61;3.55;1.662;0;3.85;3.64;1
1637067772-moneyline-home--1790087940;2026-09-22T14:39:00.717189+00:00;2026-09-22T14:39:00.717189+00:00;England - EFL Trophy;Chesterfield vs Port Vale;1637067772;moneyline;home;;2.02;1.935;4.208;0;3.35;3.14;1
1637067772-spread-away-0.5-1790087940;2026-09-22T14:39:00.717189+00:00;2026-09-22T14:39:00.717189+00:00;England - EFL Trophy;Chesterfield vs Port Vale;1637067772;spread;away;0.5;1.909;1.877;1.676;0;3.35;3.14;1
1637067772-spread-home--0.5-1790087940;2026-09-22T14:39:00.717189+00:00;2026-09-22T14:39:00.717189+00:00;England - EFL Trophy;Chesterfield vs Port Vale;1637067772;spread;home;-0.5;1.943;1.806;7.051;0;3.35;3.14;1
1636689392-moneyline-away--1790087940;2026-09-22T14:39:00.717189+00:00;2026-09-22T14:39:00.717189+00:00;England - Southern Premier League Central;Anstey Nomads vs Alvechurch;1636689392;moneyline;away;;3.12;2.96;5.128;0;4.09;3.88;1
1636709486-moneyline-home--1790087940;2026-09-22T14:39:00.717189+00:00;2026-09-22T14:39:00.717189+00:00;England - Southern Premier League Central;Leiston vs Peterborough Sports;1636709486;moneyline;home;;2.12;2.07;2.358;0;4.09;3.88;1
1636709487-moneyline-away--1790087940;2026-09-22T14:39:00.717189+00:00;2026-09-22T14:39:00.717189+00:00;England - Southern Premier League Central;Stourbridge vs Real Bedford;1636709487;moneyline;away;;1.617;1.581;2.226;0;4.09;3.88;1
1636689391-moneyline-away--1790087940;2026-09-22T14:39:00.717189+00:00;2026-09-22T14:39:00.717189+00:00;England - Southern Premier League Central;Stratford Town vs Bromsgrove Sporting;1636689391;moneyline;away;;1.787;1.741;2.574;0;4.09;3.88;1
1636709484-moneyline-home--1790087940;2026-09-22T14:39:00.717189+00:00;2026-09-22T14:39:00.717189+00:00;England - Southern Premier League Central;Bury Town vs Hitchin Town;1636709484;moneyline;home;;1.448;1.418;2.072;0;4.09;3.88;1
1636937809-moneyline-home--1790088156;2026-09-22T14:42:36.714823+00:00;2026-09-22T14:42:36.714823+00:00;England - EFL Trophy;MK Dons vs Crawley Town;1636937809;moneyline;home;;1.314;1.273;3.12;0;3.29;3.08;1
1637086544-moneyline-away--1790088156;2026-09-22T14:42:36.714823+00:00;2026-09-22T14:42:36.714823+00:00;England - EFL Trophy;Rochdale vs Liverpool U21;1637086544;moneyline;away;;2.79;2.74;1.792;0;3.29;3.08;1
1637090737-spread-away-0.5-1790088156;2026-09-22T14:42:36.714823+00:00;2026-09-22T14:42:36.714823+00:00;England - EFL Trophy;Swindon Town vs Newport County;1637090737;spread;away;0.5;1.935;1.84;4.91;0;3.29;3.08;1
1637090737-spread-home--0.5-1790088156;2026-09-22T14:42:36.714823+00:00;2026-09-22T14:42:36.714823+00:00;England - EFL Trophy;Swindon Town vs Newport County;1637090737;spread;home;-0.5;1.98;1.781;10.051;0;3.29;3.08;1
1637090755-moneyline-away--1790088156;2026-09-22T14:42:36.714823+00:00;2026-09-22T14:42:36.714823+00:00;England - EFL Trophy;Salford City vs Sheffield Wednesday;1637090755;moneyline;away;;2.05;2.0;2.439;0;3.29;3.08;1
1636906778-moneyline-draw--1790088156;2026-09-22T14:42:36.714823+00:00;2026-09-22T14:42:36.714823+00:00;Scotland - Challenge Cup;Banks O´Dee vs Aberdeen B;1636906778;moneyline;draw;;4.61;4.17;9.544;0;4.04;3.83;1
1636768959-spread-away--0.0-1790088373;2026-09-22T14:46:13.927707+00:00;2026-09-22T14:46:13.927707+00:00;Colombia - Primera B;Atletico Cali vs Tigres;1636768959;spread;away;-0.0;1.877;1.847;1.598;0;6.22;6.01;1
1636928756-moneyline-away--1790088373;2026-09-22T14:46:13.927707+00:00;2026-09-22T14:46:13.927707+00:00;England - Northern League Division 1;Prescot Cables vs Lichfield City;1636928756;moneyline;away;;9.76;7.56;22.541;0;3.97;3.76;1
1636928756-moneyline-draw--1790088373;2026-09-22T14:46:13.927707+00:00;2026-09-22T14:46:13.927707+00:00;England - Northern League Division 1;Prescot Cables vs Lichfield City;1636928756;moneyline;draw;;8.3;7.12;14.217;0;3.97;3.76;1
1637165544-moneyline-away--1790088591;2026-09-22T14:49:51.940188+00:00;2026-09-22T14:49:51.940188+00:00;Bolivia - Cup;Nacional Potosi vs Real Potosi;1637165544;moneyline;away;;2.88;2.67;7.292;0;8.17;7.96;1
1637165544-moneyline-draw--1790088591;2026-09-22T14:49:51.940188+00:00;2026-09-22T14:49:51.940188+00:00;Bolivia - Cup;Nacional Potosi vs Real Potosi;1637165544;moneyline;draw;;3.2;3.11;2.813;0;8.17;7.96;1
1637190757-moneyline-away--1790088591;2026-09-22T14:49:51.940188+00:00;2026-09-22T14:49:51.940188+00:00;England - FA Cup Qualification;Chippenham Town vs Yate Town;1637190757;moneyline;away;;2.67;2.57;3.745;0;3.92;3.71;1
1636836644-moneyline-away--1790088591;2026-09-22T14:49:51.940188+00:00;2026-09-22T14:49:51.940188+00:00;Netherlands - Cup;RKAV Volendam vs Spakenburg;1636836644;moneyline;away;;1.82;1.8;1.099;0;3.16;2.95;1
1636713986-moneyline-away--1790088591;2026-09-22T14:49:51.940188+00:00;2026-09-22T14:49:51.940188+00:00;Scotland - Challenge Cup;East Kilbride vs Celtic II;1636713986;moneyline;away;;8.38;7.18;14.32;0;3.91;3.7;1
1636713986-moneyline-draw--1790088591;2026-09-22T14:49:51.940188+00:00;2026-09-22T14:49:51.940188+00:00;Scotland - Challenge Cup;East Kilbride vs Celtic II;1636713986;moneyline;draw;;6.29;5.77;8.267;0;3.91;3.7;1
1636836617-moneyline-draw--1790088591;2026-09-22T14:49:51.940188+00:00;2026-09-22T14:49:51.940188+00:00;Scotland - Challenge Cup;Bonnyrigg Rose vs Airdrieonians;1636836617;moneyline;draw;;4.09;3.96;3.178;0;3.91;3.7;1
1636836617-spread-home-0.5-1790088591;2026-09-22T14:49:51.940188+00:00;2026-09-22T14:49:51.940188+00:00;Scotland - Challenge Cup;Bonnyrigg Rose vs Airdrieonians;1636836617;spread;home;0.5;1.901;1.87;1.631;0;3.91;3.7;1
1636709549-moneyline-away--1790088591;2026-09-22T14:49:51.940188+00:00;2026-09-22T14:49:51.940188+00:00;Chile - Cup;Audax Italiano vs Colo Colo;1636709549;moneyline;away;;1.833;1.8;1.8;0;8.66;8.45;1
1636709549-spread-away--0.5-1790088591;2026-09-22T14:49:51.940188+00:00;2026-09-22T14:49:51.940188+00:00;Chile - Cup;Audax Italiano vs Colo Colo;1636709549;spread;away;-0.5;1.84;1.806;1.848;0;8.66;8.45;1
1637131525-moneyline-home--1790088809;2026-09-22T14:53:29.149391+00:00;2026-09-22T14:53:29.149391+00:00;England - FA Cup Qualification;Gainsborough Trinity vs Leamington;1637131525;moneyline;home;;1.87;1.769;5.401;0;3.86;3.65;1
1637131525-spread-home--0.5-1790088809;2026-09-22T14:53:29.149391+00:00;2026-09-22T14:53:29.149391+00:00;England - FA Cup Qualification;Gainsborough Trinity vs Leamington;1637131525;spread;home;-0.5;1.877;1.775;5.434;0;3.86;3.65;1
1637131526-moneyline-home--1790088809;2026-09-22T14:53:29.149391+00:00;2026-09-22T14:53:29.149391+00:00;England - FA Cup Qualification;Truro City vs Merthyr Town;1637131526;moneyline;home;;1.667;1.649;1.08;0;3.86;3.65;1
1636688835-moneyline-home--1790088809;2026-09-22T14:53:29.149391+00:00;2026-09-22T14:53:29.149391+00:00;England - Isthmian Premier League;Three Bridges vs Leatherhead;1636688835;moneyline;home;;3.16;2.99;5.38;0;3.85;3.64;1
1636688835-moneyline-draw--1790088809;2026-09-22T14:53:29.149391+00:00;2026-09-22T14:53:29.149391+00:00;England - Isthmian Premier League;Three Bridges vs Leatherhead;1636688835;moneyline;draw;;3.71;3.67;1.078;0;3.85;3.64;1
1636688835-spread-home-0.5-1790088809;2026-09-22T14:53:29.149391+00:00;2026-09-22T14:53:29.149391+00:00;England - Isthmian Premier League;Three Bridges vs Leatherhead;1636688835;spread;home;0.5;1.855;1.787;3.666;0;3.85;3.64;1
1636768959-spread-home-0.0-1790088809;2026-09-22T14:53:29.149391+00:00;2026-09-22T14:53:29.149391+00:00;Colombia - Primera B;Atletico Cali vs Tigres;1636768959;spread;home;0.0;1.971;1.847;6.291;0;6.1;5.89;1
1636688820-moneyline-home--1790088809;2026-09-22T14:53:29.149391+00:00;2026-09-22T14:53:29.149391+00:00;England - Southern Premier League Central;Rushall Olympic vs Kettering Town;1636688820;moneyline;home;;2.57;2.38;7.393;0;3.85;3.64;1
1636688820-spread-home-0.0-1790088809;2026-09-22T14:53:29.149391+00:00;2026-09-22T14:53:29.149391+00:00;England - Southern Premier League Central;Rushall Olympic vs Kettering Town;1636688820;spread;home;0.0;1.99;1.893;4.874;0;3.85;3.64;1
1637067772-moneyline-away--1790088809;2026-09-22T14:53:29.149391+00:00;2026-09-22T14:53:29.149391+00:00;England - EFL Trophy;Chesterfield vs Port Vale;1637067772;moneyline;away;;3.39;3.22;5.015;0;3.1;2.89;1
1637067772-moneyline-draw--1790088809;2026-09-22T14:53:29.149391+00:00;2026-09-22T14:53:29.149391+00:00;England - EFL Trophy;Chesterfield vs Port Vale;1637067772;moneyline;draw;;3.76;3.63;3.457;0;3.1;2.89;1
1637157137-moneyline-home--1790088809;2026-09-22T14:53:29.149391+00:00;2026-09-22T14:53:29.149391+00:00;England - EFL Trophy;Accrington Stanley vs Sunderland U21;1637157137;moneyline;home;;1.826;1.735;4.984;0;3.1;2.89;1
1637076076-moneyline-away--1790088809;2026-09-22T14:53:29.149391+00:00;2026-09-22T14:53:29.149391+00:00;England - EFL Trophy;Peterborough United vs Colchester United;1637076076;moneyline;away;;3.78;3.45;8.73;0;3.1;2.89;1
1637076076-moneyline-draw--1790088809;2026-09-22T14:53:29.149391+00:00;2026-09-22T14:53:29.149391+00:00;England - EFL Trophy;Peterborough United vs Colchester United;1637076076;moneyline;draw;;4.15;4.01;3.373;0;3.1;2.89;1
1637155305-moneyline-away--1790088809;2026-09-22T14:53:29.149391+00:00;2026-09-22T14:53:29.149391+00:00;England - EFL Trophy;Bromley vs Brentford U21;1637155305;moneyline;away;;3.07;2.89;5.863;0;3.6;3.39;1
1636906778-moneyline-away--1790089024;2026-09-22T14:57:04.464802+00:00;2026-09-22T14:57:04.464802+00:00;Scotland - Challenge Cup;Banks O´Dee vs Aberdeen B;1636906778;moneyline;away;;1.709;1.69;1.112;0;3.79;3.58;1
1637067771-moneyline-away--1790089024;2026-09-22T14:57:04.464802+00:00;2026-09-22T14:57:04.464802+00:00;England - EFL Trophy;Gillingham vs Cambridge United;1637067771;moneyline;away;;2.04;2.0;1.961;0;3.04;2.83;1
1637067771-spread-home-0.5-1790089024;2026-09-22T14:57:04.464802+00:00;2026-09-22T14:57:04.464802+00:00;England - EFL Trophy;Gillingham vs Cambridge United;1637067771;spread;home;0.5;1.82;1.781;2.143;0;3.04;2.83;1
1637067771-spread-away--0.5-1790089024;2026-09-22T14:57:04.464802+00:00;2026-09-22T14:57:04.464802+00:00;England - EFL Trophy;Gillingham vs Cambridge United;1637067771;spread;away;-0.5;2.01;1.935;3.731;0;3.04;2.83;1
1637069525-spread-away--0.0-1790089024;2026-09-22T14:57:04.464802+00:00;2026-09-22T14:57:04.464802+00:00;England - EFL Trophy;Notts County vs Grimsby Town;1637069525;spread;away;-0.0;1.806;1.787;1.052;0;3.04;2.83;1
1637090737-spread-away-0.5-1790089024;2026-09-22T14:57:04.464802+00:00;2026-09-22T14:57:04.464802+00:00;England - EFL Trophy;Swindon Town vs Newport County;1637090737;spread;away;0.5;1.935;1.84;4.91;0;3.04;2.83;1
1637090737-spread-home--0.5-1790089024;2026-09-22T14:57:04.464802+00:00;2026-09-22T14:57:04.464802+00:00;England - EFL Trophy;Swindon Town vs Newport County;1637090737;spread;home;-0.5;1.98;1.781;10.051;0;3.04;2.83;1
1636937809-moneyline-away--1790089024;2026-09-22T14:57:04.464802+00:00;2026-09-22T14:57:04.464802+00:00;England - EFL Trophy;MK Dons vs Crawley Town;1636937809;moneyline;away;;7.09;6.8;4.09;0;3.04;2.83;1
1636937809-moneyline-draw--1790089024;2026-09-22T14:57:04.464802+00:00;2026-09-22T14:57:04.464802+00:00;England - EFL Trophy;MK Dons vs Crawley Town;1636937809;moneyline;draw;;5.39;5.28;2.041;0;3.04;2.83;1
1636688797-moneyline-away--1790089239;2026-09-22T15:00:39.554484+00:00;2026-09-22T15:00:39.554484+00:00;Qatar - Stars Cup;Muaither vs Al Khor;1636688797;moneyline;away;;3.23;3.17;1.858;0;2.24;2.03;1
1636688797-spread-away-0.5-1790089239;2026-09-22T15:00:39.554484+00:00;2026-09-22T15:00:39.554484+00:00;Qatar - Stars Cup;Muaither vs Al Khor;1636688797;spread;away;0.5;1.847;1.826;1.137;0;2.24;2.03;1
1636836483-moneyline-draw--1790089239;2026-09-22T15:00:39.554484+00:00;2026-09-22T15:00:39.554484+00:00;Scotland - Challenge Cup;Fraserburgh vs Cove Rangers;1636836483;moneyline;draw;;4.52;4.42;2.212;0;3.73;3.52;1
1636713987-moneyline-draw--1790089239;2026-09-22T15:00:39.554484+00:00;2026-09-22T15:00:39.554484+00:00;Scotland - Challenge Cup;Forfar Athletic vs Peterhead;1636713987;moneyline;draw;;3.8;3.66;3.684;0;3.73;3.52;1
1636713987-spread-home-0.5-1790089239;2026-09-22T15:00:39.554484+00:00;2026-09-22T15:00:39.554484+00:00;Scotland - Challenge Cup;Forfar Athletic vs Peterhead;1636713987;spread;home;0.5;1.826;1.8;1.424;0;3.73;3.52;1
1636768959-spread-away--0.0-1790089239;2026-09-22T15:00:39.554484+00:00;2026-09-22T15:00:39.554484+00:00;Colombia - Primera B;Atletico Cali vs Tigres;1636768959;spread;away;-0.0;1.877;1.847;1.598;0;5.98;5.77;1
1636137124-spread-home--1.5-1790089239;2026-09-22T15:00:39.554484+00:00;2026-09-22T15:00:39.554484+00:00;Colombia - Primera A;Independiente Medellin vs Jaguares de Cordoba;1636137124;spread;home;-1.5;1.893;1.87;1.215;0;7.98;7.77;1
1636836635-moneyline-away--1790089455;2026-09-22T15:04:15.818802+00:00;2026-09-22T15:04:15.818802+00:00;Netherlands - Cup;Koninklijke HFC vs DOVO Veenendaal;1636836635;moneyline;away;;4.32;4.23;2.083;0;2.93;2.72;1
1636836644-moneyline-home--1790089455;2026-09-22T15:04:15.818802+00:00;2026-09-22T15:04:15.818802+00:00;Netherlands - Cup;RKAV Volendam vs Spakenburg;1636836644;moneyline;home;;3.29;3.21;2.432;0;2.93;2.72;1
1636836644-spread-home-0.5-1790089455;2026-09-22T15:04:15.818802+00:00;2026-09-22T15:04:15.818802+00:00;Netherlands - Cup;RKAV Volendam vs Spakenburg;1636836644;spread;home;0.5;1.901;1.877;1.262;0;2.93;2.72;1
1636689402-moneyline-away--1790089455;2026-09-22T15:04:15.818802+00:00;2026-09-22T15:04:15.818802+00:00;Scotland - Challenge Cup;Kelty Hearts vs Hearts II;1636689402;moneyline;away;;5.75;5.35;6.957;0;3.67;3.47;1
1636689402-moneyline-draw--1790089455;2026-09-22T15:04:15.818802+00:00;2026-09-22T15:04:15.818802+00:00;Scotland - Challenge Cup;Kelty Hearts vs Hearts II;1636689402;moneyline;draw;;5.49;5.29;3.643;0;3.67;3.47;1
1636689402-spread-away-1.5-1790089455;2026-09-22T15:04:15.818802+00:00;2026-09-22T15:04:15.818802+00:00;Scotland - Challenge Cup;Kelty Hearts vs Hearts II;1636689402;spread;away;1.5;1.893;1.826;3.539;0;3.67;3.47;1
1636689402-total-under-3.5-1790089455;2026-09-22T15:04:15.818802+00:00;2026-09-22T15:04:15.818802+00:00;Scotland - Challenge Cup;Kelty Hearts vs Hearts II;1636689402;total;under;3.5;1.806;1.787;1.052;0;3.67;3.47;1
1636709487-moneyline-home--1790089672;2026-09-22T15:07:52.280832+00:00;2026-09-22T15:07:52.280832+00:00;England - Southern Premier League Central;Stourbridge vs Real Bedford;1636709487;moneyline;home;;4.48;4.35;2.902;0;3.61;3.41;1
1636709487-moneyline-draw--1790089672;2026-09-22T15:07:52.280832+00:00;2026-09-22T15:07:52.280832+00:00;England - Southern Premier League Central;Stourbridge vs Real Bedford;1636709487;moneyline;draw;;3.99;3.94;1.253;0;3.61;3.41;1
1636688820-moneyline-away--1790089672;2026-09-22T15:07:52.280832+00:00;2026-09-22T15:07:52.280832+00:00;England - Southern Premier League Central;Rushall Olympic vs Kettering Town;1636688820;moneyline;away;;2.34;2.13;8.974;0;3.61;3.41;1
1636768959-spread-home-0.0-1790089672;2026-09-22T15:07:52.280832+00:00;2026-09-22T15:07:52.280832+00:00;Colombia - Primera B;Atletico Cali vs Tigres;1636768959;spread;home;0.0;1.971;1.847;6.291;0;5.86;5.65;1
1637131526-moneyline-away--1790089672;2026-09-22T15:07:52.280832+00:00;2026-09-22T15:07:52.280832+00:00;England - FA Cup Qualification;Truro City vs Merthyr Town;1637131526;moneyline;away;;3.95;3.73;5.57;0;3.61;3.4;1
1637131526-moneyline-draw--1790089672;2026-09-22T15:07:52.280832+00:00;2026-09-22T15:07:52.280832+00:00;England - FA Cup Qualification;Truro City vs Merthyr Town;1637131526;moneyline;draw;;3.75;3.65;2.667;0;3.61;3.4;1
1637157137-moneyline-home--1790089890;2026-09-22T15:11:30.223316+00:00;2026-09-22T15:11:30.223316+00:00;England - EFL Trophy;Accrington Stanley vs Sunderland U21;1637157137;moneyline;home;;1.735;1.649;4.957;0;2.81;2.6;1
1637157137-total-over-3.5-1790089890;2026-09-22T15:11:30.223316+00:00;2026-09-22T15:11:30.223316+00:00;England - EFL Trophy;Accrington Stanley vs Sunderland U21;1637157137;total;over;3.5;1.971;1.935;1.826;0;2.81;2.6;1
1637067772-moneyline-away--1790089890;2026-09-22T15:11:30.223316+00:00;2026-09-22T15:11:30.223316+00:00;England - EFL Trophy;Chesterfield vs Port Vale;1637067772;moneyline;away;;3.22;3.11;3.416;0;2.81;2.6;1
1637067772-moneyline-draw--1790089890;2026-09-22T15:11:30.223316+00:00;2026-09-22T15:11:30.223316+00:00;England - EFL Trophy;Chesterfield vs Port Vale;1637067772;moneyline;draw;;3.63;3.59;1.102;0;2.81;2.6;1
1637086544-moneyline-home--1790089890;2026-09-22T15:11:30.223316+00:00;2026-09-22T15:11:30.223316+00:00;England - EFL Trophy;Rochdale vs Liverpool U21;1637086544;moneyline;home;;2.28;2.14;6.14;0;2.81;2.6;1
1637069525-moneyline-draw--1790089890;2026-09-22T15:11:30.223316+00:00;2026-09-22T15:11:30.223316+00:00;England - EFL Trophy;Notts County vs Grimsby Town;1637069525;moneyline;draw;;3.55;3.5;1.408;0;2.81;2.6;1
1637067771-spread-home-0.5-1790089890;2026-09-22T15:11:30.223316+00:00;2026-09-22T15:11:30.223316+00:00;England - EFL Trophy;Gillingham vs Cambridge United;1637067771;spread;home;0.5;1.82;1.781;2.143;0;2.81;2.6;1
1637067771-spread-away--0.5-1790089890;2026-09-22T15:11:30.223316+00:00;2026-09-22T15:11:30.223316+00:00;England - EFL Trophy;Gillingham vs Cambridge United;1637067771;spread;away;-0.5;2.01;1.935;3.731;0;2.81;2.6;1
1637090737-spread-away-0.5-1790089890;2026-09-22T15:11:30.223316+00:00;2026-09-22T15:11:30.223316+00:00;England - EFL Trophy;Swindon Town vs Newport County;1637090737;spread;away;0.5;1.935;1.855;4.134;0;2.81;2.6;1
1637090737-spread-home--0.5-1790089890;2026-09-22T15:11:30.223316+00:00;2026-09-22T15:11:30.223316+00:00;England - EFL Trophy;Swindon Town vs Newport County;1637090737;spread;home;-0.5;1.962;1.781;9.225;0;2.81;2.6;1
1637002779-moneyline-home--1790089890;2026-09-22T15:11:30.223316+00:00;2026-09-22T15:11:30.223316+00:00;England - EFL Trophy;Bradford City vs Newcastle United U21;1637002779;moneyline;home;;1.159;1.139;1.726;0;3.31;3.1;1
1637086523-spread-home-0.0-1790090104;2026-09-22T15:15:04.526897+00:00;2026-09-22T15:15:04.526897+00:00;England - EFL Trophy;Walsall vs Stevenage;1637086523;spread;home;0.0;2.0;1.98;1.0;0;2.75;2.54;1
1636866459-moneyline-home--1790090104;2026-09-22T15:15:04.526897+00:00;2026-09-22T15:15:04.526897+00:00;Scotland - Challenge Cup;Stirling Albion vs Cumbernauld Colts;1636866459;moneyline;home;;1.599;1.535;4.003;0;3.49;3.29;1
1636866459-spread-home--1.0-1790090104;2026-09-22T15:15:04.526897+00:00;2026-09-22T15:15:04.526897+00:00;Scotland - Challenge Cup;Stirling Albion vs Cumbernauld Colts;1636866459;spread;home;-1.0;1.909;1.813;5.029;0;3.49;3.29;1
1636689401-moneyline-home--1790090104;2026-09-22T15:15:04.526897+00:00;2026-09-22T15:15:04.526897+00:00;Scotland - Challenge Cup;Elgin City vs Dundee B;1636689401;moneyline;home;;1.112;1.081;2.788;0;3.49;3.29;1
1636689401-spread-home--2.5-1790090104;2026-09-22T15:15:04.526897+00:00;2026-09-22T15:15:04.526897+00:00;Scotland - Challenge Cup;Elgin City vs Dundee B;1636689401;spread;home;-2.5;1.926;1.787;7.217;0;3.49;3.29;1
1636768959-spread-away--0.0-1790090104;2026-09-22T15:15:04.526897+00:00;2026-09-22T15:15:04.526897+00:00;Colombia - Primera B;Atletico Cali vs Tigres;1636768959;spread;away;-0.0;1.877;1.847;1.598;0;5.74;5.54;1
1636137124-spread-home--1.5-1790090104;2026-09-22T15:15:04.526897+00:00;2026-09-22T15:15:04.526897+00:00;Colombia - Primera A;Independiente Medellin vs Jaguares de Cordoba;1636137124;spread;home;-1.5;1.87;1.847;1.23;0;7.74;7.53;1
1636713986-moneyline-home--1790090315;2026-09-22T15:18:35.961610+00:00;2026-09-22T15:18:35.961610+00:00;Scotland - Challenge Cup;East Kilbride vs Celtic II;1636713986;moneyline;home;;1.251;1.2;4.077;0;3.44;3.23;1
1636713986-spread-home--2.0-1790090315;2026-09-22T15:18:35.961610+00:00;2026-09-22T15:18:35.961610+00:00;Scotland - Challenge Cup;East Kilbride vs Celtic II;1636713986;spread;home;-2.0;1.833;1.813;1.091;0;3.44;3.23;1
1636713985-moneyline-home--1790090315;2026-09-22T15:18:35.961610+00:00;2026-09-22T15:18:35.961610+00:00;Scotland - Challenge Cup;Dumbarton vs Kilmarnock B;1636713985;moneyline;home;;1.578;1.552;1.648;0;3.44;3.23;1
1636713985-spread-home--1.0-1790090315;2026-09-22T15:18:35.961610+00:00;2026-09-22T15:18:35.961610+00:00;Scotland - Challenge Cup;Dumbarton vs Kilmarnock B;1636713985;spread;home;-1.0;1.917;1.877;2.087;0;3.44;3.23;1
1636532745-moneyline-draw--1790090315;2026-09-22T15:18:35.961610+00:00;2026-09-22T15:18:35.961610+00:00;Colombia - Primera A;Independiente Santa Fe vs Deportivo Cali;1636532745;moneyline;draw;;3.15;3.1;1.587;0;9.68;9.48;1
1636688817-moneyline-away--1790090530;2026-09-22T15:22:10.121760+00:00;2026-09-22T15:22:10.121760+00:00;England - Southern Premier League South;Berkhamsted vs Hanworth Villa;1636688817;moneyline;away;;2.46;2.39;2.846;0;3.37;3.17;1
1636688817-spread-away--0.0-1790090530;2026-09-22T15:22:10.121760+00:00;2026-09-22T15:22:10.121760+00:00;England - Southern Premier League South;Berkhamsted vs Hanworth Villa;1636688817;spread;away;-0.0;1.82;1.769;2.802;0;3.37;3.17;1
1636768959-spread-home-0.0-1790090530;2026-09-22T15:22:10.121760+00:00;2026-09-22T15:22:10.121760+00:00;Colombia - Primera B;Atletico Cali vs Tigres;1636768959;spread;home;0.0;1.971;1.862;5.53;0;5.62;5.41;1
1637131526-moneyline-away--1790090530;2026-09-22T15:22:10.121760+00:00;2026-09-22T15:22:10.121760+00:00;England - FA Cup Qualification;Truro City vs Merthyr Town;1637131526;moneyline;away;;3.73;3.35;10.188;0;3.37;3.16;1
1637131526-moneyline-draw--1790090530;2026-09-22T15:22:10.121760+00:00;2026-09-22T15:22:10.121760+00:00;England - FA Cup Qualification;Truro City vs Merthyr Town;1637131526;moneyline;draw;;3.65;3.45;5.479;0;3.37;3.16;1
1637131526-spread-away-0.5-1790090530;2026-09-22T15:22:10.121760+00:00;2026-09-22T15:22:10.121760+00:00;England - FA Cup Qualification;Truro City vs Merthyr Town;1637131526;spread;away;0.5;1.885;1.84;2.387;0;3.37;3.16;1
1637131527-moneyline-away--1790090530;2026-09-22T15:22:10.121760+00:00;2026-09-22T15:22:10.121760+00:00;England - FA Cup Qualification;Worksop Town vs Telford United;1637131527;moneyline;away;;2.6;2.39;8.077;0;3.37;3.16;1
1637067771-spread-home-0.5-1790090745;2026-09-22T15:25:45.186077+00:00;2026-09-22T15:25:45.186077+00:00;England - EFL Trophy;Gillingham vs Cambridge United;1637067771;spread;home;0.5;1.82;1.781;2.143;0;2.57;2.36;1
1637067771-spread-away--0.5-1790090745;2026-09-22T15:25:45.186077+00:00;2026-09-22T15:25:45.186077+00:00;England - EFL Trophy;Gillingham vs Cambridge United;1637067771;spread;away;-0.5;2.01;1.935;3.731;0;2.57;2.36;1
1637069525-moneyline-away--1790090745;2026-09-22T15:25:45.186077+00:00;2026-09-22T15:25:45.186077+00:00;England - EFL Trophy;Notts County vs Grimsby Town;1637069525;moneyline;away;;2.35;2.32;1.277;0;2.57;2.36;1
1637069525-spread-away--0.0-1790090745;2026-09-22T15:25:45.186077+00:00;2026-09-22T15:25:45.186077+00:00;England - EFL Trophy;Notts County vs Grimsby Town;1637069525;spread;away;-0.0;1.8;1.775;1.389;0;2.57;2.36;1
1637090737-spread-away-0.5-1790090745;2026-09-22T15:25:45.186077+00:00;2026-09-22T15:25:45.186077+00:00;England - EFL Trophy;Swindon Town vs Newport County;1637090737;spread;away;0.5;1.935;1.855;4.134;0;2.57;2.36;1
1637090737-spread-home--0.5-1790090745;2026-09-22T15:25:45.186077+00:00;2026-09-22T15:25:45.186077+00:00;England - EFL Trophy;Swindon Town vs Newport County;1637090737;spread;home;-0.5;1.962;1.781;9.225;0;2.57;2.36;1
1637069527-moneyline-away--1790090745;2026-09-22T15:25:45.186077+00:00;2026-09-22T15:25:45.186077+00:00;England - EFL Trophy;York City vs Rotherham United;1637069527;moneyline;away;;2.92;2.88;1.37;0;2.57;2.36;1
1637157137-moneyline-home--1790090745;2026-09-22T15:25:45.186077+00:00;2026-09-22T15:25:45.186077+00:00;England - EFL Trophy;Accrington Stanley vs Sunderland U21;1637157137;moneyline;home;;1.649;1.61;2.365;0;2.57;2.36;1
1634922628-moneyline-away--1790090957;2026-09-22T15:29:17.164968+00:00;2026-09-22T15:29:17.164968+00:00;Algeria - Ligue 1;US Biskra vs JS Saoura;1634922628;moneyline;away;;3.55;3.49;1.69;0;1.51;1.3;1
1636688798-moneyline-away--1790091170;2026-09-22T15:32:50.620833+00:00;2026-09-22T15:32:50.620833+00:00;Qatar - Stars Cup;Al Mesaimeer vs Al Waab;1636688798;moneyline;away;;2.91;2.86;1.718;0;1.7;1.49;1
1636918786-moneyline-away--1790091170;2026-09-22T15:32:50.620833+00:00;2026-09-22T15:32:50.620833+00:00;England - Northern League Division 1;Liversedge vs Silsden;1636918786;moneyline;away;;3.78;3.46;8.466;0;3.2;2.99;1
1636918786-moneyline-draw--1790091170;2026-09-22T15:32:50.620833+00:00;2026-09-22T15:32:50.620833+00:00;England - Northern League Division 1;Liversedge vs Silsden;1636918786;moneyline;draw;;4.02;3.88;3.483;0;3.2;2.99;1
1636866459-moneyline-home--1790091170;2026-09-22T15:32:50.620833+00:00;2026-09-22T15:32:50.620833+00:00;Scotland - Challenge Cup;Stirling Albion vs Cumbernauld Colts;1636866459;moneyline;home;;1.535;1.461;4.821;0;3.2;2.99;1
1636866459-total-over-3.5-1790091170;2026-09-22T15:32:50.620833+00:00;2026-09-22T15:32:50.620833+00:00;Scotland - Challenge Cup;Stirling Albion vs Cumbernauld Colts;1636866459;total;over;3.5;1.862;1.84;1.182;0;3.2;2.99;1
1636713986-spread-home--2.0-1790091170;2026-09-22T15:32:50.620833+00:00;2026-09-22T15:32:50.620833+00:00;Scotland - Challenge Cup;East Kilbride vs Celtic II;1636713986;spread;home;-2.0;1.813;1.794;1.048;0;3.2;2.99;1
1636768959-spread-home-0.0-1790091390;2026-09-22T15:36:30.107650+00:00;2026-09-22T15:36:30.107650+00:00;Colombia - Primera B;Atletico Cali vs Tigres;1636768959;spread;home;0.0;1.971;1.862;5.53;0;5.39;5.18;1
1637131526-moneyline-away--1790091390;2026-09-22T15:36:30.107650+00:00;2026-09-22T15:36:30.107650+00:00;England - FA Cup Qualification;Truro City vs Merthyr Town;1637131526;moneyline;away;;3.35;3.23;3.582;0;3.14;2.93;1
1637131526-moneyline-draw--1790091390;2026-09-22T15:36:30.107650+00:00;2026-09-22T15:36:30.107650+00:00;England - FA Cup Qualification;Truro City vs Merthyr Town;1637131526;moneyline;draw;;3.45;3.41;1.159;0;3.14;2.93;1
1637131526-spread-away-0.5-1790091390;2026-09-22T15:36:30.107650+00:00;2026-09-22T15:36:30.107650+00:00;England - FA Cup Qualification;Truro City vs Merthyr Town;1637131526;spread;away;0.5;1.84;1.794;2.5;0;3.14;2.93;1
1636688817-moneyline-home--1790091390;2026-09-22T15:36:30.107650+00:00;2026-09-22T15:36:30.107650+00:00;England - Southern Premier League South;Berkhamsted vs Hanworth Villa;1636688817;moneyline;home;;2.7;2.56;5.185;0;3.13;2.92;1
1636688817-spread-home-0.0-1790091390;2026-09-22T15:36:30.107650+00:00;2026-09-22T15:36:30.107650+00:00;England - Southern Premier League South;Berkhamsted vs Hanworth Villa;1636688817;spread;home;0.0;2.0;1.893;5.35;0;3.13;2.92;1
1636709481-moneyline-away--1790091390;2026-09-22T15:36:30.107650+00:00;2026-09-22T15:36:30.107650+00:00;England - Southern Premier League South;Plymouth Parkway vs Frome Town;1636709481;moneyline;away;;3.12;3.08;1.282;0;3.13;2.92;1
1637090737-spread-away-0.5-1790091605;2026-09-22T15:40:05.317904+00:00;2026-09-22T15:40:05.317904+00:00;England - EFL Trophy;Swindon Town vs Newport County;1637090737;spread;away;0.5;1.935;1.855;4.134;0;2.33;2.12;1
1637090737-spread-home--0.5-1790091605;2026-09-22T15:40:05.317904+00:00;2026-09-22T15:40:05.317904+00:00;England - EFL Trophy;Swindon Town vs Newport County;1637090737;spread;home;-0.5;1.962;1.781;9.225;0;2.33;2.12;1
1637067771-spread-home-0.5-1790091605;2026-09-22T15:40:05.317904+00:00;2026-09-22T15:40:05.317904+00:00;England - EFL Trophy;Gillingham vs Cambridge United;1637067771;spread;home;0.5;1.82;1.781;2.143;0;2.33;2.12;1
1637067771-spread-away--0.5-1790091605;2026-09-22T15:40:05.317904+00:00;2026-09-22T15:40:05.317904+00:00;England - EFL Trophy;Gillingham vs Cambridge United;1637067771;spread;away;-0.5;2.01;1.935;3.731;0;2.33;2.12;1
1637086522-moneyline-away--1790091605;2026-09-22T15:40:05.317904+00:00;2026-09-22T15:40:05.317904+00:00;England - EFL Trophy;Tranmere Rovers vs Shrewsbury Town;1637086522;moneyline;away;;3.03;2.78;8.251;0;2.33;2.12;1
1637086522-moneyline-draw--1790091605;2026-09-22T15:40:05.317904+00:00;2026-09-22T15:40:05.317904+00:00;England - EFL Trophy;Tranmere Rovers vs Shrewsbury Town;1637086522;moneyline;draw;;3.26;3.21;1.534;0;2.33;2.12;1
1637157137-moneyline-away--1790091605;2026-09-22T15:40:05.317904+00:00;2026-09-22T15:40:05.317904+00:00;England - EFL Trophy;Accrington Stanley vs Sunderland U21;1637157137;moneyline;away;;4.28;4.2;1.869;0;2.33;2.12;1
1634922628-moneyline-away--1790091822;2026-09-22T15:43:42.948891+00:00;2026-09-22T15:43:42.948891+00:00;Algeria - Ligue 1;US Biskra vs JS Saoura;1634922628;moneyline;away;;3.49;3.42;2.006;0;1.26;1.05;1
1634922628-total-over-1.5-1790091822;2026-09-22T15:43:42.948891+00:00;2026-09-22T15:43:42.948891+00:00;Algeria - Ligue 1;US Biskra vs JS Saoura;1634922628;total;over;1.5;1.971;1.862;5.53;0;1.26;1.05;1
1636689402-moneyline-home--1790092041;2026-09-22T15:47:21.872407+00:00;2026-09-22T15:47:21.872407+00:00;Scotland - Challenge Cup;Kelty Hearts vs Hearts II;1636689402;moneyline;home;;1.373;1.351;1.602;0;2.96;2.75;1
1636689402-spread-home--1.5-1790092041;2026-09-22T15:47:21.872407+00:00;2026-09-22T15:47:21.872407+00:00;Scotland - Challenge Cup;Kelty Hearts vs Hearts II;1636689402;spread;home;-1.5;1.943;1.885;2.985;0;2.96;2.75;1
1636866459-moneyline-home--1790092041;2026-09-22T15:47:21.872407+00:00;2026-09-22T15:47:21.872407+00:00;Scotland - Challenge Cup;Stirling Albion vs Cumbernauld Colts;1636866459;moneyline;home;;1.461;1.415;3.149;0;2.96;2.75;1
1636866459-total-over-3.5-1790092041;2026-09-22T15:47:21.872407+00:00;2026-09-22T15:47:21.872407+00:00;Scotland - Challenge Cup;Stirling Albion vs Cumbernauld Colts;1636866459;total;over;3.5;1.84;1.813;1.467;0;2.96;2.75;1
1636920013-moneyline-draw--1790092041;2026-09-22T15:47:21.872407+00:00;2026-09-22T15:47:21.872407+00:00;England - Northern League Division 1;West Auckland Town vs Heaton Stannington;1636920013;moneyline;draw;;3.91;3.7;5.371;0;2.95;2.74;1
1636709549-moneyline-home--1790092041;2026-09-22T15:47:21.872407+00:00;2026-09-22T15:47:21.872407+00:00;Chile - Cup;Audax Italiano vs Colo Colo;1636709549;moneyline;home;;3.84;3.55;7.552;0;7.7;7.49;1
1636709549-moneyline-draw--1790092041;2026-09-22T15:47:21.872407+00:00;2026-09-22T15:47:21.872407+00:00;Chile - Cup;Audax Italiano vs Colo Colo;1636709549;moneyline;draw;;3.61;3.51;2.77;0;7.7;7.49;1
1636709549-spread-home-0.5-1790092041;2026-09-22T15:47:21.872407+00:00;2026-09-22T15:47:21.872407+00:00;Chile - Cup;Audax Italiano vs Colo Colo;1636709549;spread;home;0.5;1.99;1.877;5.678;0;7.7;7.49;1
1636918790-moneyline-away--1790092041;2026-09-22T15:47:21.872407+00:00;2026-09-22T15:47:21.872407+00:00;England - Southern League Division 1;Hartpury University vs Worcester Raiders;1636918790;moneyline;away;;3.22;3.15;2.174;0;2.95;2.74;1
1636918790-spread-away-0.5-1790092041;2026-09-22T15:47:21.872407+00:00;2026-09-22T15:47:21.872407+00:00;England - Southern League Division 1;Hartpury University vs Worcester Raiders;1636918790;spread;away;0.5;1.901;1.87;1.631;0;2.95;2.74;1
1637172987-moneyline-home--1790092264;2026-09-22T15:51:04.736023+00:00;2026-09-22T15:51:04.736023+00:00;Paraguay - Tercera Division;3 de Febrero vs River Plate Asuncion;1637172987;moneyline;home;;3.68;3.64;1.087;0;2.14;1.9;1
1637172987-moneyline-away--1790092264;2026-09-22T15:51:04.736023+00:00;2026-09-22T15:51:04.736023+00:00;Paraguay - Tercera Division;3 de Febrero vs River Plate Asuncion;1637172987;moneyline;away;;1.862;1.794;3.652;0;2.14;1.9;1
1637172987-spread-away--0.5-1790092264;2026-09-22T15:51:04.736023+00:00;2026-09-22T15:51:04.736023+00:00;Paraguay - Tercera Division;3 de Febrero vs River Plate Asuncion;1637172987;spread;away;-0.5;1.87;1.8;3.743;0;2.14;1.9;1
1636532745-spread-home--1.0-1790092264;2026-09-22T15:51:04.736023+00:00;2026-09-22T15:51:04.736023+00:00;Colombia - Primera A;Independiente Santa Fe vs Deportivo Cali;1636532745;spread;home;-1.0;1.909;1.781;6.705;0;9.14;8.9;1
1636768959-spread-home-0.0-1790092264;2026-09-22T15:51:04.736023+00:00;2026-09-22T15:51:04.736023+00:00;Colombia - Primera B;Atletico Cali vs Tigres;1636768959;spread;home;0.0;1.971;1.862;5.53;0;5.14;4.89;1
1637131526-moneyline-away--1790092264;2026-09-22T15:51:04.736023+00:00;2026-09-22T15:51:04.736023+00:00;England - FA Cup Qualification;Truro City vs Merthyr Town;1637131526;moneyline;away;;3.23;3.17;1.858;0;2.89;2.64;1
1637131526-spread-away-0.5-1790092264;2026-09-22T15:51:04.736023+00:00;2026-09-22T15:51:04.736023+00:00;England - FA Cup Qualification;Truro City vs Merthyr Town;1637131526;spread;away;0.5;1.794;1.769;1.394;0;2.89;2.64;1
1637131527-moneyline-home--1790092264;2026-09-22T15:51:04.736023+00:00;2026-09-22T15:51:04.736023+00:00;England - FA Cup Qualification;Worksop Town vs Telford United;1637131527;moneyline;home;;2.31;2.06;10.823;0;2.89;2.64;1
1636689398-moneyline-draw--1790092485;2026-09-22T15:54:45.843433+00:00;2026-09-22T15:54:45.843433+00:00;England - Northern Premier League;Leek Town vs Hyde United;1636689398;moneyline;draw;;3.59;3.55;1.114;0;2.84;2.6;1
1637157137-moneyline-away--1790092485;2026-09-22T15:54:45.843433+00:00;2026-09-22T15:54:45.843433+00:00;England - EFL Trophy;Accrington Stanley vs Sunderland U21;1637157137;moneyline;away;;4.2;3.44;18.095;0;2.08;1.84;1
1637157137-moneyline-draw--1790092485;2026-09-22T15:54:45.843433+00:00;2026-09-22T15:54:45.843433+00:00;England - EFL Trophy;Accrington Stanley vs Sunderland U21;1637157137;moneyline;draw;;4.44;3.91;11.937;0;2.08;1.84;1
1637157137-total-over-3.5-1790092485;2026-09-22T15:54:45.843433+00:00;2026-09-22T15:54:45.843433+00:00;England - EFL Trophy;Accrington Stanley vs Sunderland U21;1637157137;total;over;3.5;1.926;1.893;1.713;0;2.08;1.84;1
1637157137-total-under-3.5-1790092485;2026-09-22T15:54:45.843433+00:00;2026-09-22T15:54:45.843433+00:00;England - EFL Trophy;Accrington Stanley vs Sunderland U21;1637157137;total;under;3.5;1.877;1.787;4.795;0;2.08;1.84;1
1637067771-spread-home-0.5-1790092485;2026-09-22T15:54:45.843433+00:00;2026-09-22T15:54:45.843433+00:00;England - EFL Trophy;Gillingham vs Cambridge United;1637067771;spread;home;0.5;1.8;1.781;1.056;0;2.08;1.84;1
1637067771-spread-away--0.5-1790092485;2026-09-22T15:54:45.843433+00:00;2026-09-22T15:54:45.843433+00:00;England - EFL Trophy;Gillingham vs Cambridge United;1637067771;spread;away;-0.5;2.04;1.935;5.147;0;2.08;1.84;1
1636688789-moneyline-home--1790092485;2026-09-22T15:54:45.843433+00:00;2026-09-22T15:54:45.843433+00:00;Romania - Liga 2;ASA Targu Mures vs CS Dinamo Bucharest;1636688789;moneyline;home;;1.136;1.124;1.056;0;1.08;0.84;1
1636688789-spread-away-2.5-1790092485;2026-09-22T15:54:45.843433+00:00;2026-09-22T15:54:45.843433+00:00;Romania - Liga 2;ASA Targu Mures vs CS Dinamo Bucharest;1636688789;spread;away;2.5;1.84;1.813;1.467;0;1.08;0.84;1
1637067771-moneyline-home--1790092704;2026-09-22T15:58:24.097242+00:00;2026-09-22T15:58:24.097242+00:00;England - EFL Trophy;Gillingham vs Cambridge United;1637067771;moneyline;home;;3.29;3.05;7.295;0;2.02;1.79;1
1637067771-moneyline-draw--1790092704;2026-09-22T15:58:24.097242+00:00;2026-09-22T15:58:24.097242+00:00;England - EFL Trophy;Gillingham vs Cambridge United;1637067771;moneyline;draw;;3.57;3.51;1.681;0;2.02;1.79;1
1637090737-spread-away-0.5-1790092704;2026-09-22T15:58:24.097242+00:00;2026-09-22T15:58:24.097242+00:00;England - EFL Trophy;Swindon Town vs Newport County;1637090737;spread;away;0.5;1.935;1.855;4.134;0;2.02;1.79;1
1637090737-spread-home--0.5-1790092704;2026-09-22T15:58:24.097242+00:00;2026-09-22T15:58:24.097242+00:00;England - EFL Trophy;Swindon Town vs Newport County;1637090737;spread;home;-0.5;1.962;1.781;9.225;0;2.02;1.79;1
1636768960-spread-home-0.0-1790092704;2026-09-22T15:58:24.097242+00:00;2026-09-22T15:58:24.097242+00:00;Colombia - Primera B;Real Santander vs Orsomarso;1636768960;spread;home;0.0;1.926;1.885;2.129;0;5.01;4.77;1
1636689402-moneyline-away--1790093038;2026-09-22T16:03:58.478230+00:00;2026-09-22T16:03:58.478230+00:00;Scotland - Challenge Cup;Kelty Hearts vs Hearts II;1636689402;moneyline;away;;5.59;5.47;2.147;0;2.68;2.47;1
1636918786-moneyline-away--1790093038;2026-09-22T16:03:58.478230+00:00;2026-09-22T16:03:58.478230+00:00;England - Northern League Division 1;Liversedge vs Silsden;1636918786;moneyline;away;;3.46;3.15;8.96;0;2.68;2.47;1
1636918786-moneyline-draw--1790093038;2026-09-22T16:03:58.478230+00:00;2026-09-22T16:03:58.478230+00:00;England - Northern League Division 1;Liversedge vs Silsden;1636918786;moneyline;draw;;3.88;3.75;3.351;0;2.68;2.47;1
1636688817-moneyline-away--1790093253;2026-09-22T16:07:33.999026+00:00;2026-09-22T16:07:33.999026+00:00;England - Southern Premier League South;Berkhamsted vs Hanworth Villa;1636688817;moneyline;away;;2.51;2.45;2.39;0;2.62;2.41;1
1636688817-spread-away--0.0-1790093253;2026-09-22T16:07:33.999026+00:00;2026-09-22T16:07:33.999026+00:00;England - Southern Premier League South;Berkhamsted vs Hanworth Villa;1636688817;spread;away;-0.0;1.862;1.806;3.008;0;2.62;2.41;1
1636768959-spread-home-0.0-1790093253;2026-09-22T16:07:33.999026+00:00;2026-09-22T16:07:33.999026+00:00;Colombia - Primera B;Atletico Cali vs Tigres;1636768959;spread;home;0.0;1.971;1.862;5.53;0;4.86;4.66;1
1637131527-moneyline-home--1790093253;2026-09-22T16:07:33.999026+00:00;2026-09-22T16:07:33.999026+00:00;England - FA Cup Qualification;Worksop Town vs Telford United;1637131527;moneyline;home;;2.06;2.0;2.913;0;2.61;2.41;1
1637131526-moneyline-away--1790093253;2026-09-22T16:07:33.999026+00:00;2026-09-22T16:07:33.999026+00:00;England - FA Cup Qualification;Truro City vs Merthyr Town;1637131526;moneyline;away;;3.17;3.06;3.47;0;2.61;2.41;1
1637157137-moneyline-away--1790093471;2026-09-22T16:11:11.530123+00:00;2026-09-22T16:11:11.530123+00:00;England - EFL Trophy;Accrington Stanley vs Sunderland U21;1637157137;moneyline;away;;3.44;3.26;5.233;0;1.81;1.61;1
1637157137-spread-home--0.5-1790093471;2026-09-22T16:11:11.530123+00:00;2026-09-22T16:11:11.530123+00:00;England - EFL Trophy;Accrington Stanley vs Sunderland U21;1637157137;spread;home;-0.5;1.833;1.806;1.473;0;1.81;1.61;1
1637157137-spread-away-0.5-1790093471;2026-09-22T16:11:11.530123+00:00;2026-09-22T16:11:11.530123+00:00;England - EFL Trophy;Accrington Stanley vs Sunderland U21;1637157137;spread;away;0.5;1.99;1.926;3.216;0;1.81;1.61;1
1637090737-spread-away-0.5-1790093683;2026-09-22T16:14:43.086396+00:00;2026-09-22T16:14:43.086396+00:00;England - EFL Trophy;Swindon Town vs Newport County;1637090737;spread;away;0.5;1.943;1.87;3.757;0;1.75;1.55;1
1637090737-spread-home--0.5-1790093683;2026-09-22T16:14:43.086396+00:00;2026-09-22T16:14:43.086396+00:00;England - EFL Trophy;Swindon Town vs Newport County;1637090737;spread;home;-0.5;1.98;1.787;9.747;0;1.75;1.55;1
1637174073-moneyline-draw--1790093898;2026-09-22T16:18:18.423417+00:00;2026-09-22T16:18:18.423417+00:00;Algeria - Ligue 1;US Biskra vs JS Saoura;1637174073;moneyline;draw;;2.65;2.49;6.038;0;0.69;0.49;1
1637174074-moneyline-draw--1790093898;2026-09-22T16:18:18.423417+00:00;2026-09-22T16:18:18.423417+00:00;Algeria - Ligue 1;US Biskra vs JS Saoura;1637174074;moneyline;draw;;2.65;2.49;6.038;0;0.69;0.49;1
1636928756-moneyline-home--1790093898;2026-09-22T16:18:18.423417+00:00;2026-09-22T16:18:18.423417+00:00;England - Northern League Division 1;Prescot Cables vs Lichfield City;1636928756;moneyline;home;;1.156;1.144;1.038;0;2.44;2.24;1
1636928756-spread-home--2.0-1790093898;2026-09-22T16:18:18.423417+00:00;2026-09-22T16:18:18.423417+00:00;England - Northern League Division 1;Prescot Cables vs Lichfield City;1636928756;spread;home;-2.0;1.926;1.847;4.102;0;2.44;2.24;1
1636689402-moneyline-home--1790093898;2026-09-22T16:18:18.423417+00:00;2026-09-22T16:18:18.423417+00:00;Scotland - Challenge Cup;Kelty Hearts vs Hearts II;1636689402;moneyline;home;;1.361;1.347;1.029;0;2.44;2.24;1
1636689402-spread-home--1.5-1790093898;2026-09-22T16:18:18.423417+00:00;2026-09-22T16:18:18.423417+00:00;Scotland - Challenge Cup;Kelty Hearts vs Hearts II;1636689402;spread;home;-1.5;1.901;1.862;2.052;0;2.44;2.24;1
1636689402-total-over-3.5-1790093898;2026-09-22T16:18:18.423417+00:00;2026-09-22T16:18:18.423417+00:00;Scotland - Challenge Cup;Kelty Hearts vs Hearts II;1636689402;total;over;3.5;1.99;1.962;1.407;0;2.44;2.24;1
1636714053-moneyline-away--1790093898;2026-09-22T16:18:18.423417+00:00;2026-09-22T16:18:18.423417+00:00;Chile - Cup;Cobreloa vs Coquimbo Unido;1636714053;moneyline;away;;2.34;2.28;2.564;0;7.19;6.98;1
1636688798-moneyline-away--1790093898;2026-09-22T16:18:18.423417+00:00;2026-09-22T16:18:18.423417+00:00;Qatar - Stars Cup;Al Mesaimeer vs Al Waab;1636688798;moneyline;away;;2.86;2.57;10.14;0;0.93;0.73;1
1636688797-moneyline-home--1790093898;2026-09-22T16:18:18.423417+00:00;2026-09-22T16:18:18.423417+00:00;Qatar - Stars Cup;Muaither vs Al Khor;1636688797;moneyline;home;;1.935;1.794;7.287;0;0.93;0.73;1
1636688797-spread-home--0.5-1790093898;2026-09-22T16:18:18.423417+00:00;2026-09-22T16:18:18.423417+00:00;Qatar - Stars Cup;Muaither vs Al Khor;1636688797;spread;home;-0.5;1.943;1.8;7.36;0;0.93;0.73;1
1637172987-moneyline-away--1790093898;2026-09-22T16:18:18.423417+00:00;2026-09-22T16:18:18.423417+00:00;Paraguay - Tercera Division;3 de Febrero vs River Plate Asuncion;1637172987;moneyline;away;;1.806;1.735;3.931;0;1.68;1.48;1
1637131526-moneyline-away--1790094113;2026-09-22T16:21:53.761856+00:00;2026-09-22T16:21:53.761856+00:00;England - FA Cup Qualification;Truro City vs Merthyr Town;1637131526;moneyline;away;;3.06;2.96;3.268;0;2.38;2.17;1
1637131527-moneyline-home--1790094113;2026-09-22T16:21:53.761856+00:00;2026-09-22T16:21:53.761856+00:00;England - FA Cup Qualification;Worksop Town vs Telford United;1637131527;moneyline;home;;2.0;1.962;1.9;0;2.38;2.17;1
1636689391-moneyline-draw--1790094113;2026-09-22T16:21:53.761856+00:00;2026-09-22T16:21:53.761856+00:00;England - Southern Premier League Central;Stratford Town vs Bromsgrove Sporting;1636689391;moneyline;draw;;3.77;3.69;2.122;0;2.38;2.17;1
1636689391-spread-away--0.5-1790094113;2026-09-22T16:21:53.761856+00:00;2026-09-22T16:21:53.761856+00:00;England - Southern Premier League Central;Stratford Town vs Bromsgrove Sporting;1636689391;spread;away;-0.5;1.794;1.769;1.394;0;2.38;2.17;1
1636689391-total-under-2.5-1790094113;2026-09-22T16:21:53.761856+00:00;2026-09-22T16:21:53.761856+00:00;England - Southern Premier League Central;Stratford Town vs Bromsgrove Sporting;1636689391;total;under;2.5;1.98;1.909;3.586;0;2.38;2.17;1
1636768959-spread-home-0.0-1790094113;2026-09-22T16:21:53.761856+00:00;2026-09-22T16:21:53.761856+00:00;Colombia - Primera B;Atletico Cali vs Tigres;1636768959;spread;home;0.0;1.971;1.862;5.53;0;4.62;4.42;1
1637155305-moneyline-home--1790094328;2026-09-22T16:25:28.832471+00:00;2026-09-22T16:25:28.832471+00:00;England - EFL Trophy;Bromley vs Brentford U21;1637155305;moneyline;home;;2.21;2.04;7.692;0;2.07;1.87;1
1637067851-moneyline-home--1790094328;2026-09-22T16:25:28.832471+00:00;2026-09-22T16:25:28.832471+00:00;England - EFL Trophy;Wigan Athletic vs Blackpool;1637067851;moneyline;home;;2.88;2.84;1.389;0;1.57;1.37;1
1636688789-spread-home--2.5-1790094328;2026-09-22T16:25:28.832471+00:00;2026-09-22T16:25:28.832471+00:00;Romania - Liga 2;ASA Targu Mures vs CS Dinamo Bucharest;1636688789;spread;home;-2.5;1.962;1.885;3.925;0;0.57;0.36;1
1636937809-moneyline-away--1790094542;2026-09-22T16:29:02.238434+00:00;2026-09-22T16:29:02.238434+00:00;England - EFL Trophy;MK Dons vs Crawley Town;1636937809;moneyline;away;;7.05;6.95;1.418;0;1.51;1.31;1
1637067771-moneyline-away--1790094542;2026-09-22T16:29:02.238434+00:00;2026-09-22T16:29:02.238434+00:00;England - EFL Trophy;Gillingham vs Cambridge United;1637067771;moneyline;away;;2.17;2.14;1.382;0;1.51;1.31;1
1637090737-spread-away-0.5-1790094542;2026-09-22T16:29:02.238434+00:00;2026-09-22T16:29:02.238434+00:00;England - EFL Trophy;Swindon Town vs Newport County;1637090737;spread;away;0.5;1.943;1.885;2.985;0;1.51;1.31;1
1637090737-spread-home--0.5-1790094542;2026-09-22T16:29:02.238434+00:00;2026-09-22T16:29:02.238434+00:00;England - EFL Trophy;Swindon Town vs Newport County;1637090737;spread;home;-0.5;1.971;1.787;9.335;0;1.51;1.31;1
1637174074-moneyline-draw--1790094754;2026-09-22T16:32:34.173748+00:00;2026-09-22T16:32:34.173748+00:00;Algeria - Ligue 1;US Biskra vs JS Saoura;1637174074;moneyline;draw;;2.49;2.24;10.04;0;0.46;0.25;1
1637174074-spread-home--1.0-1790094754;2026-09-22T16:32:34.173748+00:00;2026-09-22T16:32:34.173748+00:00;Algeria - Ligue 1;US Biskra vs JS Saoura;1637174074;spread;home;-1.0;1.926;1.787;7.217;0;0.46;0.25;1
1637174073-moneyline-draw--1790094754;2026-09-22T16:32:34.173748+00:00;2026-09-22T16:32:34.173748+00:00;Algeria - Ligue 1;US Biskra vs JS Saoura;1637174073;moneyline;draw;;2.49;2.24;10.04;0;0.46;0.25;1
1637174073-spread-home--1.0-1790094754;2026-09-22T16:32:34.173748+00:00;2026-09-22T16:32:34.173748+00:00;Algeria - Ligue 1;US Biskra vs JS Saoura;1637174073;spread;home;-1.0;1.926;1.787;7.217;0;0.46;0.25;1
1636928756-moneyline-home--1790094754;2026-09-22T16:32:34.173748+00:00;2026-09-22T16:32:34.173748+00:00;England - Northern League Division 1;Prescot Cables vs Lichfield City;1636928756;moneyline;home;;1.144;1.109;3.059;0;2.2;2.0;1
1636928756-total-over-3.5-1790094754;2026-09-22T16:32:34.173748+00:00;2026-09-22T16:32:34.173748+00:00;England - Northern League Division 1;Prescot Cables vs Lichfield City;1636928756;total;over;3.5;1.943;1.862;4.169;0;2.2;2.0;1
1636689402-moneyline-away--1790094754;2026-09-22T16:32:34.173748+00:00;2026-09-22T16:32:34.173748+00:00;Scotland - Challenge Cup;Kelty Hearts vs Hearts II;1636689402;moneyline;away;;5.61;5.3;5.526;0;2.2;2.0;1
1636689402-moneyline-draw--1790094754;2026-09-22T16:32:34.173748+00:00;2026-09-22T16:32:34.173748+00:00;Scotland - Challenge Cup;Kelty Hearts vs Hearts II;1636689402;moneyline;draw;;5.38;5.21;3.16;0;2.2;2.0;1
1636689402-spread-away-1.5-1790094754;2026-09-22T16:32:34.173748+00:00;2026-09-22T16:32:34.173748+00:00;Scotland - Challenge Cup;Kelty Hearts vs Hearts II;1636689402;spread;away;1.5;1.893;1.847;2.43;0;2.2;2.0;1
1636689402-total-under-3.5-1790094754;2026-09-22T16:32:34.173748+00:00;2026-09-22T16:32:34.173748+00:00;Scotland - Challenge Cup;Kelty Hearts vs Hearts II;1636689402;total;under;3.5;1.8;1.775;1.389;0;2.2;2.0;1
1636688797-moneyline-home--1790094754;2026-09-22T16:32:34.173748+00:00;2026-09-22T16:32:34.173748+00:00;Qatar - Stars Cup;Muaither vs Al Khor;1636688797;moneyline;home;;1.794;1.775;1.059;0;0.7;0.49;1
1636688798-moneyline-away--1790094754;2026-09-22T16:32:34.173748+00:00;2026-09-22T16:32:34.173748+00:00;Qatar - Stars Cup;Al Mesaimeer vs Al Waab;1636688798;moneyline;away;;2.57;2.43;5.447;0;0.7;0.49;1
1636688798-spread-away--0.0-1790094754;2026-09-22T16:32:34.173748+00:00;2026-09-22T16:32:34.173748+00:00;Qatar - Stars Cup;Al Mesaimeer vs Al Waab;1636688798;spread;away;-0.0;1.909;1.8;5.71;0;0.7;0.49;1
1636768959-spread-home-0.0-1790094968;2026-09-22T16:36:08.692842+00:00;2026-09-22T16:36:08.692842+00:00;Colombia - Primera B;Atletico Cali vs Tigres;1636768959;spread;home;0.0;1.971;1.862;5.53;0;4.39;4.18;1
1637172987-moneyline-away--1790094968;2026-09-22T16:36:08.692842+00:00;2026-09-22T16:36:08.692842+00:00;Paraguay - Tercera Division;3 de Febrero vs River Plate Asuncion;1637172987;moneyline;away;;1.735;1.613;7.032;0;1.39;1.18;1
1636713985-spread-away-1.0-1790094968;2026-09-22T16:36:08.692842+00:00;2026-09-22T16:36:08.692842+00:00;Scotland - Challenge Cup;Dumbarton vs Kilmarnock B;1636713985;spread;away;1.0;1.877;1.855;1.172;0;2.14;1.93;1
1636709492-moneyline-away--1790094968;2026-09-22T16:36:08.692842+00:00;2026-09-22T16:36:08.692842+00:00;Scotland - Challenge Cup;Clyde vs Rangers B;1636709492;moneyline;away;;4.0;2.98;25.5;0;2.14;1.93;1
1636709492-moneyline-draw--1790094968;2026-09-22T16:36:08.692842+00:00;2026-09-22T16:36:08.692842+00:00;Scotland - Challenge Cup;Clyde vs Rangers B;1636709492;moneyline;draw;;4.25;3.85;9.412;0;2.14;1.93;1
1636709492-spread-away-0.5-1790094968;2026-09-22T16:36:08.692842+00:00;2026-09-22T16:36:08.692842+00:00;Scotland - Challenge Cup;Clyde vs Rangers B;1636709492;spread;away;0.5;1.862;1.806;3.008;0;2.14;1.93;1
1637090737-spread-away-0.5-1790095403;2026-09-22T16:43:23.257055+00:00;2026-09-22T16:43:23.257055+00:00;England - EFL Trophy;Swindon Town vs Newport County;1637090737;spread;away;0.5;1.943;1.885;2.985;0;1.28;0.95;1
1637090737-spread-home--0.5-1790095403;2026-09-22T16:43:23.257055+00:00;2026-09-22T16:43:23.257055+00:00;England - EFL Trophy;Swindon Town vs Newport County;1637090737;spread;home;-0.5;1.971;1.787;9.335;0;1.28;0.95;1
1636137124-moneyline-away--1790095403;2026-09-22T16:43:23.257055+00:00;2026-09-22T16:43:23.257055+00:00;Colombia - Primera A;Independiente Medellin vs Jaguares de Cordoba;1636137124;moneyline;away;;10.14;10.01;1.282;0;6.27;5.94;1
1636688797-spread-away-0.5-1790095615;2026-09-22T16:46:55.995695+00:00;2026-09-22T16:46:55.995695+00:00;Qatar - Stars Cup;Muaither vs Al Khor;1636688797;spread;away;0.5;1.98;1.794;9.394;0;0.46;0.19;1
1637174074-moneyline-draw--1790095615;2026-09-22T16:46:55.995695+00:00;2026-09-22T16:46:55.995695+00:00;Algeria - Ligue 1;US Biskra vs JS Saoura;1637174074;moneyline;draw;;2.24;1.935;13.616;0;0.21;0;1
1637174073-moneyline-draw--1790095615;2026-09-22T16:46:55.995695+00:00;2026-09-22T16:46:55.995695+00:00;Algeria - Ligue 1;US Biskra vs JS Saoura;1637174073;moneyline;draw;;2.24;1.935;13.616;0;0.21;0;1
1636836439-moneyline-away--1790095615;2026-09-22T16:46:55.995695+00:00;2026-09-22T16:46:55.995695+00:00;Scotland - Challenge Cup;Gala Fairydean Rovers vs Spartans;1636836439;moneyline;away;;1.261;1.244;1.348;0;1.96;1.69;1
1636768959-spread-home-0.0-1790095836;2026-09-22T16:50:36.974803+00:00;2026-09-22T16:50:36.974803+00:00;Colombia - Primera B;Atletico Cali vs Tigres;1636768959;spread;home;0.0;1.971;1.862;5.53;0;4.16;3.95;1
1636713985-moneyline-away--1790095836;2026-09-22T16:50:36.974803+00:00;2026-09-22T16:50:36.974803+00:00;Scotland - Challenge Cup;Dumbarton vs Kilmarnock B;1636713985;moneyline;away;;4.18;3.53;15.55;0;1.9;1.69;1
1636713985-moneyline-draw--1790095836;2026-09-22T16:50:36.974803+00:00;2026-09-22T16:50:36.974803+00:00;Scotland - Challenge Cup;Dumbarton vs Kilmarnock B;1636713985;moneyline;draw;;4.4;4.17;5.227;0;1.9;1.69;1
1636713985-total-under-3.5-1790095836;2026-09-22T16:50:36.974803+00:00;2026-09-22T16:50:36.974803+00:00;Scotland - Challenge Cup;Dumbarton vs Kilmarnock B;1636713985;total;under;3.5;1.885;1.84;2.387;0;1.9;1.69;1
1636709492-moneyline-home--1790095836;2026-09-22T16:50:36.974803+00:00;2026-09-22T16:50:36.974803+00:00;Scotland - Challenge Cup;Clyde vs Rangers B;1636709492;moneyline;home;;1.935;1.8;6.977;0;1.9;1.69;1
1636709492-spread-home--0.5-1790095836;2026-09-22T16:50:36.974803+00:00;2026-09-22T16:50:36.974803+00:00;Scotland - Challenge Cup;Clyde vs Rangers B;1636709492;spread;home;-0.5;1.943;1.806;7.051;0;1.9;1.69;1
1636714053-moneyline-away--1790095836;2026-09-22T16:50:36.974803+00:00;2026-09-22T16:50:36.974803+00:00;Chile - Cup;Cobreloa vs Coquimbo Unido;1636714053;moneyline;away;;2.28;2.19;3.947;0;6.65;6.44;1
1637076076-moneyline-home--1790096056;2026-09-22T16:54:16.840270+00:00;2026-09-22T16:54:16.840270+00:00;England - EFL Trophy;Peterborough United vs Colchester United;1637076076;moneyline;home;;1.855;1.524;17.844;0;1.09;0.88;1
1637076076-spread-home--1.0-1790096056;2026-09-22T16:54:16.840270+00:00;2026-09-22T16:54:16.840270+00:00;England - EFL Trophy;Peterborough United vs Colchester United;1637076076;spread;home;-1.0;1.926;1.847;4.102;0;1.09;0.88;1
1637076076-spread-away-1.0-1790096056;2026-09-22T16:54:16.840270+00:00;2026-09-22T16:54:16.840270+00:00;England - EFL Trophy;Peterborough United vs Colchester United;1637076076;spread;away;1.0;1.99;1.813;8.894;0;1.09;0.88;1
1637067851-moneyline-home--1790096056;2026-09-22T16:54:16.840270+00:00;2026-09-22T16:54:16.840270+00:00;England - EFL Trophy;Wigan Athletic vs Blackpool;1637067851;moneyline;home;;2.86;2.82;1.399;0;1.09;0.88;1
1637067772-moneyline-away--1790096056;2026-09-22T16:54:16.840270+00:00;2026-09-22T16:54:16.840270+00:00;England - EFL Trophy;Chesterfield vs Port Vale;1637067772;moneyline;away;;3.14;2.46;21.656;0;1.09;0.88;1
1637067772-moneyline-draw--1790096056;2026-09-22T16:54:16.840270+00:00;2026-09-22T16:54:16.840270+00:00;England - EFL Trophy;Chesterfield vs Port Vale;1637067772;moneyline;draw;;3.63;3.58;1.377;0;1.09;0.88;1
1637155305-moneyline-home--1790096056;2026-09-22T16:54:16.840270+00:00;2026-09-22T16:54:16.840270+00:00;England - EFL Trophy;Bromley vs Brentford U21;1637155305;moneyline;home;;2.06;1.909;7.33;0;1.59;1.38;1
1637155305-spread-home--0.5-1790096056;2026-09-22T16:54:16.840270+00:00;2026-09-22T16:54:16.840270+00:00;England - EFL Trophy;Bromley vs Brentford U21;1637155305;spread;home;-0.5;1.98;1.917;3.182;0;1.59;1.38;1
1637157137-total-over-3.5-1790096056;2026-09-22T16:54:16.840270+00:00;2026-09-22T16:54:16.840270+00:00;England - EFL Trophy;Accrington Stanley vs Sunderland U21;1637157137;total;over;3.5;1.926;1.862;3.323;0;1.09;0.88;1
1636688789-moneyline-away--1790096056;2026-09-22T16:54:16.840270+00:00;2026-09-22T16:54:16.840270+00:00;Romania - Liga 2;ASA Targu Mures vs CS Dinamo Bucharest;1636688789;moneyline;away;;14.86;12.38;16.689;0;0.09;0;1
1636688835-moneyline-home--1790096056;2026-09-22T16:54:16.840270+00:00;2026-09-22T16:54:16.840270+00:00;England - Isthmian Premier League;Three Bridges vs Leatherhead;1636688835;moneyline;home;;2.99;2.95;1.338;0;1.84;1.63;1
1636688835-spread-home-0.5-1790096056;2026-09-22T16:54:16.840270+00:00;2026-09-22T16:54:16.840270+00:00;England - Isthmian Premier League;Three Bridges vs Leatherhead;1636688835;spread;home;0.5;1.787;1.769;1.007;0;1.84;1.63;1
1637069527-moneyline-away--1790095403;2026-09-22T16:43:23.257055+00:00;2026-09-22T16:57:53.701940+00:00;England - EFL Trophy;York City vs Rotherham United;1637069527;moneyline;away;;2.9;2.31;20.345;14.51;1.28;1.07;2
1637064578-spread-home--2.5-1790096273;2026-09-22T16:57:53.701940+00:00;2026-09-22T16:57:53.701940+00:00;England - EFL Trophy;Leicester City vs Fulham U21;1637064578;spread;home;-2.5;1.99;1.862;6.432;0;1.03;0.82;1
1637090737-moneyline-home--1790096273;2026-09-22T16:57:53.701940+00:00;2026-09-22T16:57:53.701940+00:00;England - EFL Trophy;Swindon Town vs Newport County;1637090737;moneyline;home;;1.962;1.885;3.925;0;1.03;0.82;1
1637069525-moneyline-home--1790096273;2026-09-22T16:57:53.701940+00:00;2026-09-22T16:57:53.701940+00:00;England - EFL Trophy;Notts County vs Grimsby Town;1637069525;moneyline;home;;2.69;2.65;1.487;0;1.03;0.82;1
1637053207-moneyline-away--1790096273;2026-09-22T16:57:53.701940+00:00;2026-09-22T16:57:53.701940+00:00;England - EFL Trophy;Cheltenham Town vs Exeter City;1637053207;moneyline;away;;2.89;2.63;8.997;0;1.03;0.82;1
1637053207-spread-away--0.0-1790096273;2026-09-22T16:57:53.701940+00:00;2026-09-22T16:57:53.701940+00:00;England - EFL Trophy;Cheltenham Town vs Exeter City;1637053207;spread;away;-0.0;2.08;1.935;6.971;0;1.03;0.82;1
1637067771-moneyline-away--1790096273;2026-09-22T16:57:53.701940+00:00;2026-09-22T16:57:53.701940+00:00;England - EFL Trophy;Gillingham vs Cambridge United;1637067771;moneyline;away;;2.14;1.649;22.944;0;1.03;0.82;1
1637086523-moneyline-away--1790096273;2026-09-22T16:57:53.701940+00:00;2026-09-22T16:57:53.701940+00:00;England - EFL Trophy;Walsall vs Stevenage;1637086523;moneyline;away;;2.54;2.17;14.567;0;1.03;0.82;1
1636937809-moneyline-home--1790095403;2026-09-22T16:43:23.257055+00:00;2026-09-22T17:01:35.505775+00:00;England - EFL Trophy;MK Dons vs Crawley Town;1636937809;moneyline;home;;1.301;1.254;3.613;18.2;1.28;1.07;2
1636688797-moneyline-away--1790095615;2026-09-22T16:46:55.995695+00:00;2026-09-22T17:01:35.505775+00:00;Qatar - Stars Cup;Muaither vs Al Khor;1636688797;moneyline;away;;3.59;2.91;18.942;14.66;0.46;0.26;2
1636688797-moneyline-draw--1790095615;2026-09-22T16:46:55.995695+00:00;2026-09-22T17:01:35.505775+00:00;Qatar - Stars Cup;Muaither vs Al Khor;1636688797;moneyline;draw;;3.9;3.62;7.179;14.66;0.46;0.26;2
1636688798-moneyline-away--1790095615;2026-09-22T16:46:55.995695+00:00;2026-09-22T17:01:35.505775+00:00;Qatar - Stars Cup;Al Mesaimeer vs Al Waab;1636688798;moneyline;away;;2.43;2.16;11.111;14.66;0.46;0.26;2
1636768959-spread-away--0.0-1790095615;2026-09-22T16:46:55.995695+00:00;2026-09-22T17:01:35.505775+00:00;Colombia - Primera B;Atletico Cali vs Tigres;1636768959;spread;away;-0.0;1.862;1.769;4.995;14.66;4.21;4.0;2
1637090761-moneyline-away--1790096495;2026-09-22T17:01:35.505775+00:00;2026-09-22T17:01:35.505775+00:00;England - EFL Trophy;Plymouth Argyle vs Crystal Palace U21;1637090761;moneyline;away;;8.54;7.77;9.016;0;0.97;0.77;1
1637090761-moneyline-draw--1790096495;2026-09-22T17:01:35.505775+00:00;2026-09-22T17:01:35.505775+00:00;England - EFL Trophy;Plymouth Argyle vs Crystal Palace U21;1637090761;moneyline;draw;;6.2;5.89;5.0;0;0.97;0.77;1
1636709493-moneyline-draw--1790096495;2026-09-22T17:01:35.505775+00:00;2026-09-22T17:01:35.505775+00:00;Scotland - Challenge Cup;Formartine United vs Montrose;1636709493;moneyline;draw;;3.67;3.63;1.09;0;1.72;1.51;1
1636688825-moneyline-home--1790096495;2026-09-22T17:01:35.505775+00:00;2026-09-22T17:01:35.505775+00:00;England - Isthmian Division 1 North;Hashtag United vs Walthamstow;1636688825;moneyline;home;;1.191;1.148;3.61;0;1.71;1.51;1
1636688825-spread-home--2.0-1790096495;2026-09-22T17:01:35.505775+00:00;2026-09-22T17:01:35.505775+00:00;England - Isthmian Division 1 North;Hashtag United vs Walthamstow;1636688825;spread;home;-2.0;1.962;1.769;9.837;0;1.71;1.51;1
1636688825-total-over-3.5-1790096495;2026-09-22T17:01:35.505775+00:00;2026-09-22T17:01:35.505775+00:00;England - Isthmian Division 1 North;Hashtag United vs Walthamstow;1636688825;total;over;3.5;1.909;1.82;4.662;0;1.71;1.51;1
1636768959-spread-home-0.0-1790096714;2026-09-22T17:05:14.894444+00:00;2026-09-22T17:05:14.894444+00:00;Colombia - Primera B;Atletico Cali vs Tigres;1636768959;spread;home;0.0;1.971;1.943;1.421;0;3.91;3.71;1
1637090737-spread-home--0.5-1790096714;2026-09-22T17:05:14.894444+00:00;2026-09-22T17:05:14.894444+00:00;England - EFL Trophy;Swindon Town vs Newport County;1637090737;spread;home;-0.5;1.893;1.787;5.6;0;0.91;0.7;1
1636713985-moneyline-away--1790096714;2026-09-22T17:05:14.894444+00:00;2026-09-22T17:05:14.894444+00:00;Scotland - Challenge Cup;Dumbarton vs Kilmarnock B;1636713985;moneyline;away;;3.53;3.33;5.666;0;1.66;1.45;1
1636713985-moneyline-draw--1790096714;2026-09-22T17:05:14.894444+00:00;2026-09-22T17:05:14.894444+00:00;Scotland - Challenge Cup;Dumbarton vs Kilmarnock B;1636713985;moneyline;draw;;4.17;3.98;4.556;0;1.66;1.45;1
1636713985-total-under-3.5-1790096714;2026-09-22T17:05:14.894444+00:00;2026-09-22T17:05:14.894444+00:00;Scotland - Challenge Cup;Dumbarton vs Kilmarnock B;1636713985;total;under;3.5;1.84;1.82;1.087;0;1.66;1.45;1
1637190756-moneyline-away--1790096714;2026-09-22T17:05:14.894444+00:00;2026-09-22T17:05:14.894444+00:00;England - FA Cup Qualification;Farnborough vs Uxbridge;1637190756;moneyline;away;;3.85;3.47;9.87;0;1.65;1.45;1
1637190756-moneyline-draw--1790096714;2026-09-22T17:05:14.894444+00:00;2026-09-22T17:05:14.894444+00:00;England - FA Cup Qualification;Farnborough vs Uxbridge;1637190756;moneyline;draw;;4.41;4.21;4.535;0;1.65;1.45;1
1636918786-moneyline-away--1790096714;2026-09-22T17:05:14.894444+00:00;2026-09-22T17:05:14.894444+00:00;England - Northern League Division 1;Liversedge vs Silsden;1636918786;moneyline;away;;3.2;3.07;4.063;0;1.65;1.44;1
1636918786-spread-away-0.5-1790096714;2026-09-22T17:05:14.894444+00:00;2026-09-22T17:05:14.894444+00:00;England - Northern League Division 1;Liversedge vs Silsden;1636918786;spread;away;0.5;1.877;1.82;3.037;0;1.65;1.44;1
1636920011-moneyline-home--1790096714;2026-09-22T17:05:14.894444+00:00;2026-09-22T17:05:14.894444+00:00;England - Northern League Division 1;Chasetown vs Padiham;1636920011;moneyline;home;;1.474;1.452;1.493;0;1.65;1.44;1
1636920011-spread-home--1.0-1790096714;2026-09-22T17:05:14.894444+00:00;2026-09-22T17:05:14.894444+00:00;England - Northern League Division 1;Chasetown vs Padiham;1636920011;spread;home;-1.0;1.813;1.769;2.427;0;1.65;1.44;1
1637131526-moneyline-home--1790096930;2026-09-22T17:08:50.559587+00:00;2026-09-22T17:08:50.559587+00:00;England - FA Cup Qualification;Truro City vs Merthyr Town;1637131526;moneyline;home;;2.07;1.833;11.449;0;1.59;1.39;1
1637131526-spread-home--0.5-1790096930;2026-09-22T17:08:50.559587+00:00;2026-09-22T17:08:50.559587+00:00;England - FA Cup Qualification;Truro City vs Merthyr Town;1637131526;spread;home;-0.5;1.952;1.84;5.738;0;1.59;1.39;1
1636688835-moneyline-away--1790096930;2026-09-22T17:08:50.559587+00:00;2026-09-22T17:08:50.559587+00:00;England - Isthmian Premier League;Three Bridges vs Leatherhead;1636688835;moneyline;away;;1.962;1.926;1.835;0;1.59;1.38;1
1636688835-spread-away--0.5-1790096930;2026-09-22T17:08:50.559587+00:00;2026-09-22T17:08:50.559587+00:00;England - Isthmian Premier League;Three Bridges vs Leatherhead;1636688835;spread;away;-0.5;1.971;1.935;1.826;0;1.59;1.38;1
