timestamp;league;match;market;side;points;old_odd;new_odd;movement_pct;hours_until_match;matchup_id
2026-09-12T22:20:33.943527+00:00;Argentina - Liga Pro;Talleres de Cordoba vs Union de Santa Fe;spread;away;-0.0;2.34;1.98;15.38;0.70;1635205034
2026-09-12T22:20:58.234382+00:00;Brazil - Serie A;Botafogo FR RJ vs Bragantino;spread;away;0.5;1.943;1.775;8.65;1.19;1635255918
2026-09-12T22:21:03.754573+00:00;USA - Major League Soccer;Colorado Rapids vs CF Montreal;total;over;4.5;2.03;1.943;4.29;3.19;1635453132
2026-09-12T22:21:06.138230+00:00;USA - Major League Soccer;Inter Miami vs Nashville SC;spread;home;-0.5;2.06;1.893;8.11;1.19;1635452399
2026-09-12T22:21:07.169008+00:00;USA - Major League Soccer;St Louis City SC vs Minnesota United;spread;home;-0.5;2.07;1.813;12.42;2.19;1635453123
2026-09-12T22:21:10.619016+00:00;USA - Major League Soccer;San Jose Earthquakes vs Houston Dynamo;spread;away;0.5;1.943;1.781;8.34;4.19;1635455546
2026-09-12T22:21:10.620404+00:00;USA - Major League Soccer;San Jose Earthquakes vs Houston Dynamo;spread;away;-0.0;2.04;1.725;15.44;4.19;1635455546
2026-09-12T22:21:11.533528+00:00;Chile - Primera Division;Palestino vs Universidad Catolica;spread;home;0.0;2.08;1.763;15.24;0.69;1635957224
2026-09-12T22:21:12.854430+00:00;Netherlands - Eredivisie;Excelsior vs FC Utrecht;spread;away;0.5;1.98;1.735;12.37;11.94;1635196875
2026-09-12T22:21:18.317571+00:00;Korea Republic - K League 2;Gyeongnam vs Seongnam FC;spread;home;0.0;1.99;1.794;9.85;9.18;1635957877
2026-09-12T22:21:18.860673+00:00;Korea Republic - K League 2;Busan IPark vs Gimhae;spread;home;-1.0;2.07;1.758;15.07;11.68;1635985089
2026-09-12T22:21:19.797732+00:00;Korea Republic - K League 2;Suwon FC vs Cheonan City;spread;home;-0.5;2.11;1.714;18.77;11.68;1635980452
2026-09-12T22:21:34.394160+00:00;USA - USL Championship;Phoenix Rising vs FC Tulsa;spread;home;-0.5;1.99;1.769;11.11;3.68;1635932686
2026-09-12T22:21:36.200628+00:00;USA - USL Championship;Hartford Athletic vs Tampa Bay Rowdies;spread;away;-0.5;2.04;1.781;12.70;0.68;1635941159
2026-09-12T22:21:41.778963+00:00;USA - USL Championship;Sporting Club Jacksonville vs Rhode Island;spread;away;-1.0;1.99;1.769;11.11;0.68;1635941032
2026-09-12T22:21:48.795445+00:00;Colombia - Primera A;Alianza Valledupar vs Junior de Barranquilla;spread;home;0.0;2.17;1.826;15.85;3.01;1635812874
2026-09-12T22:21:51.769149+00:00;Japan - J League;Tokyo Verdy vs JEF United Chiba;spread;away;0.5;1.943;1.775;8.65;10.67;1635957306
2026-09-12T22:21:52.765495+00:00;Japan - J League;Urawa Red Diamonds vs Fagiano Okayama;spread;away;-0.0;2.16;1.752;18.89;11.17;1635980440
2026-09-12T22:22:16.522227+00:00;Austria - 2. Liga;FC Liefering vs St Polten;spread;away;-0.5;2.05;1.833;10.59;10.17;1635255906
2026-09-12T22:22:22.253644+00:00;Indonesia - Super League;Persita Tangerang vs Java United;spread;home;0.0;1.909;1.741;8.80;10.17;1635957919
2026-09-12T22:28:43.066417+00:00;Japan - J League;Tokyo Verdy vs JEF United Chiba;spread;away;0.5;1.943;1.775;8.65;10.57;1635957306
2026-09-12T22:28:43.695958+00:00;Japan - J League;Urawa Red Diamonds vs Fagiano Okayama;spread;away;-0.0;2.16;1.752;18.89;11.07;1635980440
2026-09-12T22:28:51.168248+00:00;Austria - 2. Liga;FC Liefering vs St Polten;spread;away;-0.5;2.05;1.833;10.59;10.06;1635255906
2026-09-12T22:28:59.976208+00:00;Colombia - Primera A;Alianza Valledupar vs Junior de Barranquilla;spread;home;0.0;2.17;1.826;15.85;2.89;1635812874
2026-09-12T22:29:05.975081+00:00;Indonesia - Super League;Persita Tangerang vs Java United;spread;home;0.0;1.909;1.741;8.80;10.05;1635957919
2026-09-12T22:47:24.592771+00:00;Brazil - Serie A;Botafogo FR RJ vs Bragantino;spread;home;-0.5;2.0;1.826;8.70;0.75;1635255918
2026-09-12T22:47:34.669547+00:00;USA - Major League Soccer;Colorado Rapids vs CF Montreal;total;over;4.5;2.03;1.943;4.29;2.75;1635453132
2026-09-12T22:47:35.169222+00:00;USA - Major League Soccer;St Louis City SC vs Minnesota United;spread;home;-0.5;2.07;1.82;12.08;1.75;1635453123
2026-09-12T22:47:40.173733+00:00;USA - Major League Soccer;San Jose Earthquakes vs Houston Dynamo;spread;away;0.5;1.943;1.781;8.34;3.75;1635455546
2026-09-12T22:47:40.174334+00:00;USA - Major League Soccer;San Jose Earthquakes vs Houston Dynamo;spread;away;-0.0;2.04;1.725;15.44;3.75;1635455546
2026-09-12T22:47:42.448148+00:00;Austria - 2. Liga;FC Liefering vs St Polten;spread;away;-0.5;2.05;1.833;10.59;9.75;1635255906
2026-09-12T22:48:31.765645+00:00;Netherlands - Eredivisie;Excelsior vs FC Utrecht;spread;away;0.5;1.98;1.735;12.37;11.48;1635196875
2026-09-12T22:48:34.802027+00:00;USA - USL Championship;Hartford Athletic vs Tampa Bay Rowdies;spread;away;-0.5;2.0;1.775;11.25;0.23;1635941159
2026-09-12T22:48:36.762979+00:00;USA - USL Championship;Phoenix Rising vs FC Tulsa;spread;home;-0.5;1.99;1.769;11.11;3.23;1635932686
2026-09-12T22:48:47.587612+00:00;Chile - Primera Division;Palestino vs Universidad Catolica;spread;home;0.0;2.2;1.763;19.86;0.23;1635957224
2026-09-12T22:48:48.208035+00:00;Japan - J League;Urawa Red Diamonds vs Fagiano Okayama;spread;away;-0.0;2.16;1.741;19.40;10.73;1635980440
2026-09-12T22:48:49.339208+00:00;Japan - J League;Tokyo Verdy vs JEF United Chiba;spread;away;0.5;1.943;1.775;8.65;10.23;1635957306
2026-09-12T22:49:06.262129+00:00;Mexico - Liga MX;Deportivo Toluca vs Atlas;spread;home;-1.5;2.06;1.893;8.11;0.22;1635389180
2026-09-12T22:49:10.595037+00:00;Colombia - Primera A;Alianza Valledupar vs Junior de Barranquilla;spread;home;0.0;2.17;1.826;15.85;2.56;1635812874
2026-09-12T22:49:39.290013+00:00;Korea Republic - K League 2;Gyeongnam vs Seongnam FC;spread;home;0.0;1.99;1.794;9.85;8.72;1635957877
2026-09-12T22:49:40.480948+00:00;Korea Republic - K League 2;Busan IPark vs Gimhae;spread;home;-1.0;2.07;1.758;15.07;11.22;1635985089
2026-09-12T22:49:41.223665+00:00;Korea Republic - K League 2;Suwon FC vs Cheonan City;spread;home;-0.5;2.11;1.714;18.77;11.22;1635980452
2026-09-12T22:49:43.723990+00:00;Indonesia - Super League;Persita Tangerang vs Java United;spread;home;0.0;1.909;1.741;8.80;9.71;1635957919
2026-09-12T22:54:29.731013+00:00;Brazil - Serie A;Botafogo FR RJ vs Bragantino;spread;away;0.5;1.943;1.775;8.65;0.63;1635255918
2026-09-12T22:54:29.731605+00:00;Brazil - Serie A;Botafogo FR RJ vs Bragantino;spread;home;-0.5;2.0;1.826;8.70;0.63;1635255918
2026-09-12T22:54:46.997598+00:00;USA - Major League Soccer;Colorado Rapids vs CF Montreal;total;under;4.5;1.847;1.735;6.06;2.63;1635453132
2026-09-12T22:54:46.998230+00:00;USA - Major League Soccer;Colorado Rapids vs CF Montreal;total;over;4.5;2.03;1.943;4.29;2.63;1635453132
2026-09-12T22:54:50.677754+00:00;USA - Major League Soccer;Inter Miami vs Nashville SC;total;under;3.5;2.02;1.909;5.50;0.63;1635452399
2026-09-12T22:54:51.558729+00:00;USA - Major League Soccer;St Louis City SC vs Minnesota United;spread;home;-0.5;2.07;1.82;12.08;1.63;1635453123
2026-09-12T22:54:56.694641+00:00;USA - Major League Soccer;San Jose Earthquakes vs Houston Dynamo;spread;home;0.0;2.04;1.833;10.15;3.63;1635455546
2026-09-12T22:54:56.695337+00:00;USA - Major League Soccer;San Jose Earthquakes vs Houston Dynamo;spread;home;-0.5;1.98;1.82;8.08;3.63;1635455546
2026-09-12T22:54:56.695824+00:00;USA - Major League Soccer;San Jose Earthquakes vs Houston Dynamo;spread;away;0.5;1.943;1.781;8.34;3.63;1635455546
2026-09-12T22:54:56.696340+00:00;USA - Major League Soccer;San Jose Earthquakes vs Houston Dynamo;spread;away;-0.0;2.04;1.741;14.66;3.63;1635455546
2026-09-12T22:54:59.708560+00:00;Austria - 2. Liga;FC Liefering vs St Polten;spread;away;-0.5;2.05;1.833;10.59;9.63;1635255906
2026-09-12T22:55:48.484706+00:00;Netherlands - Eredivisie;Excelsior vs FC Utrecht;spread;home;-0.5;2.03;1.781;12.27;11.36;1635196875
2026-09-12T22:55:48.485380+00:00;Netherlands - Eredivisie;Excelsior vs FC Utrecht;spread;away;0.5;1.98;1.735;12.37;11.36;1635196875
2026-09-12T22:55:56.665218+00:00;USA - USL Championship;Hartford Athletic vs Tampa Bay Rowdies;spread;away;-0.5;2.0;1.775;11.25;0.11;1635941159
2026-09-12T22:56:01.649713+00:00;USA - USL Championship;Phoenix Rising vs FC Tulsa;spread;home;-0.5;1.99;1.769;11.11;3.11;1635932686
2026-09-12T22:56:07.293339+00:00;USA - USL Championship;Sporting Club Jacksonville vs Rhode Island;spread;away;-1.0;1.99;1.769;11.11;0.11;1635941032
2026-09-12T22:56:15.528468+00:00;Japan - J League;Urawa Red Diamonds vs Fagiano Okayama;spread;home;0.0;2.02;1.752;13.27;10.61;1635980440
2026-09-12T22:56:15.529076+00:00;Japan - J League;Urawa Red Diamonds vs Fagiano Okayama;spread;away;-0.0;2.16;1.741;19.40;10.61;1635980440
2026-09-12T22:56:20.423190+00:00;Japan - J League;Tokyo Verdy vs JEF United Chiba;spread;away;0.5;1.943;1.775;8.65;10.11;1635957306
2026-09-12T22:56:36.277867+00:00;Mexico - Liga MX;Deportivo Toluca vs Atlas;spread;home;-1.5;2.06;1.893;8.11;0.11;1635389180
2026-09-12T22:56:45.679223+00:00;Colombia - Primera A;Alianza Valledupar vs Junior de Barranquilla;spread;away;-0.0;1.952;1.637;16.14;2.44;1635812874
2026-09-12T22:56:45.679980+00:00;Colombia - Primera A;Alianza Valledupar vs Junior de Barranquilla;spread;home;0.0;2.17;1.826;15.85;2.44;1635812874
2026-09-12T22:56:49.653821+00:00;Colombia - Primera A;Boyaca Chico vs Independiente Medellin;spread;away;-0.5;2.06;1.84;10.68;0.27;1635842414
2026-09-12T22:57:18.230941+00:00;Korea Republic - K League 2;Gyeongnam vs Seongnam FC;spread;home;0.0;1.99;1.794;9.85;8.60;1635957877
2026-09-12T22:57:19.532243+00:00;Korea Republic - K League 2;Suwon FC vs Cheonan City;spread;away;0.5;2.01;1.746;13.13;11.10;1635980452
2026-09-12T22:57:19.532921+00:00;Korea Republic - K League 2;Suwon FC vs Cheonan City;spread;home;-0.5;2.11;1.714;18.77;11.10;1635980452
2026-09-12T22:57:25.497697+00:00;Indonesia - Super League;Persita Tangerang vs Java United;spread;home;0.0;1.909;1.741;8.80;9.60;1635957919
2026-09-12T23:02:05.406665+00:00;Netherlands - Eredivisie;Excelsior vs FC Utrecht;spread;home;-0.5;2.03;1.781;12.27;11.26;1635196875
2026-09-12T23:02:09.480459+00:00;Netherlands - Eredivisie;Excelsior vs FC Utrecht;spread;away;0.5;1.98;1.735;12.37;11.26;1635196875
2026-09-12T23:02:14.003302+00:00;Indonesia - Super League;Persita Tangerang vs Java United;spread;home;0.0;1.909;1.741;8.80;9.50;1635957919
2026-09-12T23:02:20.921837+00:00;Mexico - Liga MX;Deportivo Toluca vs Atlas;spread;home;-1.5;2.06;1.862;9.61;0.00;1635389180
2026-09-12T23:02:45.746371+00:00;Czech Republic - First Liga;Banik Ostrava vs Pardubice;spread;home;-0.5;1.971;1.746;11.42;12.00;1635941036
2026-09-12T23:02:51.655684+00:00;Andorra - Premier Division;Ordino vs Casa de Portugal;spread;away;-0.0;2.0;1.73;13.50;10.00;1635957397
2026-09-12T23:02:55.745730+00:00;USA - Major League Soccer;Colorado Rapids vs CF Montreal;total;under;4.5;1.847;1.735;6.06;2.49;1635453132
2026-09-12T23:02:55.746417+00:00;USA - Major League Soccer;Colorado Rapids vs CF Montreal;total;over;4.5;2.03;1.943;4.29;2.49;1635453132
2026-09-12T23:03:00.954491+00:00;USA - Major League Soccer;St Louis City SC vs Minnesota United;spread;home;-0.5;2.07;1.82;12.08;1.49;1635453123
2026-09-12T23:03:02.048237+00:00;USA - Major League Soccer;San Jose Earthquakes vs Houston Dynamo;spread;home;0.0;2.02;1.833;9.26;3.49;1635455546
2026-09-12T23:03:02.048938+00:00;USA - Major League Soccer;San Jose Earthquakes vs Houston Dynamo;spread;home;0.0;2.02;1.84;8.91;3.49;1635455546
2026-09-12T23:03:02.049460+00:00;USA - Major League Soccer;San Jose Earthquakes vs Houston Dynamo;spread;home;-0.5;1.98;1.82;8.08;3.49;1635455546
2026-09-12T23:03:02.050033+00:00;USA - Major League Soccer;San Jose Earthquakes vs Houston Dynamo;spread;away;0.5;1.943;1.781;8.34;3.49;1635455546
2026-09-12T23:03:02.050628+00:00;USA - Major League Soccer;San Jose Earthquakes vs Houston Dynamo;spread;away;-0.0;2.04;1.741;14.66;3.49;1635455546
2026-09-12T23:03:07.019348+00:00;USA - USL Championship;Phoenix Rising vs FC Tulsa;spread;home;-0.5;1.99;1.769;11.11;2.99;1635932686
2026-09-12T23:03:10.713493+00:00;Austria - 2. Liga;FC Liefering vs St Polten;spread;away;-0.5;2.05;1.833;10.59;9.49;1635255906
2026-09-12T23:03:27.880800+00:00;Colombia - Primera A;Alianza Valledupar vs Junior de Barranquilla;spread;away;-0.0;1.952;1.637;16.14;2.32;1635812874
2026-09-12T23:03:31.129278+00:00;Colombia - Primera A;Alianza Valledupar vs Junior de Barranquilla;spread;home;0.0;2.17;1.826;15.85;2.32;1635812874
2026-09-12T23:03:31.129868+00:00;Colombia - Primera A;Alianza Valledupar vs Junior de Barranquilla;spread;home;0.0;2.17;1.775;18.20;2.32;1635812874
2026-09-12T23:03:31.837173+00:00;Colombia - Primera A;Boyaca Chico vs Independiente Medellin;spread;away;-0.5;2.06;1.84;10.68;0.15;1635842414
2026-09-12T23:03:42.280944+00:00;Brazil - Serie A;Botafogo FR RJ vs Bragantino;spread;away;0.5;1.943;1.775;8.65;0.48;1635255918
2026-09-12T23:03:46.514675+00:00;Brazil - Serie A;Botafogo FR RJ vs Bragantino;spread;home;-0.5;2.0;1.826;8.70;0.48;1635255918
2026-09-12T23:04:07.947600+00:00;Korea Republic - K League 2;Suwon FC vs Cheonan City;spread;away;0.5;2.01;1.746;13.13;10.97;1635980452
2026-09-12T23:04:11.072035+00:00;Korea Republic - K League 2;Suwon FC vs Cheonan City;spread;home;-0.5;2.11;1.714;18.77;10.97;1635980452
2026-09-12T23:04:12.273555+00:00;Korea Republic - K League 2;Gyeongnam vs Seongnam FC;spread;home;0.0;1.99;1.794;9.85;8.47;1635957877
2026-09-12T23:04:12.939401+00:00;Korea Republic - K League 2;Busan IPark vs Gimhae;spread;home;-1.0;2.07;1.758;15.07;10.97;1635985089
2026-09-12T23:04:41.897178+00:00;Japan - J League;Tokyo Verdy vs JEF United Chiba;spread;away;0.5;1.943;1.775;8.65;9.97;1635957306
2026-09-12T23:04:42.883228+00:00;Japan - J League;Urawa Red Diamonds vs Fagiano Okayama;spread;home;0.0;2.02;1.752;13.27;10.47;1635980440
2026-09-12T23:04:45.936461+00:00;Japan - J League;Urawa Red Diamonds vs Fagiano Okayama;spread;away;-0.0;2.16;1.741;19.40;10.47;1635980440
2026-09-12T23:09:29.810391+00:00;Netherlands - Eredivisie;Excelsior vs FC Utrecht;spread;home;-0.5;2.03;1.781;12.27;11.13;1635196875
2026-09-12T23:09:29.811017+00:00;Netherlands - Eredivisie;Excelsior vs FC Utrecht;spread;away;0.5;1.98;1.735;12.37;11.13;1635196875
2026-09-12T23:09:34.439798+00:00;Indonesia - Super League;Persita Tangerang vs Java United;spread;home;0.0;1.909;1.741;8.80;9.38;1635957919
2026-09-12T23:10:01.399166+00:00;Czech Republic - First Liga;Banik Ostrava vs Pardubice;spread;home;-0.5;1.98;1.746;11.82;11.88;1635941036
2026-09-12T23:10:16.983797+00:00;USA - Major League Soccer;Colorado Rapids vs CF Montreal;total;under;4.5;1.847;1.735;6.06;2.37;1635453132
2026-09-12T23:10:16.984632+00:00;USA - Major League Soccer;Colorado Rapids vs CF Montreal;total;over;4.5;2.03;1.943;4.29;2.37;1635453132
2026-09-12T23:10:18.643927+00:00;USA - Major League Soccer;St Louis City SC vs Minnesota United;spread;home;-0.5;2.07;1.82;12.08;1.37;1635453123
2026-09-12T23:10:21.338718+00:00;USA - Major League Soccer;San Jose Earthquakes vs Houston Dynamo;spread;home;0.0;2.02;1.833;9.26;3.37;1635455546
2026-09-12T23:10:21.339505+00:00;USA - Major League Soccer;San Jose Earthquakes vs Houston Dynamo;spread;home;0.0;2.02;1.84;8.91;3.37;1635455546
2026-09-12T23:10:21.339923+00:00;USA - Major League Soccer;San Jose Earthquakes vs Houston Dynamo;spread;home;-0.5;1.98;1.82;8.08;3.37;1635455546
2026-09-12T23:10:21.340413+00:00;USA - Major League Soccer;San Jose Earthquakes vs Houston Dynamo;spread;away;0.5;1.943;1.781;8.34;3.37;1635455546
2026-09-12T23:10:21.340856+00:00;USA - Major League Soccer;San Jose Earthquakes vs Houston Dynamo;spread;away;-0.0;2.04;1.741;14.66;3.37;1635455546
2026-09-12T23:10:29.789817+00:00;USA - USL Championship;Phoenix Rising vs FC Tulsa;spread;home;-0.5;1.99;1.769;11.11;2.87;1635932686
2026-09-12T23:10:32.704758+00:00;Austria - 2. Liga;FC Liefering vs St Polten;spread;away;-0.5;2.05;1.833;10.59;9.37;1635255906
2026-09-12T23:10:49.427149+00:00;Colombia - Primera A;Alianza Valledupar vs Junior de Barranquilla;spread;away;-0.0;1.952;1.637;16.14;2.19;1635812874
2026-09-12T23:10:49.427761+00:00;Colombia - Primera A;Alianza Valledupar vs Junior de Barranquilla;spread;home;0.0;2.17;1.826;15.85;2.19;1635812874
2026-09-12T23:10:49.428327+00:00;Colombia - Primera A;Alianza Valledupar vs Junior de Barranquilla;spread;home;0.0;2.17;1.775;18.20;2.19;1635812874
2026-09-12T23:10:49.905438+00:00;Colombia - Primera A;Boyaca Chico vs Independiente Medellin;spread;away;-0.5;2.02;1.84;8.91;0.03;1635842414
2026-09-12T23:10:55.968735+00:00;Brazil - Serie A;Botafogo FR RJ vs Bragantino;spread;away;0.5;1.943;1.775;8.65;0.36;1635255918
2026-09-12T23:10:55.969378+00:00;Brazil - Serie A;Botafogo FR RJ vs Bragantino;spread;home;-0.5;2.0;1.826;8.70;0.36;1635255918
2026-09-12T23:11:16.421513+00:00;Korea Republic - K League 2;Suwon FC vs Cheonan City;spread;away;0.5;2.01;1.746;13.13;10.85;1635980452
2026-09-12T23:11:16.422178+00:00;Korea Republic - K League 2;Suwon FC vs Cheonan City;spread;home;-0.5;2.11;1.714;18.77;10.85;1635980452
2026-09-12T23:11:16.974513+00:00;Korea Republic - K League 2;Gyeongnam vs Seongnam FC;spread;home;0.0;1.99;1.794;9.85;8.35;1635957877
2026-09-12T23:11:17.695250+00:00;Korea Republic - K League 2;Busan IPark vs Gimhae;spread;home;-1.0;2.07;1.758;15.07;10.85;1635985089
2026-09-12T23:11:43.206701+00:00;Japan - J League;Tokyo Verdy vs JEF United Chiba;spread;away;0.5;1.943;1.775;8.65;9.84;1635957306
2026-09-12T23:11:43.687715+00:00;Japan - J League;Urawa Red Diamonds vs Fagiano Okayama;spread;home;0.0;2.02;1.752;13.27;10.34;1635980440
2026-09-12T23:11:43.688276+00:00;Japan - J League;Urawa Red Diamonds vs Fagiano Okayama;spread;away;-0.0;2.16;1.741;19.40;10.34;1635980440
2026-09-12T23:17:13.199037+00:00;Brazil - Serie A;Botafogo FR RJ vs Bragantino;spread;away;0.5;1.943;1.775;8.65;0.25;1635255918
2026-09-12T23:17:13.199601+00:00;Brazil - Serie A;Botafogo FR RJ vs Bragantino;spread;home;-0.5;2.0;1.826;8.70;0.25;1635255918
2026-09-12T23:17:17.098386+00:00;USA - Major League Soccer;Colorado Rapids vs CF Montreal;total;under;4.5;1.847;1.735;6.06;2.25;1635453132
2026-09-12T23:17:17.099049+00:00;USA - Major League Soccer;Colorado Rapids vs CF Montreal;total;over;4.5;2.03;1.943;4.29;2.25;1635453132
2026-09-12T23:17:18.910967+00:00;USA - Major League Soccer;St Louis City SC vs Minnesota United;spread;home;-0.5;2.07;1.82;12.08;1.25;1635453123
2026-09-12T23:17:21.492264+00:00;USA - Major League Soccer;San Jose Earthquakes vs Houston Dynamo;spread;home;0.0;2.02;1.833;9.26;3.25;1635455546
2026-09-12T23:17:21.492911+00:00;USA - Major League Soccer;San Jose Earthquakes vs Houston Dynamo;spread;home;0.0;2.02;1.84;8.91;3.25;1635455546
2026-09-12T23:17:21.493454+00:00;USA - Major League Soccer;San Jose Earthquakes vs Houston Dynamo;spread;home;-0.5;1.98;1.82;8.08;3.25;1635455546
2026-09-12T23:17:21.493980+00:00;USA - Major League Soccer;San Jose Earthquakes vs Houston Dynamo;spread;away;0.5;1.943;1.781;8.34;3.25;1635455546
2026-09-12T23:17:21.494372+00:00;USA - Major League Soccer;San Jose Earthquakes vs Houston Dynamo;spread;away;-0.0;2.04;1.741;14.66;3.25;1635455546
2026-09-12T23:17:24.433659+00:00;Netherlands - Eredivisie;Excelsior vs FC Utrecht;spread;home;-0.5;2.03;1.781;12.27;11.00;1635196875
2026-09-12T23:17:24.434275+00:00;Netherlands - Eredivisie;Excelsior vs FC Utrecht;spread;away;0.5;1.98;1.735;12.37;11.00;1635196875
2026-09-12T23:17:33.639103+00:00;Korea Republic - K League 2;Suwon FC vs Cheonan City;spread;away;0.5;2.01;1.746;13.13;10.75;1635980452
2026-09-12T23:17:33.639747+00:00;Korea Republic - K League 2;Suwon FC vs Cheonan City;spread;home;-0.5;2.11;1.769;16.16;10.75;1635980452
2026-09-12T23:17:34.758534+00:00;Korea Republic - K League 2;Gyeongnam vs Seongnam FC;spread;home;0.0;1.99;1.794;9.85;8.25;1635957877
2026-09-12T23:17:35.573774+00:00;Korea Republic - K League 2;Busan IPark vs Gimhae;spread;home;-1.0;2.07;1.758;15.07;10.75;1635985089
2026-09-12T23:17:53.021372+00:00;USA - USL Championship;Phoenix Rising vs FC Tulsa;spread;home;-0.5;1.99;1.769;11.11;2.74;1635932686
2026-09-12T23:17:56.714358+00:00;Czech Republic - First Liga;Banik Ostrava vs Pardubice;spread;home;-0.5;1.98;1.746;11.82;11.74;1635941036
2026-09-12T23:17:59.727346+00:00;Colombia - Primera A;Alianza Valledupar vs Junior de Barranquilla;spread;away;-0.0;1.952;1.637;16.14;2.07;1635812874
2026-09-12T23:17:59.728049+00:00;Colombia - Primera A;Alianza Valledupar vs Junior de Barranquilla;spread;home;0.0;2.17;1.826;15.85;2.07;1635812874
2026-09-12T23:17:59.728696+00:00;Colombia - Primera A;Alianza Valledupar vs Junior de Barranquilla;spread;home;0.0;2.17;1.775;18.20;2.07;1635812874
2026-09-12T23:18:01.899394+00:00;Japan - J League;Tokyo Verdy vs JEF United Chiba;spread;away;0.5;1.943;1.775;8.65;9.74;1635957306
2026-09-12T23:18:02.807299+00:00;Japan - J League;Urawa Red Diamonds vs Fagiano Okayama;spread;home;0.0;2.02;1.752;13.27;10.24;1635980440
2026-09-12T23:18:02.807965+00:00;Japan - J League;Urawa Red Diamonds vs Fagiano Okayama;spread;away;-0.0;2.16;1.741;19.40;10.24;1635980440
2026-09-12T23:18:34.746418+00:00;Austria - 2. Liga;FC Liefering vs St Polten;spread;away;-0.5;2.05;1.833;10.59;9.23;1635255906
2026-09-12T23:18:38.005952+00:00;Indonesia - Super League;Persita Tangerang vs Java United;spread;home;0.0;1.909;1.741;8.80;9.23;1635957919
2026-09-12T23:24:16.015800+00:00;USA - Major League Soccer;Colorado Rapids vs CF Montreal;total;under;4.5;1.847;1.735;6.06;2.13;1635453132
2026-09-12T23:24:16.016539+00:00;USA - Major League Soccer;Colorado Rapids vs CF Montreal;total;over;4.5;2.03;1.943;4.29;2.13;1635453132
2026-09-12T23:24:20.825683+00:00;USA - Major League Soccer;St Louis City SC vs Minnesota United;spread;home;-0.5;2.07;1.82;12.08;1.13;1635453123
2026-09-12T23:24:22.780371+00:00;USA - Major League Soccer;San Jose Earthquakes vs Houston Dynamo;spread;home;0.0;2.02;1.833;9.26;3.13;1635455546
2026-09-12T23:24:22.781150+00:00;USA - Major League Soccer;San Jose Earthquakes vs Houston Dynamo;spread;home;0.0;2.02;1.84;8.91;3.13;1635455546
2026-09-12T23:24:22.781771+00:00;USA - Major League Soccer;San Jose Earthquakes vs Houston Dynamo;spread;home;-0.5;1.98;1.82;8.08;3.13;1635455546
2026-09-12T23:24:22.782343+00:00;USA - Major League Soccer;San Jose Earthquakes vs Houston Dynamo;spread;away;0.5;1.943;1.781;8.34;3.13;1635455546
2026-09-12T23:24:22.782894+00:00;USA - Major League Soccer;San Jose Earthquakes vs Houston Dynamo;spread;away;-0.0;2.04;1.741;14.66;3.13;1635455546
2026-09-12T23:24:23.861208+00:00;USA - Major League Soccer;FC Cincinnati vs Charlotte FC;spread;home;0.0;1.847;1.69;8.50;0.13;1635452500
2026-09-12T23:24:24.804051+00:00;Netherlands - Eredivisie;Excelsior vs FC Utrecht;spread;home;-0.5;2.03;1.781;12.27;10.88;1635196875
2026-09-12T23:24:24.804652+00:00;Netherlands - Eredivisie;Excelsior vs FC Utrecht;spread;away;0.5;1.98;1.735;12.37;10.88;1635196875
2026-09-12T23:24:33.320039+00:00;Korea Republic - K League 2;Suwon FC vs Cheonan City;spread;away;0.5;1.952;1.746;10.55;10.63;1635980452
2026-09-12T23:24:33.320606+00:00;Korea Republic - K League 2;Suwon FC vs Cheonan City;spread;home;-0.5;2.11;1.769;16.16;10.63;1635980452
2026-09-12T23:24:45.242097+00:00;Korea Republic - K League 2;Gyeongnam vs Seongnam FC;spread;home;0.0;1.99;1.794;9.85;8.13;1635957877
2026-09-12T23:24:46.307407+00:00;Korea Republic - K League 2;Busan IPark vs Gimhae;spread;home;-1.0;2.07;1.758;15.07;10.63;1635985089
2026-09-12T23:25:01.936930+00:00;USA - USL Championship;Phoenix Rising vs FC Tulsa;spread;home;-0.5;1.99;1.769;11.11;2.62;1635932686
2026-09-12T23:25:05.112859+00:00;Czech Republic - First Liga;Banik Ostrava vs Pardubice;spread;home;-0.5;1.98;1.746;11.82;11.62;1635941036
2026-09-12T23:25:08.268665+00:00;Colombia - Primera A;Alianza Valledupar vs Junior de Barranquilla;spread;away;-0.0;1.952;1.637;16.14;1.95;1635812874
2026-09-12T23:25:08.269369+00:00;Colombia - Primera A;Alianza Valledupar vs Junior de Barranquilla;spread;home;0.0;2.17;1.826;15.85;1.95;1635812874
2026-09-12T23:25:08.269832+00:00;Colombia - Primera A;Alianza Valledupar vs Junior de Barranquilla;spread;home;0.0;2.17;1.775;18.20;1.95;1635812874
2026-09-12T23:25:22.440888+00:00;Japan - J League;Urawa Red Diamonds vs Fagiano Okayama;spread;home;0.0;2.02;1.752;13.27;10.12;1635980440
2026-09-12T23:25:22.441612+00:00;Japan - J League;Urawa Red Diamonds vs Fagiano Okayama;spread;away;-0.0;2.16;1.741;19.40;10.12;1635980440
2026-09-12T23:25:23.606666+00:00;Japan - J League;Tokyo Verdy vs JEF United Chiba;spread;away;0.5;1.943;1.775;8.65;9.62;1635957306
2026-09-12T23:25:58.085866+00:00;Austria - 2. Liga;FC Liefering vs St Polten;spread;away;-0.5;2.05;1.833;10.59;9.12;1635255906
2026-09-12T23:26:01.657547+00:00;Indonesia - Super League;Persita Tangerang vs Java United;spread;home;0.0;1.909;1.741;8.80;9.12;1635957919
2026-09-12T23:30:49.712226+00:00;Japan - J League;Urawa Red Diamonds vs Fagiano Okayama;spread;home;0.0;2.02;1.752;13.27;10.03;1635980440
2026-09-12T23:30:49.712848+00:00;Japan - J League;Urawa Red Diamonds vs Fagiano Okayama;spread;away;-0.0;2.16;1.741;19.40;10.03;1635980440
2026-09-12T23:30:50.644208+00:00;Japan - J League;Tokyo Verdy vs JEF United Chiba;spread;away;0.5;1.943;1.775;8.65;9.53;1635957306
2026-09-12T23:31:02.508114+00:00;Austria - 2. Liga;FC Liefering vs St Polten;spread;away;-0.5;2.05;1.833;10.59;9.02;1635255906
2026-09-12T23:31:15.564227+00:00;Indonesia - Super League;Persita Tangerang vs Java United;spread;home;0.0;1.909;1.741;8.80;9.02;1635957919
2026-09-12T23:31:36.157027+00:00;Czech Republic - First Liga;Banik Ostrava vs Pardubice;spread;home;-0.5;1.98;1.746;11.82;11.51;1635941036
2026-09-12T23:31:41.305703+00:00;USA - USL Championship;Phoenix Rising vs FC Tulsa;spread;home;-0.5;1.99;1.769;11.11;2.51;1635932686
2026-09-12T23:31:44.420068+00:00;USA - Major League Soccer;Colorado Rapids vs CF Montreal;total;under;4.5;1.847;1.735;6.06;2.01;1635453132
2026-09-12T23:31:44.420817+00:00;USA - Major League Soccer;Colorado Rapids vs CF Montreal;total;over;4.5;2.03;1.943;4.29;2.01;1635453132
2026-09-12T23:31:49.090145+00:00;USA - Major League Soccer;St Louis City SC vs Minnesota United;spread;home;-0.5;2.07;1.82;12.08;1.01;1635453123
2026-09-12T23:31:50.274396+00:00;USA - Major League Soccer;San Jose Earthquakes vs Houston Dynamo;spread;home;0.0;2.02;1.833;9.26;3.01;1635455546
2026-09-12T23:31:50.274946+00:00;USA - Major League Soccer;San Jose Earthquakes vs Houston Dynamo;spread;home;0.0;2.02;1.84;8.91;3.01;1635455546
2026-09-12T23:31:50.275360+00:00;USA - Major League Soccer;San Jose Earthquakes vs Houston Dynamo;spread;home;-0.5;1.98;1.82;8.08;3.01;1635455546
2026-09-12T23:31:50.275765+00:00;USA - Major League Soccer;San Jose Earthquakes vs Houston Dynamo;spread;away;0.5;1.943;1.781;8.34;3.01;1635455546
2026-09-12T23:31:50.276325+00:00;USA - Major League Soccer;San Jose Earthquakes vs Houston Dynamo;spread;away;-0.0;2.04;1.741;14.66;3.01;1635455546
2026-09-12T23:31:52.019805+00:00;USA - Major League Soccer;FC Cincinnati vs Charlotte FC;spread;home;0.0;1.847;1.69;8.50;0.01;1635452500
2026-09-12T23:32:06.002786+00:00;Netherlands - Eredivisie;Excelsior vs FC Utrecht;spread;home;-0.5;2.03;1.781;12.27;10.75;1635196875
2026-09-12T23:32:06.003510+00:00;Netherlands - Eredivisie;Excelsior vs FC Utrecht;spread;away;0.5;1.98;1.735;12.37;10.75;1635196875
2026-09-12T23:32:09.887888+00:00;Spain - Tercera Division;Utrera vs Conil;spread;home;0.0;1.935;1.735;10.34;10.50;1636439214
2026-09-12T23:33:04.957455+00:00;Korea Republic - K League 2;Suwon FC vs Cheonan City;spread;away;0.5;1.952;1.746;10.55;10.49;1635980452
2026-09-12T23:33:04.958234+00:00;Korea Republic - K League 2;Suwon FC vs Cheonan City;spread;home;-0.5;2.11;1.769;16.16;10.49;1635980452
2026-09-12T23:33:05.988513+00:00;Korea Republic - K League 2;Gyeongnam vs Seongnam FC;spread;home;0.0;1.99;1.794;9.85;7.99;1635957877
2026-09-12T23:33:06.991702+00:00;Korea Republic - K League 2;Busan IPark vs Gimhae;spread;home;-1.0;2.07;1.758;15.07;10.49;1635985089
2026-09-12T23:33:12.477031+00:00;Brazil - Serie A;Santos vs Cruzeiro;spread;away;-0.0;2.02;1.826;9.60;0.49;1635255608
2026-09-12T23:38:11.912826+00:00;Japan - J League;Tokyo Verdy vs JEF United Chiba;spread;away;0.5;1.943;1.775;8.65;9.41;1635957306
2026-09-12T23:38:12.614337+00:00;Japan - J League;Urawa Red Diamonds vs Fagiano Okayama;spread;home;0.0;2.02;1.752;13.27;9.91;1635980440
2026-09-12T23:38:12.614904+00:00;Japan - J League;Urawa Red Diamonds vs Fagiano Okayama;spread;away;-0.0;2.16;1.741;19.40;9.91;1635980440
2026-09-12T23:38:25.486855+00:00;Austria - 2. Liga;FC Liefering vs St Polten;spread;away;-0.5;2.05;1.833;10.59;8.90;1635255906
2026-09-12T23:38:41.555550+00:00;Indonesia - Super League;Persita Tangerang vs Java United;spread;home;0.0;1.909;1.741;8.80;8.90;1635957919
2026-09-12T23:39:05.126219+00:00;Czech Republic - First Liga;Banik Ostrava vs Pardubice;spread;home;-0.5;1.98;1.746;11.82;11.39;1635941036
2026-09-12T23:39:12.147078+00:00;USA - USL Championship;Phoenix Rising vs FC Tulsa;spread;home;-0.5;1.99;1.769;11.11;2.38;1635932686
2026-09-12T23:39:14.226421+00:00;USA - Major League Soccer;St Louis City SC vs Minnesota United;spread;home;-0.5;2.06;1.82;11.65;0.88;1635453123
2026-09-12T23:39:17.439684+00:00;USA - Major League Soccer;San Jose Earthquakes vs Houston Dynamo;spread;home;0.0;2.02;1.8;10.89;2.88;1635455546
2026-09-12T23:39:17.440375+00:00;USA - Major League Soccer;San Jose Earthquakes vs Houston Dynamo;spread;home;-0.5;1.98;1.82;8.08;2.88;1635455546
2026-09-12T23:39:17.440883+00:00;USA - Major League Soccer;San Jose Earthquakes vs Houston Dynamo;spread;away;0.5;1.943;1.781;8.34;2.88;1635455546
2026-09-12T23:39:17.441397+00:00;USA - Major League Soccer;San Jose Earthquakes vs Houston Dynamo;spread;away;-0.0;2.09;1.741;16.70;2.88;1635455546
2026-09-12T23:39:18.237167+00:00;USA - Major League Soccer;Colorado Rapids vs CF Montreal;total;under;4.5;1.847;1.746;5.47;1.88;1635453132
2026-09-12T23:39:18.237851+00:00;USA - Major League Soccer;Colorado Rapids vs CF Montreal;total;over;4.5;2.04;1.943;4.75;1.88;1635453132
2026-09-12T23:39:29.714968+00:00;Netherlands - Eredivisie;Excelsior vs FC Utrecht;spread;home;-0.5;2.03;1.781;12.27;10.63;1635196875
2026-09-12T23:39:29.715637+00:00;Netherlands - Eredivisie;Excelsior vs FC Utrecht;spread;away;0.5;1.98;1.735;12.37;10.63;1635196875
2026-09-12T23:40:23.740938+00:00;Korea Republic - K League 2;Suwon FC vs Cheonan City;spread;away;0.5;1.952;1.746;10.55;10.37;1635980452
2026-09-12T23:40:23.741723+00:00;Korea Republic - K League 2;Suwon FC vs Cheonan City;spread;home;-0.5;2.11;1.769;16.16;10.37;1635980452
2026-09-12T23:40:24.404959+00:00;Korea Republic - K League 2;Gyeongnam vs Seongnam FC;spread;home;0.0;1.99;1.794;9.85;7.87;1635957877
2026-09-12T23:40:25.304309+00:00;Korea Republic - K League 2;Busan IPark vs Gimhae;spread;home;-1.0;2.07;1.758;15.07;10.37;1635985089
2026-09-12T23:40:31.414776+00:00;Brazil - Serie A;Santos vs Cruzeiro;spread;away;-0.0;2.02;1.826;9.60;0.37;1635255608
2026-09-12T23:45:26.838410+00:00;Brazil - Serie A;Santos vs Cruzeiro;spread;away;-0.0;2.01;1.826;9.15;0.29;1635255608
2026-09-12T23:46:03.424786+00:00;Netherlands - Eredivisie;Excelsior vs FC Utrecht;spread;home;-0.5;2.03;1.781;12.27;10.53;1635196875
2026-09-12T23:46:03.425466+00:00;Netherlands - Eredivisie;Excelsior vs FC Utrecht;spread;away;0.5;1.98;1.735;12.37;10.53;1635196875
2026-09-12T23:46:17.821427+00:00;Czech Republic - First Liga;Banik Ostrava vs Pardubice;spread;home;-0.5;1.98;1.746;11.82;11.27;1635941036
2026-09-12T23:47:12.833021+00:00;USA - Major League Soccer;St Louis City SC vs Minnesota United;spread;home;-0.5;2.06;1.82;11.65;0.76;1635453123
2026-09-12T23:47:16.789278+00:00;USA - Major League Soccer;San Jose Earthquakes vs Houston Dynamo;spread;home;0.0;2.02;1.8;10.89;2.76;1635455546
2026-09-12T23:47:16.789849+00:00;USA - Major League Soccer;San Jose Earthquakes vs Houston Dynamo;spread;home;-0.5;1.98;1.82;8.08;2.76;1635455546
2026-09-12T23:47:16.790315+00:00;USA - Major League Soccer;San Jose Earthquakes vs Houston Dynamo;spread;away;0.5;1.943;1.781;8.34;2.76;1635455546
2026-09-12T23:47:16.790740+00:00;USA - Major League Soccer;San Jose Earthquakes vs Houston Dynamo;spread;away;-0.0;2.09;1.741;16.70;2.76;1635455546
2026-09-12T23:47:17.710440+00:00;USA - Major League Soccer;Colorado Rapids vs CF Montreal;total;under;4.5;1.847;1.746;5.47;1.76;1635453132
2026-09-12T23:47:17.711146+00:00;USA - Major League Soccer;Colorado Rapids vs CF Montreal;total;over;4.5;2.04;1.943;4.75;1.76;1635453132
2026-09-12T23:47:26.879247+00:00;Indonesia - Super League;Persita Tangerang vs Java United;spread;home;0.0;1.909;1.741;8.80;8.75;1635957919
2026-09-12T23:47:29.887652+00:00;Japan - J League;Tokyo Verdy vs JEF United Chiba;spread;away;0.5;1.943;1.775;8.65;9.25;1635957306
2026-09-12T23:47:30.762167+00:00;Japan - J League;Urawa Red Diamonds vs Fagiano Okayama;spread;home;0.0;2.02;1.752;13.27;9.75;1635980440
2026-09-12T23:47:30.762783+00:00;Japan - J League;Urawa Red Diamonds vs Fagiano Okayama;spread;away;-0.0;2.16;1.741;19.40;9.75;1635980440
2026-09-12T23:47:48.948210+00:00;Korea Republic - K League 2;Busan IPark vs Gimhae;spread;home;-1.0;2.07;1.758;15.07;10.25;1635985089
2026-09-12T23:47:49.744771+00:00;Korea Republic - K League 2;Suwon FC vs Cheonan City;spread;away;0.5;1.952;1.746;10.55;10.25;1635980452
2026-09-12T23:47:49.745381+00:00;Korea Republic - K League 2;Suwon FC vs Cheonan City;spread;home;-0.5;2.11;1.769;16.16;10.25;1635980452
2026-09-12T23:47:55.765574+00:00;Austria - 2. Liga;FC Liefering vs St Polten;spread;away;-0.5;2.05;1.833;10.59;8.75;1635255906
2026-09-12T23:47:59.751377+00:00;USA - USL Championship;Phoenix Rising vs FC Tulsa;spread;home;-0.5;1.99;1.769;11.11;2.25;1635932686
2026-09-12T23:52:48.966398+00:00;Brazil - Serie A;Santos vs Cruzeiro;spread;away;-0.0;2.01;1.826;9.15;0.16;1635255608
2026-09-12T23:53:24.497573+00:00;Netherlands - Eredivisie;Excelsior vs FC Utrecht;spread;home;-0.5;2.03;1.781;12.27;10.40;1635196875
2026-09-12T23:53:24.498240+00:00;Netherlands - Eredivisie;Excelsior vs FC Utrecht;spread;away;0.5;1.98;1.735;12.37;10.40;1635196875
2026-09-12T23:53:40.407354+00:00;Czech Republic - First Liga;Banik Ostrava vs Pardubice;spread;home;-0.5;1.98;1.746;11.82;11.15;1635941036
2026-09-12T23:54:34.926982+00:00;USA - Major League Soccer;St Louis City SC vs Minnesota United;spread;home;-0.5;2.04;1.82;10.78;0.63;1635453123
2026-09-12T23:54:37.850275+00:00;USA - Major League Soccer;Colorado Rapids vs CF Montreal;total;under;4.5;1.847;1.746;5.47;1.63;1635453132
2026-09-12T23:54:37.850856+00:00;USA - Major League Soccer;Colorado Rapids vs CF Montreal;total;over;4.5;2.04;1.943;4.75;1.63;1635453132
2026-09-12T23:54:38.505652+00:00;USA - Major League Soccer;San Jose Earthquakes vs Houston Dynamo;spread;home;0.0;2.02;1.82;9.90;2.63;1635455546
2026-09-12T23:54:38.506182+00:00;USA - Major League Soccer;San Jose Earthquakes vs Houston Dynamo;spread;home;0.0;2.02;1.826;9.60;2.63;1635455546
2026-09-12T23:54:38.506675+00:00;USA - Major League Soccer;San Jose Earthquakes vs Houston Dynamo;spread;home;-0.5;1.98;1.82;8.08;2.63;1635455546
2026-09-12T23:54:38.507106+00:00;USA - Major League Soccer;San Jose Earthquakes vs Houston Dynamo;spread;away;0.5;1.943;1.781;8.34;2.63;1635455546
2026-09-12T23:54:38.507590+00:00;USA - Major League Soccer;San Jose Earthquakes vs Houston Dynamo;spread;away;-0.0;2.05;1.758;14.24;2.63;1635455546
2026-09-12T23:54:47.259217+00:00;Indonesia - Super League;Persita Tangerang vs Java United;spread;home;0.0;1.909;1.741;8.80;8.63;1635957919
2026-09-12T23:54:50.783131+00:00;Japan - J League;Tokyo Verdy vs JEF United Chiba;spread;away;0.5;1.943;1.775;8.65;9.13;1635957306
2026-09-12T23:54:51.355146+00:00;Japan - J League;Urawa Red Diamonds vs Fagiano Okayama;spread;home;0.0;2.02;1.752;13.27;9.63;1635980440
2026-09-12T23:54:51.355740+00:00;Japan - J League;Urawa Red Diamonds vs Fagiano Okayama;spread;away;-0.0;2.16;1.741;19.40;9.63;1635980440
2026-09-12T23:55:09.318093+00:00;Korea Republic - K League 2;Busan IPark vs Gimhae;spread;home;-1.0;2.07;1.758;15.07;10.12;1635985089
2026-09-12T23:55:09.917401+00:00;Korea Republic - K League 2;Suwon FC vs Cheonan City;spread;away;0.5;1.952;1.746;10.55;10.12;1635980452
2026-09-12T23:55:09.918148+00:00;Korea Republic - K League 2;Suwon FC vs Cheonan City;spread;home;-0.5;2.11;1.769;16.16;10.12;1635980452
2026-09-12T23:55:13.809479+00:00;Austria - 2. Liga;FC Liefering vs St Polten;spread;away;-0.5;2.05;1.833;10.59;8.62;1635255906
2026-09-12T23:55:16.276340+00:00;USA - USL Championship;Phoenix Rising vs FC Tulsa;spread;home;-0.5;1.99;1.769;11.11;2.12;1635932686
2026-09-13T00:00:21.218451+00:00;USA - Major League Soccer;St Louis City SC vs Minnesota United;spread;home;-0.5;2.04;1.82;10.78;0.53;1635453123
2026-09-13T00:00:24.416678+00:00;USA - Major League Soccer;Colorado Rapids vs CF Montreal;total;under;4.5;1.847;1.746;5.47;1.53;1635453132
2026-09-13T00:00:24.417407+00:00;USA - Major League Soccer;Colorado Rapids vs CF Montreal;total;over;4.5;2.04;1.943;4.75;1.53;1635453132
2026-09-13T00:00:24.905403+00:00;USA - Major League Soccer;San Jose Earthquakes vs Houston Dynamo;spread;home;0.0;2.0;1.82;9.00;2.53;1635455546
2026-09-13T00:00:24.906138+00:00;USA - Major League Soccer;San Jose Earthquakes vs Houston Dynamo;spread;home;0.0;2.0;1.826;8.70;2.53;1635455546
2026-09-13T00:00:24.906660+00:00;USA - Major League Soccer;San Jose Earthquakes vs Houston Dynamo;spread;home;-0.5;1.98;1.82;8.08;2.53;1635455546
2026-09-13T00:00:24.907166+00:00;USA - Major League Soccer;San Jose Earthquakes vs Houston Dynamo;spread;away;0.5;1.943;1.781;8.34;2.53;1635455546
2026-09-13T00:00:24.907623+00:00;USA - Major League Soccer;San Jose Earthquakes vs Houston Dynamo;spread;away;-0.0;2.05;1.758;14.24;2.53;1635455546
2026-09-13T00:00:30.771848+00:00;Austria - 2. Liga;FC Liefering vs St Polten;spread;away;-0.5;2.05;1.833;10.59;8.53;1635255906
2026-09-13T00:01:25.180789+00:00;Netherlands - Eredivisie;Excelsior vs FC Utrecht;spread;home;-0.5;2.03;1.781;12.27;10.27;1635196875
2026-09-13T00:01:25.181549+00:00;Netherlands - Eredivisie;Excelsior vs FC Utrecht;spread;away;0.5;1.98;1.735;12.37;10.27;1635196875
2026-09-13T00:01:27.399427+00:00;USA - USL Championship;Phoenix Rising vs FC Tulsa;spread;home;-0.5;1.99;1.769;11.11;2.02;1635932686
2026-09-13T00:01:38.067823+00:00;Japan - J League;Tokyo Verdy vs JEF United Chiba;spread;away;0.5;1.943;1.775;8.65;9.02;1635957306
2026-09-13T00:01:39.269653+00:00;Japan - J League;Urawa Red Diamonds vs Fagiano Okayama;spread;home;0.0;2.02;1.752;13.27;9.52;1635980440
2026-09-13T00:01:39.270252+00:00;Japan - J League;Urawa Red Diamonds vs Fagiano Okayama;spread;away;-0.0;2.16;1.741;19.40;9.52;1635980440
2026-09-13T00:02:39.312210+00:00;Korea Republic - K League 2;Busan IPark vs Gimhae;spread;home;-1.0;2.07;1.758;15.07;10.00;1635985089
2026-09-13T00:02:39.884196+00:00;Korea Republic - K League 2;Suwon FC vs Cheonan City;spread;away;0.5;1.952;1.746;10.55;10.00;1635980452
2026-09-13T00:02:39.884860+00:00;Korea Republic - K League 2;Suwon FC vs Cheonan City;spread;home;-0.5;2.11;1.769;16.16;10.00;1635980452
2026-09-13T00:02:43.768088+00:00;Indonesia - Super League;Persita Tangerang vs Java United;spread;home;0.0;1.909;1.741;8.80;8.50;1635957919
2026-09-13T00:02:53.709699+00:00;Czech Republic - First Liga;Banik Ostrava vs Pardubice;spread;home;-0.5;1.98;1.746;11.82;11.00;1635941036
2026-09-13T00:07:53.170142+00:00;USA - Major League Soccer;Los Angeles Galaxy vs Seattle Sounders;spread;home;0.0;2.02;1.719;14.90;2.41;1635452431
2026-09-13T00:07:53.170988+00:00;USA - Major League Soccer;Los Angeles Galaxy vs Seattle Sounders;spread;away;-0.0;2.21;1.741;21.22;2.41;1635452431
2026-09-13T00:07:56.668574+00:00;USA - Major League Soccer;San Jose Earthquakes vs Houston Dynamo;spread;home;0.0;2.0;1.833;8.35;2.41;1635455546
2026-09-13T00:07:56.669286+00:00;USA - Major League Soccer;San Jose Earthquakes vs Houston Dynamo;spread;home;0.0;2.0;1.826;8.70;2.41;1635455546
2026-09-13T00:07:56.669758+00:00;USA - Major League Soccer;San Jose Earthquakes vs Houston Dynamo;spread;home;-0.5;1.98;1.82;8.08;2.41;1635455546
2026-09-13T00:07:56.670186+00:00;USA - Major League Soccer;San Jose Earthquakes vs Houston Dynamo;spread;away;0.5;1.943;1.781;8.34;2.41;1635455546
2026-09-13T00:07:56.670637+00:00;USA - Major League Soccer;San Jose Earthquakes vs Houston Dynamo;spread;away;-0.0;2.09;1.775;15.07;2.41;1635455546
2026-09-13T00:07:57.603163+00:00;USA - Major League Soccer;St Louis City SC vs Minnesota United;spread;home;-0.5;2.03;1.82;10.34;0.41;1635453123
2026-09-13T00:07:58.499755+00:00;USA - Major League Soccer;Colorado Rapids vs CF Montreal;total;under;4.5;1.847;1.746;5.47;1.41;1635453132
2026-09-13T00:07:58.500390+00:00;USA - Major League Soccer;Colorado Rapids vs CF Montreal;total;over;4.5;2.04;1.943;4.75;1.41;1635453132
2026-09-13T00:08:00.089340+00:00;Austria - 2. Liga;FC Liefering vs St Polten;spread;away;-0.5;2.05;1.833;10.59;8.41;1635255906
2026-09-13T00:08:03.604359+00:00;Finland - Veikkausliiga;KuPS vs HJK Helsinki;spread;away;0.5;1.952;1.752;10.25;11.91;1635941147
2026-09-13T00:08:09.675687+00:00;Switzerland - Super League;FC Zurich vs FC Vaduz;spread;away;-0.0;2.05;1.826;10.93;11.91;1635984804
2026-09-13T00:08:59.504423+00:00;Netherlands - Eredivisie;Excelsior vs FC Utrecht;spread;home;-0.5;2.03;1.781;12.27;10.15;1635196875
2026-09-13T00:08:59.505129+00:00;Netherlands - Eredivisie;Excelsior vs FC Utrecht;spread;away;0.5;1.98;1.735;12.37;10.15;1635196875
2026-09-13T00:09:00.098667+00:00;Russia - First League;Ufa vs Volga Ulyanovsk;spread;away;-0.0;2.05;1.847;9.90;11.90;1635932697
2026-09-13T00:09:00.766084+00:00;Russia - First League;Leningradets vs Tekstilshchik;spread;home;-0.5;1.952;1.787;8.45;11.90;1635985131
2026-09-13T00:09:03.526252+00:00;USA - USL Championship;Phoenix Rising vs FC Tulsa;spread;home;-0.5;1.99;1.769;11.11;1.90;1635932686
2026-09-13T00:09:15.990067+00:00;Denmark - Superliga;Silkeborg vs Viborg;spread;away;-0.5;1.98;1.775;10.35;11.89;1635720396
2026-09-13T00:09:17.635576+00:00;Japan - J League;Urawa Red Diamonds vs Fagiano Okayama;spread;home;0.0;2.02;1.752;13.27;9.39;1635980440
2026-09-13T00:09:17.636245+00:00;Japan - J League;Urawa Red Diamonds vs Fagiano Okayama;spread;away;-0.0;2.16;1.741;19.40;9.39;1635980440
2026-09-13T00:09:18.144963+00:00;Japan - J League;Tokyo Verdy vs JEF United Chiba;spread;away;0.5;1.943;1.775;8.65;8.89;1635957306
2026-09-13T00:10:20.596094+00:00;Korea Republic - K League 2;Busan IPark vs Gimhae;spread;home;-1.0;2.07;1.758;15.07;9.88;1635985089
2026-09-13T00:10:21.125178+00:00;Korea Republic - K League 2;Suwon FC vs Cheonan City;spread;away;0.5;1.952;1.746;10.55;9.88;1635980452
2026-09-13T00:10:21.125866+00:00;Korea Republic - K League 2;Suwon FC vs Cheonan City;spread;home;-0.5;2.11;1.769;16.16;9.88;1635980452
2026-09-13T00:10:24.752290+00:00;Indonesia - Super League;Persita Tangerang vs Java United;spread;home;0.0;1.909;1.741;8.80;8.38;1635957919
2026-09-13T00:10:35.721101+00:00;Czech Republic - First Liga;Banik Ostrava vs Pardubice;spread;home;-0.5;1.98;1.746;11.82;10.87;1635941036
2026-09-13T00:15:15.600073+00:00;Netherlands - Eredivisie;Excelsior vs FC Utrecht;spread;home;-0.5;2.03;1.781;12.27;10.04;1635196875
2026-09-13T00:15:15.600828+00:00;Netherlands - Eredivisie;Excelsior vs FC Utrecht;spread;away;0.5;1.98;1.735;12.37;10.04;1635196875
2026-09-13T00:15:16.551230+00:00;USA - Major League Soccer;Los Angeles Galaxy vs Seattle Sounders;spread;home;0.0;2.02;1.719;14.90;2.29;1635452431
2026-09-13T00:15:21.482762+00:00;USA - Major League Soccer;Los Angeles Galaxy vs Seattle Sounders;spread;away;-0.0;2.21;1.741;21.22;2.29;1635452431
2026-09-13T00:15:27.435166+00:00;USA - Major League Soccer;San Jose Earthquakes vs Houston Dynamo;spread;home;-0.5;1.98;1.82;8.08;2.29;1635455546
2026-09-13T00:15:27.435785+00:00;USA - Major League Soccer;San Jose Earthquakes vs Houston Dynamo;spread;away;0.5;1.943;1.781;8.34;2.29;1635455546
2026-09-13T00:15:27.436369+00:00;USA - Major League Soccer;San Jose Earthquakes vs Houston Dynamo;spread;away;-0.0;2.09;1.775;15.07;2.29;1635455546
2026-09-13T00:15:31.383904+00:00;USA - Major League Soccer;St Louis City SC vs Minnesota United;spread;home;-0.5;2.03;1.82;10.34;0.29;1635453123
2026-09-13T00:15:32.264331+00:00;USA - Major League Soccer;Colorado Rapids vs CF Montreal;total;under;4.5;1.847;1.746;5.47;1.29;1635453132
2026-09-13T00:15:32.264963+00:00;USA - Major League Soccer;Colorado Rapids vs CF Montreal;total;over;4.5;2.04;1.943;4.75;1.29;1635453132
2026-09-13T00:16:30.780682+00:00;Austria - 2. Liga;FC Liefering vs St Polten;spread;away;-0.5;2.05;1.833;10.59;8.28;1635255906
2026-09-13T00:16:39.117459+00:00;Finland - Veikkausliiga;KuPS vs HJK Helsinki;spread;home;-0.5;2.01;1.813;9.80;11.78;1635941147
2026-09-13T00:16:39.118164+00:00;Finland - Veikkausliiga;KuPS vs HJK Helsinki;spread;away;0.5;1.952;1.752;10.25;11.78;1635941147
2026-09-13T00:17:07.375157+00:00;Czech Republic - First Liga;Banik Ostrava vs Pardubice;spread;home;-0.5;1.98;1.746;11.82;10.77;1635941036
2026-09-13T00:17:07.863405+00:00;Indonesia - Super League;Persita Tangerang vs Java United;spread;home;0.0;1.909;1.741;8.80;8.27;1635957919
2026-09-13T00:17:10.773982+00:00;USA - USL Championship;Phoenix Rising vs FC Tulsa;spread;home;-0.5;1.99;1.775;10.80;1.77;1635932686
2026-09-13T00:17:24.659065+00:00;Japan - J League;Urawa Red Diamonds vs Fagiano Okayama;spread;home;0.0;2.02;1.752;13.27;9.27;1635980440
2026-09-13T00:17:24.659684+00:00;Japan - J League;Urawa Red Diamonds vs Fagiano Okayama;spread;away;-0.0;2.16;1.741;19.40;9.27;1635980440
2026-09-13T00:17:25.396181+00:00;Japan - J League;Tokyo Verdy vs JEF United Chiba;spread;away;0.5;1.943;1.775;8.65;8.77;1635957306
2026-09-13T00:17:41.258271+00:00;Russia - First League;Ufa vs Volga Ulyanovsk;spread;away;-0.0;2.02;1.847;8.56;11.76;1635932697
2026-09-13T00:17:42.408978+00:00;Russia - First League;Leningradets vs Tekstilshchik;spread;home;-0.5;1.962;1.787;8.92;11.76;1635985131
2026-09-13T00:17:59.578857+00:00;Sweden - Division 2;Astorps vs Qviding FIF;total;over;3.5;1.909;1.82;4.66;10.76;1636231207
2026-09-13T00:18:23.303984+00:00;Switzerland - Super League;FC Zurich vs FC Vaduz;spread;away;-0.0;2.06;1.826;11.36;11.75;1635984804
2026-09-13T00:18:32.664395+00:00;Korea Republic - K League 2;Suwon FC vs Cheonan City;spread;away;0.5;1.952;1.746;10.55;9.75;1635980452
2026-09-13T00:18:32.665016+00:00;Korea Republic - K League 2;Suwon FC vs Cheonan City;spread;home;-0.5;2.11;1.769;16.16;9.75;1635980452
2026-09-13T00:18:33.599333+00:00;Korea Republic - K League 2;Busan IPark vs Gimhae;spread;home;-1.0;2.07;1.758;15.07;9.75;1635985089
2026-09-13T00:23:22.550554+00:00;Netherlands - Eredivisie;Excelsior vs FC Utrecht;spread;home;-0.5;2.03;1.781;12.27;9.91;1635196875
2026-09-13T00:23:22.551228+00:00;Netherlands - Eredivisie;Excelsior vs FC Utrecht;spread;away;0.5;1.98;1.735;12.37;9.91;1635196875
2026-09-13T00:23:24.610132+00:00;USA - Major League Soccer;Colorado Rapids vs CF Montreal;total;under;4.5;1.847;1.746;5.47;1.16;1635453132
2026-09-13T00:23:24.610959+00:00;USA - Major League Soccer;Colorado Rapids vs CF Montreal;total;over;4.5;2.04;1.943;4.75;1.16;1635453132
2026-09-13T00:23:25.281648+00:00;USA - Major League Soccer;St Louis City SC vs Minnesota United;spread;home;-0.5;2.04;1.82;10.78;0.16;1635453123
2026-09-13T00:23:27.256194+00:00;USA - Major League Soccer;San Jose Earthquakes vs Houston Dynamo;spread;home;-0.5;1.98;1.813;8.43;2.16;1635455546
2026-09-13T00:23:27.256916+00:00;USA - Major League Soccer;San Jose Earthquakes vs Houston Dynamo;spread;away;0.5;1.952;1.787;8.45;2.16;1635455546
2026-09-13T00:23:27.257461+00:00;USA - Major League Soccer;San Jose Earthquakes vs Houston Dynamo;spread;away;-0.0;2.05;1.775;13.41;2.16;1635455546
2026-09-13T00:23:28.012932+00:00;USA - Major League Soccer;Los Angeles Galaxy vs Seattle Sounders;spread;home;0.0;2.02;1.719;14.90;2.16;1635452431
2026-09-13T00:23:28.013684+00:00;USA - Major League Soccer;Los Angeles Galaxy vs Seattle Sounders;spread;away;-0.0;2.21;1.741;21.22;2.16;1635452431
2026-09-13T00:24:30.201422+00:00;Austria - 2. Liga;FC Liefering vs St Polten;spread;away;-0.5;2.05;1.833;10.59;8.15;1635255906
2026-09-13T00:24:36.326737+00:00;Bulgaria - First League;Slavia Sofia vs Spartak Varna;spread;home;-0.5;2.04;1.813;11.13;11.89;1635941144
2026-09-13T00:24:41.421844+00:00;Finland - Veikkausliiga;KuPS vs HJK Helsinki;spread;home;-0.5;2.01;1.813;9.80;11.64;1635941147
2026-09-13T00:24:41.422439+00:00;Finland - Veikkausliiga;KuPS vs HJK Helsinki;spread;away;0.5;1.952;1.752;10.25;11.64;1635941147
2026-09-13T00:25:09.853454+00:00;Czech Republic - First Liga;Banik Ostrava vs Pardubice;spread;home;-0.5;1.98;1.746;11.82;10.64;1635941036
2026-09-13T00:25:11.063017+00:00;Indonesia - Super League;Persita Tangerang vs Java United;spread;home;0.0;1.909;1.741;8.80;8.13;1635957919
2026-09-13T00:25:14.125921+00:00;USA - USL Championship;Phoenix Rising vs FC Tulsa;spread;home;-0.5;1.99;1.775;10.80;1.63;1635932686
2026-09-13T00:25:24.504751+00:00;Japan - J League;Urawa Red Diamonds vs Fagiano Okayama;spread;home;0.0;2.02;1.752;13.27;9.13;1635980440
2026-09-13T00:25:24.505424+00:00;Japan - J League;Urawa Red Diamonds vs Fagiano Okayama;spread;away;-0.0;2.16;1.741;19.40;9.13;1635980440
2026-09-13T00:25:25.654422+00:00;Japan - J League;Tokyo Verdy vs JEF United Chiba;spread;away;0.5;1.943;1.775;8.65;8.63;1635957306
2026-09-13T00:25:40.802762+00:00;Russia - First League;Ufa vs Volga Ulyanovsk;spread;away;-0.0;2.02;1.847;8.56;11.63;1635932697
2026-09-13T00:25:41.800756+00:00;Russia - First League;Leningradets vs Tekstilshchik;spread;home;-0.5;1.962;1.787;8.92;11.63;1635985131
2026-09-13T00:25:48.414508+00:00;Denmark - Superliga;Silkeborg vs Viborg;spread;away;-0.5;1.99;1.775;10.80;11.63;1635720396
2026-09-13T00:26:25.110032+00:00;Korea Republic - K League 2;Suwon FC vs Cheonan City;spread;away;0.5;1.952;1.746;10.55;9.61;1635980452
2026-09-13T00:26:25.110740+00:00;Korea Republic - K League 2;Suwon FC vs Cheonan City;spread;home;-0.5;2.11;1.769;16.16;9.61;1635980452
2026-09-13T00:26:25.845866+00:00;Korea Republic - K League 2;Busan IPark vs Gimhae;spread;home;-1.0;2.07;1.758;15.07;9.61;1635985089
2026-09-13T00:31:17.176745+00:00;Denmark - Superliga;Silkeborg vs Viborg;spread;away;-0.5;1.99;1.775;10.80;11.52;1635720396
2026-09-13T00:31:18.270131+00:00;Finland - Veikkausliiga;KuPS vs HJK Helsinki;spread;home;-0.5;2.01;1.813;9.80;11.52;1635941147
2026-09-13T00:31:18.270843+00:00;Finland - Veikkausliiga;KuPS vs HJK Helsinki;spread;away;0.5;1.952;1.752;10.25;11.52;1635941147
2026-09-13T00:31:29.104185+00:00;Indonesia - Super League;Persita Tangerang vs Java United;spread;home;0.0;1.909;1.741;8.80;8.02;1635957919
2026-09-13T00:31:31.616833+00:00;Netherlands - Eredivisie;Excelsior vs FC Utrecht;spread;home;-0.5;2.03;1.781;12.27;9.76;1635196875
2026-09-13T00:31:31.617517+00:00;Netherlands - Eredivisie;Excelsior vs FC Utrecht;spread;away;0.5;1.98;1.735;12.37;9.76;1635196875
2026-09-13T00:31:32.108792+00:00;Austria - 2. Liga;FC Liefering vs St Polten;spread;away;-0.5;2.05;1.833;10.59;8.01;1635255906
2026-09-13T00:31:34.010861+00:00;Russia - First League;Ufa vs Volga Ulyanovsk;spread;away;-0.0;2.02;1.847;8.56;11.51;1635932697
2026-09-13T00:32:00.885873+00:00;Switzerland - Super League;FC Zurich vs FC Vaduz;spread;away;-0.0;2.06;1.826;11.36;11.51;1635984804
2026-09-13T00:32:15.524149+00:00;USA - USL Championship;Phoenix Rising vs FC Tulsa;spread;home;-0.5;1.99;1.775;10.80;1.50;1635932686
2026-09-13T00:32:19.591781+00:00;USA - Major League Soccer;Colorado Rapids vs CF Montreal;total;under;4.5;1.847;1.746;5.47;1.00;1635453132
2026-09-13T00:32:19.592600+00:00;USA - Major League Soccer;Colorado Rapids vs CF Montreal;total;over;4.5;2.04;1.943;4.75;1.00;1635453132
2026-09-13T00:32:20.517272+00:00;USA - Major League Soccer;St Louis City SC vs Minnesota United;spread;home;-0.5;2.04;1.82;10.78;0.00;1635453123
2026-09-13T00:32:21.874625+00:00;USA - Major League Soccer;San Jose Earthquakes vs Houston Dynamo;spread;home;-0.5;1.98;1.813;8.43;2.00;1635455546
2026-09-13T00:32:21.875254+00:00;USA - Major League Soccer;San Jose Earthquakes vs Houston Dynamo;spread;away;0.5;1.952;1.787;8.45;2.00;1635455546
2026-09-13T00:32:21.875795+00:00;USA - Major League Soccer;San Jose Earthquakes vs Houston Dynamo;spread;away;-0.0;2.05;1.775;13.41;2.00;1635455546
2026-09-13T00:32:22.714957+00:00;USA - Major League Soccer;Los Angeles Galaxy vs Seattle Sounders;spread;home;0.0;2.02;1.719;14.90;2.00;1635452431
2026-09-13T00:32:22.715779+00:00;USA - Major League Soccer;Los Angeles Galaxy vs Seattle Sounders;spread;away;-0.0;2.21;1.741;21.22;2.00;1635452431
2026-09-13T00:32:34.513659+00:00;Korea Republic - K League 2;Busan IPark vs Gimhae;spread;home;-1.0;2.07;1.758;15.07;9.50;1635985089
2026-09-13T00:32:35.241610+00:00;Korea Republic - K League 2;Suwon FC vs Cheonan City;spread;away;0.5;1.952;1.746;10.55;9.50;1635980452
2026-09-13T00:32:35.242247+00:00;Korea Republic - K League 2;Suwon FC vs Cheonan City;spread;home;-0.5;2.11;1.769;16.16;9.50;1635980452
2026-09-13T00:32:38.654887+00:00;Bulgaria - First League;Slavia Sofia vs Spartak Varna;spread;home;-0.5;2.05;1.813;11.56;11.75;1635941144
2026-09-13T00:33:49.178833+00:00;Japan - J League;Urawa Red Diamonds vs Fagiano Okayama;spread;home;0.0;2.02;1.752;13.27;8.99;1635980440
2026-09-13T00:33:49.179603+00:00;Japan - J League;Urawa Red Diamonds vs Fagiano Okayama;spread;away;-0.0;2.16;1.741;19.40;8.99;1635980440
2026-09-13T00:33:50.028270+00:00;Japan - J League;Tokyo Verdy vs JEF United Chiba;spread;away;0.5;1.943;1.775;8.65;8.49;1635957306
2026-09-13T00:33:58.894146+00:00;Andorra - Premier Division;Inter Club d'Escaldes vs CE Carroi;total;under;1.5;1.962;1.82;7.24;11.49;1635980505
2026-09-13T00:34:13.812392+00:00;Czech Republic - First Liga;Banik Ostrava vs Pardubice;spread;home;-0.5;1.98;1.746;11.82;10.48;1635941036
2026-09-13T00:39:15.616557+00:00;Denmark - Superliga;Silkeborg vs Viborg;spread;away;-0.5;1.99;1.775;10.80;11.39;1635720396
2026-09-13T00:39:20.101736+00:00;Finland - Veikkausliiga;KuPS vs HJK Helsinki;spread;home;-0.5;2.01;1.813;9.80;11.39;1635941147
2026-09-13T00:39:20.102394+00:00;Finland - Veikkausliiga;KuPS vs HJK Helsinki;spread;away;0.5;1.952;1.752;10.25;11.39;1635941147
2026-09-13T00:39:30.393761+00:00;Indonesia - Super League;Persita Tangerang vs Java United;spread;home;0.0;1.909;1.741;8.80;7.89;1635957919
2026-09-13T00:39:35.612714+00:00;Netherlands - Eredivisie;Excelsior vs FC Utrecht;spread;home;-0.5;2.03;1.781;12.27;9.63;1635196875
2026-09-13T00:39:35.613346+00:00;Netherlands - Eredivisie;Excelsior vs FC Utrecht;spread;away;0.5;1.98;1.735;12.37;9.63;1635196875
2026-09-13T00:39:36.793594+00:00;Austria - 2. Liga;FC Liefering vs St Polten;spread;away;-0.5;2.05;1.833;10.59;7.88;1635255906
2026-09-13T00:39:37.319641+00:00;Russia - First League;Leningradets vs Tekstilshchik;spread;home;-0.5;1.962;1.787;8.92;11.38;1635985131
2026-09-13T00:39:38.231245+00:00;Russia - First League;Ufa vs Volga Ulyanovsk;spread;away;-0.0;2.02;1.847;8.56;11.38;1635932697
2026-09-13T00:39:50.014279+00:00;Sweden - Division 2;Astorps vs Qviding FIF;total;under;1.5;1.82;1.719;5.55;10.38;1636231207
2026-09-13T00:40:06.696551+00:00;Switzerland - Super League;FC Zurich vs FC Vaduz;spread;away;-0.0;2.06;1.826;11.36;11.38;1635984804
2026-09-13T00:40:18.950015+00:00;USA - USL Championship;Phoenix Rising vs FC Tulsa;spread;home;-0.5;1.99;1.775;10.80;1.37;1635932686
2026-09-13T00:40:21.453046+00:00;USA - Major League Soccer;Los Angeles Galaxy vs Seattle Sounders;spread;home;0.0;2.02;1.719;14.90;1.87;1635452431
2026-09-13T00:40:21.453783+00:00;USA - Major League Soccer;Los Angeles Galaxy vs Seattle Sounders;spread;away;-0.0;2.21;1.741;21.22;1.87;1635452431
2026-09-13T00:40:22.417520+00:00;USA - Major League Soccer;San Jose Earthquakes vs Houston Dynamo;spread;home;-0.5;1.98;1.82;8.08;1.87;1635455546
2026-09-13T00:40:22.418128+00:00;USA - Major League Soccer;San Jose Earthquakes vs Houston Dynamo;spread;away;0.5;1.962;1.787;8.92;1.87;1635455546
2026-09-13T00:40:22.418854+00:00;USA - Major League Soccer;San Jose Earthquakes vs Houston Dynamo;spread;away;-0.0;2.05;1.775;13.41;1.87;1635455546
2026-09-13T00:40:23.064121+00:00;USA - Major League Soccer;Colorado Rapids vs CF Montreal;total;under;4.5;1.847;1.746;5.47;0.87;1635453132
2026-09-13T00:40:23.064773+00:00;USA - Major League Soccer;Colorado Rapids vs CF Montreal;total;over;4.5;2.04;1.943;4.75;0.87;1635453132
2026-09-13T00:40:32.968056+00:00;Korea Republic - K League 1;Gimcheon Sangmu vs Gangwon FC;spread;away;-0.0;2.04;1.87;8.33;6.87;1635941093
2026-09-13T00:40:40.377546+00:00;Korea Republic - K League 2;Busan IPark vs Gimhae;spread;home;-1.0;2.07;1.758;15.07;9.37;1635985089
2026-09-13T00:40:41.432395+00:00;Korea Republic - K League 2;Suwon FC vs Cheonan City;spread;away;0.5;1.952;1.746;10.55;9.37;1635980452
2026-09-13T00:40:41.432929+00:00;Korea Republic - K League 2;Suwon FC vs Cheonan City;spread;home;-0.5;2.11;1.769;16.16;9.37;1635980452
2026-09-13T00:40:45.776291+00:00;Bulgaria - First League;Slavia Sofia vs Spartak Varna;spread;home;-0.5;2.05;1.813;11.56;11.62;1635941144
2026-09-13T00:41:49.762841+00:00;Japan - J League;Tokyo Verdy vs JEF United Chiba;spread;away;0.5;1.943;1.775;8.65;8.36;1635957306
2026-09-13T00:41:50.969504+00:00;Japan - J League;Urawa Red Diamonds vs Fagiano Okayama;spread;home;0.0;2.02;1.752;13.27;8.86;1635980440
2026-09-13T00:41:50.970320+00:00;Japan - J League;Urawa Red Diamonds vs Fagiano Okayama;spread;away;-0.0;2.16;1.741;19.40;8.86;1635980440
2026-09-13T00:42:05.175012+00:00;Mexico - Liga de Expansión MX;Dorados vs Tapatio;spread;away;-0.0;2.12;1.926;9.15;0.35;1635941203
2026-09-13T00:42:12.894614+00:00;Czech Republic - First Liga;Banik Ostrava vs Pardubice;spread;home;-0.5;1.98;1.746;11.82;10.35;1635941036
2026-09-13T00:47:01.776458+00:00;Russia - First League;Ufa vs Volga Ulyanovsk;spread;away;-0.0;2.02;1.847;8.56;11.26;1635932697
2026-09-13T00:47:22.143410+00:00;Finland - Veikkausliiga;KuPS vs HJK Helsinki;spread;home;-0.5;2.01;1.813;9.80;11.26;1635941147
2026-09-13T00:47:22.144086+00:00;Finland - Veikkausliiga;KuPS vs HJK Helsinki;spread;away;0.5;1.952;1.752;10.25;11.26;1635941147
2026-09-13T00:47:37.621128+00:00;Denmark - Superliga;Silkeborg vs Viborg;spread;away;-0.5;1.99;1.775;10.80;11.25;1635720396
2026-09-13T00:47:56.292403+00:00;Korea Republic - K League 1;Gimcheon Sangmu vs Gangwon FC;spread;away;-0.0;2.04;1.87;8.33;6.75;1635941093
2026-09-13T00:48:12.754750+00:00;USA - Major League Soccer;Los Angeles Galaxy vs Seattle Sounders;spread;home;0.0;2.02;1.719;14.90;1.74;1635452431
2026-09-13T00:48:12.755515+00:00;USA - Major League Soccer;Los Angeles Galaxy vs Seattle Sounders;spread;away;-0.0;2.21;1.741;21.22;1.74;1635452431
2026-09-13T00:48:13.582186+00:00;USA - Major League Soccer;San Jose Earthquakes vs Houston Dynamo;spread;home;-0.5;1.99;1.82;8.54;1.74;1635455546
2026-09-13T00:48:13.582832+00:00;USA - Major League Soccer;San Jose Earthquakes vs Houston Dynamo;spread;away;0.5;1.962;1.787;8.92;1.74;1635455546
2026-09-13T00:48:13.583400+00:00;USA - Major League Soccer;San Jose Earthquakes vs Houston Dynamo;spread;away;-0.0;2.05;1.775;13.41;1.74;1635455546
2026-09-13T00:48:14.068423+00:00;USA - Major League Soccer;Colorado Rapids vs CF Montreal;total;under;4.5;1.847;1.746;5.47;0.74;1635453132
2026-09-13T00:48:14.069212+00:00;USA - Major League Soccer;Colorado Rapids vs CF Montreal;total;over;4.5;2.04;1.943;4.75;0.74;1635453132
2026-09-13T00:48:18.047930+00:00;Netherlands - Eredivisie;Excelsior vs FC Utrecht;spread;home;-0.5;2.03;1.781;12.27;9.49;1635196875
2026-09-13T00:48:18.048636+00:00;Netherlands - Eredivisie;Excelsior vs FC Utrecht;spread;away;0.5;1.98;1.735;12.37;9.49;1635196875
2026-09-13T00:48:34.787898+00:00;Korea Republic - K League 2;Suwon FC vs Cheonan City;spread;away;0.5;1.952;1.746;10.55;9.24;1635980452
2026-09-13T00:48:34.788513+00:00;Korea Republic - K League 2;Suwon FC vs Cheonan City;spread;home;-0.5;2.11;1.769;16.16;9.24;1635980452
2026-09-13T00:48:36.860030+00:00;Korea Republic - K League 2;Busan IPark vs Gimhae;spread;home;-1.0;2.07;1.758;15.07;9.24;1635985089
2026-09-13T00:49:03.909693+00:00;USA - USL Championship;Phoenix Rising vs FC Tulsa;spread;home;-0.5;1.99;1.775;10.80;1.23;1635932686
2026-09-13T00:49:06.555502+00:00;Czech Republic - First Liga;Banik Ostrava vs Pardubice;spread;home;-0.5;1.98;1.746;11.82;10.23;1635941036
2026-09-13T00:49:17.943173+00:00;Japan - J League;Tokyo Verdy vs JEF United Chiba;spread;away;0.5;1.943;1.775;8.65;8.23;1635957306
2026-09-13T00:49:19.000443+00:00;Japan - J League;Urawa Red Diamonds vs Fagiano Okayama;spread;home;0.0;2.02;1.752;13.27;8.73;1635980440
2026-09-13T00:49:19.001040+00:00;Japan - J League;Urawa Red Diamonds vs Fagiano Okayama;spread;away;-0.0;2.16;1.741;19.40;8.73;1635980440
2026-09-13T00:49:59.392552+00:00;Bulgaria - First League;Slavia Sofia vs Spartak Varna;spread;home;-0.5;2.05;1.813;11.56;11.47;1635941144
2026-09-13T00:50:05.762586+00:00;Austria - 2. Liga;FC Liefering vs St Polten;spread;away;-0.5;2.05;1.833;10.59;7.72;1635255906
2026-09-13T00:50:07.367206+00:00;Mexico - Liga de Expansión MX;Mineros de Zacatecas vs Atletico Morelia;spread;home;0.0;2.0;1.794;10.30;0.22;1635932747
2026-09-13T00:50:07.880343+00:00;Mexico - Liga de Expansión MX;Dorados vs Tapatio;spread;away;-0.0;2.12;1.926;9.15;0.22;1635941203
2026-09-13T00:50:12.779205+00:00;Indonesia - Super League;Persita Tangerang vs Java United;spread;home;0.0;1.909;1.741;8.80;7.72;1635957919
2026-09-13T00:50:20.916419+00:00;Switzerland - Super League;FC Zurich vs FC Vaduz;spread;away;-0.0;2.06;1.826;11.36;11.22;1635984804
2026-09-13T00:55:10.162349+00:00;Russia - First League;Ufa vs Volga Ulyanovsk;spread;away;-0.0;2.02;1.847;8.56;11.13;1635932697
2026-09-13T00:55:11.231765+00:00;Russia - First League;Leningradets vs Tekstilshchik;spread;home;-0.5;1.962;1.787;8.92;11.13;1635985131
2026-09-13T00:55:33.755116+00:00;Finland - Veikkausliiga;KuPS vs HJK Helsinki;spread;home;-0.5;2.01;1.813;9.80;11.12;1635941147
2026-09-13T00:55:33.755798+00:00;Finland - Veikkausliiga;KuPS vs HJK Helsinki;spread;away;0.5;1.952;1.752;10.25;11.12;1635941147
2026-09-13T00:55:49.975708+00:00;Denmark - Superliga;Silkeborg vs Viborg;spread;away;-0.5;1.99;1.775;10.80;11.12;1635720396
2026-09-13T00:56:09.278583+00:00;Korea Republic - K League 1;Gimcheon Sangmu vs Gangwon FC;spread;away;-0.0;2.04;1.87;8.33;6.61;1635941093
2026-09-13T00:56:26.548373+00:00;USA - Major League Soccer;Colorado Rapids vs CF Montreal;total;under;4.5;1.847;1.746;5.47;0.61;1635453132
2026-09-13T00:56:26.549106+00:00;USA - Major League Soccer;Colorado Rapids vs CF Montreal;total;over;4.5;2.04;1.943;4.75;0.61;1635453132
2026-09-13T00:56:27.646382+00:00;USA - Major League Soccer;Real Salt Lake vs New York City;spread;home;-0.5;2.1;1.87;10.95;0.61;1635452427
2026-09-13T00:56:28.215033+00:00;USA - Major League Soccer;San Jose Earthquakes vs Houston Dynamo;spread;home;-0.5;1.99;1.82;8.54;1.61;1635455546
2026-09-13T00:56:28.215684+00:00;USA - Major League Soccer;San Jose Earthquakes vs Houston Dynamo;spread;away;0.5;1.962;1.787;8.92;1.61;1635455546
2026-09-13T00:56:31.923037+00:00;USA - Major League Soccer;San Jose Earthquakes vs Houston Dynamo;spread;away;-0.0;2.05;1.775;13.41;1.61;1635455546
2026-09-13T00:56:33.135864+00:00;USA - Major League Soccer;Los Angeles Galaxy vs Seattle Sounders;spread;home;0.0;2.02;1.719;14.90;1.61;1635452431
2026-09-13T00:56:33.136780+00:00;USA - Major League Soccer;Los Angeles Galaxy vs Seattle Sounders;spread;away;-0.0;2.21;1.741;21.22;1.61;1635452431
2026-09-13T00:56:35.237221+00:00;Netherlands - Eredivisie;Excelsior vs FC Utrecht;spread;home;-0.5;2.03;1.781;12.27;9.35;1635196875
2026-09-13T00:56:35.237867+00:00;Netherlands - Eredivisie;Excelsior vs FC Utrecht;spread;away;0.5;1.98;1.735;12.37;9.35;1635196875
2026-09-13T00:56:50.877644+00:00;Korea Republic - K League 2;Suwon FC vs Cheonan City;spread;away;0.5;1.952;1.746;10.55;9.10;1635980452
2026-09-13T00:56:50.878300+00:00;Korea Republic - K League 2;Suwon FC vs Cheonan City;spread;home;-0.5;2.11;1.769;16.16;9.10;1635980452
2026-09-13T00:56:52.591511+00:00;Korea Republic - K League 2;Busan IPark vs Gimhae;spread;home;-1.0;2.07;1.758;15.07;9.10;1635985089
2026-09-13T00:57:19.529242+00:00;USA - USL Championship;Phoenix Rising vs FC Tulsa;spread;home;-0.5;1.99;1.775;10.80;1.10;1635932686
2026-09-13T00:57:21.594213+00:00;Czech Republic - First Liga;Banik Ostrava vs Pardubice;spread;home;-0.5;1.98;1.746;11.82;10.10;1635941036
2026-09-13T00:57:32.529820+00:00;Japan - J League;Urawa Red Diamonds vs Fagiano Okayama;spread;home;0.0;2.02;1.752;13.27;8.59;1635980440
2026-09-13T00:57:32.530566+00:00;Japan - J League;Urawa Red Diamonds vs Fagiano Okayama;spread;away;-0.0;2.16;1.741;19.40;8.59;1635980440
2026-09-13T00:57:33.114296+00:00;Japan - J League;Tokyo Verdy vs JEF United Chiba;spread;away;0.5;1.943;1.775;8.65;8.09;1635957306
2026-09-13T00:58:12.487100+00:00;Bulgaria - First League;Slavia Sofia vs Spartak Varna;spread;home;-0.5;2.05;1.813;11.56;11.34;1635941144
2026-09-13T00:58:17.175929+00:00;Austria - 2. Liga;FC Liefering vs St Polten;spread;away;-0.5;2.05;1.833;10.59;7.59;1635255906
2026-09-13T00:58:18.394158+00:00;Mexico - Liga de Expansión MX;Mineros de Zacatecas vs Atletico Morelia;spread;home;0.0;2.0;1.794;10.30;0.09;1635932747
2026-09-13T00:58:22.003919+00:00;Mexico - Liga de Expansión MX;Dorados vs Tapatio;spread;away;-0.0;2.16;1.926;10.83;0.09;1635941203
2026-09-13T00:58:22.788978+00:00;Indonesia - Super League;Persita Tangerang vs Java United;spread;home;0.0;1.909;1.741;8.80;7.59;1635957919
2026-09-13T00:58:30.864505+00:00;Switzerland - Super League;FC Zurich vs FC Vaduz;spread;away;-0.0;2.06;1.826;11.36;11.08;1635984804
2026-09-13T01:03:25.194772+00:00;Bulgaria - First League;Slavia Sofia vs Spartak Varna;spread;home;-0.5;2.05;1.813;11.56;11.24;1635941144
2026-09-13T01:04:11.334008+00:00;Netherlands - Eredivisie;Excelsior vs FC Utrecht;spread;home;-0.5;2.03;1.781;12.27;9.23;1635196875
2026-09-13T01:04:11.334665+00:00;Netherlands - Eredivisie;Excelsior vs FC Utrecht;spread;away;0.5;1.98;1.735;12.37;9.23;1635196875
2026-09-13T01:04:38.663661+00:00;Russia - First League;Leningradets vs Tekstilshchik;spread;home;-0.5;1.962;1.787;8.92;10.98;1635985131
2026-09-13T01:04:39.410010+00:00;Russia - First League;Ufa vs Volga Ulyanovsk;spread;away;-0.0;2.02;1.847;8.56;10.98;1635932697
2026-09-13T01:04:46.962961+00:00;Korea Republic - K League 2;Busan IPark vs Gimhae;spread;home;-1.0;2.07;1.758;15.07;8.97;1635985089
2026-09-13T01:04:47.913206+00:00;Korea Republic - K League 2;Suwon FC vs Cheonan City;spread;away;0.5;1.952;1.746;10.55;8.97;1635980452
2026-09-13T01:04:47.913872+00:00;Korea Republic - K League 2;Suwon FC vs Cheonan City;spread;home;-0.5;2.11;1.769;16.16;8.97;1635980452
2026-09-13T01:04:50.059813+00:00;Switzerland - Super League;FC Zurich vs FC Vaduz;spread;away;-0.0;2.06;1.826;11.36;10.97;1635984804
2026-09-13T01:04:58.502977+00:00;England - Premier League;Coventry City vs Brighton;spread;away;-0.5;1.962;1.746;11.01;11.97;1635208833
2026-09-13T01:05:11.611816+00:00;Indonesia - Super League;Persita Tangerang vs Java United;spread;home;0.0;1.909;1.741;8.80;7.47;1635957919
2026-09-13T01:05:23.074465+00:00;USA - USL Championship;Phoenix Rising vs FC Tulsa;spread;home;-0.5;1.99;1.775;10.80;0.97;1635932686
2026-09-13T01:05:29.148761+00:00;Austria - 2. Liga;FC Liefering vs St Polten;spread;away;-0.5;2.05;1.833;10.59;7.46;1635255906
2026-09-13T01:05:39.154076+00:00;Denmark - Superliga;Silkeborg vs Viborg;spread;away;-0.5;1.99;1.775;10.80;10.96;1635720396
2026-09-13T01:05:45.999806+00:00;Czech Republic - First Liga;Banik Ostrava vs Pardubice;spread;home;-0.5;1.98;1.746;11.82;9.96;1635941036
2026-09-13T01:05:47.188887+00:00;Korea Republic - K League 1;Gimcheon Sangmu vs Gangwon FC;spread;away;-0.0;2.04;1.87;8.33;6.46;1635941093
2026-09-13T01:05:57.412422+00:00;USA - Major League Soccer;Colorado Rapids vs CF Montreal;total;under;4.5;1.847;1.746;5.47;0.46;1635453132
2026-09-13T01:05:57.413107+00:00;USA - Major League Soccer;Colorado Rapids vs CF Montreal;total;over;4.5;2.04;1.943;4.75;0.46;1635453132
2026-09-13T01:05:57.956078+00:00;USA - Major League Soccer;Real Salt Lake vs New York City;spread;home;-0.5;2.1;1.87;10.95;0.46;1635452427
2026-09-13T01:06:03.678230+00:00;USA - Major League Soccer;San Jose Earthquakes vs Houston Dynamo;spread;home;-0.5;1.99;1.82;8.54;1.46;1635455546
2026-09-13T01:06:03.678918+00:00;USA - Major League Soccer;San Jose Earthquakes vs Houston Dynamo;spread;away;0.5;1.962;1.787;8.92;1.46;1635455546
2026-09-13T01:06:03.679567+00:00;USA - Major League Soccer;San Jose Earthquakes vs Houston Dynamo;spread;away;-0.0;2.05;1.775;13.41;1.46;1635455546
2026-09-13T01:06:04.210726+00:00;USA - Major League Soccer;Los Angeles Galaxy vs Seattle Sounders;spread;home;0.0;2.02;1.719;14.90;1.46;1635452431
2026-09-13T01:06:04.211466+00:00;USA - Major League Soccer;Los Angeles Galaxy vs Seattle Sounders;spread;away;-0.0;2.21;1.741;21.22;1.46;1635452431
2026-09-13T01:06:20.749562+00:00;Japan - J League;Urawa Red Diamonds vs Fagiano Okayama;spread;home;0.0;2.02;1.752;13.27;8.46;1635980440
2026-09-13T01:06:20.750325+00:00;Japan - J League;Urawa Red Diamonds vs Fagiano Okayama;spread;away;-0.0;2.16;1.741;19.40;8.46;1635980440
2026-09-13T01:06:21.545352+00:00;Japan - J League;Tokyo Verdy vs JEF United Chiba;spread;away;0.5;1.943;1.775;8.65;7.96;1635957306
2026-09-13T01:06:34.323872+00:00;Finland - Veikkausliiga;KuPS vs HJK Helsinki;spread;home;-0.5;2.01;1.813;9.80;10.95;1635941147
2026-09-13T01:06:34.324446+00:00;Finland - Veikkausliiga;KuPS vs HJK Helsinki;spread;away;0.5;1.952;1.752;10.25;10.95;1635941147
2026-09-13T01:11:42.549214+00:00;Bulgaria - First League;Slavia Sofia vs Spartak Varna;spread;home;-0.5;2.05;1.813;11.56;11.10;1635941144
2026-09-13T01:12:29.987703+00:00;Netherlands - Eredivisie;Excelsior vs FC Utrecht;spread;home;-0.5;2.03;1.781;12.27;9.10;1635196875
2026-09-13T01:12:29.988559+00:00;Netherlands - Eredivisie;Excelsior vs FC Utrecht;spread;away;0.5;1.98;1.735;12.37;9.10;1635196875
2026-09-13T01:12:59.111211+00:00;Russia - First League;Leningradets vs Tekstilshchik;spread;home;-0.5;1.962;1.787;8.92;10.84;1635985131
2026-09-13T01:12:59.590614+00:00;Russia - First League;Ufa vs Volga Ulyanovsk;spread;away;-0.0;2.02;1.847;8.56;10.84;1635932697
2026-09-13T01:13:06.767460+00:00;Korea Republic - K League 2;Busan IPark vs Gimhae;spread;home;-1.0;2.07;1.758;15.07;8.84;1635985089
2026-09-13T01:13:07.290597+00:00;Korea Republic - K League 2;Suwon FC vs Cheonan City;spread;away;0.5;1.952;1.746;10.55;8.84;1635980452
2026-09-13T01:13:07.291149+00:00;Korea Republic - K League 2;Suwon FC vs Cheonan City;spread;home;-0.5;2.11;1.769;16.16;8.84;1635980452
2026-09-13T01:13:10.748223+00:00;Switzerland - Super League;FC Zurich vs FC Vaduz;spread;away;-0.0;2.06;1.826;11.36;10.84;1635984804
2026-09-13T01:13:20.142320+00:00;England - Premier League;Coventry City vs Brighton;spread;away;-0.5;1.962;1.746;11.01;11.83;1635208833
2026-09-13T01:13:44.532949+00:00;Indonesia - Super League;Persita Tangerang vs Java United;spread;home;0.0;1.909;1.741;8.80;7.33;1635957919
2026-09-13T01:13:54.311568+00:00;USA - USL Championship;Phoenix Rising vs FC Tulsa;spread;home;-0.5;1.99;1.775;10.80;0.83;1635932686
2026-09-13T01:13:56.206571+00:00;Japan - J2 League;Vegalta Sendai vs Consadole Sapporo;spread;away;0.5;2.03;1.794;11.63;7.83;1635957926
2026-09-13T01:14:00.024219+00:00;Austria - 2. Liga;FC Liefering vs St Polten;spread;away;-0.5;2.05;1.833;10.59;7.32;1635255906
2026-09-13T01:14:10.734323+00:00;Denmark - Superliga;Silkeborg vs Viborg;spread;away;-0.5;1.99;1.775;10.80;10.82;1635720396
2026-09-13T01:14:17.222476+00:00;Czech Republic - First Liga;Banik Ostrava vs Pardubice;spread;home;-0.5;1.98;1.746;11.82;9.82;1635941036
2026-09-13T01:14:18.817995+00:00;Korea Republic - K League 1;Gimcheon Sangmu vs Gangwon FC;spread;away;-0.0;2.04;1.87;8.33;6.32;1635941093
2026-09-13T01:14:29.594454+00:00;USA - Major League Soccer;San Jose Earthquakes vs Houston Dynamo;spread;home;-0.5;1.99;1.82;8.54;1.32;1635455546
2026-09-13T01:14:29.595072+00:00;USA - Major League Soccer;San Jose Earthquakes vs Houston Dynamo;spread;away;0.5;1.962;1.787;8.92;1.32;1635455546
2026-09-13T01:14:29.595533+00:00;USA - Major League Soccer;San Jose Earthquakes vs Houston Dynamo;spread;away;-0.0;2.05;1.775;13.41;1.32;1635455546
2026-09-13T01:14:30.755756+00:00;USA - Major League Soccer;Colorado Rapids vs CF Montreal;total;under;4.5;1.847;1.746;5.47;0.32;1635453132
2026-09-13T01:14:30.756399+00:00;USA - Major League Soccer;Colorado Rapids vs CF Montreal;total;over;4.5;2.04;1.943;4.75;0.32;1635453132
2026-09-13T01:14:31.545633+00:00;USA - Major League Soccer;Los Angeles Galaxy vs Seattle Sounders;spread;home;0.0;2.02;1.719;14.90;1.32;1635452431
2026-09-13T01:14:31.546349+00:00;USA - Major League Soccer;Los Angeles Galaxy vs Seattle Sounders;spread;away;-0.0;2.21;1.741;21.22;1.32;1635452431
2026-09-13T01:14:47.906554+00:00;Japan - J League;Urawa Red Diamonds vs Fagiano Okayama;spread;home;0.0;2.02;1.752;13.27;8.32;1635980440
2026-09-13T01:14:47.907290+00:00;Japan - J League;Urawa Red Diamonds vs Fagiano Okayama;spread;away;-0.0;2.16;1.741;19.40;8.32;1635980440
2026-09-13T01:14:48.372459+00:00;Japan - J League;Tokyo Verdy vs JEF United Chiba;spread;away;0.5;1.943;1.775;8.65;7.82;1635957306
2026-09-13T01:14:59.612589+00:00;Finland - Veikkausliiga;KuPS vs HJK Helsinki;spread;home;-0.5;2.01;1.813;9.80;10.81;1635941147
2026-09-13T01:14:59.613297+00:00;Finland - Veikkausliiga;KuPS vs HJK Helsinki;spread;away;0.5;1.952;1.752;10.25;10.81;1635941147
2026-09-13T01:19:59.553665+00:00;Netherlands - Eredivisie;Excelsior vs FC Utrecht;spread;home;-0.5;2.03;1.781;12.27;8.96;1635196875
2026-09-13T01:19:59.554326+00:00;Netherlands - Eredivisie;Excelsior vs FC Utrecht;spread;away;0.5;1.98;1.735;12.37;8.96;1635196875
2026-09-13T01:20:00.102706+00:00;USA - Major League Soccer;San Jose Earthquakes vs Houston Dynamo;spread;home;-0.5;1.99;1.82;8.54;1.21;1635455546
2026-09-13T01:20:00.103291+00:00;USA - Major League Soccer;San Jose Earthquakes vs Houston Dynamo;spread;away;0.5;1.962;1.787;8.92;1.21;1635455546
2026-09-13T01:20:00.103716+00:00;USA - Major League Soccer;San Jose Earthquakes vs Houston Dynamo;spread;away;-0.0;2.05;1.775;13.41;1.21;1635455546
2026-09-13T01:20:00.761644+00:00;USA - Major League Soccer;Colorado Rapids vs CF Montreal;total;under;4.5;1.847;1.746;5.47;0.21;1635453132
2026-09-13T01:20:00.762254+00:00;USA - Major League Soccer;Colorado Rapids vs CF Montreal;total;over;4.5;2.04;1.943;4.75;0.21;1635453132
2026-09-13T01:20:01.616019+00:00;USA - Major League Soccer;Los Angeles Galaxy vs Seattle Sounders;spread;home;0.0;2.02;1.719;14.90;1.21;1635452431
2026-09-13T01:20:01.616629+00:00;USA - Major League Soccer;Los Angeles Galaxy vs Seattle Sounders;spread;away;-0.0;2.21;1.741;21.22;1.21;1635452431
2026-09-13T01:21:06.446268+00:00;Austria - 2. Liga;FC Liefering vs St Polten;spread;away;-0.5;2.05;1.833;10.59;7.20;1635255906
2026-09-13T01:21:15.642006+00:00;Bulgaria - First League;Slavia Sofia vs Spartak Varna;spread;home;-0.5;2.05;1.813;11.56;10.95;1635941144
2026-09-13T01:21:20.245002+00:00;Japan - J2 League;Vegalta Sendai vs Consadole Sapporo;spread;away;0.5;2.03;1.794;11.63;7.70;1635957926
2026-09-13T01:21:27.674526+00:00;Finland - Veikkausliiga;KuPS vs HJK Helsinki;spread;home;-0.5;2.01;1.813;9.80;10.70;1635941147
2026-09-13T01:21:27.675173+00:00;Finland - Veikkausliiga;KuPS vs HJK Helsinki;spread;away;0.5;1.952;1.752;10.25;10.70;1635941147
2026-09-13T01:21:29.781261+00:00;Japan - Football League;Briobecca Urayasu vs Verspah Oita;spread;home;0.0;2.04;1.87;8.33;6.70;1635957372
2026-09-13T01:21:37.945669+00:00;Korea Republic - K League 1;Gimcheon Sangmu vs Gangwon FC;spread;away;-0.0;2.04;1.87;8.33;6.20;1635941093
2026-09-13T01:21:58.325230+00:00;Czech Republic - First Liga;Banik Ostrava vs Pardubice;spread;home;-0.5;1.98;1.746;11.82;9.69;1635941036
2026-09-13T01:22:01.762995+00:00;Indonesia - Super League;Persita Tangerang vs Java United;spread;home;0.0;1.909;1.741;8.80;7.19;1635957919
2026-09-13T01:22:04.104795+00:00;USA - USL Championship;Phoenix Rising vs FC Tulsa;spread;home;-0.5;1.99;1.775;10.80;0.69;1635932686
2026-09-13T01:22:18.482276+00:00;Japan - J League;Urawa Red Diamonds vs Fagiano Okayama;spread;home;0.0;2.02;1.752;13.27;8.19;1635980440
2026-09-13T01:22:18.483080+00:00;Japan - J League;Urawa Red Diamonds vs Fagiano Okayama;spread;away;-0.0;2.16;1.741;19.40;8.19;1635980440
2026-09-13T01:22:19.045718+00:00;Japan - J League;Tokyo Verdy vs JEF United Chiba;spread;away;0.5;1.943;1.775;8.65;7.69;1635957306
2026-09-13T01:22:23.752896+00:00;England - Premier League;Coventry City vs Brighton;spread;away;-0.5;1.962;1.746;11.01;11.69;1635208833
2026-09-13T01:22:38.315082+00:00;Russia - First League;Leningradets vs Tekstilshchik;spread;home;-0.5;1.962;1.787;8.92;10.68;1635985131
2026-09-13T01:22:39.194059+00:00;Russia - First League;Ufa vs Volga Ulyanovsk;spread;away;-0.0;2.02;1.847;8.56;10.68;1635932697
2026-09-13T01:22:48.387165+00:00;Denmark - Superliga;Silkeborg vs Viborg;spread;away;-0.5;1.99;1.775;10.80;10.68;1635720396
2026-09-13T01:23:31.656657+00:00;Switzerland - Super League;FC Zurich vs FC Vaduz;spread;away;-0.0;2.06;1.826;11.36;10.67;1635984804
2026-09-13T01:23:42.826324+00:00;Korea Republic - K League 2;Suwon FC vs Cheonan City;spread;away;0.5;1.952;1.746;10.55;8.67;1635980452
2026-09-13T01:23:42.827089+00:00;Korea Republic - K League 2;Suwon FC vs Cheonan City;spread;home;-0.5;2.11;1.769;16.16;8.67;1635980452
2026-09-13T01:23:44.399180+00:00;Korea Republic - K League 2;Busan IPark vs Gimhae;spread;home;-1.0;2.07;1.758;15.07;8.67;1635985089
2026-09-13T01:28:30.429577+00:00;Netherlands - Eredivisie;Excelsior vs FC Utrecht;spread;home;-0.5;2.03;1.781;12.27;8.82;1635196875
2026-09-13T01:28:30.430220+00:00;Netherlands - Eredivisie;Excelsior vs FC Utrecht;spread;away;0.5;1.98;1.735;12.37;8.82;1635196875
2026-09-13T01:28:31.287839+00:00;USA - Major League Soccer;Colorado Rapids vs CF Montreal;spread;home;-0.5;2.13;1.758;17.46;0.07;1635453132
2026-09-13T01:28:31.288364+00:00;USA - Major League Soccer;Colorado Rapids vs CF Montreal;total;under;4.5;1.847;1.746;5.47;0.07;1635453132
2026-09-13T01:28:31.288859+00:00;USA - Major League Soccer;Colorado Rapids vs CF Montreal;total;over;4.5;2.04;1.943;4.75;0.07;1635453132
2026-09-13T01:28:32.643544+00:00;USA - Major League Soccer;San Jose Earthquakes vs Houston Dynamo;spread;home;-0.5;1.99;1.82;8.54;1.07;1635455546
2026-09-13T01:28:32.644187+00:00;USA - Major League Soccer;San Jose Earthquakes vs Houston Dynamo;spread;away;0.5;1.962;1.787;8.92;1.07;1635455546
2026-09-13T01:28:32.644760+00:00;USA - Major League Soccer;San Jose Earthquakes vs Houston Dynamo;spread;away;-0.0;2.05;1.775;13.41;1.07;1635455546
2026-09-13T01:28:33.560593+00:00;USA - Major League Soccer;Los Angeles Galaxy vs Seattle Sounders;spread;home;0.0;2.02;1.719;14.90;1.07;1635452431
2026-09-13T01:28:33.561288+00:00;USA - Major League Soccer;Los Angeles Galaxy vs Seattle Sounders;spread;away;-0.0;2.21;1.741;21.22;1.07;1635452431
2026-09-13T01:29:36.683225+00:00;Austria - 2. Liga;FC Liefering vs St Polten;spread;away;-0.5;2.05;1.833;10.59;7.06;1635255906
2026-09-13T01:29:51.959046+00:00;Bulgaria - First League;Slavia Sofia vs Spartak Varna;spread;home;-0.5;2.05;1.813;11.56;10.81;1635941144
2026-09-13T01:29:56.757764+00:00;Japan - J2 League;Vegalta Sendai vs Consadole Sapporo;spread;away;0.5;2.03;1.794;11.63;7.56;1635957926
2026-09-13T01:29:59.382184+00:00;Finland - Veikkausliiga;KuPS vs HJK Helsinki;spread;home;-0.5;2.01;1.813;9.80;10.56;1635941147
2026-09-13T01:29:59.383013+00:00;Finland - Veikkausliiga;KuPS vs HJK Helsinki;spread;away;0.5;1.952;1.752;10.25;10.56;1635941147
2026-09-13T01:30:09.743086+00:00;Korea Republic - K League 1;Gimcheon Sangmu vs Gangwon FC;spread;away;-0.0;2.04;1.87;8.33;6.05;1635941093
2026-09-13T01:30:30.882196+00:00;Czech Republic - First Liga;Banik Ostrava vs Pardubice;spread;home;-0.5;1.98;1.746;11.82;9.55;1635941036
2026-09-13T01:30:34.310105+00:00;Indonesia - Super League;Persita Tangerang vs Java United;spread;home;0.0;1.909;1.741;8.80;7.05;1635957919
2026-09-13T01:30:38.671238+00:00;USA - USL Championship;Phoenix Rising vs FC Tulsa;spread;home;-0.5;1.99;1.775;10.80;0.55;1635932686
2026-09-13T01:30:51.710607+00:00;Japan - J League;Urawa Red Diamonds vs Fagiano Okayama;spread;home;0.0;2.02;1.752;13.27;8.05;1635980440
2026-09-13T01:30:51.711251+00:00;Japan - J League;Urawa Red Diamonds vs Fagiano Okayama;spread;away;-0.0;2.16;1.741;19.40;8.05;1635980440
2026-09-13T01:30:52.258023+00:00;Japan - J League;Tokyo Verdy vs JEF United Chiba;spread;away;0.5;1.943;1.775;8.65;7.55;1635957306
2026-09-13T01:30:57.383705+00:00;England - Premier League;Coventry City vs Brighton;spread;away;-0.5;1.962;1.746;11.01;11.54;1635208833
2026-09-13T01:31:11.079506+00:00;Russia - First League;Leningradets vs Tekstilshchik;spread;home;-0.5;1.962;1.787;8.92;10.54;1635985131
2026-09-13T01:31:20.491662+00:00;Denmark - Superliga;Silkeborg vs Viborg;spread;away;-0.5;1.99;1.775;10.80;10.54;1635720396
2026-09-13T01:32:02.278229+00:00;Switzerland - Super League;FC Zurich vs FC Vaduz;spread;away;-0.0;2.06;1.826;11.36;10.53;1635984804
2026-09-13T01:32:14.202095+00:00;Korea Republic - K League 2;Suwon FC vs Cheonan City;spread;away;0.5;1.952;1.746;10.55;8.53;1635980452
2026-09-13T01:32:14.202700+00:00;Korea Republic - K League 2;Suwon FC vs Cheonan City;spread;home;-0.5;2.11;1.769;16.16;8.53;1635980452
2026-09-13T01:32:15.166724+00:00;Korea Republic - K League 2;Busan IPark vs Gimhae;spread;home;-1.0;2.07;1.758;15.07;8.53;1635985089
2026-09-13T01:37:06.242463+00:00;Bulgaria - First League;Slavia Sofia vs Spartak Varna;spread;home;-0.5;2.05;1.813;11.56;10.68;1635941144
2026-09-13T01:37:53.774637+00:00;Estonia - Esiliiga A;Maardu Linnameeskond vs Tallinna Kalev;total;under;1.5;1.943;1.794;7.67;7.92;1635957952
2026-09-13T01:37:57.367779+00:00;Netherlands - Eredivisie;Excelsior vs FC Utrecht;spread;home;-0.5;2.03;1.781;12.27;8.67;1635196875
2026-09-13T01:37:57.368511+00:00;Netherlands - Eredivisie;Excelsior vs FC Utrecht;spread;away;0.5;1.98;1.735;12.37;8.67;1635196875
2026-09-13T01:38:29.060455+00:00;Russia - First League;Leningradets vs Tekstilshchik;spread;home;-0.5;1.962;1.787;8.92;10.41;1635985131
2026-09-13T01:38:30.144127+00:00;Russia - First League;Ufa vs Volga Ulyanovsk;spread;away;-0.0;2.02;1.847;8.56;10.41;1635932697
2026-09-13T01:38:37.129820+00:00;Korea Republic - K League 2;Suwon FC vs Cheonan City;spread;away;0.5;1.952;1.746;10.55;8.41;1635980452
2026-09-13T01:38:37.130542+00:00;Korea Republic - K League 2;Suwon FC vs Cheonan City;spread;home;-0.5;2.11;1.769;16.16;8.41;1635980452
2026-09-13T01:38:38.292950+00:00;Korea Republic - K League 2;Busan IPark vs Gimhae;spread;home;-1.0;2.07;1.758;15.07;8.41;1635985089
2026-09-13T01:38:45.683103+00:00;Switzerland - Super League;FC Zurich vs FC Vaduz;spread;away;-0.0;2.06;1.826;11.36;10.41;1635984804
2026-09-13T01:38:55.910551+00:00;England - Premier League;Coventry City vs Brighton;spread;away;-0.5;1.962;1.746;11.01;11.41;1635208833
2026-09-13T01:39:08.632645+00:00;Indonesia - Super League;Persita Tangerang vs Java United;spread;home;0.0;1.909;1.741;8.80;6.91;1635957919
2026-09-13T01:39:17.517116+00:00;USA - USL Championship;Phoenix Rising vs FC Tulsa;spread;home;-0.5;1.99;1.775;10.80;0.40;1635932686
2026-09-13T01:39:20.407110+00:00;Japan - J2 League;Vegalta Sendai vs Consadole Sapporo;spread;away;0.5;2.03;1.794;11.63;7.40;1635957926
2026-09-13T01:39:25.233550+00:00;Austria - 2. Liga;FC Liefering vs St Polten;spread;away;-0.5;2.05;1.833;10.59;6.90;1635255906
2026-09-13T01:39:37.778528+00:00;Denmark - Superliga;Silkeborg vs Viborg;spread;away;-0.5;1.99;1.775;10.80;10.40;1635720396
2026-09-13T01:39:50.235901+00:00;Czech Republic - First Liga;Banik Ostrava vs Pardubice;spread;home;-0.5;1.98;1.746;11.82;9.40;1635941036
2026-09-13T01:39:51.861966+00:00;Korea Republic - K League 1;Gimcheon Sangmu vs Gangwon FC;spread;away;-0.0;2.04;1.87;8.33;5.90;1635941093
2026-09-13T01:40:03.578904+00:00;USA - Major League Soccer;Los Angeles Galaxy vs Seattle Sounders;spread;home;0.0;2.02;1.719;14.90;0.89;1635452431
2026-09-13T01:40:03.579760+00:00;USA - Major League Soccer;Los Angeles Galaxy vs Seattle Sounders;spread;away;-0.0;2.21;1.741;21.22;0.89;1635452431
2026-09-13T01:40:04.717523+00:00;USA - Major League Soccer;San Jose Earthquakes vs Houston Dynamo;spread;home;-0.5;1.99;1.82;8.54;0.89;1635455546
2026-09-13T01:40:09.229654+00:00;USA - Major League Soccer;San Jose Earthquakes vs Houston Dynamo;spread;away;0.5;1.962;1.787;8.92;0.89;1635455546
2026-09-13T01:40:09.230271+00:00;USA - Major League Soccer;San Jose Earthquakes vs Houston Dynamo;spread;away;-0.0;2.05;1.775;13.41;0.89;1635455546
2026-09-13T01:40:23.432885+00:00;Japan - J League;Urawa Red Diamonds vs Fagiano Okayama;spread;home;0.0;2.02;1.752;13.27;7.89;1635980440
2026-09-13T01:40:23.433592+00:00;Japan - J League;Urawa Red Diamonds vs Fagiano Okayama;spread;away;-0.0;2.16;1.741;19.40;7.89;1635980440
2026-09-13T01:40:23.950003+00:00;Japan - J League;Tokyo Verdy vs JEF United Chiba;spread;away;0.5;1.943;1.775;8.65;7.39;1635957306
2026-09-13T01:40:35.608363+00:00;Finland - Veikkausliiga;KuPS vs HJK Helsinki;spread;home;-0.5;2.01;1.813;9.80;10.39;1635941147
2026-09-13T01:40:35.609017+00:00;Finland - Veikkausliiga;KuPS vs HJK Helsinki;spread;away;0.5;1.952;1.752;10.25;10.39;1635941147
2026-09-13T01:45:45.186279+00:00;Bulgaria - First League;Slavia Sofia vs Spartak Varna;spread;home;-0.5;2.05;1.813;11.56;10.53;1635941144
2026-09-13T01:46:36.187823+00:00;Netherlands - Eredivisie;Excelsior vs FC Utrecht;spread;home;-0.5;2.03;1.781;12.27;8.53;1635196875
2026-09-13T01:46:36.188479+00:00;Netherlands - Eredivisie;Excelsior vs FC Utrecht;spread;away;0.5;1.98;1.735;12.37;8.53;1635196875
2026-09-13T01:47:07.822855+00:00;Russia - First League;Leningradets vs Tekstilshchik;spread;home;-0.5;1.962;1.787;8.92;10.27;1635985131
2026-09-13T01:47:08.794663+00:00;Russia - First League;Ufa vs Volga Ulyanovsk;spread;away;-0.0;2.02;1.847;8.56;10.27;1635932697
2026-09-13T01:47:15.342688+00:00;Korea Republic - K League 2;Suwon FC vs Cheonan City;spread;away;0.5;1.952;1.746;10.55;8.27;1635980452
2026-09-13T01:47:15.343362+00:00;Korea Republic - K League 2;Suwon FC vs Cheonan City;spread;home;-0.5;2.11;1.769;16.16;8.27;1635980452
2026-09-13T01:47:16.841532+00:00;Korea Republic - K League 2;Busan IPark vs Gimhae;spread;home;-1.0;2.07;1.758;15.07;8.27;1635985089
2026-09-13T01:47:21.130460+00:00;Switzerland - Super League;FC Zurich vs FC Vaduz;spread;away;-0.0;2.06;1.826;11.36;10.27;1635984804
2026-09-13T01:47:30.033249+00:00;England - Premier League;Coventry City vs Brighton;spread;away;-0.5;1.962;1.746;11.01;11.27;1635208833
2026-09-13T01:47:42.356930+00:00;Indonesia - Super League;Persita Tangerang vs Java United;spread;home;0.0;1.909;1.741;8.80;6.76;1635957919
2026-09-13T01:47:51.905617+00:00;USA - USL Championship;Phoenix Rising vs FC Tulsa;spread;home;-0.5;1.99;1.775;10.80;0.26;1635932686
2026-09-13T01:47:54.123003+00:00;Japan - J2 League;Vegalta Sendai vs Consadole Sapporo;spread;away;0.5;2.03;1.794;11.63;7.26;1635957926
2026-09-13T01:47:58.307292+00:00;Austria - 2. Liga;FC Liefering vs St Polten;spread;away;-0.5;2.05;1.833;10.59;6.76;1635255906
2026-09-13T01:48:09.372215+00:00;Denmark - Superliga;Silkeborg vs Viborg;spread;away;-0.5;1.99;1.775;10.80;10.25;1635720396
2026-09-13T01:48:20.365441+00:00;Czech Republic - First Liga;Banik Ostrava vs Pardubice;spread;home;-0.5;1.98;1.746;11.82;9.25;1635941036
2026-09-13T01:48:23.048530+00:00;Korea Republic - K League 1;Gimcheon Sangmu vs Gangwon FC;spread;away;-0.0;2.04;1.87;8.33;5.75;1635941093
2026-09-13T01:48:33.292813+00:00;USA - Major League Soccer;Los Angeles Galaxy vs Seattle Sounders;spread;home;0.0;2.02;1.719;14.90;0.75;1635452431
2026-09-13T01:48:33.293513+00:00;USA - Major League Soccer;Los Angeles Galaxy vs Seattle Sounders;spread;away;-0.0;2.21;1.741;21.22;0.75;1635452431
2026-09-13T01:48:34.021192+00:00;USA - Major League Soccer;San Jose Earthquakes vs Houston Dynamo;spread;home;-0.5;1.99;1.82;8.54;0.75;1635455546
2026-09-13T01:48:34.021744+00:00;USA - Major League Soccer;San Jose Earthquakes vs Houston Dynamo;spread;away;0.5;1.962;1.787;8.92;0.75;1635455546
2026-09-13T01:48:34.022226+00:00;USA - Major League Soccer;San Jose Earthquakes vs Houston Dynamo;spread;away;-0.0;2.05;1.775;13.41;0.75;1635455546
2026-09-13T01:48:47.404473+00:00;Japan - J League;Urawa Red Diamonds vs Fagiano Okayama;spread;home;0.0;2.02;1.746;13.56;7.75;1635980440
2026-09-13T01:48:47.405081+00:00;Japan - J League;Urawa Red Diamonds vs Fagiano Okayama;spread;away;-0.0;2.16;1.741;19.40;7.75;1635980440
2026-09-13T01:48:48.343359+00:00;Japan - J League;Tokyo Verdy vs JEF United Chiba;spread;away;0.5;1.943;1.775;8.65;7.25;1635957306
2026-09-13T01:49:01.354610+00:00;Finland - Veikkausliiga;KuPS vs HJK Helsinki;spread;home;-0.5;2.01;1.813;9.80;10.25;1635941147
2026-09-13T01:49:01.355237+00:00;Finland - Veikkausliiga;KuPS vs HJK Helsinki;spread;away;0.5;1.952;1.752;10.25;10.25;1635941147
2026-09-13T01:54:07.605828+00:00;Japan - J League;Tokyo Verdy vs JEF United Chiba;spread;away;0.5;1.943;1.775;8.65;7.14;1635957306
2026-09-13T01:54:08.072186+00:00;Japan - J League;Urawa Red Diamonds vs Fagiano Okayama;spread;home;0.0;2.02;1.746;13.56;7.64;1635980440
2026-09-13T01:54:12.662143+00:00;Japan - J League;Urawa Red Diamonds vs Fagiano Okayama;spread;away;-0.0;2.16;1.741;19.40;7.64;1635980440
2026-09-13T01:54:14.801013+00:00;Japan - J2 League;Vegalta Sendai vs Consadole Sapporo;spread;away;0.5;2.03;1.794;11.63;7.14;1635957926
2026-09-13T01:54:28.596812+00:00;Austria - 2. Liga;FC Liefering vs St Polten;spread;away;-0.5;2.05;1.833;10.59;6.64;1635255906
2026-09-13T01:54:49.416237+00:00;Indonesia - Super League;Persita Tangerang vs Java United;spread;home;0.0;1.909;1.741;8.80;6.63;1635957919
2026-09-13T01:55:12.591817+00:00;Denmark - Superliga;Silkeborg vs Viborg;spread;away;-0.5;1.99;1.775;10.80;10.13;1635720396
2026-09-13T01:55:28.199674+00:00;Czech Republic - First Liga;Banik Ostrava vs Pardubice;spread;home;-0.5;1.98;1.746;11.82;9.12;1635941036
2026-09-13T01:55:43.737082+00:00;USA - USL Championship;Phoenix Rising vs FC Tulsa;spread;home;-0.5;1.99;1.775;10.80;0.12;1635932686
2026-09-13T01:55:45.004280+00:00;USA - Major League Soccer;Los Angeles Galaxy vs Seattle Sounders;spread;home;0.0;2.02;1.725;14.60;0.62;1635452431
2026-09-13T01:55:45.005017+00:00;USA - Major League Soccer;Los Angeles Galaxy vs Seattle Sounders;spread;away;-0.0;2.2;1.741;20.86;0.62;1635452431
2026-09-13T01:55:45.723614+00:00;USA - Major League Soccer;San Jose Earthquakes vs Houston Dynamo;spread;away;0.5;1.962;1.787;8.92;0.62;1635455546
2026-09-13T01:55:45.724270+00:00;USA - Major League Soccer;San Jose Earthquakes vs Houston Dynamo;spread;home;-0.5;1.99;1.82;8.54;0.62;1635455546
2026-09-13T01:55:45.724794+00:00;USA - Major League Soccer;San Jose Earthquakes vs Houston Dynamo;spread;away;-0.0;2.05;1.775;13.41;0.62;1635455546
2026-09-13T01:55:56.603209+00:00;Finland - Veikkausliiga;KuPS vs HJK Helsinki;spread;home;-0.5;2.01;1.813;9.80;10.12;1635941147
2026-09-13T01:55:56.603961+00:00;Finland - Veikkausliiga;KuPS vs HJK Helsinki;spread;away;0.5;1.952;1.752;10.25;10.12;1635941147
2026-09-13T01:56:03.828862+00:00;Netherlands - Eredivisie;Excelsior vs FC Utrecht;spread;home;-0.5;2.03;1.781;12.27;8.37;1635196875
2026-09-13T01:56:03.829425+00:00;Netherlands - Eredivisie;Excelsior vs FC Utrecht;spread;away;0.5;1.98;1.735;12.37;8.37;1635196875
2026-09-13T01:56:41.434827+00:00;England - Premier League;Coventry City vs Brighton;spread;away;-0.5;1.962;1.746;11.01;11.11;1635208833
2026-09-13T01:56:42.690472+00:00;Switzerland - Super League;FC Zurich vs FC Vaduz;spread;away;-0.0;2.06;1.826;11.36;10.11;1635984804
2026-09-13T01:57:42.267719+00:00;Korea Republic - K League 2;Suwon FC vs Cheonan City;spread;away;0.5;1.952;1.746;10.55;8.11;1635980452
2026-09-13T01:57:42.268332+00:00;Korea Republic - K League 2;Suwon FC vs Cheonan City;spread;home;-0.5;2.11;1.769;16.16;8.11;1635980452
2026-09-13T01:57:44.001140+00:00;Korea Republic - K League 2;Busan IPark vs Gimhae;spread;home;-1.0;2.07;1.758;15.07;8.11;1635985089
2026-09-13T01:57:47.621937+00:00;Russia - First League;Leningradets vs Tekstilshchik;spread;home;-0.5;1.962;1.787;8.92;10.11;1635985131
2026-09-13T01:57:48.488420+00:00;Russia - First League;Ufa vs Volga Ulyanovsk;spread;away;-0.0;2.02;1.847;8.56;10.11;1635932697
2026-09-13T01:58:07.245171+00:00;Bulgaria - First League;Slavia Sofia vs Spartak Varna;spread;home;-0.5;2.05;1.813;11.56;10.35;1635941144
2026-09-13T02:02:51.989464+00:00;Japan - J League;Tokyo Verdy vs JEF United Chiba;spread;away;0.5;1.943;1.775;8.65;7.00;1635957306
2026-09-13T02:02:52.611107+00:00;Japan - J League;Urawa Red Diamonds vs Fagiano Okayama;spread;home;0.0;2.02;1.746;13.56;7.50;1635980440
2026-09-13T02:02:52.611703+00:00;Japan - J League;Urawa Red Diamonds vs Fagiano Okayama;spread;away;-0.0;2.16;1.741;19.40;7.50;1635980440
2026-09-13T02:02:57.194011+00:00;Japan - J2 League;Vegalta Sendai vs Consadole Sapporo;spread;away;0.5;2.03;1.794;11.63;6.99;1635957926
2026-09-13T02:02:59.703031+00:00;Turkey - 1st League;Igdir Belediyespor vs Mardin 1969;spread;home;-0.5;2.02;1.794;11.19;11.99;1636072198
2026-09-13T02:03:11.938523+00:00;Austria - 2. Liga;FC Liefering vs St Polten;spread;away;-0.5;2.05;1.833;10.59;6.49;1635255906
2026-09-13T02:03:15.111457+00:00;Belgium - Pro League;Genk vs Gent;spread;home;-0.5;2.04;1.763;13.58;11.99;1635941035
2026-09-13T02:03:35.303796+00:00;Indonesia - Super League;Persita Tangerang vs Java United;spread;home;0.0;1.909;1.741;8.80;6.49;1635957919
2026-09-13T02:03:58.537498+00:00;Denmark - Superliga;Silkeborg vs Viborg;spread;away;-0.5;1.99;1.775;10.80;9.98;1635720396
2026-09-13T02:04:15.547705+00:00;Czech Republic - First Liga;Banik Ostrava vs Pardubice;spread;home;-0.5;1.98;1.746;11.82;8.98;1635941036
2026-09-13T02:04:18.886556+00:00;Iceland - Premier League;Valur Reykjavik vs Thor Akureyri;spread;away;1.0;1.98;1.741;12.07;11.98;1636090366
2026-09-13T02:04:33.233436+00:00;USA - Major League Soccer;Los Angeles Galaxy vs Seattle Sounders;spread;home;0.0;2.02;1.725;14.60;0.47;1635452431
2026-09-13T02:04:37.655612+00:00;USA - Major League Soccer;Los Angeles Galaxy vs Seattle Sounders;spread;away;-0.0;2.2;1.741;20.86;0.47;1635452431
2026-09-13T02:04:38.471664+00:00;USA - Major League Soccer;San Jose Earthquakes vs Houston Dynamo;spread;away;0.5;1.962;1.787;8.92;0.47;1635455546
2026-09-13T02:04:38.472389+00:00;USA - Major League Soccer;San Jose Earthquakes vs Houston Dynamo;spread;home;-0.5;1.99;1.82;8.54;0.47;1635455546
2026-09-13T02:04:38.472850+00:00;USA - Major League Soccer;San Jose Earthquakes vs Houston Dynamo;spread;away;-0.0;2.05;1.775;13.41;0.47;1635455546
2026-09-13T02:04:49.138308+00:00;Finland - Veikkausliiga;KuPS vs HJK Helsinki;spread;home;-0.5;2.01;1.813;9.80;9.97;1635941147
2026-09-13T02:04:49.138894+00:00;Finland - Veikkausliiga;KuPS vs HJK Helsinki;spread;away;0.5;1.952;1.752;10.25;9.97;1635941147
2026-09-13T02:04:57.372316+00:00;Netherlands - Eredivisie;Excelsior vs FC Utrecht;spread;home;-0.5;2.03;1.781;12.27;8.22;1635196875
2026-09-13T02:04:57.372978+00:00;Netherlands - Eredivisie;Excelsior vs FC Utrecht;spread;away;0.5;1.98;1.735;12.37;8.22;1635196875
2026-09-13T02:05:32.583493+00:00;England - Premier League;Coventry City vs Brighton;spread;away;-0.5;1.962;1.746;11.01;10.97;1635208833
2026-09-13T02:05:33.902190+00:00;Switzerland - Super League;FC Zurich vs FC Vaduz;spread;away;-0.0;2.06;1.826;11.36;9.97;1635984804
2026-09-13T02:05:59.279010+00:00;Turkey - Super League;Genclerbirligi vs Kasimpasa;spread;away;0.5;1.909;1.752;8.22;11.96;1635941153
2026-09-13T02:06:39.155993+00:00;Korea Republic - K League 2;Busan IPark vs Gimhae;spread;home;-1.0;2.07;1.758;15.07;7.96;1635985089
2026-09-13T02:06:39.832337+00:00;Korea Republic - K League 2;Suwon FC vs Cheonan City;spread;away;0.5;1.952;1.746;10.55;7.96;1635980452
2026-09-13T02:06:39.832861+00:00;Korea Republic - K League 2;Suwon FC vs Cheonan City;spread;home;-0.5;2.11;1.769;16.16;7.96;1635980452
2026-09-13T02:06:44.331696+00:00;Russia - First League;Leningradets vs Tekstilshchik;spread;home;-0.5;1.962;1.787;8.92;9.96;1635985131
2026-09-13T02:06:44.939262+00:00;Russia - First League;Ufa vs Volga Ulyanovsk;spread;away;-0.0;2.02;1.847;8.56;9.96;1635932697
2026-09-13T02:07:02.999654+00:00;Korea Republic - K League 1;Gwangju FC vs Anyang;spread;away;-0.5;2.08;1.833;11.88;7.95;1635941200
2026-09-13T02:07:04.136202+00:00;Bulgaria - First League;Slavia Sofia vs Spartak Varna;spread;home;-0.5;2.05;1.813;11.56;10.20;1635941144
2026-09-13T02:12:01.987302+00:00;Turkey - Super League;Genclerbirligi vs Kasimpasa;spread;away;0.5;1.909;1.752;8.22;11.85;1635941153
2026-09-13T02:12:02.424525+00:00;Korea Republic - K League 1;Gwangju FC vs Anyang;spread;away;-0.5;2.08;1.833;11.88;7.85;1635941200
2026-09-13T02:13:16.664659+00:00;England - Premier League;Coventry City vs Brighton;spread;away;-0.5;1.962;1.746;11.01;10.84;1635208833
2026-09-13T02:13:26.440957+00:00;Turkey - 1st League;Igdir Belediyespor vs Mardin 1969;spread;away;0.5;1.926;1.704;11.53;11.83;1636072198
2026-09-13T02:13:26.441703+00:00;Turkey - 1st League;Igdir Belediyespor vs Mardin 1969;spread;home;-0.5;2.02;1.794;11.19;11.83;1636072198
2026-09-13T02:13:32.444949+00:00;Switzerland - Super League;FC Zurich vs FC Vaduz;spread;away;-0.0;2.06;1.826;11.36;9.83;1635984804
2026-09-13T02:13:35.963498+00:00;Korea Republic - K League 2;Busan IPark vs Gimhae;spread;home;-1.0;2.07;1.758;15.07;7.83;1635985089
2026-09-13T02:13:36.499099+00:00;Korea Republic - K League 2;Suwon FC vs Cheonan City;spread;away;0.5;1.952;1.746;10.55;7.83;1635980452
2026-09-13T02:13:36.499689+00:00;Korea Republic - K League 2;Suwon FC vs Cheonan City;spread;home;-0.5;2.11;1.769;16.16;7.83;1635980452
2026-09-13T02:13:46.591858+00:00;Russia - First League;Leningradets vs Tekstilshchik;spread;home;-0.5;1.962;1.787;8.92;9.83;1635985131
2026-09-13T02:13:47.601741+00:00;Russia - First League;Ufa vs Volga Ulyanovsk;spread;away;-0.0;2.02;1.847;8.56;9.83;1635932697
2026-09-13T02:13:57.460694+00:00;Czech Republic - First Liga;Banik Ostrava vs Pardubice;spread;home;-0.5;1.98;1.746;11.82;8.83;1635941036
2026-09-13T02:14:07.768147+00:00;Belgium - Pro League;Genk vs Gent;spread;home;-0.5;2.05;1.763;14.00;11.82;1635941035
2026-09-13T02:14:15.808981+00:00;Finland - Veikkausliiga;KuPS vs HJK Helsinki;spread;home;-0.5;2.01;1.813;9.80;9.82;1635941147
2026-09-13T02:14:15.809653+00:00;Finland - Veikkausliiga;KuPS vs HJK Helsinki;spread;away;0.5;1.952;1.752;10.25;9.82;1635941147
2026-09-13T02:14:17.343413+00:00;Japan - J2 League;Vegalta Sendai vs Consadole Sapporo;spread;away;0.5;2.03;1.794;11.63;6.82;1635957926
2026-09-13T02:14:50.417394+00:00;Japan - J League;Tokyo Verdy vs JEF United Chiba;spread;away;0.5;1.943;1.775;8.65;6.82;1635957306
2026-09-13T02:14:51.302660+00:00;Japan - J League;Urawa Red Diamonds vs Fagiano Okayama;spread;home;0.0;2.02;1.746;13.56;7.32;1635980440
2026-09-13T02:14:51.303280+00:00;Japan - J League;Urawa Red Diamonds vs Fagiano Okayama;spread;away;-0.0;2.16;1.741;19.40;7.32;1635980440
2026-09-13T02:14:55.332251+00:00;Netherlands - Eredivisie;Excelsior vs FC Utrecht;spread;home;-0.5;2.03;1.781;12.27;8.07;1635196875
2026-09-13T02:14:55.333149+00:00;Netherlands - Eredivisie;Excelsior vs FC Utrecht;spread;away;0.5;1.98;1.735;12.37;8.07;1635196875
2026-09-13T02:15:26.496990+00:00;Iceland - Premier League;Valur Reykjavik vs Thor Akureyri;spread;away;1.0;1.98;1.741;12.07;11.81;1636090366
2026-09-13T02:15:35.447497+00:00;Austria - 2. Liga;FC Liefering vs St Polten;spread;away;-0.5;2.05;1.833;10.59;6.31;1635255906
2026-09-13T02:15:42.087295+00:00;USA - Major League Soccer;San Jose Earthquakes vs Houston Dynamo;spread;home;0.0;1.971;1.813;8.02;0.31;1635455546
2026-09-13T02:15:46.295082+00:00;USA - Major League Soccer;San Jose Earthquakes vs Houston Dynamo;spread;away;-0.0;2.06;1.775;13.83;0.31;1635455546
2026-09-13T02:15:47.220027+00:00;USA - Major League Soccer;Los Angeles Galaxy vs Seattle Sounders;spread;home;0.0;2.02;1.741;13.81;0.31;1635452431
2026-09-13T02:15:47.220749+00:00;USA - Major League Soccer;Los Angeles Galaxy vs Seattle Sounders;spread;away;-0.0;2.17;1.741;19.77;0.31;1635452431
2026-09-13T02:15:49.985073+00:00;Denmark - Superliga;Silkeborg vs Viborg;spread;away;-0.5;1.99;1.775;10.80;9.81;1635720396
2026-09-13T02:15:57.919572+00:00;Indonesia - Super League;Persita Tangerang vs Java United;spread;home;0.0;1.909;1.741;8.80;6.31;1635957919
2026-09-13T02:21:00.989058+00:00;Turkey - 1st League;Igdir Belediyespor vs Mardin 1969;spread;away;0.5;1.926;1.704;11.53;11.69;1636072198
2026-09-13T02:21:04.542460+00:00;Turkey - 1st League;Igdir Belediyespor vs Mardin 1969;spread;home;-0.5;2.02;1.794;11.19;11.69;1636072198
2026-09-13T02:21:11.779454+00:00;Iceland - Premier League;Valur Reykjavik vs Thor Akureyri;spread;away;1.0;1.98;1.741;12.07;11.69;1636090366
2026-09-13T02:21:13.855461+00:00;Netherlands - Eredivisie;Excelsior vs FC Utrecht;spread;home;-0.5;2.03;1.781;12.27;7.94;1635196875
2026-09-13T02:21:13.856312+00:00;Netherlands - Eredivisie;Excelsior vs FC Utrecht;spread;away;0.5;1.98;1.735;12.37;7.94;1635196875
2026-09-13T02:21:22.142942+00:00;Indonesia - Super League;Persita Tangerang vs Java United;spread;home;0.0;1.909;1.741;8.80;6.19;1635957919
2026-09-13T02:21:46.456199+00:00;Russia - First League;Leningradets vs Tekstilshchik;spread;home;-0.5;1.962;1.787;8.92;9.69;1635985131
2026-09-13T02:21:49.041373+00:00;Russia - First League;Ufa vs Volga Ulyanovsk;spread;away;-0.0;2.02;1.847;8.56;9.69;1635932697
2026-09-13T02:22:18.647252+00:00;Czech Republic - First Liga;Banik Ostrava vs Pardubice;spread;home;-0.5;1.98;1.746;11.82;8.69;1635941036
2026-09-13T02:22:21.624104+00:00;Korea Republic - K League 1;Gwangju FC vs Anyang;spread;away;-0.5;2.08;1.833;11.88;7.69;1635941200
2026-09-13T02:22:29.465380+00:00;Finland - Veikkausliiga;KuPS vs HJK Helsinki;spread;home;-0.5;2.01;1.813;9.80;9.69;1635941147
2026-09-13T02:22:29.466046+00:00;Finland - Veikkausliiga;KuPS vs HJK Helsinki;spread;away;0.5;1.952;1.752;10.25;9.69;1635941147
2026-09-13T02:22:42.440053+00:00;USA - Major League Soccer;San Jose Earthquakes vs Houston Dynamo;spread;home;0.0;1.971;1.8;8.68;0.18;1635455546
2026-09-13T02:22:42.440823+00:00;USA - Major League Soccer;San Jose Earthquakes vs Houston Dynamo;spread;away;-0.0;2.07;1.775;14.25;0.18;1635455546
2026-09-13T02:22:43.321067+00:00;USA - Major League Soccer;Los Angeles Galaxy vs Seattle Sounders;spread;home;0.0;2.02;1.741;13.81;0.18;1635452431
2026-09-13T02:22:46.877807+00:00;USA - Major League Soccer;Los Angeles Galaxy vs Seattle Sounders;spread;away;-0.0;2.17;1.741;19.77;0.18;1635452431
2026-09-13T02:22:50.641572+00:00;Belgium - Pro League;Genk vs Gent;spread;home;-0.5;2.05;1.763;14.00;11.68;1635941035
2026-09-13T02:22:51.606470+00:00;Switzerland - Super League;FC Zurich vs FC Vaduz;spread;away;-0.0;2.06;1.826;11.36;9.68;1635984804
2026-09-13T02:23:01.884094+00:00;Austria - 2. Liga;FC Liefering vs St Polten;spread;away;-0.5;2.05;1.833;10.59;6.18;1635255906
2026-09-13T02:23:48.690399+00:00;Hong Kong - HKFA 2. Division;Kowloon Cricket Club vs Kwong Wah;spread;home;0.5;1.952;1.746;10.55;3.17;1635957234
2026-09-13T02:23:55.972181+00:00;Japan - J2 League;Vegalta Sendai vs Consadole Sapporo;spread;away;0.5;2.05;1.794;12.49;6.67;1635957926
2026-09-13T02:24:02.000742+00:00;England - Premier League;Coventry City vs Brighton;spread;away;-0.5;1.962;1.746;11.01;10.67;1635208833
2026-09-13T02:24:03.075931+00:00;Denmark - Superliga;Silkeborg vs Viborg;spread;away;-0.5;1.99;1.775;10.80;9.67;1635720396
2026-09-13T02:25:02.321998+00:00;Korea Republic - K League 2;Busan IPark vs Gimhae;spread;home;-1.0;2.07;1.758;15.07;7.66;1635985089
2026-09-13T02:25:03.067915+00:00;Korea Republic - K League 2;Suwon FC vs Cheonan City;spread;away;0.5;1.952;1.746;10.55;7.66;1635980452
2026-09-13T02:25:03.068447+00:00;Korea Republic - K League 2;Suwon FC vs Cheonan City;spread;home;-0.5;2.11;1.769;16.16;7.66;1635980452
2026-09-13T02:25:18.599279+00:00;Turkey - Super League;Genclerbirligi vs Kasimpasa;spread;away;0.5;1.909;1.752;8.22;11.65;1635941153
2026-09-13T02:25:31.075915+00:00;Bulgaria - First League;Slavia Sofia vs Spartak Varna;spread;home;-0.5;2.05;1.813;11.56;9.90;1635941144
2026-09-13T02:25:36.827696+00:00;Japan - J League;Urawa Red Diamonds vs Fagiano Okayama;spread;home;0.0;2.02;1.746;13.56;7.15;1635980440
2026-09-13T02:25:36.828419+00:00;Japan - J League;Urawa Red Diamonds vs Fagiano Okayama;spread;away;-0.0;2.16;1.741;19.40;7.15;1635980440
2026-09-13T02:25:37.490087+00:00;Japan - J League;Tokyo Verdy vs JEF United Chiba;spread;away;0.5;1.943;1.775;8.65;6.65;1635957306
2026-09-13T02:30:38.966786+00:00;Turkey - 1st League;Igdir Belediyespor vs Mardin 1969;spread;away;0.5;1.926;1.704;11.53;11.54;1636072198
2026-09-13T02:30:38.967475+00:00;Turkey - 1st League;Igdir Belediyespor vs Mardin 1969;spread;home;-0.5;2.02;1.794;11.19;11.54;1636072198
2026-09-13T02:30:42.884943+00:00;Iceland - Premier League;Valur Reykjavik vs Thor Akureyri;spread;away;1.0;1.98;1.741;12.07;11.53;1636090366
2026-09-13T02:30:46.723094+00:00;Netherlands - Eredivisie;Excelsior vs FC Utrecht;spread;away;0.5;1.98;1.735;12.37;7.78;1635196875
2026-09-13T02:30:46.723719+00:00;Netherlands - Eredivisie;Excelsior vs FC Utrecht;spread;home;-0.5;2.03;1.781;12.27;7.78;1635196875
2026-09-13T02:30:53.519572+00:00;Indonesia - Super League;Persita Tangerang vs Java United;spread;home;0.0;1.909;1.741;8.80;6.03;1635957919
2026-09-13T02:31:19.832708+00:00;Russia - First League;Leningradets vs Tekstilshchik;spread;home;-0.5;1.962;1.787;8.92;9.53;1635985131
2026-09-13T02:31:50.669600+00:00;Czech Republic - First Liga;Banik Ostrava vs Pardubice;spread;home;-0.5;1.98;1.746;11.82;8.53;1635941036
2026-09-13T02:31:54.088805+00:00;Korea Republic - K League 1;Gwangju FC vs Anyang;spread;away;-0.5;2.08;1.833;11.88;7.53;1635941200
2026-09-13T02:32:02.867772+00:00;Finland - Veikkausliiga;KuPS vs HJK Helsinki;spread;home;-0.5;2.01;1.813;9.80;9.53;1635941147
2026-09-13T02:32:02.868441+00:00;Finland - Veikkausliiga;KuPS vs HJK Helsinki;spread;away;0.5;1.952;1.752;10.25;9.53;1635941147
2026-09-13T02:32:14.008474+00:00;USA - Major League Soccer;San Jose Earthquakes vs Houston Dynamo;spread;home;0.0;1.971;1.8;8.68;0.02;1635455546
2026-09-13T02:32:18.477195+00:00;USA - Major League Soccer;San Jose Earthquakes vs Houston Dynamo;spread;away;-0.0;2.07;1.775;14.25;0.02;1635455546
2026-09-13T02:32:18.981237+00:00;USA - Major League Soccer;Los Angeles Galaxy vs Seattle Sounders;spread;home;0.0;2.02;1.758;12.97;0.02;1635452431
2026-09-13T02:32:18.981811+00:00;USA - Major League Soccer;Los Angeles Galaxy vs Seattle Sounders;spread;away;-0.0;2.15;1.741;19.02;0.02;1635452431
2026-09-13T02:32:22.865493+00:00;Belgium - Pro League;Genk vs Gent;spread;home;-0.5;2.05;1.763;14.00;11.52;1635941035
2026-09-13T02:32:23.701435+00:00;Switzerland - Super League;FC Zurich vs FC Vaduz;spread;away;-0.0;2.06;1.826;11.36;9.52;1635984804
2026-09-13T02:32:32.822991+00:00;Austria - 2. Liga;FC Liefering vs St Polten;spread;away;-0.5;2.05;1.833;10.59;6.02;1635255906
2026-09-13T02:33:29.672729+00:00;Japan - J2 League;Vegalta Sendai vs Consadole Sapporo;spread;away;0.5;2.05;1.794;12.49;6.51;1635957926
2026-09-13T02:33:36.464438+00:00;England - Premier League;Coventry City vs Brighton;spread;away;-0.5;1.962;1.746;11.01;10.51;1635208833
2026-09-13T02:33:37.298335+00:00;Denmark - Superliga;Silkeborg vs Viborg;spread;away;-0.5;1.99;1.775;10.80;9.51;1635720396
2026-09-13T02:34:38.479910+00:00;Portugal - Campeonato de Portugal Prio;Sertanense vs Atletico Malveira;spread;home;0.0;1.935;1.769;8.58;11.50;1636229572
2026-09-13T02:34:48.862513+00:00;Korea Republic - K League 2;Suwon FC vs Cheonan City;spread;away;0.5;1.952;1.746;10.55;7.50;1635980452
2026-09-13T02:34:48.863143+00:00;Korea Republic - K League 2;Suwon FC vs Cheonan City;spread;home;-0.5;2.11;1.769;16.16;7.50;1635980452
2026-09-13T02:34:49.381132+00:00;Korea Republic - K League 2;Busan IPark vs Gimhae;spread;home;-1.0;2.07;1.758;15.07;7.50;1635985089
2026-09-13T02:35:03.525678+00:00;Turkey - Super League;Genclerbirligi vs Kasimpasa;spread;away;0.5;1.909;1.752;8.22;11.49;1635941153
2026-09-13T02:35:15.874663+00:00;Bulgaria - First League;Slavia Sofia vs Spartak Varna;spread;home;-0.5;2.05;1.813;11.56;9.74;1635941144
2026-09-13T02:35:22.461619+00:00;Japan - J League;Urawa Red Diamonds vs Fagiano Okayama;spread;home;0.0;2.02;1.746;13.56;6.99;1635980440
2026-09-13T02:35:22.462199+00:00;Japan - J League;Urawa Red Diamonds vs Fagiano Okayama;spread;away;-0.0;2.16;1.741;19.40;6.99;1635980440
2026-09-13T02:35:23.556435+00:00;Japan - J League;Tokyo Verdy vs JEF United Chiba;spread;away;0.5;1.943;1.775;8.65;6.49;1635957306
2026-09-13T02:40:27.211053+00:00;Japan - J League;Tokyo Verdy vs JEF United Chiba;spread;away;0.5;1.943;1.775;8.65;6.37;1635957306
2026-09-13T02:40:28.376723+00:00;Japan - J League;Urawa Red Diamonds vs Fagiano Okayama;spread;home;0.0;2.02;1.746;13.56;6.87;1635980440
2026-09-13T02:40:28.377292+00:00;Japan - J League;Urawa Red Diamonds vs Fagiano Okayama;spread;away;-0.0;2.16;1.741;19.40;6.87;1635980440
2026-09-13T02:40:32.710300+00:00;Japan - J2 League;Vegalta Sendai vs Consadole Sapporo;spread;away;0.5;2.05;1.794;12.49;6.37;1635957926
2026-09-13T02:40:36.796206+00:00;Turkey - 1st League;Igdir Belediyespor vs Mardin 1969;spread;away;0.5;1.926;1.704;11.53;11.37;1636072198
2026-09-13T02:40:36.796843+00:00;Turkey - 1st League;Igdir Belediyespor vs Mardin 1969;spread;home;-0.5;2.02;1.794;11.19;11.37;1636072198
2026-09-13T02:40:49.143842+00:00;Austria - 2. Liga;FC Liefering vs St Polten;spread;away;-0.5;2.05;1.833;10.59;5.87;1635255906
2026-09-13T02:41:10.594291+00:00;Belgium - Pro League;Genk vs Gent;spread;home;-0.5;2.05;1.763;14.00;11.36;1635941035
2026-09-13T02:41:29.859722+00:00;Indonesia - Super League;Persita Tangerang vs Java United;spread;home;0.0;1.909;1.741;8.80;5.86;1635957919
2026-09-13T02:41:55.243407+00:00;Denmark - Superliga;Silkeborg vs Viborg;spread;away;-0.5;1.99;1.775;10.80;9.36;1635720396
2026-09-13T02:42:17.686632+00:00;Czech Republic - First Liga;Banik Ostrava vs Pardubice;spread;home;-0.5;1.98;1.746;11.82;8.35;1635941036
2026-09-13T02:42:22.010481+00:00;Iceland - Premier League;Valur Reykjavik vs Thor Akureyri;spread;away;1.0;1.98;1.741;12.07;11.35;1636090366
2026-09-13T02:42:47.289595+00:00;Finland - Veikkausliiga;KuPS vs HJK Helsinki;spread;home;-0.5;2.01;1.813;9.80;9.35;1635941147
2026-09-13T02:42:47.290285+00:00;Finland - Veikkausliiga;KuPS vs HJK Helsinki;spread;away;0.5;1.952;1.752;10.25;9.35;1635941147
2026-09-13T02:42:56.774131+00:00;Netherlands - Eredivisie;Excelsior vs FC Utrecht;spread;away;0.5;1.98;1.735;12.37;7.60;1635196875
2026-09-13T02:42:56.774714+00:00;Netherlands - Eredivisie;Excelsior vs FC Utrecht;spread;home;-0.5;2.03;1.781;12.27;7.60;1635196875
2026-09-13T02:43:35.751091+00:00;England - Premier League;Coventry City vs Brighton;spread;away;-0.5;1.962;1.746;11.01;10.34;1635208833
2026-09-13T02:43:39.245877+00:00;Switzerland - Super League;FC Zurich vs FC Vaduz;spread;away;-0.0;2.06;1.826;11.36;9.34;1635984804
2026-09-13T02:44:03.935568+00:00;Turkey - Super League;Genclerbirligi vs Kasimpasa;spread;away;0.5;1.909;1.752;8.22;11.34;1635941153
2026-09-13T02:44:47.293774+00:00;Korea Republic - K League 2;Suwon FC vs Cheonan City;spread;away;0.5;1.952;1.746;10.55;7.33;1635980452
2026-09-13T02:44:47.294390+00:00;Korea Republic - K League 2;Suwon FC vs Cheonan City;spread;home;-0.5;2.11;1.769;16.16;7.33;1635980452
2026-09-13T02:44:47.990956+00:00;Korea Republic - K League 2;Busan IPark vs Gimhae;spread;home;-1.0;2.07;1.758;15.07;7.33;1635985089
2026-09-13T02:44:55.638112+00:00;Russia - First League;Leningradets vs Tekstilshchik;spread;home;-0.5;1.962;1.787;8.92;9.33;1635985131
2026-09-13T02:44:57.636371+00:00;Russia - First League;Ufa vs Volga Ulyanovsk;spread;away;-0.0;2.02;1.847;8.56;9.33;1635932697
2026-09-13T02:45:18.439314+00:00;Korea Republic - K League 1;Gwangju FC vs Anyang;spread;away;-0.5;2.08;1.833;11.88;7.33;1635941200
2026-09-13T02:45:19.356273+00:00;Bulgaria - First League;Slavia Sofia vs Spartak Varna;spread;home;-0.5;2.05;1.813;11.56;9.58;1635941144
2026-09-13T02:52:13.678624+00:00;Japan - J League;Tokyo Verdy vs JEF United Chiba;spread;away;0.5;1.943;1.775;8.65;6.18;1635957306
2026-09-13T02:52:14.762247+00:00;Japan - J League;Urawa Red Diamonds vs Fagiano Okayama;spread;home;0.0;2.02;1.746;13.56;6.68;1635980440
2026-09-13T02:52:14.762774+00:00;Japan - J League;Urawa Red Diamonds vs Fagiano Okayama;spread;away;-0.0;2.16;1.741;19.40;6.68;1635980440
2026-09-13T02:52:19.213131+00:00;Japan - J2 League;Vegalta Sendai vs Consadole Sapporo;spread;away;0.5;2.05;1.794;12.49;6.17;1635957926
2026-09-13T02:52:22.636265+00:00;Turkey - 1st League;Igdir Belediyespor vs Mardin 1969;spread;away;0.5;1.926;1.704;11.53;11.17;1636072198
2026-09-13T02:52:22.636975+00:00;Turkey - 1st League;Igdir Belediyespor vs Mardin 1969;spread;home;-0.5;2.02;1.794;11.19;11.17;1636072198
2026-09-13T02:52:35.216961+00:00;Austria - 2. Liga;FC Liefering vs St Polten;spread;away;-0.5;2.05;1.833;10.59;5.67;1635255906
2026-09-13T02:52:57.575053+00:00;Belgium - Pro League;Genk vs Gent;spread;home;-0.5;1.98;1.763;10.96;11.17;1635941035
2026-09-13T02:53:17.615559+00:00;Indonesia - Super League;Persita Tangerang vs Java United;spread;home;0.0;1.909;1.741;8.80;5.66;1635957919
2026-09-13T02:53:43.827062+00:00;Denmark - Superliga;Silkeborg vs Viborg;spread;away;-0.5;1.99;1.775;10.80;9.16;1635720396
2026-09-13T02:54:03.741760+00:00;Czech Republic - First Liga;Banik Ostrava vs Pardubice;spread;home;-0.5;1.98;1.746;11.82;8.15;1635941036
2026-09-13T02:54:07.911535+00:00;Iceland - Premier League;Valur Reykjavik vs Thor Akureyri;spread;away;1.0;1.98;1.741;12.07;11.15;1636090366
2026-09-13T02:54:35.154213+00:00;Finland - Veikkausliiga;KuPS vs HJK Helsinki;spread;home;-0.5;2.01;1.813;9.80;9.15;1635941147
2026-09-13T02:54:35.154785+00:00;Finland - Veikkausliiga;KuPS vs HJK Helsinki;spread;away;0.5;1.952;1.752;10.25;9.15;1635941147
2026-09-13T02:54:44.583140+00:00;Netherlands - Eredivisie;Excelsior vs FC Utrecht;spread;away;0.5;1.98;1.735;12.37;7.40;1635196875
2026-09-13T02:54:44.583736+00:00;Netherlands - Eredivisie;Excelsior vs FC Utrecht;spread;home;-0.5;2.03;1.781;12.27;7.40;1635196875
2026-09-13T02:55:17.535847+00:00;France - Feminine Division 2;AS Cannes vs Grenoble Foot 38;spread;home;0.0;1.84;1.671;9.18;8.15;1636131211
2026-09-13T02:55:23.367859+00:00;Germany - Bundesliga;RB Leipzig vs Hamburger SV;spread;home;-1.5;1.962;1.781;9.23;10.65;1635197880
2026-09-13T02:55:24.481309+00:00;England - Premier League;Coventry City vs Brighton;spread;away;-0.5;1.962;1.746;11.01;10.15;1635208833
2026-09-13T02:55:27.435099+00:00;Switzerland - Super League;FC Zurich vs FC Vaduz;spread;away;-0.0;2.06;1.826;11.36;9.15;1635984804
2026-09-13T02:55:50.974864+00:00;Turkey - Super League;Genclerbirligi vs Kasimpasa;spread;away;0.5;1.909;1.752;8.22;11.14;1635941153
2026-09-13T02:56:39.122742+00:00;Korea Republic - K League 2;Suwon FC vs Cheonan City;spread;away;0.5;1.952;1.746;10.55;7.14;1635980452
2026-09-13T02:56:39.123313+00:00;Korea Republic - K League 2;Suwon FC vs Cheonan City;spread;home;-0.5;2.11;1.769;16.16;7.14;1635980452
2026-09-13T02:56:40.271736+00:00;Korea Republic - K League 2;Busan IPark vs Gimhae;spread;home;-1.0;2.07;1.758;15.07;7.14;1635985089
2026-09-13T02:56:50.355665+00:00;Russia - First League;Ufa vs Volga Ulyanovsk;spread;away;-0.0;2.02;1.847;8.56;9.14;1635932697
2026-09-13T02:56:51.816315+00:00;Russia - First League;Leningradets vs Tekstilshchik;spread;home;-0.5;1.962;1.787;8.92;9.14;1635985131
2026-09-13T02:57:10.794755+00:00;Korea Republic - K League 1;Gwangju FC vs Anyang;spread;away;-0.5;2.08;1.833;11.88;7.13;1635941200
2026-09-13T02:57:12.364742+00:00;Bulgaria - First League;Slavia Sofia vs Spartak Varna;spread;home;-0.5;2.05;1.813;11.56;9.38;1635941144
2026-09-13T03:02:09.425132+00:00;Japan - J League;Tokyo Verdy vs JEF United Chiba;spread;away;0.5;1.943;1.775;8.65;6.01;1635957306
2026-09-13T03:02:10.678492+00:00;Japan - J League;Urawa Red Diamonds vs Fagiano Okayama;spread;home;0.0;2.02;1.746;13.56;6.51;1635980440
2026-09-13T03:02:10.679240+00:00;Japan - J League;Urawa Red Diamonds vs Fagiano Okayama;spread;away;-0.0;2.16;1.741;19.40;6.51;1635980440
2026-09-13T03:02:15.280850+00:00;Japan - J2 League;Vegalta Sendai vs Consadole Sapporo;spread;away;0.5;2.05;1.794;12.49;6.01;1635957926
2026-09-13T03:02:19.338931+00:00;Turkey - 1st League;Igdir Belediyespor vs Mardin 1969;spread;away;0.5;1.926;1.704;11.53;11.01;1636072198
2026-09-13T03:02:19.339531+00:00;Turkey - 1st League;Igdir Belediyespor vs Mardin 1969;spread;home;-0.5;2.02;1.794;11.19;11.01;1636072198
2026-09-13T03:02:30.495648+00:00;Austria - 2. Liga;FC Liefering vs St Polten;spread;away;-0.5;2.05;1.833;10.59;5.51;1635255906
2026-09-13T03:02:54.238265+00:00;Belgium - Pro League;Genk vs Gent;spread;home;-0.5;1.962;1.763;10.14;11.00;1635941035
2026-09-13T03:03:14.617676+00:00;Indonesia - Super League;Persita Tangerang vs Java United;spread;home;0.0;1.909;1.741;8.80;5.50;1635957919
2026-09-13T03:03:41.132096+00:00;Denmark - Superliga;Silkeborg vs Viborg;spread;away;-0.5;1.99;1.775;10.80;8.99;1635720396
2026-09-13T03:04:03.602949+00:00;Czech Republic - First Liga;Banik Ostrava vs Pardubice;spread;home;-0.5;1.98;1.746;11.82;7.99;1635941036
2026-09-13T03:04:07.720856+00:00;Iceland - Premier League;Valur Reykjavik vs Thor Akureyri;spread;away;1.0;1.98;1.741;12.07;10.99;1636090366
2026-09-13T03:04:10.771817+00:00;Turkey - 2nd League;Aliaga vs Isparta 32 Spor;total;under;2.5;1.98;1.877;5.20;10.49;1636090465
2026-09-13T03:04:30.611221+00:00;Norway - 1st Division;Moss vs Haugesund;spread;away;-0.5;1.962;1.775;9.53;11.99;1635941046
2026-09-13T03:04:40.454621+00:00;Finland - Veikkausliiga;KuPS vs HJK Helsinki;spread;home;-0.5;2.01;1.813;9.80;8.98;1635941147
2026-09-13T03:04:40.455317+00:00;Finland - Veikkausliiga;KuPS vs HJK Helsinki;spread;away;0.5;1.952;1.752;10.25;8.98;1635941147
2026-09-13T03:04:48.877451+00:00;Netherlands - Eredivisie;Excelsior vs FC Utrecht;spread;away;0.5;1.98;1.735;12.37;7.23;1635196875
2026-09-13T03:04:48.878190+00:00;Netherlands - Eredivisie;Excelsior vs FC Utrecht;spread;home;-0.5;2.03;1.781;12.27;7.23;1635196875
2026-09-13T03:05:27.616621+00:00;Germany - Bundesliga;RB Leipzig vs Hamburger SV;spread;home;-1.5;1.962;1.781;9.23;10.48;1635197880
2026-09-13T03:05:28.319220+00:00;England - Premier League;Coventry City vs Brighton;spread;away;-0.5;1.962;1.746;11.01;9.98;1635208833
2026-09-13T03:05:30.077878+00:00;Norway - Eliteserien;Start vs Brann;spread;away;-0.5;2.02;1.826;9.60;11.98;1635932684
2026-09-13T03:05:33.346988+00:00;Switzerland - Super League;FC Zurich vs FC Vaduz;spread;away;-0.0;2.06;1.826;11.36;8.98;1635984804
2026-09-13T03:05:43.221090+00:00;Austria - Bundesliga;Sturm Graz vs LASK Linz;spread;home;0.0;2.12;1.8;15.09;11.98;1635193875
2026-09-13T03:06:05.164026+00:00;Turkey - Super League;Genclerbirligi vs Kasimpasa;spread;away;0.5;1.909;1.752;8.22;10.98;1635941153
2026-09-13T03:06:51.300382+00:00;Austria - Landesliga;Slovan HAC vs Vorwarts Brigittenau;spread;away;-0.0;2.1;1.926;8.29;5.47;1635957386
2026-09-13T03:06:58.827053+00:00;Korea Republic - K League 2;Busan IPark vs Gimhae;spread;home;-1.0;2.07;1.758;15.07;6.97;1635985089
2026-09-13T03:06:59.831319+00:00;Korea Republic - K League 2;Suwon FC vs Cheonan City;spread;away;0.5;1.952;1.746;10.55;6.97;1635980452
2026-09-13T03:06:59.831855+00:00;Korea Republic - K League 2;Suwon FC vs Cheonan City;spread;home;-0.5;2.11;1.769;16.16;6.97;1635980452
2026-09-13T03:07:08.555314+00:00;Russia - First League;Leningradets vs Tekstilshchik;spread;home;-0.5;1.962;1.787;8.92;8.97;1635985131
2026-09-13T03:07:09.097236+00:00;Russia - First League;Ufa vs Volga Ulyanovsk;spread;away;-0.0;2.02;1.847;8.56;8.97;1635932697
2026-09-13T03:07:34.241498+00:00;Korea Republic - K League 1;Gwangju FC vs Anyang;spread;away;-0.5;2.08;1.833;11.88;6.97;1635941200
2026-09-13T03:07:36.770988+00:00;Bulgaria - First League;Slavia Sofia vs Spartak Varna;spread;home;-0.5;2.05;1.813;11.56;9.22;1635941144
2026-09-13T03:13:03.945450+00:00;Czech Republic - First Liga;Banik Ostrava vs Pardubice;spread;home;-0.5;1.98;1.746;11.82;7.84;1635941036
2026-09-13T03:13:06.619934+00:00;Japan - J League;Tokyo Verdy vs JEF United Chiba;spread;away;0.5;1.943;1.775;8.65;5.84;1635957306
2026-09-13T03:13:07.533523+00:00;Japan - J League;Urawa Red Diamonds vs Fagiano Okayama;spread;home;0.0;2.02;1.746;13.56;6.34;1635980440
2026-09-13T03:13:07.534146+00:00;Japan - J League;Urawa Red Diamonds vs Fagiano Okayama;spread;away;-0.0;2.16;1.741;19.40;6.34;1635980440
2026-09-13T03:13:09.331480+00:00;Korea Republic - K League 2;Busan IPark vs Gimhae;spread;home;-1.0;2.07;1.758;15.07;6.83;1635985089
2026-09-13T03:13:10.416992+00:00;Korea Republic - K League 2;Suwon FC vs Cheonan City;spread;away;0.5;1.952;1.746;10.55;6.83;1635980452
2026-09-13T03:13:10.417573+00:00;Korea Republic - K League 2;Suwon FC vs Cheonan City;spread;home;-0.5;2.11;1.769;16.16;6.83;1635980452
2026-09-13T03:13:15.439109+00:00;Iceland - Premier League;Valur Reykjavik vs Thor Akureyri;spread;away;1.0;2.0;1.741;12.95;10.83;1636090366
2026-09-13T03:13:21.266463+00:00;Germany - Bundesliga;RB Leipzig vs Hamburger SV;spread;home;-1.5;1.962;1.781;9.23;10.33;1635197880
2026-09-13T03:13:38.040121+00:00;Turkey - 1st League;Igdir Belediyespor vs Mardin 1969;spread;away;0.5;1.926;1.704;11.53;10.83;1636072198
2026-09-13T03:13:38.040822+00:00;Turkey - 1st League;Igdir Belediyespor vs Mardin 1969;spread;home;-0.5;2.02;1.794;11.19;10.83;1636072198
2026-09-13T03:13:43.092329+00:00;Greece - Super League;Kalamata vs Volos;spread;away;0.5;1.952;1.714;12.19;11.83;1635419353
2026-09-13T03:13:54.929629+00:00;Turkey - Super League;Genclerbirligi vs Kasimpasa;spread;away;0.5;1.909;1.752;8.22;10.83;1635941153
2026-09-13T03:14:17.870564+00:00;Finland - Veikkausliiga;KuPS vs HJK Helsinki;spread;home;-0.5;2.01;1.813;9.80;8.82;1635941147
2026-09-13T03:14:17.871348+00:00;Finland - Veikkausliiga;KuPS vs HJK Helsinki;spread;away;0.5;1.952;1.752;10.25;8.82;1635941147
2026-09-13T03:14:20.291593+00:00;Indonesia - Super League;Persita Tangerang vs Java United;spread;home;0.0;1.909;1.741;8.80;5.32;1635957919
2026-09-13T03:15:30.567087+00:00;Netherlands - Eredivisie;Excelsior vs FC Utrecht;spread;away;0.5;1.98;1.735;12.37;7.06;1635196875
2026-09-13T03:15:30.567832+00:00;Netherlands - Eredivisie;Excelsior vs FC Utrecht;spread;home;-0.5;2.03;1.781;12.27;7.06;1635196875
2026-09-13T03:15:34.612032+00:00;Norway - Eliteserien;Start vs Brann;spread;away;-0.5;2.02;1.826;9.60;11.81;1635932684
2026-09-13T03:16:06.056788+00:00;Denmark - Superliga;Silkeborg vs Viborg;spread;away;-0.5;1.952;1.775;9.07;8.81;1635720396
2026-09-13T03:16:56.960832+00:00;Austria - Bundesliga;Sturm Graz vs LASK Linz;spread;home;0.0;2.13;1.8;15.49;11.80;1635193875
2026-09-13T03:17:12.832822+00:00;Switzerland - Super League;FC Zurich vs FC Vaduz;spread;away;-0.0;2.06;1.826;11.36;8.80;1635984804
2026-09-13T03:17:13.635429+00:00;Norway - 1st Division;Moss vs Haugesund;spread;away;-0.5;1.971;1.775;9.94;11.80;1635941046
2026-09-13T03:17:35.884740+00:00;Belgium - Pro League;Genk vs Gent;spread;home;-0.5;1.98;1.763;10.96;10.80;1635941035
2026-09-13T03:17:49.056292+00:00;Korea Republic - K League 1;Gwangju FC vs Anyang;spread;away;-0.5;2.08;1.833;11.88;6.80;1635941200
2026-09-13T03:17:51.421226+00:00;Austria - 2. Liga;FC Liefering vs St Polten;spread;away;-0.5;2.05;1.833;10.59;5.29;1635255906
2026-09-13T03:17:55.741695+00:00;Russia - First League;Leningradets vs Tekstilshchik;spread;home;-0.5;1.962;1.787;8.92;8.79;1635985131
2026-09-13T03:17:56.739033+00:00;Russia - First League;Ufa vs Volga Ulyanovsk;spread;away;-0.0;2.02;1.847;8.56;8.79;1635932697
2026-09-13T03:18:08.212093+00:00;England - Premier League;Coventry City vs Brighton;spread;away;-0.5;1.962;1.746;11.01;9.79;1635208833
2026-09-13T03:23:34.536057+00:00;Czech Republic - First Liga;Banik Ostrava vs Pardubice;spread;home;-0.5;1.98;1.746;11.82;7.66;1635941036
2026-09-13T03:23:38.126931+00:00;Japan - J League;Tokyo Verdy vs JEF United Chiba;spread;away;0.5;1.943;1.775;8.65;5.66;1635957306
2026-09-13T03:23:39.318088+00:00;Japan - J League;Urawa Red Diamonds vs Fagiano Okayama;spread;home;0.0;2.02;1.741;13.81;6.16;1635980440
2026-09-13T03:23:39.318641+00:00;Japan - J League;Urawa Red Diamonds vs Fagiano Okayama;spread;away;-0.0;2.17;1.741;19.77;6.16;1635980440
2026-09-13T03:23:40.542362+00:00;Korea Republic - K League 2;Suwon FC vs Cheonan City;spread;away;0.5;1.952;1.746;10.55;6.66;1635980452
2026-09-13T03:23:40.543001+00:00;Korea Republic - K League 2;Suwon FC vs Cheonan City;spread;home;-0.5;2.11;1.769;16.16;6.66;1635980452
2026-09-13T03:23:41.991632+00:00;Korea Republic - K League 2;Busan IPark vs Gimhae;spread;home;-1.0;2.07;1.826;11.79;6.66;1635985089
2026-09-13T03:23:42.858170+00:00;Korea Republic - K League 2;Gyeongnam vs Seongnam FC;spread;home;0.0;1.99;1.794;9.85;4.16;1635957877
2026-09-13T03:23:43.584963+00:00;France - Ligue 1;Le Mans vs Lens;total;under;4.5;1.855;1.746;5.88;11.91;1635197920
2026-09-13T03:23:47.967527+00:00;Iceland - Premier League;Valur Reykjavik vs Thor Akureyri;spread;away;1.0;1.98;1.741;12.07;10.66;1636090366
2026-09-13T03:23:53.959773+00:00;Germany - Bundesliga;RB Leipzig vs Hamburger SV;spread;home;-1.5;1.962;1.781;9.23;10.16;1635197880
2026-09-13T03:24:09.796847+00:00;Turkey - 1st League;Igdir Belediyespor vs Mardin 1969;spread;away;0.5;1.926;1.704;11.53;10.65;1636072198
2026-09-13T03:24:09.797431+00:00;Turkey - 1st League;Igdir Belediyespor vs Mardin 1969;spread;home;-0.5;2.02;1.794;11.19;10.65;1636072198
2026-09-13T03:24:14.323045+00:00;Greece - Super League;Kalamata vs Volos;spread;home;-0.5;2.02;1.769;12.43;11.65;1635419353
2026-09-13T03:24:14.323682+00:00;Greece - Super League;Kalamata vs Volos;spread;away;0.5;1.952;1.714;12.19;11.65;1635419353
2026-09-13T03:24:32.170823+00:00;Turkey - Super League;Genclerbirligi vs Kasimpasa;spread;away;0.5;1.909;1.752;8.22;10.65;1635941153
2026-09-13T03:24:40.896922+00:00;Italy - Serie B;Mantova vs Sampdoria;spread;away;0.5;1.935;1.725;10.85;11.90;1635941146
2026-09-13T03:24:55.796609+00:00;Finland - Veikkausliiga;KuPS vs HJK Helsinki;spread;away;0.5;1.885;1.725;8.49;8.64;1635941147
2026-09-13T03:24:57.872496+00:00;Indonesia - Super League;Persita Tangerang vs Java United;spread;home;0.0;1.909;1.741;8.80;5.14;1635957919
2026-09-13T03:25:03.194161+00:00;Bulgaria - First League;Slavia Sofia vs Spartak Varna;spread;home;-0.5;2.04;1.813;11.13;8.89;1635941144
2026-09-13T03:26:10.101642+00:00;Netherlands - Eredivisie;Excelsior vs FC Utrecht;spread;away;0.5;1.98;1.735;12.37;6.89;1635196875
2026-09-13T03:26:10.102160+00:00;Netherlands - Eredivisie;Excelsior vs FC Utrecht;spread;home;-0.5;2.03;1.781;12.27;6.89;1635196875
2026-09-13T03:26:12.482219+00:00;Norway - Eliteserien;Start vs Brann;spread;away;-0.5;2.02;1.826;9.60;11.64;1635932684
2026-09-13T03:26:44.165868+00:00;Denmark - Superliga;Silkeborg vs Viborg;spread;away;-0.5;1.952;1.775;9.07;8.63;1635720396
2026-09-13T03:27:40.812771+00:00;Austria - Bundesliga;Sturm Graz vs LASK Linz;spread;home;0.0;2.13;1.8;15.49;11.62;1635193875
2026-09-13T03:27:51.719956+00:00;Switzerland - Super League;FC Zurich vs FC Vaduz;spread;away;-0.0;2.06;1.826;11.36;8.62;1635984804
2026-09-13T03:27:56.060960+00:00;Norway - 1st Division;Moss vs Haugesund;spread;away;-0.5;1.971;1.775;9.94;11.62;1635941046
2026-09-13T03:28:16.201679+00:00;Belgium - Pro League;Genk vs Gent;spread;home;-0.5;1.98;1.763;10.96;10.62;1635941035
2026-09-13T03:28:31.666170+00:00;Austria - 2. Liga;FC Liefering vs St Polten;spread;away;-0.5;2.05;1.833;10.59;5.12;1635255906
2026-09-13T03:28:35.406059+00:00;Russia - First League;Ufa vs Volga Ulyanovsk;spread;away;-0.0;2.02;1.847;8.56;8.62;1635932697
2026-09-13T03:28:36.055968+00:00;Russia - First League;Leningradets vs Tekstilshchik;spread;home;-0.5;1.962;1.787;8.92;8.62;1635985131
2026-09-13T03:28:49.615195+00:00;England - Premier League;Coventry City vs Brighton;spread;away;-0.5;1.962;1.746;11.01;9.62;1635208833
2026-09-13T03:34:05.476420+00:00;Czech Republic - First Liga;Banik Ostrava vs Pardubice;spread;home;-0.5;1.98;1.741;12.07;7.48;1635941036
2026-09-13T03:34:09.064706+00:00;Japan - J League;Tokyo Verdy vs JEF United Chiba;spread;away;0.5;1.943;1.775;8.65;5.48;1635957306
2026-09-13T03:34:10.217000+00:00;Japan - J League;Urawa Red Diamonds vs Fagiano Okayama;spread;home;0.0;2.02;1.741;13.81;5.98;1635980440
2026-09-13T03:34:14.252644+00:00;Japan - J League;Urawa Red Diamonds vs Fagiano Okayama;spread;away;-0.0;2.17;1.741;19.77;5.98;1635980440
2026-09-13T03:34:15.023716+00:00;Korea Republic - K League 2;Suwon FC vs Cheonan City;spread;away;0.5;1.952;1.746;10.55;6.48;1635980452
2026-09-13T03:34:15.024370+00:00;Korea Republic - K League 2;Suwon FC vs Cheonan City;spread;home;-0.5;2.11;1.769;16.16;6.48;1635980452
2026-09-13T03:34:16.015662+00:00;Korea Republic - K League 2;Busan IPark vs Gimhae;spread;home;-1.0;2.07;1.826;11.79;6.48;1635985089
2026-09-13T03:34:20.344934+00:00;Korea Republic - K League 2;Gyeongnam vs Seongnam FC;spread;home;0.0;1.99;1.794;9.85;3.98;1635957877
2026-09-13T03:34:20.853092+00:00;France - Ligue 1;Le Mans vs Lens;total;over;4.5;2.11;1.917;9.15;11.73;1635197920
2026-09-13T03:34:20.853670+00:00;France - Ligue 1;Le Mans vs Lens;total;under;4.5;1.855;1.746;5.88;11.73;1635197920
2026-09-13T03:34:22.563195+00:00;Iceland - Premier League;Valur Reykjavik vs Thor Akureyri;spread;away;1.0;1.98;1.741;12.07;10.48;1636090366
2026-09-13T03:34:31.551549+00:00;Germany - Bundesliga;RB Leipzig vs Hamburger SV;spread;home;-1.5;1.962;1.781;9.23;9.98;1635197880
2026-09-13T03:34:32.158650+00:00;Germany - Bundesliga;Elversberg vs Bayern Munich;total;over;4.5;1.962;1.8;8.26;11.98;1635197922
2026-09-13T03:34:49.351466+00:00;Turkey - 1st League;Igdir Belediyespor vs Mardin 1969;spread;away;0.5;1.926;1.704;11.53;10.48;1636072198
2026-09-13T03:34:49.352158+00:00;Turkey - 1st League;Igdir Belediyespor vs Mardin 1969;spread;home;-0.5;2.02;1.794;11.19;10.48;1636072198
2026-09-13T03:34:54.777385+00:00;Greece - Super League;Kalamata vs Volos;spread;home;-0.5;2.02;1.769;12.43;11.47;1635419353
2026-09-13T03:34:57.834689+00:00;Greece - Super League;Kalamata vs Volos;spread;away;0.5;1.952;1.714;12.19;11.47;1635419353
2026-09-13T03:35:10.540189+00:00;Turkey - Super League;Genclerbirligi vs Kasimpasa;spread;away;0.5;1.909;1.752;8.22;10.47;1635941153
2026-09-13T03:35:22.653104+00:00;Italy - Serie B;Mantova vs Sampdoria;spread;home;-0.5;2.05;1.833;10.59;11.72;1635941146
2026-09-13T03:35:22.653863+00:00;Italy - Serie B;Mantova vs Sampdoria;spread;away;0.5;1.935;1.725;10.85;11.72;1635941146
2026-09-13T03:35:41.242058+00:00;Finland - Veikkausliiga;KuPS vs HJK Helsinki;spread;home;-0.5;2.05;1.885;8.05;8.47;1635941147
2026-09-13T03:35:41.242719+00:00;Finland - Veikkausliiga;KuPS vs HJK Helsinki;spread;away;0.5;1.885;1.725;8.49;8.47;1635941147
2026-09-13T03:35:43.039184+00:00;Indonesia - Super League;Persita Tangerang vs Java United;spread;home;0.0;1.909;1.741;8.80;4.97;1635957919
2026-09-13T03:35:49.720115+00:00;Bulgaria - First League;Slavia Sofia vs Spartak Varna;spread;home;-0.5;2.04;1.813;11.13;8.72;1635941144
2026-09-13T03:36:53.579225+00:00;Netherlands - Eredivisie;Excelsior vs FC Utrecht;spread;away;0.5;1.98;1.735;12.37;6.71;1635196875
2026-09-13T03:36:53.579900+00:00;Netherlands - Eredivisie;Excelsior vs FC Utrecht;spread;home;-0.5;2.03;1.781;12.27;6.71;1635196875
2026-09-13T03:36:57.855112+00:00;Norway - Eliteserien;Start vs Brann;spread;away;-0.5;2.02;1.826;9.60;11.46;1635932684
2026-09-13T03:37:30.709410+00:00;Denmark - Superliga;Silkeborg vs Viborg;spread;away;-0.5;1.952;1.775;9.07;8.46;1635720396
2026-09-13T03:38:25.148208+00:00;Austria - Bundesliga;Sturm Graz vs LASK Linz;spread;home;0.0;2.13;1.8;15.49;11.45;1635193875
2026-09-13T03:38:36.665370+00:00;Switzerland - Super League;FC Zurich vs FC Vaduz;spread;away;-0.0;2.06;1.826;11.36;8.45;1635984804
2026-09-13T03:38:43.146508+00:00;Norway - 1st Division;Moss vs Haugesund;spread;away;-0.5;1.971;1.775;9.94;11.45;1635941046
2026-09-13T03:39:04.635677+00:00;Belgium - Pro League;Genk vs Gent;spread;home;-0.5;1.98;1.763;10.96;10.44;1635941035
2026-09-13T03:39:20.775662+00:00;Austria - 2. Liga;FC Liefering vs St Polten;spread;away;-0.5;2.05;1.833;10.59;4.94;1635255906
2026-09-13T03:39:27.370203+00:00;Russia - First League;Ufa vs Volga Ulyanovsk;spread;away;-0.0;2.02;1.847;8.56;8.44;1635932697
2026-09-13T03:39:28.604557+00:00;Russia - First League;Leningradets vs Tekstilshchik;spread;home;-0.5;1.962;1.787;8.92;8.44;1635985131
2026-09-13T03:39:36.374938+00:00;England - Premier League;Manchester United vs Manchester City;spread;home;0.0;2.15;1.741;19.02;11.94;1635132230
2026-09-13T03:39:37.003172+00:00;England - Premier League;Coventry City vs Brighton;spread;away;-0.5;1.962;1.746;11.01;9.44;1635208833
2026-09-13T03:45:08.094697+00:00;Denmark - Superliga;Silkeborg vs Viborg;spread;away;-0.5;1.952;1.775;9.07;8.30;1635720396
2026-09-13T03:45:10.769269+00:00;Finland - Veikkausliiga;KuPS vs HJK Helsinki;spread;home;-0.5;2.05;1.877;8.44;8.30;1635941147
2026-09-13T03:45:10.769987+00:00;Finland - Veikkausliiga;KuPS vs HJK Helsinki;spread;away;0.5;1.893;1.725;8.87;8.30;1635941147
2026-09-13T03:45:23.118250+00:00;Indonesia - Super League;Persita Tangerang vs Java United;spread;home;0.0;1.909;1.741;8.80;4.80;1635957919
2026-09-13T03:45:37.180950+00:00;Netherlands - Eredivisie;Excelsior vs FC Utrecht;spread;away;0.5;1.98;1.735;12.37;6.54;1635196875
2026-09-13T03:45:37.181559+00:00;Netherlands - Eredivisie;Excelsior vs FC Utrecht;spread;home;-0.5;2.03;1.781;12.27;6.54;1635196875
2026-09-13T03:45:38.657926+00:00;Austria - 2. Liga;FC Liefering vs St Polten;spread;away;-0.5;2.05;1.833;10.59;4.79;1635255906
2026-09-13T03:45:41.566616+00:00;Russia - First League;Ufa vs Volga Ulyanovsk;spread;away;-0.0;2.02;1.847;8.56;8.29;1635932697
2026-09-13T03:45:42.031858+00:00;Russia - First League;Leningradets vs Tekstilshchik;spread;home;-0.5;1.962;1.787;8.92;8.29;1635985131
2026-09-13T03:45:43.765743+00:00;France - Ligue 1;Le Mans vs Lens;total;over;4.5;2.11;1.917;9.15;11.54;1635197920
2026-09-13T03:45:43.766413+00:00;France - Ligue 1;Le Mans vs Lens;total;under;4.5;1.855;1.746;5.88;11.54;1635197920
2026-09-13T03:46:17.316061+00:00;Italy - Serie B;Mantova vs Sampdoria;spread;home;-0.5;2.05;1.833;10.59;11.54;1635941146
2026-09-13T03:46:17.316678+00:00;Italy - Serie B;Mantova vs Sampdoria;spread;away;0.5;1.935;1.725;10.85;11.54;1635941146
2026-09-13T03:46:31.378027+00:00;Switzerland - Super League;FC Zurich vs FC Vaduz;spread;away;-0.0;2.06;1.826;11.36;8.29;1635984804
2026-09-13T03:46:55.107372+00:00;Belgium - Pro League;Genk vs Gent;spread;home;-0.5;1.98;1.763;10.96;10.28;1635941035
2026-09-13T03:47:02.892593+00:00;Austria - Bundesliga;Sturm Graz vs LASK Linz;spread;home;0.0;2.13;1.8;15.49;11.28;1635193875
2026-09-13T03:47:17.216842+00:00;Korea Republic - K League 2;Suwon FC vs Cheonan City;spread;away;0.5;1.952;1.746;10.55;6.28;1635980452
2026-09-13T03:47:17.217560+00:00;Korea Republic - K League 2;Suwon FC vs Cheonan City;spread;home;-0.5;2.11;1.769;16.16;6.28;1635980452
2026-09-13T03:47:18.275392+00:00;Korea Republic - K League 2;Busan IPark vs Gimhae;spread;home;-1.0;2.07;1.826;11.79;6.28;1635985089
2026-09-13T03:47:19.382028+00:00;Korea Republic - K League 2;Jeonnam Dragons vs Gimpo;spread;away;-0.5;2.04;1.82;10.78;3.78;1635957876
2026-09-13T03:47:19.382643+00:00;Korea Republic - K League 2;Jeonnam Dragons vs Gimpo;spread;home;0.5;1.901;1.73;9.00;3.78;1635957876
2026-09-13T03:47:19.383105+00:00;Korea Republic - K League 2;Jeonnam Dragons vs Gimpo;total;over;3.5;1.862;1.775;4.67;3.78;1635957876
2026-09-13T03:47:19.916676+00:00;Korea Republic - K League 2;Gyeongnam vs Seongnam FC;spread;home;0.0;1.99;1.794;9.85;3.78;1635957877
2026-09-13T03:47:25.873008+00:00;Iceland - Premier League;Valur Reykjavik vs Thor Akureyri;spread;away;1.0;1.98;1.741;12.07;10.28;1636090366
2026-09-13T03:47:27.669913+00:00;Bulgaria - First League;Slavia Sofia vs Spartak Varna;spread;home;-0.5;2.04;1.813;11.13;8.53;1635941144
2026-09-13T03:48:06.646476+00:00;Turkey - Super League;Genclerbirligi vs Kasimpasa;spread;away;0.5;1.909;1.752;8.22;10.27;1635941153
2026-09-13T03:48:18.865607+00:00;Norway - Eliteserien;Start vs Brann;spread;away;-0.5;2.02;1.826;9.60;11.27;1635932684
2026-09-13T03:49:08.405025+00:00;Norway - 1st Division;Moss vs Haugesund;spread;away;-0.5;1.971;1.775;9.94;11.27;1635941046
2026-09-13T03:49:25.285168+00:00;Greece - Super League;Kalamata vs Volos;spread;home;-0.5;2.02;1.769;12.43;11.27;1635419353
2026-09-13T03:49:25.285758+00:00;Greece - Super League;Kalamata vs Volos;spread;away;0.5;1.952;1.714;12.19;11.27;1635419353
2026-09-13T03:49:31.554151+00:00;Germany - Bundesliga;RB Leipzig vs Hamburger SV;spread;home;-1.5;1.962;1.781;9.23;9.76;1635197880
2026-09-13T03:49:32.655893+00:00;Germany - Bundesliga;Elversberg vs Bayern Munich;total;over;4.5;1.962;1.813;7.59;11.76;1635197922
2026-09-13T03:49:33.866738+00:00;Japan - J League;Urawa Red Diamonds vs Fagiano Okayama;spread;home;0.0;2.02;1.746;13.56;5.76;1635980440
2026-09-13T03:49:33.867420+00:00;Japan - J League;Urawa Red Diamonds vs Fagiano Okayama;spread;away;-0.0;2.17;1.741;19.77;5.76;1635980440
2026-09-13T03:49:34.720224+00:00;Japan - J League;Tokyo Verdy vs JEF United Chiba;spread;away;0.5;1.943;1.775;8.65;5.26;1635957306
2026-09-13T03:49:56.417178+00:00;Turkey - 1st League;Igdir Belediyespor vs Mardin 1969;spread;away;0.5;1.926;1.704;11.53;10.26;1636072198
2026-09-13T03:49:56.417799+00:00;Turkey - 1st League;Igdir Belediyespor vs Mardin 1969;spread;home;-0.5;2.02;1.794;11.19;10.26;1636072198
2026-09-13T03:50:15.111634+00:00;England - Premier League;Manchester United vs Manchester City;spread;away;-0.0;2.02;1.758;12.97;11.76;1635132230
2026-09-13T03:50:15.112259+00:00;England - Premier League;Manchester United vs Manchester City;spread;home;0.0;2.15;1.741;19.02;11.76;1635132230
2026-09-13T03:50:23.571508+00:00;England - Premier League;Coventry City vs Brighton;spread;away;-0.5;1.962;1.746;11.01;9.26;1635208833
2026-09-13T03:50:30.646920+00:00;Czech Republic - First Liga;Banik Ostrava vs Pardubice;spread;home;-0.5;1.98;1.741;12.07;7.26;1635941036
2026-09-13T03:55:41.165737+00:00;Turkey - 1st League;Igdir Belediyespor vs Mardin 1969;spread;away;0.5;1.926;1.704;11.53;10.12;1636072198
2026-09-13T03:55:41.166419+00:00;Turkey - 1st League;Igdir Belediyespor vs Mardin 1969;spread;home;-0.5;2.02;1.794;11.19;10.12;1636072198
2026-09-13T03:56:16.540064+00:00;Norway - 1st Division;Moss vs Haugesund;spread;away;-0.5;1.971;1.775;9.94;11.12;1635941046
2026-09-13T03:56:29.721531+00:00;Belgium - Pro League;Genk vs Gent;spread;home;-0.5;1.98;1.763;10.96;10.12;1635941035
2026-09-13T03:56:58.325527+00:00;Switzerland - Super League;FC Zurich vs FC Vaduz;spread;away;-0.0;2.06;1.826;11.36;8.11;1635984804
2026-09-13T03:57:06.194988+00:00;Austria - Bundesliga;Sturm Graz vs LASK Linz;spread;home;0.0;2.13;1.8;15.49;11.11;1635193875
2026-09-13T03:57:10.753574+00:00;Iceland - Premier League;Valur Reykjavik vs Thor Akureyri;spread;away;1.0;1.98;1.741;12.07;10.11;1636090366
2026-09-13T03:57:14.234101+00:00;Netherlands - Eredivisie;Excelsior vs FC Utrecht;spread;away;0.5;1.98;1.735;12.37;6.36;1635196875
2026-09-13T03:57:14.234683+00:00;Netherlands - Eredivisie;Excelsior vs FC Utrecht;spread;home;-0.5;2.03;1.781;12.27;6.36;1635196875
2026-09-13T03:57:17.702917+00:00;Thailand - League Cup;Burapha United vs Marines;total;over;1.5;1.847;1.719;6.93;6.11;1636216288
2026-09-13T03:57:20.692959+00:00;Italy - Serie B;Mantova vs Sampdoria;spread;home;-0.5;2.05;1.84;10.24;11.36;1635941146
2026-09-13T03:57:20.693581+00:00;Italy - Serie B;Mantova vs Sampdoria;spread;away;0.5;1.926;1.725;10.44;11.36;1635941146
2026-09-13T03:57:36.470538+00:00;Denmark - Superliga;Silkeborg vs Viborg;spread;away;-0.5;1.952;1.775;9.07;8.11;1635720396
2026-09-13T03:57:39.732272+00:00;England - Premier League;Manchester United vs Manchester City;spread;away;-0.0;2.02;1.758;12.97;11.61;1635132230
2026-09-13T03:57:43.472414+00:00;England - Premier League;Manchester United vs Manchester City;spread;home;0.0;2.15;1.741;19.02;11.61;1635132230
2026-09-13T03:57:44.637562+00:00;England - Premier League;Coventry City vs Brighton;spread;away;-0.5;1.962;1.746;11.01;9.11;1635208833
2026-09-13T03:57:55.254423+00:00;Bulgaria - First League;Slavia Sofia vs Spartak Varna;spread;home;-0.5;2.04;1.813;11.13;8.35;1635941144
2026-09-13T03:58:03.514588+00:00;Russia - First League;Leningradets vs Tekstilshchik;spread;home;-0.5;1.962;1.787;8.92;8.10;1635985131
2026-09-13T03:58:06.020868+00:00;Russia - First League;Ufa vs Volga Ulyanovsk;spread;away;-0.0;2.02;1.847;8.56;8.10;1635932697
2026-09-13T03:58:07.634067+00:00;Czech Republic - First Liga;Banik Ostrava vs Pardubice;spread;home;-0.5;1.98;1.741;12.07;7.10;1635941036
2026-09-13T03:58:22.507681+00:00;Finland - Veikkausliiga;KuPS vs HJK Helsinki;spread;away;0.5;1.893;1.725;8.87;8.10;1635941147
2026-09-13T03:59:12.925091+00:00;France - Ligue 1;Le Mans vs Lens;total;over;4.5;2.11;1.917;9.15;11.34;1635197920
2026-09-13T03:59:12.925724+00:00;France - Ligue 1;Le Mans vs Lens;total;under;4.5;1.855;1.746;5.88;11.34;1635197920
2026-09-13T03:59:26.113211+00:00;Germany - Bundesliga;RB Leipzig vs Hamburger SV;spread;home;-1.5;1.962;1.781;9.23;9.59;1635197880
2026-09-13T03:59:27.121369+00:00;Germany - Bundesliga;Elversberg vs Bayern Munich;total;over;4.5;1.962;1.813;7.59;11.59;1635197922
2026-09-13T04:00:22.107205+00:00;Greece - Super League;Kalamata vs Volos;spread;home;-0.5;2.02;1.769;12.43;11.09;1635419353
2026-09-13T04:00:22.107911+00:00;Greece - Super League;Kalamata vs Volos;spread;away;0.5;1.952;1.714;12.19;11.09;1635419353
2026-09-13T04:00:27.860049+00:00;Indonesia - Super League;Persita Tangerang vs Java United;spread;home;0.0;1.909;1.741;8.80;4.59;1635957919
2026-09-13T04:00:38.996262+00:00;Japan - J League;Tokyo Verdy vs JEF United Chiba;spread;away;0.5;1.943;1.775;8.65;5.08;1635957306
2026-09-13T04:00:39.595969+00:00;Japan - J League;Urawa Red Diamonds vs Fagiano Okayama;spread;home;0.0;2.02;1.746;13.56;5.58;1635980440
2026-09-13T04:00:42.901969+00:00;Japan - J League;Urawa Red Diamonds vs Fagiano Okayama;spread;away;-0.0;2.17;1.741;19.77;5.58;1635980440
2026-09-13T04:00:50.600123+00:00;Turkey - Super League;Genclerbirligi vs Kasimpasa;spread;away;0.5;1.909;1.752;8.22;10.08;1635941153
2026-09-13T04:01:05.789121+00:00;Korea Republic - K League 2;Busan IPark vs Gimhae;spread;home;-1.0;2.07;1.826;11.79;6.08;1635985089
2026-09-13T04:01:06.769919+00:00;Korea Republic - K League 2;Suwon FC vs Cheonan City;spread;away;0.5;1.952;1.746;10.55;6.08;1635980452
2026-09-13T04:01:06.770504+00:00;Korea Republic - K League 2;Suwon FC vs Cheonan City;spread;home;-0.5;2.11;1.769;16.16;6.08;1635980452
2026-09-13T04:01:07.379154+00:00;Korea Republic - K League 2;Gyeongnam vs Seongnam FC;spread;home;0.0;1.99;1.794;9.85;3.58;1635957877
2026-09-13T04:01:08.265681+00:00;Korea Republic - K League 2;Jeonnam Dragons vs Gimpo;spread;away;-0.5;2.06;1.82;11.65;3.58;1635957876
2026-09-13T04:01:11.254684+00:00;Korea Republic - K League 2;Jeonnam Dragons vs Gimpo;spread;home;0.5;1.901;1.73;9.00;3.58;1635957876
2026-09-13T04:01:19.436939+00:00;Austria - 2. Liga;FC Liefering vs St Polten;spread;away;-0.5;2.05;1.833;10.59;4.58;1635255906
2026-09-13T04:01:23.199618+00:00;Norway - Eliteserien;Start vs Brann;spread;away;-0.5;2.02;1.82;9.90;11.08;1635932684
2026-09-13T04:06:44.948009+00:00;Turkey - 1st League;Igdir Belediyespor vs Mardin 1969;spread;away;0.5;1.926;1.704;11.53;9.94;1636072198
2026-09-13T04:06:44.948721+00:00;Turkey - 1st League;Igdir Belediyespor vs Mardin 1969;spread;home;-0.5;2.02;1.794;11.19;9.94;1636072198
2026-09-13T04:07:26.709921+00:00;Norway - 1st Division;Moss vs Haugesund;spread;away;-0.5;1.971;1.775;9.94;10.94;1635941046
2026-09-13T04:07:40.249182+00:00;Belgium - Pro League;Genk vs Gent;spread;home;-0.5;1.98;1.763;10.96;9.93;1635941035
2026-09-13T04:08:13.717053+00:00;Switzerland - Super League;FC Zurich vs FC Vaduz;spread;away;-0.0;2.06;1.826;11.36;7.93;1635984804
2026-09-13T04:08:22.422274+00:00;Austria - Bundesliga;Sturm Graz vs LASK Linz;spread;home;0.0;2.13;1.8;15.49;10.93;1635193875
2026-09-13T04:08:27.665805+00:00;Iceland - Premier League;Valur Reykjavik vs Thor Akureyri;spread;away;1.0;1.98;1.741;12.07;9.93;1636090366
2026-09-13T04:08:31.788324+00:00;Netherlands - Eredivisie;Excelsior vs FC Utrecht;spread;away;0.5;1.98;1.735;12.37;6.18;1635196875
2026-09-13T04:08:31.789032+00:00;Netherlands - Eredivisie;Excelsior vs FC Utrecht;spread;home;-0.5;2.03;1.781;12.27;6.18;1635196875
2026-09-13T04:08:37.877809+00:00;Italy - Serie B;Mantova vs Sampdoria;spread;home;-0.5;2.05;1.84;10.24;11.18;1635941146
2026-09-13T04:08:37.878567+00:00;Italy - Serie B;Mantova vs Sampdoria;spread;away;0.5;1.926;1.725;10.44;11.18;1635941146
2026-09-13T04:08:54.581682+00:00;Denmark - Superliga;Silkeborg vs Viborg;spread;away;-0.5;1.952;1.775;9.07;7.92;1635720396
2026-09-13T04:08:56.745888+00:00;England - Premier League;Coventry City vs Brighton;spread;away;-0.5;1.943;1.746;10.14;8.92;1635208833
2026-09-13T04:08:57.575573+00:00;England - Premier League;Manchester United vs Manchester City;spread;away;-0.0;2.02;1.758;12.97;11.42;1635132230
2026-09-13T04:08:57.576380+00:00;England - Premier League;Manchester United vs Manchester City;spread;home;0.0;2.15;1.741;19.02;11.42;1635132230
2026-09-13T04:09:08.862840+00:00;Bulgaria - First League;Slavia Sofia vs Spartak Varna;spread;home;-0.5;2.04;1.813;11.13;8.17;1635941144
2026-09-13T04:09:15.436339+00:00;Russia - First League;Leningradets vs Tekstilshchik;spread;home;-0.5;1.962;1.787;8.92;7.92;1635985131
2026-09-13T04:09:17.590726+00:00;Russia - First League;Ufa vs Volga Ulyanovsk;spread;away;-0.0;2.02;1.847;8.56;7.92;1635932697
2026-09-13T04:09:19.171691+00:00;Czech Republic - First Liga;Banik Ostrava vs Pardubice;spread;home;-0.5;1.98;1.741;12.07;6.92;1635941036
2026-09-13T04:09:35.579159+00:00;Finland - Veikkausliiga;KuPS vs HJK Helsinki;spread;away;0.5;1.893;1.725;8.87;7.92;1635941147
2026-09-13T04:10:31.668574+00:00;France - Ligue 1;Le Mans vs Lens;total;over;4.5;2.11;1.917;9.15;11.16;1635197920
2026-09-13T04:10:31.669329+00:00;France - Ligue 1;Le Mans vs Lens;total;under;4.5;1.855;1.746;5.88;11.16;1635197920
2026-09-13T04:10:44.898007+00:00;Germany - Bundesliga;RB Leipzig vs Hamburger SV;spread;home;-1.5;1.962;1.781;9.23;9.41;1635197880
2026-09-13T04:10:45.844042+00:00;Germany - Bundesliga;Elversberg vs Bayern Munich;total;over;4.5;1.962;1.813;7.59;11.41;1635197922
2026-09-13T04:11:47.791147+00:00;Greece - Super League;Kalamata vs Volos;spread;home;-0.5;2.02;1.769;12.43;10.90;1635419353
2026-09-13T04:11:47.792006+00:00;Greece - Super League;Kalamata vs Volos;spread;away;0.5;1.952;1.714;12.19;10.90;1635419353
2026-09-13T04:11:56.332220+00:00;Indonesia - Super League;Persita Tangerang vs Java United;spread;home;0.0;1.909;1.741;8.80;4.40;1635957919
2026-09-13T04:12:04.541398+00:00;Japan - J League;Urawa Red Diamonds vs Fagiano Okayama;spread;home;0.0;2.02;1.746;13.56;5.40;1635980440
2026-09-13T04:12:04.542070+00:00;Japan - J League;Urawa Red Diamonds vs Fagiano Okayama;spread;away;-0.0;2.17;1.741;19.77;5.40;1635980440
2026-09-13T04:12:05.018995+00:00;Japan - J League;Tokyo Verdy vs JEF United Chiba;spread;away;0.5;1.943;1.775;8.65;4.90;1635957306
2026-09-13T04:12:11.787696+00:00;Turkey - Super League;Genclerbirligi vs Kasimpasa;spread;away;0.5;1.909;1.752;8.22;9.90;1635941153
2026-09-13T04:12:27.629544+00:00;Korea Republic - K League 2;Busan IPark vs Gimhae;spread;home;-1.0;2.07;1.826;11.79;5.90;1635985089
2026-09-13T04:12:28.772632+00:00;Korea Republic - K League 2;Jeonnam Dragons vs Gimpo;spread;away;-0.5;2.06;1.82;11.65;3.40;1635957876
2026-09-13T04:12:28.773229+00:00;Korea Republic - K League 2;Jeonnam Dragons vs Gimpo;spread;home;0.5;1.901;1.73;9.00;3.40;1635957876
2026-09-13T04:12:29.472994+00:00;Korea Republic - K League 2;Gyeongnam vs Seongnam FC;spread;home;0.0;1.99;1.794;9.85;3.40;1635957877
2026-09-13T04:12:30.564722+00:00;Korea Republic - K League 2;Suwon FC vs Cheonan City;spread;away;0.5;1.952;1.746;10.55;5.90;1635980452
2026-09-13T04:12:30.565370+00:00;Korea Republic - K League 2;Suwon FC vs Cheonan City;spread;home;-0.5;2.11;1.769;16.16;5.90;1635980452
2026-09-13T04:12:39.587261+00:00;Austria - 2. Liga;FC Liefering vs St Polten;spread;away;-0.5;2.05;1.833;10.59;4.40;1635255906
2026-09-13T04:18:00.092078+00:00;Turkey - Super League;Genclerbirligi vs Kasimpasa;spread;away;0.5;1.909;1.752;8.22;9.75;1635941153
2026-09-13T04:18:06.273814+00:00;Bulgaria - First League;Slavia Sofia vs Spartak Varna;spread;home;-0.5;2.06;1.813;11.99;8.00;1635941144
2026-09-13T04:18:21.524354+00:00;Greece - Super League;Kalamata vs Volos;spread;home;-0.5;2.02;1.769;12.43;10.75;1635419353
2026-09-13T04:18:21.525082+00:00;Greece - Super League;Kalamata vs Volos;spread;away;0.5;1.952;1.714;12.19;10.75;1635419353
2026-09-13T04:18:26.806401+00:00;Hong Kong - HKFA 1. Division;WSE vs South China;spread;home;-0.5;1.98;1.813;8.43;3.25;1635957878
2026-09-13T04:19:10.306784+00:00;Netherlands - Eredivisie;Excelsior vs FC Utrecht;spread;away;0.5;1.98;1.735;12.37;5.99;1635196875
2026-09-13T04:19:10.307330+00:00;Netherlands - Eredivisie;Excelsior vs FC Utrecht;spread;home;-0.5;2.03;1.781;12.27;5.99;1635196875
2026-09-13T04:19:23.719882+00:00;Germany - Bundesliga;Elversberg vs Bayern Munich;total;over;4.5;1.952;1.813;7.12;11.24;1635197922
2026-09-13T04:19:56.393573+00:00;Iceland - Premier League;Valur Reykjavik vs Thor Akureyri;spread;away;1.0;1.98;1.741;12.07;9.74;1636090366
2026-09-13T04:19:57.236411+00:00;Iceland - Premier League;FH Hafnarfjordur vs KA Akureyri;total;under;3.5;1.917;1.84;4.02;9.74;1636090480
2026-09-13T04:20:00.333793+00:00;Belgium - Pro League;Genk vs Gent;spread;home;-0.5;1.98;1.763;10.96;9.74;1635941035
2026-09-13T04:20:05.308646+00:00;Italy - Serie B;Mantova vs Sampdoria;spread;home;-0.5;2.05;1.84;10.24;10.99;1635941146
2026-09-13T04:20:05.309375+00:00;Italy - Serie B;Mantova vs Sampdoria;spread;away;0.5;1.926;1.725;10.44;10.99;1635941146
2026-09-13T04:20:11.660219+00:00;Russia - First League;Ufa vs Volga Ulyanovsk;spread;away;-0.0;2.02;1.847;8.56;7.73;1635932697
2026-09-13T04:20:12.192491+00:00;Russia - First League;Leningradets vs Tekstilshchik;spread;home;-0.5;1.962;1.787;8.92;7.73;1635985131
2026-09-13T04:20:17.137968+00:00;France - Ligue 1;Le Mans vs Lens;total;over;4.5;2.11;1.917;9.15;10.98;1635197920
2026-09-13T04:20:17.138723+00:00;France - Ligue 1;Le Mans vs Lens;total;under;4.5;1.855;1.746;5.88;10.98;1635197920
2026-09-13T04:20:21.249686+00:00;Korea Republic - K League 2;Gyeongnam vs Seongnam FC;spread;home;0.0;1.99;1.794;9.85;3.23;1635957877
2026-09-13T04:20:22.171950+00:00;Korea Republic - K League 2;Busan IPark vs Gimhae;spread;home;-1.0;2.07;1.826;11.79;5.73;1635985089
2026-09-13T04:20:22.760302+00:00;Korea Republic - K League 2;Suwon FC vs Cheonan City;spread;away;0.5;1.952;1.735;11.12;5.73;1635980452
2026-09-13T04:20:22.760936+00:00;Korea Republic - K League 2;Suwon FC vs Cheonan City;spread;home;-0.5;2.12;1.769;16.56;5.73;1635980452
2026-09-13T04:20:23.536629+00:00;Korea Republic - K League 2;Jeonnam Dragons vs Gimpo;spread;away;-0.5;2.06;1.82;11.65;3.23;1635957876
2026-09-13T04:20:23.537163+00:00;Korea Republic - K League 2;Jeonnam Dragons vs Gimpo;spread;home;0.5;1.901;1.73;9.00;3.23;1635957876
2026-09-13T04:20:28.506127+00:00;Switzerland - Super League;FC Zurich vs FC Vaduz;spread;away;-0.0;2.06;1.826;11.36;7.73;1635984804
2026-09-13T04:20:44.438987+00:00;England - Premier League;Coventry City vs Brighton;spread;away;-0.5;1.943;1.746;10.14;8.73;1635208833
2026-09-13T04:20:45.318002+00:00;England - Premier League;Manchester United vs Manchester City;spread;away;-0.0;2.02;1.758;12.97;11.23;1635132230
2026-09-13T04:20:45.318774+00:00;England - Premier League;Manchester United vs Manchester City;spread;home;0.0;2.15;1.741;19.02;11.23;1635132230
2026-09-13T04:20:52.491896+00:00;Turkey - 1st League;Igdir Belediyespor vs Mardin 1969;spread;away;0.5;1.926;1.704;11.53;9.73;1636072198
2026-09-13T04:20:52.492635+00:00;Turkey - 1st League;Igdir Belediyespor vs Mardin 1969;spread;home;-0.5;2.02;1.794;11.19;9.73;1636072198
2026-09-13T04:21:07.297452+00:00;Indonesia - Super League;Persita Tangerang vs Java United;spread;home;0.0;1.909;1.741;8.80;4.23;1635957919
2026-09-13T04:21:24.311269+00:00;Hong Kong - Premier League;Shatin vs Kowloon City;spread;home;0.0;2.08;1.893;8.99;3.72;1635957285
2026-09-13T04:21:42.538845+00:00;Austria - 2. Liga;FC Liefering vs St Polten;spread;away;-0.5;2.05;1.833;10.59;4.22;1635255906
2026-09-13T04:21:58.282114+00:00;Austria - Bundesliga;Sturm Graz vs LASK Linz;spread;home;0.0;2.13;1.8;15.49;10.72;1635193875
2026-09-13T04:22:08.373990+00:00;Denmark - Superliga;Silkeborg vs Viborg;spread;away;-0.5;1.952;1.775;9.07;7.72;1635720396
2026-09-13T04:22:24.368512+00:00;Hong Kong - HKFA 2. Division;Kowloon Cricket Club vs Kwong Wah;spread;home;0.5;1.935;1.735;10.34;1.22;1635957234
2026-09-13T04:22:32.819999+00:00;Czech Republic - First Liga;Banik Ostrava vs Pardubice;spread;home;-0.5;1.98;1.741;12.07;6.72;1635941036
2026-09-13T04:23:15.099696+00:00;Japan - J League;Urawa Red Diamonds vs Fagiano Okayama;spread;home;0.0;2.02;1.746;13.56;5.21;1635980440
2026-09-13T04:23:15.100425+00:00;Japan - J League;Urawa Red Diamonds vs Fagiano Okayama;spread;away;-0.0;2.17;1.741;19.77;5.21;1635980440
2026-09-13T04:23:16.171727+00:00;Japan - J League;Tokyo Verdy vs JEF United Chiba;spread;away;0.5;1.943;1.775;8.65;4.71;1635957306
2026-09-13T04:23:47.683989+00:00;Finland - Veikkausliiga;KuPS vs HJK Helsinki;spread;away;0.5;1.893;1.725;8.87;7.71;1635941147
2026-09-13T04:24:02.515326+00:00;Norway - 1st Division;Moss vs Haugesund;spread;away;-0.5;2.0;1.775;11.25;10.71;1635941046
2026-09-13T04:29:23.419098+00:00;Turkey - Super League;Genclerbirligi vs Kasimpasa;spread;away;0.5;1.909;1.752;8.22;9.56;1635941153
2026-09-13T04:29:31.878724+00:00;Bulgaria - First League;Slavia Sofia vs Spartak Varna;spread;home;-0.5;2.06;1.813;11.99;7.81;1635941144
2026-09-13T04:29:46.658177+00:00;Greece - Super League;Kalamata vs Volos;spread;home;-0.5;2.02;1.769;12.43;10.55;1635419353
2026-09-13T04:29:46.658873+00:00;Greece - Super League;Kalamata vs Volos;spread;away;0.5;1.952;1.714;12.19;10.55;1635419353
2026-09-13T04:30:34.177188+00:00;Netherlands - Eredivisie;Excelsior vs FC Utrecht;spread;away;0.5;1.98;1.735;12.37;5.80;1635196875
2026-09-13T04:30:34.177778+00:00;Netherlands - Eredivisie;Excelsior vs FC Utrecht;spread;home;-0.5;2.03;1.781;12.27;5.80;1635196875
2026-09-13T04:30:34.965738+00:00;Netherlands - Eredivisie;PEC Zwolle vs Feyenoord;total;over;3.5;1.99;1.862;6.43;10.30;1635196928
2026-09-13T04:30:34.966474+00:00;Netherlands - Eredivisie;PEC Zwolle vs Feyenoord;total;over;1.5;2.03;1.943;4.29;10.30;1635196928
2026-09-13T04:30:48.633161+00:00;Germany - Bundesliga;Elversberg vs Bayern Munich;total;over;4.5;1.952;1.813;7.12;11.05;1635197922
2026-09-13T04:31:20.057018+00:00;Iceland - Premier League;KR Reykjavik vs IA Akranes;total;over;4.5;1.926;1.84;4.47;9.55;1636090364
2026-09-13T04:31:22.301339+00:00;Iceland - Premier League;Valur Reykjavik vs Thor Akureyri;spread;away;1.0;1.98;1.741;12.07;9.55;1636090366
2026-09-13T04:31:25.848487+00:00;Belgium - Pro League;Genk vs Gent;spread;home;-0.5;1.98;1.763;10.96;9.55;1635941035
2026-09-13T04:31:30.657613+00:00;Italy - Serie B;Mantova vs Sampdoria;spread;home;-0.5;2.05;1.84;10.24;10.79;1635941146
2026-09-13T04:31:30.658330+00:00;Italy - Serie B;Mantova vs Sampdoria;spread;away;0.5;1.926;1.725;10.44;10.79;1635941146
2026-09-13T04:31:36.127213+00:00;Russia - First League;Ufa vs Volga Ulyanovsk;spread;away;-0.0;2.02;1.847;8.56;7.54;1635932697
2026-09-13T04:31:36.655168+00:00;Russia - First League;Leningradets vs Tekstilshchik;spread;home;-0.5;1.962;1.787;8.92;7.54;1635985131
2026-09-13T04:31:41.473171+00:00;France - Ligue 1;Le Mans vs Lens;total;over;4.5;2.11;1.917;9.15;10.79;1635197920
2026-09-13T04:31:41.474007+00:00;France - Ligue 1;Le Mans vs Lens;total;under;4.5;1.855;1.746;5.88;10.79;1635197920
2026-09-13T04:31:45.429383+00:00;Korea Republic - K League 2;Gyeongnam vs Seongnam FC;spread;home;0.0;1.99;1.794;9.85;3.04;1635957877
2026-09-13T04:31:46.266475+00:00;Korea Republic - K League 2;Busan IPark vs Gimhae;spread;home;-1.0;2.07;1.826;11.79;5.54;1635985089
2026-09-13T04:31:47.003192+00:00;Korea Republic - K League 2;Suwon FC vs Cheonan City;spread;away;0.5;1.952;1.735;11.12;5.54;1635980452
2026-09-13T04:31:51.339328+00:00;Korea Republic - K League 2;Suwon FC vs Cheonan City;spread;home;-0.5;2.12;1.769;16.56;5.54;1635980452
2026-09-13T04:31:51.904234+00:00;Korea Republic - K League 2;Jeonnam Dragons vs Gimpo;spread;away;-0.5;2.06;1.82;11.65;3.04;1635957876
2026-09-13T04:31:51.904727+00:00;Korea Republic - K League 2;Jeonnam Dragons vs Gimpo;spread;home;0.5;1.901;1.73;9.00;3.04;1635957876
2026-09-13T04:31:56.005862+00:00;Switzerland - Super League;FC Zurich vs FC Vaduz;spread;away;-0.0;2.06;1.826;11.36;7.54;1635984804
2026-09-13T04:32:13.398207+00:00;England - Premier League;Coventry City vs Brighton;spread;away;-0.5;1.926;1.746;9.35;8.54;1635208833
2026-09-13T04:32:13.891927+00:00;England - Premier League;Manchester United vs Manchester City;spread;away;-0.0;2.02;1.752;13.27;11.04;1635132230
2026-09-13T04:32:13.892683+00:00;England - Premier League;Manchester United vs Manchester City;spread;home;0.0;2.16;1.741;19.40;11.04;1635132230
2026-09-13T04:32:21.927577+00:00;Turkey - 1st League;Igdir Belediyespor vs Mardin 1969;spread;away;0.5;1.926;1.704;11.53;9.54;1636072198
2026-09-13T04:32:21.928274+00:00;Turkey - 1st League;Igdir Belediyespor vs Mardin 1969;spread;home;-0.5;2.02;1.794;11.19;9.54;1636072198
2026-09-13T04:32:33.351602+00:00;Indonesia - Super League;Persita Tangerang vs Java United;spread;home;0.0;1.909;1.741;8.80;4.04;1635957919
2026-09-13T04:33:25.535744+00:00;Austria - Bundesliga;Sturm Graz vs LASK Linz;spread;home;0.0;2.13;1.8;15.49;10.53;1635193875
2026-09-13T04:33:34.681248+00:00;Denmark - Superliga;Silkeborg vs Viborg;spread;away;-0.5;1.952;1.775;9.07;7.53;1635720396
2026-09-13T04:33:53.307165+00:00;Czech Republic - First Liga;Banik Ostrava vs Pardubice;spread;home;-0.5;1.98;1.741;12.07;6.53;1635941036
2026-09-13T04:34:34.746141+00:00;Japan - J League;Urawa Red Diamonds vs Fagiano Okayama;spread;home;0.0;2.02;1.746;13.56;5.02;1635980440
2026-09-13T04:34:34.746888+00:00;Japan - J League;Urawa Red Diamonds vs Fagiano Okayama;spread;away;-0.0;2.17;1.741;19.77;5.02;1635980440
2026-09-13T04:34:35.479041+00:00;Japan - J League;Tokyo Verdy vs JEF United Chiba;spread;away;0.5;1.943;1.775;8.65;4.52;1635957306
2026-09-13T04:35:11.089633+00:00;Finland - Veikkausliiga;KuPS vs HJK Helsinki;spread;away;0.5;1.893;1.725;8.87;7.52;1635941147
2026-09-13T04:35:23.592965+00:00;Norway - 1st Division;Moss vs Haugesund;spread;away;-0.5;1.971;1.775;9.94;10.52;1635941046
2026-09-13T04:40:47.477085+00:00;Turkey - 1st League;Igdir Belediyespor vs Mardin 1969;spread;away;0.5;1.926;1.704;11.53;9.37;1636072198
2026-09-13T04:40:47.477800+00:00;Turkey - 1st League;Igdir Belediyespor vs Mardin 1969;spread;home;-0.5;2.02;1.794;11.19;9.37;1636072198
2026-09-13T04:40:48.607777+00:00;France - Ligue 1;Le Mans vs Lens;total;over;4.5;2.11;1.917;9.15;10.62;1635197920
2026-09-13T04:40:48.608427+00:00;France - Ligue 1;Le Mans vs Lens;total;under;4.5;1.855;1.746;5.88;10.62;1635197920
2026-09-13T04:40:55.756232+00:00;Iceland - Premier League;Valur Reykjavik vs Thor Akureyri;spread;away;1.0;1.98;1.741;12.07;9.37;1636090366
2026-09-13T04:40:57.324196+00:00;Netherlands - Eredivisie;Excelsior vs FC Utrecht;spread;away;0.5;1.98;1.735;12.37;5.62;1635196875
2026-09-13T04:40:57.324924+00:00;Netherlands - Eredivisie;Excelsior vs FC Utrecht;spread;home;-0.5;2.03;1.781;12.27;5.62;1635196875
2026-09-13T04:41:04.758022+00:00;Indonesia - Super League;Persita Tangerang vs Java United;spread;home;0.0;1.909;1.741;8.80;3.87;1635957919
2026-09-13T04:41:17.867645+00:00;Spain - La Liga;Getafe vs Deportivo La Coruna;spread;away;-0.0;2.3;1.847;19.70;11.86;1635208789
2026-09-13T04:41:25.783618+00:00;Norway - 1st Division;Moss vs Haugesund;spread;away;-0.5;1.971;1.775;9.94;10.36;1635941046
2026-09-13T04:41:46.373602+00:00;Russia - First League;Leningradets vs Tekstilshchik;spread;home;-0.5;1.962;1.787;8.92;7.36;1635985131
2026-09-13T04:41:48.392045+00:00;Russia - First League;Ufa vs Volga Ulyanovsk;spread;away;-0.0;2.02;1.847;8.56;7.36;1635932697
2026-09-13T04:42:33.855305+00:00;Czech Republic - First Liga;Banik Ostrava vs Pardubice;spread;home;-0.5;1.98;1.741;12.07;6.36;1635941036
2026-09-13T04:42:47.018026+00:00;Finland - Veikkausliiga;KuPS vs HJK Helsinki;spread;away;0.5;1.893;1.725;8.87;7.36;1635941147
2026-09-13T04:43:10.833630+00:00;Italy - Serie B;Mantova vs Sampdoria;spread;home;-0.5;2.05;1.84;10.24;10.60;1635941146
2026-09-13T04:43:10.834308+00:00;Italy - Serie B;Mantova vs Sampdoria;spread;away;0.5;1.926;1.725;10.44;10.60;1635941146
2026-09-13T04:43:12.273728+00:00;Germany - Bundesliga;Elversberg vs Bayern Munich;total;over;4.5;1.952;1.813;7.12;10.85;1635197922
2026-09-13T04:43:15.663297+00:00;Belgium - Pro League;Genk vs Gent;spread;home;-0.5;1.98;1.763;10.96;9.35;1635941035
2026-09-13T04:43:17.789697+00:00;Switzerland - Super League;FC Zurich vs FC Vaduz;spread;away;-0.0;2.06;1.826;11.36;7.35;1635984804
2026-09-13T04:43:22.191110+00:00;Austria - Bundesliga;Sturm Graz vs LASK Linz;spread;home;0.0;2.13;1.8;15.49;10.35;1635193875
2026-09-13T04:43:36.360567+00:00;Austria - 2. Liga;FC Liefering vs St Polten;spread;away;-0.5;2.04;1.833;10.15;3.85;1635255906
2026-09-13T04:44:45.378786+00:00;Hong Kong - HKFA 2. Division;Kowloon Cricket Club vs Kwong Wah;spread;away;-0.5;2.01;1.758;12.54;0.84;1635957234
2026-09-13T04:45:06.084405+00:00;England - Premier League;Coventry City vs Brighton;spread;away;-0.5;1.926;1.746;9.35;8.34;1635208833
2026-09-13T04:45:06.584831+00:00;England - Premier League;Manchester United vs Manchester City;spread;away;-0.0;2.02;1.758;12.97;10.84;1635132230
2026-09-13T04:45:06.585505+00:00;England - Premier League;Manchester United vs Manchester City;spread;home;0.0;2.15;1.741;19.02;10.84;1635132230
2026-09-13T04:46:32.300420+00:00;Korea Republic - K League 2;Jeonnam Dragons vs Gimpo;spread;away;-0.5;2.06;1.82;11.65;2.83;1635957876
2026-09-13T04:46:32.301073+00:00;Korea Republic - K League 2;Jeonnam Dragons vs Gimpo;spread;home;0.5;1.901;1.73;9.00;2.83;1635957876
2026-09-13T04:46:33.072974+00:00;Korea Republic - K League 2;Gyeongnam vs Seongnam FC;spread;home;0.0;2.0;1.794;10.30;2.83;1635957877
2026-09-13T04:46:33.954397+00:00;Korea Republic - K League 2;Suwon FC vs Cheonan City;spread;away;0.5;1.952;1.735;11.12;5.33;1635980452
2026-09-13T04:46:33.954935+00:00;Korea Republic - K League 2;Suwon FC vs Cheonan City;spread;home;-0.5;2.12;1.769;16.56;5.33;1635980452
2026-09-13T04:46:35.216250+00:00;Korea Republic - K League 2;Busan IPark vs Gimhae;spread;home;-1.0;2.07;1.826;11.79;5.33;1635985089
2026-09-13T04:46:53.914404+00:00;Turkey - Super League;Genclerbirligi vs Kasimpasa;spread;away;0.5;1.909;1.752;8.22;9.33;1635941153
2026-09-13T04:47:07.420304+00:00;Bulgaria - First League;Slavia Sofia vs Spartak Varna;spread;home;-0.5;2.06;1.813;11.99;7.57;1635941144
2026-09-13T04:47:10.415292+00:00;Greece - Super League;Kalamata vs Volos;spread;home;-0.5;2.02;1.769;12.43;10.32;1635419353
2026-09-13T04:47:10.416184+00:00;Greece - Super League;Kalamata vs Volos;spread;away;0.5;1.952;1.714;12.19;10.32;1635419353
2026-09-13T04:47:16.843860+00:00;Japan - J League;Tokyo Verdy vs JEF United Chiba;spread;away;0.5;1.943;1.775;8.65;4.32;1635957306
2026-09-13T04:47:18.021440+00:00;Japan - J League;Urawa Red Diamonds vs Fagiano Okayama;spread;home;0.0;2.02;1.746;13.56;4.82;1635980440
2026-09-13T04:47:18.022215+00:00;Japan - J League;Urawa Red Diamonds vs Fagiano Okayama;spread;away;-0.0;2.17;1.741;19.77;4.82;1635980440
2026-09-13T04:52:23.925454+00:00;Turkey - 1st League;Igdir Belediyespor vs Mardin 1969;spread;away;0.5;1.926;1.704;11.53;9.17;1636072198
2026-09-13T04:52:23.926016+00:00;Turkey - 1st League;Igdir Belediyespor vs Mardin 1969;spread;home;-0.5;2.02;1.794;11.19;9.17;1636072198
2026-09-13T04:52:24.660860+00:00;France - Ligue 1;Le Mans vs Lens;total;over;4.5;2.11;1.917;9.15;10.42;1635197920
2026-09-13T04:52:24.661547+00:00;France - Ligue 1;Le Mans vs Lens;total;under;4.5;1.855;1.746;5.88;10.42;1635197920
2026-09-13T04:52:31.082627+00:00;Iceland - Premier League;Valur Reykjavik vs Thor Akureyri;spread;away;1.0;1.98;1.741;12.07;9.17;1636090366
2026-09-13T04:52:32.774617+00:00;Netherlands - Eredivisie;Excelsior vs FC Utrecht;spread;away;0.5;1.98;1.735;12.37;5.42;1635196875
2026-09-13T04:52:32.775234+00:00;Netherlands - Eredivisie;Excelsior vs FC Utrecht;spread;home;-0.5;2.03;1.781;12.27;5.42;1635196875
2026-09-13T04:52:41.338846+00:00;Indonesia - Super League;Persita Tangerang vs Java United;spread;home;0.0;1.909;1.741;8.80;3.67;1635957919
2026-09-13T04:52:55.181727+00:00;Spain - La Liga;Getafe vs Deportivo La Coruna;spread;home;0.0;1.893;1.667;11.94;11.67;1635208789
2026-09-13T04:52:55.182547+00:00;Spain - La Liga;Getafe vs Deportivo La Coruna;spread;away;-0.0;2.3;1.847;19.70;11.67;1635208789
2026-09-13T04:53:05.714402+00:00;Norway - 1st Division;Moss vs Haugesund;spread;away;-0.5;1.971;1.775;9.94;10.17;1635941046
2026-09-13T04:53:24.516119+00:00;Russia - First League;Ufa vs Volga Ulyanovsk;spread;away;-0.0;2.02;1.847;8.56;7.17;1635932697
2026-09-13T04:53:25.069144+00:00;Russia - First League;Leningradets vs Tekstilshchik;spread;home;-0.5;1.962;1.787;8.92;7.17;1635985131
2026-09-13T04:54:11.558565+00:00;Czech Republic - First Liga;Banik Ostrava vs Pardubice;spread;home;-0.5;1.98;1.741;12.07;6.16;1635941036
2026-09-13T04:54:12.143436+00:00;Czech Republic - First Liga;Zlin vs Hradec Kralove;spread;away;-0.5;2.06;1.885;8.50;8.16;1635941040
2026-09-13T04:54:25.174269+00:00;Finland - Veikkausliiga;KuPS vs HJK Helsinki;spread;away;0.5;1.893;1.725;8.87;7.16;1635941147
2026-09-13T04:54:51.359768+00:00;Italy - Serie B;Mantova vs Sampdoria;spread;home;-0.5;2.05;1.833;10.59;10.41;1635941146
2026-09-13T04:54:51.360415+00:00;Italy - Serie B;Mantova vs Sampdoria;spread;away;0.5;1.926;1.725;10.44;10.41;1635941146
2026-09-13T04:54:55.583417+00:00;Belgium - Pro League;Genk vs Gent;spread;home;-0.5;1.98;1.763;10.96;9.16;1635941035
2026-09-13T04:55:00.273532+00:00;Switzerland - Super League;FC Zurich vs FC Vaduz;spread;away;-0.0;2.06;1.826;11.36;7.16;1635984804
2026-09-13T04:55:03.322628+00:00;Austria - Bundesliga;Sturm Graz vs LASK Linz;spread;home;0.0;2.13;1.8;15.49;10.16;1635193875
2026-09-13T04:55:15.832924+00:00;Austria - 2. Liga;FC Liefering vs St Polten;spread;away;-0.5;2.04;1.855;9.07;3.65;1635255906
2026-09-13T04:56:29.194939+00:00;Hong Kong - HKFA 2. Division;Kowloon Cricket Club vs Kwong Wah;spread;home;0.5;1.98;1.8;9.09;0.65;1635957234
2026-09-13T04:56:52.037759+00:00;England - Premier League;Manchester United vs Manchester City;spread;away;-0.0;2.02;1.746;13.56;10.64;1635132230
2026-09-13T04:56:55.112728+00:00;England - Premier League;Manchester United vs Manchester City;spread;home;0.0;2.17;1.741;19.77;10.64;1635132230
2026-09-13T04:56:56.119787+00:00;England - Premier League;Coventry City vs Brighton;spread;away;-0.5;1.926;1.746;9.35;8.14;1635208833
2026-09-13T04:56:58.623947+00:00;Denmark - Superliga;Silkeborg vs Viborg;spread;away;-0.5;1.962;1.775;9.53;7.14;1635720396
2026-09-13T04:57:10.509455+00:00;Hong Kong - HKFA 1. Division;Bright Cerulean vs Central and Western;total;over;4.5;1.926;1.826;5.19;0.64;1635941225
2026-09-13T04:57:23.394681+00:00;Austria - Landesliga;Slovan HAC vs Vorwarts Brigittenau;spread;home;0.0;2.02;1.741;13.81;3.64;1635957386
2026-09-13T04:58:25.156420+00:00;Korea Republic - K League 2;Busan IPark vs Gimhae;spread;home;-1.0;2.07;1.826;11.79;5.14;1635985089
2026-09-13T04:58:25.755009+00:00;Korea Republic - K League 2;Jeonnam Dragons vs Gimpo;spread;away;-0.5;2.06;1.82;11.65;2.64;1635957876
2026-09-13T04:58:25.755616+00:00;Korea Republic - K League 2;Jeonnam Dragons vs Gimpo;spread;home;0.5;1.901;1.73;9.00;2.64;1635957876
2026-09-13T04:58:26.300861+00:00;Korea Republic - K League 2;Gyeongnam vs Seongnam FC;spread;home;0.0;2.0;1.794;10.30;2.64;1635957877
2026-09-13T04:58:27.499073+00:00;Korea Republic - K League 2;Suwon FC vs Cheonan City;spread;away;0.5;1.952;1.735;11.12;5.14;1635980452
2026-09-13T04:58:27.499691+00:00;Korea Republic - K League 2;Suwon FC vs Cheonan City;spread;home;-0.5;2.12;1.769;16.56;5.14;1635980452
2026-09-13T04:58:44.785530+00:00;Turkey - Super League;Genclerbirligi vs Kasimpasa;spread;away;0.5;1.909;1.752;8.22;9.13;1635941153
2026-09-13T04:58:58.009769+00:00;Bulgaria - First League;Slavia Sofia vs Spartak Varna;spread;home;-0.5;2.06;1.813;11.99;7.38;1635941144
2026-09-13T04:59:00.382799+00:00;Greece - Super League;Kalamata vs Volos;spread;home;-0.5;2.02;1.769;12.43;10.13;1635419353
2026-09-13T04:59:00.383407+00:00;Greece - Super League;Kalamata vs Volos;spread;away;0.5;1.952;1.714;12.19;10.13;1635419353
2026-09-13T04:59:07.515615+00:00;Japan - J League;Tokyo Verdy vs JEF United Chiba;spread;away;0.5;1.943;1.775;8.65;4.13;1635957306
2026-09-13T04:59:08.395664+00:00;Japan - J League;Urawa Red Diamonds vs Fagiano Okayama;spread;home;0.0;2.02;1.746;13.56;4.63;1635980440
2026-09-13T04:59:08.396300+00:00;Japan - J League;Urawa Red Diamonds vs Fagiano Okayama;spread;away;-0.0;2.17;1.741;19.77;4.63;1635980440
2026-09-13T05:04:08.915313+00:00;Netherlands - Eredivisie;Excelsior vs FC Utrecht;spread;away;0.5;1.98;1.735;12.37;5.23;1635196875
2026-09-13T05:04:08.915895+00:00;Netherlands - Eredivisie;Excelsior vs FC Utrecht;spread;home;-0.5;2.03;1.781;12.27;5.23;1635196875
2026-09-13T05:05:52.238432+00:00;Italy - Serie B;Mantova vs Sampdoria;spread;home;-0.5;2.05;1.833;10.59;10.22;1635941146
2026-09-13T05:05:52.239117+00:00;Italy - Serie B;Mantova vs Sampdoria;spread;away;0.5;1.926;1.725;10.44;10.22;1635941146
2026-09-13T05:05:53.751569+00:00;Turkey - 1st League;Igdir Belediyespor vs Mardin 1969;spread;away;0.5;1.926;1.704;11.53;8.97;1636072198
2026-09-13T05:05:53.752260+00:00;Turkey - 1st League;Igdir Belediyespor vs Mardin 1969;spread;home;-0.5;2.02;1.794;11.19;8.97;1636072198
2026-09-13T05:06:12.526275+00:00;Austria - 2. Liga;FC Liefering vs St Polten;spread;away;-0.5;2.04;1.855;9.07;3.47;1635255906
2026-09-13T05:06:37.124150+00:00;Bulgaria - First League;Slavia Sofia vs Spartak Varna;spread;home;-0.5;2.06;1.813;11.99;7.22;1635941144
2026-09-13T05:06:47.537596+00:00;Finland - Veikkausliiga;KuPS vs HJK Helsinki;spread;away;0.5;1.893;1.725;8.87;6.96;1635941147
2026-09-13T05:06:57.011704+00:00;Portugal - Primeira Liga;Benfica vs Gil Vicente;spread;home;-1.0;2.01;1.806;10.15;11.96;1636004872
2026-09-13T05:06:57.479169+00:00;Portugal - Primeira Liga;Arouca vs Santa Clara;spread;away;-0.0;2.1;1.82;13.33;11.96;1635941201
2026-09-13T05:07:34.922081+00:00;Belgium - Pro League;Genk vs Gent;spread;home;-0.5;2.02;1.763;12.72;8.96;1635941035
2026-09-13T05:07:42.482894+00:00;Iceland - Premier League;Valur Reykjavik vs Thor Akureyri;spread;away;1.0;1.98;1.741;12.07;8.96;1636090366
2026-09-13T05:08:00.427273+00:00;Czech Republic - First Liga;Banik Ostrava vs Pardubice;spread;home;-0.5;1.98;1.741;12.07;5.96;1635941036
2026-09-13T05:08:06.348493+00:00;Turkey - Super League;Genclerbirligi vs Kasimpasa;spread;away;0.5;1.909;1.752;8.22;8.96;1635941153
2026-09-13T05:08:10.208587+00:00;Indonesia - Super League;Persita Tangerang vs Java United;spread;home;0.0;1.909;1.741;8.80;3.46;1635957919
2026-09-13T05:08:12.981101+00:00;Austria - Bundesliga;Sturm Graz vs LASK Linz;spread;home;0.0;2.13;1.8;15.49;9.96;1635193875
2026-09-13T05:08:27.152204+00:00;Japan - J League;Tokyo Verdy vs JEF United Chiba;spread;away;0.5;1.935;1.775;8.27;3.95;1635957306
2026-09-13T05:08:27.764934+00:00;Japan - J League;Urawa Red Diamonds vs Fagiano Okayama;spread;home;0.0;2.02;1.746;13.56;4.45;1635980440
2026-09-13T05:08:27.765554+00:00;Japan - J League;Urawa Red Diamonds vs Fagiano Okayama;spread;away;-0.0;2.17;1.741;19.77;4.45;1635980440
2026-09-13T05:08:40.258648+00:00;England - Premier League;Manchester United vs Manchester City;spread;home;0.0;2.17;1.741;19.77;10.45;1635132230
2026-09-13T05:08:41.015927+00:00;England - Premier League;Coventry City vs Brighton;spread;away;-0.5;1.952;1.741;10.81;7.95;1635208833
2026-09-13T05:08:50.143558+00:00;France - Ligue 1;Le Mans vs Lens;total;over;4.5;2.11;1.917;9.15;10.20;1635197920
2026-09-13T05:08:50.144239+00:00;France - Ligue 1;Le Mans vs Lens;total;under;4.5;1.855;1.746;5.88;10.20;1635197920
2026-09-13T05:08:55.798948+00:00;Norway - 1st Division;Moss vs Haugesund;spread;away;-0.5;1.971;1.775;9.94;9.95;1635941046
2026-09-13T05:09:12.608822+00:00;Russia - First League;Leningradets vs Tekstilshchik;spread;home;-0.5;1.962;1.787;8.92;6.95;1635985131
2026-09-13T05:09:15.371266+00:00;Russia - First League;Ufa vs Volga Ulyanovsk;spread;away;-0.0;2.02;1.847;8.56;6.95;1635932697
2026-09-13T05:10:30.331538+00:00;Spain - La Liga;Getafe vs Deportivo La Coruna;spread;home;0.0;1.893;1.719;9.19;11.44;1635208789
2026-09-13T05:10:30.332242+00:00;Spain - La Liga;Getafe vs Deportivo La Coruna;spread;away;-0.0;2.21;1.847;16.43;11.44;1635208789
2026-09-13T05:10:35.146121+00:00;Greece - Super League;Kalamata vs Volos;spread;home;-0.5;2.02;1.769;12.43;9.94;1635419353
2026-09-13T05:10:35.146761+00:00;Greece - Super League;Kalamata vs Volos;spread;away;0.5;1.952;1.714;12.19;9.94;1635419353
2026-09-13T05:10:45.863532+00:00;Switzerland - Super League;FC Zurich vs FC Vaduz;spread;away;-0.0;2.06;1.826;11.36;6.93;1635984804
2026-09-13T05:11:05.513056+00:00;Korea Republic - K League 2;Suwon FC vs Cheonan City;spread;away;0.5;1.952;1.735;11.12;4.93;1635980452
2026-09-13T05:11:05.513735+00:00;Korea Republic - K League 2;Suwon FC vs Cheonan City;spread;home;-0.5;2.12;1.769;16.56;4.93;1635980452
2026-09-13T05:11:06.250286+00:00;Korea Republic - K League 2;Jeonnam Dragons vs Gimpo;spread;away;-0.5;2.06;1.82;11.65;2.43;1635957876
2026-09-13T05:11:06.250813+00:00;Korea Republic - K League 2;Jeonnam Dragons vs Gimpo;spread;home;0.5;1.901;1.73;9.00;2.43;1635957876
2026-09-13T05:11:06.989150+00:00;Korea Republic - K League 2;Busan IPark vs Gimhae;spread;home;-1.0;2.07;1.826;11.79;4.93;1635985089
2026-09-13T05:11:07.627795+00:00;Korea Republic - K League 2;Gyeongnam vs Seongnam FC;spread;home;0.0;2.0;1.794;10.30;2.43;1635957877
2026-09-13T05:15:49.345448+00:00;Turkey - 1st League;Igdir Belediyespor vs Mardin 1969;spread;away;0.5;1.926;1.704;11.53;8.78;1636072198
2026-09-13T05:15:49.346216+00:00;Turkey - 1st League;Igdir Belediyespor vs Mardin 1969;spread;home;-0.5;2.02;1.794;11.19;8.78;1636072198
2026-09-13T05:15:52.598586+00:00;France - Ligue 1;Le Mans vs Lens;total;over;4.5;2.11;1.917;9.15;10.03;1635197920
2026-09-13T05:15:52.599396+00:00;France - Ligue 1;Le Mans vs Lens;total;under;4.5;1.855;1.746;5.88;10.03;1635197920
2026-09-13T05:15:58.059308+00:00;Iceland - Premier League;Valur Reykjavik vs Thor Akureyri;spread;away;1.0;1.98;1.741;12.07;8.78;1636090366
2026-09-13T05:16:00.469860+00:00;Netherlands - Eredivisie;Excelsior vs FC Utrecht;spread;away;0.5;1.98;1.735;12.37;5.03;1635196875
2026-09-13T05:16:00.470497+00:00;Netherlands - Eredivisie;Excelsior vs FC Utrecht;spread;home;-0.5;2.03;1.781;12.27;5.03;1635196875
2026-09-13T05:16:07.965466+00:00;Indonesia - Super League;Persita Tangerang vs Java United;spread;home;0.0;1.909;1.741;8.80;3.28;1635957919
2026-09-13T05:16:16.217158+00:00;Japan - Football League;Iwate Grulla Morioka vs Azul Claro Numazu;spread;home;0.0;2.21;2.02;8.60;0.78;1635957317
2026-09-13T05:16:23.507534+00:00;Spain - La Liga;Getafe vs Deportivo La Coruna;spread;home;0.0;1.893;1.719;9.19;11.28;1635208789
2026-09-13T05:16:23.508273+00:00;Spain - La Liga;Getafe vs Deportivo La Coruna;spread;away;-0.0;2.21;1.847;16.43;11.28;1635208789
2026-09-13T05:16:31.635869+00:00;Norway - 1st Division;Moss vs Haugesund;spread;away;-0.5;1.971;1.775;9.94;9.78;1635941046
2026-09-13T05:16:49.560738+00:00;Russia - First League;Leningradets vs Tekstilshchik;spread;home;-0.5;1.962;1.787;8.92;6.77;1635985131
2026-09-13T05:16:51.638329+00:00;Russia - First League;Ufa vs Volga Ulyanovsk;spread;away;-0.0;2.02;1.847;8.56;6.77;1635932697
2026-09-13T05:17:36.195267+00:00;Czech Republic - First Liga;Banik Ostrava vs Pardubice;spread;home;-0.5;1.98;1.741;12.07;5.77;1635941036
2026-09-13T05:17:50.260803+00:00;Finland - Veikkausliiga;KuPS vs HJK Helsinki;spread;away;0.5;1.893;1.725;8.87;6.77;1635941147
2026-09-13T05:18:16.121309+00:00;Italy - Serie B;Mantova vs Sampdoria;spread;home;-0.5;2.05;1.833;10.59;10.02;1635941146
2026-09-13T05:18:16.121982+00:00;Italy - Serie B;Mantova vs Sampdoria;spread;away;0.5;1.926;1.725;10.44;10.02;1635941146
2026-09-13T05:18:21.584697+00:00;Belgium - Pro League;Genk vs Gent;spread;home;-0.5;1.98;1.763;10.96;8.77;1635941035
2026-09-13T05:18:23.766824+00:00;Switzerland - Super League;FC Zurich vs FC Vaduz;spread;away;-0.0;2.06;1.826;11.36;6.77;1635984804
2026-09-13T05:18:25.837706+00:00;Austria - Bundesliga;Sturm Graz vs LASK Linz;spread;home;0.0;2.13;1.8;15.49;9.76;1635193875
2026-09-13T05:18:41.215244+00:00;Austria - 2. Liga;FC Liefering vs St Polten;spread;away;-0.5;2.04;1.855;9.07;3.26;1635255906
2026-09-13T05:20:15.698449+00:00;England - Premier League;Manchester United vs Manchester City;spread;home;0.0;2.17;1.741;19.77;10.25;1635132230
2026-09-13T05:20:16.871954+00:00;England - Premier League;Coventry City vs Brighton;spread;away;-0.5;1.952;1.741;10.81;7.75;1635208833
2026-09-13T05:21:50.513649+00:00;Korea Republic - K League 2;Jeonnam Dragons vs Gimpo;spread;away;-0.5;2.06;1.82;11.65;2.24;1635957876
2026-09-13T05:21:50.514306+00:00;Korea Republic - K League 2;Jeonnam Dragons vs Gimpo;spread;home;0.5;1.901;1.73;9.00;2.24;1635957876
2026-09-13T05:21:51.243004+00:00;Korea Republic - K League 2;Busan IPark vs Gimhae;spread;home;-1.0;2.07;1.826;11.79;4.74;1635985089
2026-09-13T05:21:52.047471+00:00;Korea Republic - K League 2;Suwon FC vs Cheonan City;spread;away;0.5;1.952;1.735;11.12;4.74;1635980452
2026-09-13T05:21:52.048152+00:00;Korea Republic - K League 2;Suwon FC vs Cheonan City;spread;home;-0.5;2.12;1.769;16.56;4.74;1635980452
2026-09-13T05:21:52.684406+00:00;Korea Republic - K League 2;Gyeongnam vs Seongnam FC;spread;home;0.0;2.0;1.794;10.30;2.24;1635957877
2026-09-13T05:22:07.211628+00:00;Portugal - Primeira Liga;Arouca vs Santa Clara;spread;away;-0.0;2.04;1.82;10.78;11.74;1635941201
2026-09-13T05:22:12.044126+00:00;Portugal - Primeira Liga;Benfica vs Gil Vicente;spread;home;-1.0;2.02;1.806;10.59;11.74;1636004872
2026-09-13T05:22:21.369758+00:00;Turkey - Super League;Amedspor vs Istanbul Basaksehir;spread;away;0.5;1.909;1.752;8.22;11.74;1635932693
2026-09-13T05:22:22.479960+00:00;Turkey - Super League;Genclerbirligi vs Kasimpasa;spread;away;0.5;1.909;1.752;8.22;8.74;1635941153
2026-09-13T05:22:38.441495+00:00;Bulgaria - First League;Slavia Sofia vs Spartak Varna;spread;home;-0.5;2.06;1.813;11.99;6.99;1635941144
2026-09-13T05:22:39.285568+00:00;Greece - Super League;Kalamata vs Volos;spread;home;-0.5;2.02;1.769;12.43;9.74;1635419353
2026-09-13T05:22:39.286246+00:00;Greece - Super League;Kalamata vs Volos;spread;away;0.5;1.952;1.714;12.19;9.74;1635419353
2026-09-13T05:22:48.113127+00:00;Japan - J League;Urawa Red Diamonds vs Fagiano Okayama;spread;home;0.0;2.02;1.746;13.56;4.24;1635980440
2026-09-13T05:22:48.113860+00:00;Japan - J League;Urawa Red Diamonds vs Fagiano Okayama;spread;away;-0.0;2.17;1.741;19.77;4.24;1635980440
2026-09-13T05:22:48.679565+00:00;Japan - J League;Tokyo Verdy vs JEF United Chiba;spread;away;0.5;1.935;1.775;8.27;3.74;1635957306
2026-09-13T05:27:53.359580+00:00;Portugal - Primeira Liga;Arouca vs Santa Clara;spread;away;-0.0;2.04;1.82;10.78;11.58;1635941201
2026-09-13T05:27:53.360149+00:00;Portugal - Primeira Liga;Arouca vs Santa Clara;spread;away;-0.0;2.04;1.826;10.49;11.58;1635941201
2026-09-13T05:27:54.434805+00:00;Portugal - Primeira Liga;Benfica vs Gil Vicente;spread;home;-1.0;2.02;1.806;10.59;11.58;1636004872
2026-09-13T05:28:06.054995+00:00;France - Ligue 1;Le Mans vs Lens;total;over;4.5;2.11;1.917;9.15;9.83;1635197920
2026-09-13T05:28:06.055711+00:00;France - Ligue 1;Le Mans vs Lens;total;under;4.5;1.855;1.746;5.88;9.83;1635197920
2026-09-13T05:28:24.621261+00:00;Italy - Serie B;Mantova vs Sampdoria;spread;home;-0.5;2.05;1.833;10.59;9.83;1635941146
2026-09-13T05:28:24.621975+00:00;Italy - Serie B;Mantova vs Sampdoria;spread;away;0.5;1.926;1.725;10.44;9.83;1635941146
2026-09-13T05:28:38.420516+00:00;Austria - Bundesliga;Sturm Graz vs LASK Linz;spread;home;0.0;2.13;1.8;15.49;9.58;1635193875
2026-09-13T05:28:40.618192+00:00;Turkey - Super League;Amedspor vs Istanbul Basaksehir;spread;home;-0.5;2.02;1.855;8.17;11.58;1635932693
2026-09-13T05:28:40.618893+00:00;Turkey - Super League;Amedspor vs Istanbul Basaksehir;spread;away;0.5;1.909;1.752;8.22;11.58;1635932693
2026-09-13T05:28:41.538716+00:00;Turkey - Super League;Genclerbirligi vs Kasimpasa;spread;away;0.5;1.909;1.752;8.22;8.58;1635941153
2026-09-13T05:28:51.277489+00:00;Norway - 1st Division;Moss vs Haugesund;spread;away;-0.5;1.971;1.775;9.94;9.57;1635941046
2026-09-13T05:28:52.280740+00:00;Austria - 2. Liga;FC Liefering vs St Polten;spread;away;-0.5;2.04;1.855;9.07;3.07;1635255906
2026-09-13T05:28:59.055599+00:00;Norway - Eliteserien;Fredrikstad vs Sarpsborg 08;spread;away;-0.0;2.11;1.769;16.16;11.82;1635932694
2026-09-13T05:29:00.878234+00:00;Finland - Veikkausliiga;KuPS vs HJK Helsinki;spread;away;0.5;1.893;1.725;8.87;6.57;1635941147
2026-09-13T05:29:08.197958+00:00;Switzerland - Super League;FC Zurich vs FC Vaduz;spread;away;-0.0;2.06;1.826;11.36;6.57;1635984804
2026-09-13T05:30:54.874049+00:00;Netherlands - Eredivisie;Excelsior vs FC Utrecht;spread;away;0.5;1.98;1.735;12.37;4.81;1635196875
2026-09-13T05:30:54.874752+00:00;Netherlands - Eredivisie;Excelsior vs FC Utrecht;spread;home;-0.5;2.03;1.781;12.27;4.81;1635196875
2026-09-13T05:30:55.939016+00:00;Russia - First League;Leningradets vs Tekstilshchik;spread;home;-0.5;1.962;1.787;8.92;6.56;1635985131
2026-09-13T05:30:56.425811+00:00;Russia - First League;Ufa vs Volga Ulyanovsk;spread;away;-0.0;2.02;1.847;8.56;6.56;1635932697
2026-09-13T05:31:17.456084+00:00;Turkey - 1st League;Igdir Belediyespor vs Mardin 1969;spread;away;0.5;1.926;1.704;11.53;8.56;1636072198
2026-09-13T05:31:17.456847+00:00;Turkey - 1st League;Igdir Belediyespor vs Mardin 1969;spread;home;-0.5;2.02;1.794;11.19;8.56;1636072198
2026-09-13T05:31:30.152962+00:00;England - Premier League;Manchester United vs Manchester City;spread;home;0.0;2.17;1.741;19.77;10.06;1635132230
2026-09-13T05:31:30.840321+00:00;England - Premier League;Coventry City vs Brighton;spread;away;-0.5;1.943;1.741;10.40;7.56;1635208833
2026-09-13T05:31:36.264109+00:00;Bulgaria - First League;Slavia Sofia vs Spartak Varna;spread;home;-0.5;2.06;1.813;11.99;6.80;1635941144
2026-09-13T05:31:38.521446+00:00;Greece - Super League;Kalamata vs Volos;spread;home;-0.5;2.02;1.769;12.43;9.55;1635419353
2026-09-13T05:31:38.522241+00:00;Greece - Super League;Kalamata vs Volos;spread;away;0.5;1.952;1.714;12.19;9.55;1635419353
2026-09-13T05:31:41.940173+00:00;Japan - J League;Urawa Red Diamonds vs Fagiano Okayama;spread;home;0.0;2.02;1.746;13.56;4.05;1635980440
2026-09-13T05:31:41.940894+00:00;Japan - J League;Urawa Red Diamonds vs Fagiano Okayama;spread;away;-0.0;2.17;1.741;19.77;4.05;1635980440
2026-09-13T05:31:42.751260+00:00;Japan - J League;Tokyo Verdy vs JEF United Chiba;spread;away;0.5;1.935;1.775;8.27;3.55;1635957306
2026-09-13T05:32:03.002732+00:00;Japan - Football League;Iwate Grulla Morioka vs Azul Claro Numazu;spread;home;0.0;2.02;1.781;11.83;0.55;1635957317
2026-09-13T05:33:27.584475+00:00;Hong Kong - HKFA 2. Division;Kowloon Cricket Club vs Kwong Wah;spread;home;0.5;1.926;1.769;8.15;0.05;1635957234
2026-09-13T05:33:49.701698+00:00;Spain - La Liga;Getafe vs Deportivo La Coruna;spread;home;0.0;1.893;1.725;8.87;11.04;1635208789
2026-09-13T05:33:49.702559+00:00;Spain - La Liga;Getafe vs Deportivo La Coruna;spread;away;-0.0;2.2;1.847;16.05;11.04;1635208789
2026-09-13T05:34:01.798455+00:00;Iceland - Premier League;Valur Reykjavik vs Thor Akureyri;spread;away;1.0;1.98;1.741;12.07;8.54;1636090366
2026-09-13T05:34:26.796439+00:00;Korea Republic - K League 2;Jeonnam Dragons vs Gimpo;spread;away;-0.5;2.0;1.826;8.70;2.04;1635957876
2026-09-13T05:34:27.331630+00:00;Korea Republic - K League 2;Busan IPark vs Gimhae;spread;home;-1.0;2.07;1.826;11.79;4.54;1635985089
2026-09-13T05:34:27.822137+00:00;Korea Republic - K League 2;Suwon FC vs Cheonan City;spread;away;0.5;1.952;1.735;11.12;4.54;1635980452
2026-09-13T05:34:27.822708+00:00;Korea Republic - K League 2;Suwon FC vs Cheonan City;spread;home;-0.5;2.12;1.769;16.56;4.54;1635980452
2026-09-13T05:34:44.777895+00:00;Sweden - Damallsvenskan;Pitea IF vs AIK;spread;away;-0.0;1.877;1.725;8.10;6.54;1636086887
2026-09-13T05:34:46.515353+00:00;Belgium - Pro League;Genk vs Gent;spread;home;-0.5;1.98;1.763;10.96;8.54;1635941035
2026-09-13T05:35:06.691419+00:00;Czech Republic - First Liga;Banik Ostrava vs Pardubice;spread;home;-0.5;1.98;1.741;12.07;5.54;1635941036
2026-09-13T05:35:07.569341+00:00;Czech Republic - First Liga;Teplice vs Slavia Prague;total;over;4.5;1.877;1.8;4.10;10.54;1635941031
2026-09-13T05:40:11.136528+00:00;Portugal - Primeira Liga;Benfica vs Gil Vicente;spread;home;-1.0;1.971;1.806;8.37;11.38;1636004872
2026-09-13T05:40:11.737373+00:00;Portugal - Primeira Liga;Arouca vs Santa Clara;spread;away;-0.0;2.04;1.82;10.78;11.38;1635941201
2026-09-13T05:40:11.737972+00:00;Portugal - Primeira Liga;Arouca vs Santa Clara;spread;away;-0.0;2.04;1.826;10.49;11.38;1635941201
2026-09-13T05:40:24.018297+00:00;France - Ligue 1;Le Mans vs Lens;total;over;4.5;2.11;1.917;9.15;9.63;1635197920
2026-09-13T05:40:24.018918+00:00;France - Ligue 1;Le Mans vs Lens;total;under;4.5;1.855;1.746;5.88;9.63;1635197920
2026-09-13T05:40:40.958257+00:00;Italy - Serie B;Mantova vs Sampdoria;spread;home;-0.5;2.05;1.833;10.59;9.62;1635941146
2026-09-13T05:40:40.958952+00:00;Italy - Serie B;Mantova vs Sampdoria;spread;away;0.5;1.926;1.725;10.44;9.62;1635941146
2026-09-13T05:40:56.365781+00:00;Austria - Bundesliga;Sturm Graz vs LASK Linz;spread;home;0.0;2.13;1.8;15.49;9.37;1635193875
2026-09-13T05:40:58.140487+00:00;Turkey - Super League;Genclerbirligi vs Kasimpasa;spread;away;0.5;1.909;1.752;8.22;8.37;1635941153
2026-09-13T05:40:59.981787+00:00;Turkey - Super League;Amedspor vs Istanbul Basaksehir;spread;home;-0.5;2.02;1.855;8.17;11.37;1635932693
2026-09-13T05:40:59.982440+00:00;Turkey - Super League;Amedspor vs Istanbul Basaksehir;spread;away;0.5;1.909;1.752;8.22;11.37;1635932693
2026-09-13T05:41:04.650987+00:00;Norway - 1st Division;Moss vs Haugesund;spread;away;-0.5;1.971;1.775;9.94;9.37;1635941046
2026-09-13T05:41:10.084022+00:00;Austria - 2. Liga;FC Liefering vs St Polten;spread;away;-0.5;2.04;1.855;9.07;2.87;1635255906
2026-09-13T05:41:15.363275+00:00;Norway - Eliteserien;Fredrikstad vs Sarpsborg 08;spread;home;0.0;2.0;1.781;10.95;11.62;1635932694
2026-09-13T05:41:15.363898+00:00;Norway - Eliteserien;Fredrikstad vs Sarpsborg 08;spread;away;-0.0;2.11;1.769;16.16;11.62;1635932694
2026-09-13T05:41:24.685929+00:00;Finland - Veikkausliiga;KuPS vs HJK Helsinki;spread;away;0.5;1.893;1.725;8.87;6.37;1635941147
2026-09-13T05:41:32.317800+00:00;Switzerland - Super League;FC Zurich vs FC Vaduz;spread;away;-0.0;2.06;1.826;11.36;6.37;1635984804
2026-09-13T05:41:55.838189+00:00;Romania - Liga 1;Corvinul Hunedoara vs Universitatea Craiova;spread;home;0.5;1.98;1.806;8.79;11.86;1636007200
2026-09-13T05:43:23.217537+00:00;Netherlands - Eredivisie;Excelsior vs FC Utrecht;spread;away;0.5;1.98;1.735;12.37;4.61;1635196875
2026-09-13T05:43:23.218212+00:00;Netherlands - Eredivisie;Excelsior vs FC Utrecht;spread;home;-0.5;2.03;1.781;12.27;4.61;1635196875
2026-09-13T05:43:26.367481+00:00;Russia - First League;Ufa vs Volga Ulyanovsk;spread;away;-0.0;2.02;1.847;8.56;6.36;1635932697
2026-09-13T05:43:27.501769+00:00;Russia - First League;Leningradets vs Tekstilshchik;spread;home;-0.5;1.962;1.787;8.92;6.36;1635985131
2026-09-13T05:43:43.474191+00:00;Turkey - 1st League;Igdir Belediyespor vs Mardin 1969;spread;away;0.5;1.926;1.704;11.53;8.35;1636072198
2026-09-13T05:43:43.474855+00:00;Turkey - 1st League;Igdir Belediyespor vs Mardin 1969;spread;home;-0.5;2.02;1.794;11.19;8.35;1636072198
2026-09-13T05:43:59.857629+00:00;England - Premier League;Coventry City vs Brighton;spread;away;-0.5;1.943;1.741;10.40;7.35;1635208833
2026-09-13T05:44:01.050894+00:00;England - Premier League;Manchester United vs Manchester City;spread;home;0.0;2.17;1.741;19.77;9.85;1635132230
2026-09-13T05:44:06.162152+00:00;Bulgaria - First League;Slavia Sofia vs Spartak Varna;spread;home;-0.5;2.06;1.813;11.99;6.60;1635941144
2026-09-13T05:44:09.795689+00:00;Greece - Super League;Kalamata vs Volos;spread;home;-0.5;2.02;1.769;12.43;9.35;1635419353
2026-09-13T05:44:09.796405+00:00;Greece - Super League;Kalamata vs Volos;spread;away;0.5;1.952;1.714;12.19;9.35;1635419353
2026-09-13T05:44:13.796509+00:00;Japan - J League;Tokyo Verdy vs JEF United Chiba;spread;away;0.5;1.935;1.775;8.27;3.35;1635957306
2026-09-13T05:44:14.296089+00:00;Japan - J League;Urawa Red Diamonds vs Fagiano Okayama;spread;home;0.0;2.02;1.746;13.56;3.85;1635980440
2026-09-13T05:44:14.296736+00:00;Japan - J League;Urawa Red Diamonds vs Fagiano Okayama;spread;away;-0.0;2.17;1.741;19.77;3.85;1635980440
2026-09-13T05:44:50.342892+00:00;Russia - Premier League;Spartak Moscow vs Rostov;total;under;2.5;2.01;1.885;6.22;8.35;1635091686
2026-09-13T05:46:08.819314+00:00;Spain - La Liga;Getafe vs Deportivo La Coruna;spread;home;0.0;1.893;1.725;8.87;10.84;1635208789
2026-09-13T05:46:08.820101+00:00;Spain - La Liga;Getafe vs Deportivo La Coruna;spread;away;-0.0;2.2;1.847;16.05;10.84;1635208789
2026-09-13T05:46:19.064020+00:00;Iceland - Premier League;Valur Reykjavik vs Thor Akureyri;spread;away;1.0;1.98;1.741;12.07;8.34;1636090366
2026-09-13T05:46:46.217105+00:00;Korea Republic - K League 2;Busan IPark vs Gimhae;spread;away;0.5;1.901;1.735;8.73;4.34;1635985089
2026-09-13T05:46:46.217882+00:00;Korea Republic - K League 2;Busan IPark vs Gimhae;spread;home;-1.0;2.04;1.826;10.49;4.34;1635985089
2026-09-13T05:46:46.218316+00:00;Korea Republic - K League 2;Busan IPark vs Gimhae;spread;home;-0.5;2.12;1.826;13.87;4.34;1635985089
2026-09-13T05:46:47.280337+00:00;Korea Republic - K League 2;Jeonnam Dragons vs Gimpo;spread;away;-0.5;2.0;1.826;8.70;1.84;1635957876
2026-09-13T05:46:48.674688+00:00;Korea Republic - K League 2;Suwon FC vs Cheonan City;spread;away;0.5;1.952;1.735;11.12;4.34;1635980452
2026-09-13T05:46:48.675322+00:00;Korea Republic - K League 2;Suwon FC vs Cheonan City;spread;home;-0.5;2.12;1.769;16.56;4.34;1635980452
2026-09-13T05:47:06.749892+00:00;Belgium - Pro League;Genk vs Gent;spread;home;-0.5;1.98;1.763;10.96;8.33;1635941035
2026-09-13T05:47:26.983315+00:00;Czech Republic - First Liga;Banik Ostrava vs Pardubice;spread;home;-0.5;1.98;1.741;12.07;5.33;1635941036
2026-09-13T05:52:24.618121+00:00;Romania - Liga 1;Corvinul Hunedoara vs Universitatea Craiova;spread;home;0.5;1.99;1.806;9.25;11.68;1636007200
2026-09-13T05:52:30.988335+00:00;Turkey - Super League;Amedspor vs Istanbul Basaksehir;spread;home;-0.5;2.02;1.855;8.17;11.17;1635932693
2026-09-13T05:52:30.988955+00:00;Turkey - Super League;Amedspor vs Istanbul Basaksehir;spread;away;0.5;1.909;1.752;8.22;11.17;1635932693
2026-09-13T05:52:32.210291+00:00;Turkey - Super League;Genclerbirligi vs Kasimpasa;spread;away;0.5;1.909;1.752;8.22;8.17;1635941153
2026-09-13T05:52:40.535463+00:00;Bulgaria - First League;Slavia Sofia vs Spartak Varna;spread;home;-0.5;2.06;1.813;11.99;6.42;1635941144
2026-09-13T05:52:58.346706+00:00;Greece - Super League;Kalamata vs Volos;spread;home;-0.5;2.02;1.769;12.43;9.17;1635419353
2026-09-13T05:52:58.347463+00:00;Greece - Super League;Kalamata vs Volos;spread;away;0.5;1.952;1.714;12.19;9.17;1635419353
2026-09-13T05:53:01.098880+00:00;Hong Kong - HKFA 1. Division;Leaper vs Citizen AA;spread;away;-0.5;1.971;1.813;8.02;1.67;1635957256
2026-09-13T05:53:53.634537+00:00;Netherlands - Eredivisie;PEC Zwolle vs Feyenoord;total;under;3.5;2.02;1.935;4.21;8.92;1635196928
2026-09-13T05:53:55.080177+00:00;Netherlands - Eredivisie;Excelsior vs FC Utrecht;spread;away;0.5;1.98;1.735;12.37;4.42;1635196875
2026-09-13T05:53:55.080918+00:00;Netherlands - Eredivisie;Excelsior vs FC Utrecht;spread;home;-0.5;2.03;1.781;12.27;4.42;1635196875
2026-09-13T05:54:03.231762+00:00;Norway - Eliteserien;Fredrikstad vs Sarpsborg 08;spread;home;0.0;2.0;1.763;11.85;11.42;1635932694
2026-09-13T05:54:07.768512+00:00;Norway - Eliteserien;Fredrikstad vs Sarpsborg 08;spread;away;-0.0;2.14;1.769;17.34;11.42;1635932694
2026-09-13T05:54:08.811904+00:00;Norway - Eliteserien;Start vs Brann;spread;away;-0.5;2.05;1.833;10.59;9.17;1635932684
2026-09-13T05:54:49.672718+00:00;Iceland - Premier League;Valur Reykjavik vs Thor Akureyri;spread;away;1.0;1.98;1.741;12.07;8.16;1636090366
2026-09-13T05:54:56.836623+00:00;Belgium - Pro League;Genk vs Gent;spread;home;-0.5;1.98;1.763;10.96;8.16;1635941035
2026-09-13T05:55:01.724732+00:00;Italy - Serie B;Mantova vs Sampdoria;spread;away;0.5;1.926;1.725;10.44;9.41;1635941146
2026-09-13T05:55:01.725364+00:00;Italy - Serie B;Mantova vs Sampdoria;spread;home;-0.5;2.05;1.833;10.59;9.41;1635941146
2026-09-13T05:55:06.914455+00:00;Russia - First League;Leningradets vs Tekstilshchik;spread;home;-0.5;1.962;1.787;8.92;6.16;1635985131
2026-09-13T05:55:09.707599+00:00;Russia - First League;Ufa vs Volga Ulyanovsk;spread;away;-0.0;2.02;1.847;8.56;6.16;1635932697
2026-09-13T05:55:15.019342+00:00;France - Ligue 1;Le Mans vs Lens;total;over;4.5;2.11;1.917;9.15;9.41;1635197920
2026-09-13T05:55:15.020121+00:00;France - Ligue 1;Le Mans vs Lens;total;under;4.5;1.855;1.746;5.88;9.41;1635197920
2026-09-13T05:55:20.676264+00:00;Korea Republic - K League 2;Busan IPark vs Gimhae;spread;away;0.5;1.901;1.735;8.73;4.16;1635985089
2026-09-13T05:55:20.677003+00:00;Korea Republic - K League 2;Busan IPark vs Gimhae;spread;home;-1.0;2.04;1.826;10.49;4.16;1635985089
2026-09-13T05:55:20.677403+00:00;Korea Republic - K League 2;Busan IPark vs Gimhae;spread;home;-0.5;2.12;1.826;13.87;4.16;1635985089
2026-09-13T05:55:24.724151+00:00;Korea Republic - K League 2;Jeonnam Dragons vs Gimpo;spread;away;-0.5;2.0;1.826;8.70;1.66;1635957876
2026-09-13T05:55:26.632756+00:00;Korea Republic - K League 2;Suwon FC vs Cheonan City;spread;away;0.5;1.952;1.735;11.12;4.16;1635980452
2026-09-13T05:55:26.633505+00:00;Korea Republic - K League 2;Suwon FC vs Cheonan City;spread;home;-0.5;2.12;1.769;16.56;4.16;1635980452
2026-09-13T05:55:32.467925+00:00;Switzerland - Super League;FC Zurich vs FC Vaduz;spread;away;-0.0;2.06;1.826;11.36;6.16;1635984804
2026-09-13T05:55:35.716397+00:00;Argentina - Liga Pro;Sarmiento de Junin vs Belgrano;spread;home;0.0;2.24;1.962;12.41;11.91;1635208823
2026-09-13T05:55:54.075266+00:00;England - Premier League;Manchester United vs Manchester City;spread;home;0.0;2.17;1.741;19.77;9.66;1635132230
2026-09-13T05:55:54.834868+00:00;England - Premier League;Coventry City vs Brighton;spread;away;-0.5;1.943;1.741;10.40;7.16;1635208833
2026-09-13T05:56:03.264720+00:00;Turkey - 1st League;Igdir Belediyespor vs Mardin 1969;spread;away;0.5;1.926;1.704;11.53;8.15;1636072198
2026-09-13T05:56:03.265435+00:00;Turkey - 1st League;Igdir Belediyespor vs Mardin 1969;spread;home;-0.5;2.02;1.794;11.19;8.15;1636072198
2026-09-13T05:56:20.641981+00:00;Spain - La Liga;Getafe vs Deportivo La Coruna;spread;home;0.0;1.893;1.725;8.87;10.65;1635208789
2026-09-13T05:56:20.642785+00:00;Spain - La Liga;Getafe vs Deportivo La Coruna;spread;away;-0.0;2.2;1.847;16.05;10.65;1635208789
2026-09-13T05:56:51.079294+00:00;Poland - Ekstraklasa;Legia Warsaw vs Widzew Lodz;spread;home;-0.5;1.877;1.719;8.42;9.65;1635941041
2026-09-13T05:56:54.441141+00:00;Austria - 2. Liga;FC Liefering vs St Polten;spread;away;-0.5;2.04;1.855;9.07;2.65;1635255906
2026-09-13T05:57:11.498474+00:00;Austria - Bundesliga;Sturm Graz vs LASK Linz;spread;home;0.0;2.13;1.8;15.49;9.14;1635193875
2026-09-13T05:57:39.333667+00:00;Czech Republic - First Liga;Banik Ostrava vs Pardubice;spread;home;-0.5;1.98;1.741;12.07;5.14;1635941036
2026-09-13T05:58:27.515900+00:00;Thailand - League Cup;Fleet vs BFB Pattaya City;spread;home;-0.5;2.02;1.741;13.81;2.64;1636140651
2026-09-13T05:58:28.157025+00:00;Japan - J League;Urawa Red Diamonds vs Fagiano Okayama;spread;home;0.0;2.02;1.746;13.56;3.64;1635980440
2026-09-13T05:58:28.157652+00:00;Japan - J League;Urawa Red Diamonds vs Fagiano Okayama;spread;away;-0.0;2.17;1.741;19.77;3.64;1635980440
2026-09-13T05:58:28.665829+00:00;Japan - J League;Tokyo Verdy vs JEF United Chiba;spread;away;0.5;1.935;1.775;8.27;3.14;1635957306
2026-09-13T05:59:05.314240+00:00;Finland - Veikkausliiga;KuPS vs HJK Helsinki;spread;away;0.5;1.893;1.725;8.87;6.14;1635941147
2026-09-13T05:59:13.984173+00:00;Portugal - Liga 2;Chaves vs Feirense;spread;home;-0.5;2.08;1.794;13.75;7.13;1635985180
2026-09-13T05:59:19.745462+00:00;Norway - 1st Division;Moss vs Haugesund;spread;away;-0.5;1.971;1.775;9.94;9.13;1635941046
2026-09-13T05:59:20.509558+00:00;Norway - 1st Division;Egersunds vs Kongsvinger;spread;away;-0.5;1.926;1.758;8.72;9.13;1635932688
2026-09-13T05:59:20.510160+00:00;Norway - 1st Division;Egersunds vs Kongsvinger;spread;home;0.5;1.952;1.781;8.76;9.13;1635932688
2026-09-13T05:59:43.297596+00:00;Portugal - Primeira Liga;Arouca vs Santa Clara;spread;away;-0.0;2.11;1.82;13.74;11.13;1635941201
2026-09-13T06:04:46.266886+00:00;Portugal - Liga 2;Chaves vs Feirense;spread;home;-0.5;2.08;1.794;13.75;6.97;1635985180
2026-09-13T06:05:14.562131+00:00;Turkey - Super League;Amedspor vs Istanbul Basaksehir;spread;home;-0.5;2.02;1.855;8.17;10.97;1635932693
2026-09-13T06:05:14.562915+00:00;Turkey - Super League;Amedspor vs Istanbul Basaksehir;spread;away;0.5;1.909;1.752;8.22;10.97;1635932693
2026-09-13T06:05:15.181545+00:00;Turkey - Super League;Genclerbirligi vs Kasimpasa;spread;away;0.5;1.909;1.752;8.22;7.97;1635941153
2026-09-13T06:06:33.286620+00:00;Norway - Eliteserien;Fredrikstad vs Sarpsborg 08;spread;home;0.0;2.0;1.813;9.35;11.21;1635932694
2026-09-13T06:06:33.287241+00:00;Norway - Eliteserien;Fredrikstad vs Sarpsborg 08;spread;away;-0.0;2.07;1.769;14.54;11.21;1635932694
2026-09-13T06:06:45.732413+00:00;Greece - Super League;Kifisia vs Levadiakos;spread;away;0.5;1.917;1.694;11.63;11.96;1635414425
2026-09-13T06:06:46.413693+00:00;Greece - Super League;Kalamata vs Volos;spread;home;-0.5;2.02;1.769;12.43;8.96;1635419353
2026-09-13T06:06:46.414332+00:00;Greece - Super League;Kalamata vs Volos;spread;away;0.5;1.952;1.714;12.19;8.96;1635419353
2026-09-13T06:06:52.420347+00:00;Romania - Liga 1;Corvinul Hunedoara vs Universitatea Craiova;spread;home;0.5;1.99;1.806;9.25;11.46;1636007200
2026-09-13T06:06:57.897075+00:00;Poland - Ekstraklasa;Legia Warsaw vs Widzew Lodz;spread;home;-0.5;1.877;1.719;8.42;9.46;1635941041
2026-09-13T06:07:08.941142+00:00;England - Premier League;Manchester United vs Manchester City;spread;home;0.0;2.17;1.741;19.77;9.46;1635132230
2026-09-13T06:07:09.620267+00:00;England - Premier League;Coventry City vs Brighton;spread;away;-0.5;1.952;1.741;10.81;6.96;1635208833
2026-09-13T06:07:26.914415+00:00;Turkey - 1st League;Igdir Belediyespor vs Mardin 1969;spread;home;-0.5;2.02;1.794;11.19;7.95;1636072198
2026-09-13T06:07:26.915038+00:00;Turkey - 1st League;Igdir Belediyespor vs Mardin 1969;spread;away;0.5;1.926;1.704;11.53;7.95;1636072198
2026-09-13T06:07:30.223914+00:00;Switzerland - Super League;FC Zurich vs FC Vaduz;spread;away;-0.0;2.06;1.826;11.36;5.95;1635984804
2026-09-13T06:07:33.979999+00:00;Italy - Serie B;Mantova vs Sampdoria;spread;away;0.5;1.926;1.725;10.44;9.20;1635941146
2026-09-13T06:07:33.980501+00:00;Italy - Serie B;Mantova vs Sampdoria;spread;home;-0.5;2.05;1.833;10.59;9.20;1635941146
2026-09-13T06:07:39.010094+00:00;Norway - 1st Division;Moss vs Haugesund;spread;away;-0.5;1.971;1.775;9.94;8.95;1635941046
2026-09-13T06:07:39.875111+00:00;Norway - 1st Division;Egersunds vs Kongsvinger;spread;away;-0.5;1.935;1.758;9.15;8.95;1635932688
2026-09-13T06:07:39.875702+00:00;Norway - 1st Division;Egersunds vs Kongsvinger;spread;home;0.5;1.952;1.781;8.76;8.95;1635932688
2026-09-13T06:07:42.502823+00:00;Korea Republic - K League 2;Busan IPark vs Gimhae;spread;away;0.5;1.901;1.735;8.73;3.95;1635985089
2026-09-13T06:07:42.503462+00:00;Korea Republic - K League 2;Busan IPark vs Gimhae;spread;home;-1.0;2.04;1.826;10.49;3.95;1635985089
2026-09-13T06:07:42.503954+00:00;Korea Republic - K League 2;Busan IPark vs Gimhae;spread;home;-0.5;2.12;1.826;13.87;3.95;1635985089
2026-09-13T06:07:43.431516+00:00;Korea Republic - K League 2;Suwon FC vs Cheonan City;spread;away;0.5;1.952;1.735;11.12;3.95;1635980452
2026-09-13T06:07:43.432157+00:00;Korea Republic - K League 2;Suwon FC vs Cheonan City;spread;home;-0.5;2.12;1.769;16.56;3.95;1635980452
2026-09-13T06:07:45.252336+00:00;Korea Republic - K League 2;Jeonnam Dragons vs Gimpo;spread;away;-0.5;2.0;1.826;8.70;1.45;1635957876
2026-09-13T06:07:59.801317+00:00;Russia - First League;Ufa vs Volga Ulyanovsk;spread;away;-0.0;2.02;1.847;8.56;5.95;1635932697
2026-09-13T06:08:01.635535+00:00;Russia - First League;Leningradets vs Tekstilshchik;spread;home;-0.5;1.962;1.787;8.92;5.95;1635985131
2026-09-13T06:08:02.613631+00:00;Portugal - Primeira Liga;Arouca vs Santa Clara;spread;away;-0.0;2.11;1.82;13.74;10.95;1635941201
2026-09-13T06:08:12.363084+00:00;Czech Republic - First Liga;Banik Ostrava vs Pardubice;spread;home;-0.5;1.98;1.741;12.07;4.95;1635941036
2026-09-13T06:08:55.099365+00:00;Bulgaria - First League;Slavia Sofia vs Spartak Varna;spread;home;-0.5;2.06;1.813;11.99;6.20;1635941144
2026-09-13T06:09:03.386726+00:00;Belgium - Pro League;Genk vs Gent;spread;home;-0.5;1.98;1.763;10.96;7.95;1635941035
2026-09-13T06:09:12.128603+00:00;Finland - Veikkausliiga;KuPS vs HJK Helsinki;spread;away;0.5;1.893;1.725;8.87;5.94;1635941147
2026-09-13T06:09:22.442079+00:00;Austria - Bundesliga;Sturm Graz vs LASK Linz;spread;home;0.0;2.13;1.8;15.49;8.94;1635193875
2026-09-13T06:10:07.529468+00:00;Japan - J League;Urawa Red Diamonds vs Fagiano Okayama;spread;home;0.0;2.02;1.746;13.56;3.44;1635980440
2026-09-13T06:10:07.530248+00:00;Japan - J League;Urawa Red Diamonds vs Fagiano Okayama;spread;away;-0.0;2.17;1.741;19.77;3.44;1635980440
2026-09-13T06:10:08.499679+00:00;Japan - J League;Tokyo Verdy vs JEF United Chiba;spread;away;0.5;1.935;1.775;8.27;2.94;1635957306
2026-09-13T06:10:11.415398+00:00;Netherlands - Eredivisie;Excelsior vs FC Utrecht;spread;away;0.5;1.98;1.735;12.37;4.19;1635196875
2026-09-13T06:10:11.415979+00:00;Netherlands - Eredivisie;Excelsior vs FC Utrecht;spread;home;-0.5;2.03;1.781;12.27;4.19;1635196875
2026-09-13T06:10:26.066366+00:00;France - Ligue 1;Le Mans vs Lens;total;over;4.5;2.11;1.917;9.15;9.19;1635197920
2026-09-13T06:10:26.066974+00:00;France - Ligue 1;Le Mans vs Lens;total;under;4.5;1.855;1.746;5.88;9.19;1635197920
2026-09-13T06:11:14.050902+00:00;Iceland - Premier League;Valur Reykjavik vs Thor Akureyri;spread;away;1.0;1.98;1.741;12.07;7.93;1636090366
2026-09-13T06:11:21.577334+00:00;Austria - 2. Liga;FC Liefering vs St Polten;spread;away;-0.5;2.05;1.855;9.51;2.43;1635255906
2026-09-13T06:11:39.921757+00:00;Argentina - Liga Pro;Sarmiento de Junin vs Belgrano;spread;home;0.0;2.24;1.962;12.41;11.67;1635208823
2026-09-13T06:11:52.273034+00:00;Spain - La Liga;Getafe vs Deportivo La Coruna;spread;home;0.0;1.893;1.725;8.87;10.42;1635208789
2026-09-13T06:11:52.273863+00:00;Spain - La Liga;Getafe vs Deportivo La Coruna;spread;away;-0.0;2.2;1.847;16.05;10.42;1635208789
2026-09-13T06:11:55.439680+00:00;Indonesia - Super League;Persita Tangerang vs Java United;spread;home;0.0;1.971;1.735;11.97;2.42;1635957919
2026-09-13T06:17:21.726549+00:00;Netherlands - Eredivisie;Excelsior vs FC Utrecht;spread;away;0.5;1.98;1.735;12.37;4.01;1635196875
2026-09-13T06:17:21.727113+00:00;Netherlands - Eredivisie;Excelsior vs FC Utrecht;spread;home;-0.5;2.03;1.781;12.27;4.01;1635196875
2026-09-13T06:19:19.863360+00:00;Italy - Serie B;Mantova vs Sampdoria;spread;away;0.5;1.926;1.725;10.44;9.00;1635941146
2026-09-13T06:19:19.863889+00:00;Italy - Serie B;Mantova vs Sampdoria;spread;home;-0.5;2.05;1.833;10.59;9.00;1635941146
2026-09-13T06:19:22.314133+00:00;Turkey - 1st League;Igdir Belediyespor vs Mardin 1969;spread;home;-0.5;2.02;1.794;11.19;7.75;1636072198
2026-09-13T06:19:22.314816+00:00;Turkey - 1st League;Igdir Belediyespor vs Mardin 1969;spread;away;0.5;1.926;1.704;11.53;7.75;1636072198
2026-09-13T06:19:42.124850+00:00;Austria - 2. Liga;FC Liefering vs St Polten;spread;away;-0.5;2.05;1.855;9.51;2.25;1635255906
2026-09-13T06:20:04.160652+00:00;Norway - Eliteserien;Fredrikstad vs Sarpsborg 08;spread;home;0.0;2.0;1.813;9.35;11.00;1635932694
2026-09-13T06:20:04.161450+00:00;Norway - Eliteserien;Fredrikstad vs Sarpsborg 08;spread;away;-0.0;2.07;1.769;14.54;11.00;1635932694
2026-09-13T06:20:10.254847+00:00;Bulgaria - First League;Slavia Sofia vs Spartak Varna;spread;home;-0.5;2.06;1.813;11.99;5.99;1635941144
2026-09-13T06:20:18.127166+00:00;Romania - Liga 1;Corvinul Hunedoara vs Universitatea Craiova;spread;home;0.5;1.99;1.806;9.25;11.24;1636007200
2026-09-13T06:20:18.645041+00:00;Finland - Veikkausliiga;KuPS vs HJK Helsinki;spread;away;0.5;1.893;1.725;8.87;5.74;1635941147
2026-09-13T06:20:22.520820+00:00;Poland - Ekstraklasa;Legia Warsaw vs Widzew Lodz;spread;home;-0.5;1.877;1.719;8.42;9.24;1635941041
2026-09-13T06:20:24.296676+00:00;Portugal - Primeira Liga;Arouca vs Santa Clara;spread;away;-0.0;2.11;1.82;13.74;10.74;1635941201
2026-09-13T06:20:24.297278+00:00;Portugal - Primeira Liga;Arouca vs Santa Clara;spread;away;-0.0;2.11;1.826;13.46;10.74;1635941201
2026-09-13T06:20:59.083903+00:00;Argentina - Liga Pro;Sarmiento de Junin vs Belgrano;spread;home;0.0;2.24;1.962;12.41;11.49;1635208823
2026-09-13T06:21:01.974646+00:00;Belgium - Pro League;Genk vs Gent;spread;home;-0.5;1.98;1.763;10.96;7.74;1635941035
2026-09-13T06:21:11.754093+00:00;Iceland - Premier League;Valur Reykjavik vs Thor Akureyri;spread;away;1.0;1.98;1.741;12.07;7.74;1636090366
2026-09-13T06:21:28.999147+00:00;Czech Republic - First Liga;Banik Ostrava vs Pardubice;spread;home;-0.5;1.98;1.741;12.07;4.74;1635941036
2026-09-13T06:21:35.748998+00:00;Turkey - Super League;Amedspor vs Istanbul Basaksehir;spread;home;-0.5;2.02;1.855;8.17;10.74;1635932693
2026-09-13T06:21:35.749699+00:00;Turkey - Super League;Amedspor vs Istanbul Basaksehir;spread;away;0.5;1.909;1.752;8.22;10.74;1635932693
2026-09-13T06:21:38.528436+00:00;Indonesia - Super League;Persita Tangerang vs Java United;spread;away;-0.0;1.98;1.746;11.82;2.23;1635957919
2026-09-13T06:21:38.529079+00:00;Indonesia - Super League;Persita Tangerang vs Java United;spread;home;0.0;2.11;1.769;16.16;2.23;1635957919
2026-09-13T06:21:38.529668+00:00;Indonesia - Super League;Persita Tangerang vs Java United;spread;home;0.0;2.11;1.787;15.31;2.23;1635957919
2026-09-13T06:21:41.984100+00:00;Austria - Bundesliga;Sturm Graz vs LASK Linz;spread;home;0.0;2.13;1.8;15.49;8.73;1635193875
2026-09-13T06:21:57.231461+00:00;Japan - J League;Tokyo Verdy vs JEF United Chiba;spread;away;0.5;1.935;1.775;8.27;2.73;1635957306
2026-09-13T06:21:58.348057+00:00;Japan - J League;Urawa Red Diamonds vs Fagiano Okayama;spread;home;0.0;2.02;1.704;15.64;3.23;1635980440
2026-09-13T06:21:58.348708+00:00;Japan - J League;Urawa Red Diamonds vs Fagiano Okayama;spread;away;-0.0;2.24;1.8;19.64;3.23;1635980440
2026-09-13T06:22:11.291579+00:00;England - Premier League;Coventry City vs Brighton;spread;away;-0.5;1.943;1.741;10.40;6.73;1635208833
2026-09-13T06:22:11.955723+00:00;England - Premier League;Manchester United vs Manchester City;spread;home;0.0;2.17;1.741;19.77;9.23;1635132230
2026-09-13T06:22:13.918751+00:00;Germany - Bundesliga;Elversberg vs Bayern Munich;spread;home;2.5;1.971;1.746;11.42;9.23;1635197922
2026-09-13T06:22:13.919437+00:00;Germany - Bundesliga;Elversberg vs Bayern Munich;total;over;4.5;1.885;1.735;7.96;9.23;1635197922
2026-09-13T06:22:23.261513+00:00;France - Ligue 1;Le Mans vs Lens;total;over;4.5;2.11;1.917;9.15;8.98;1635197920
2026-09-13T06:22:23.262134+00:00;France - Ligue 1;Le Mans vs Lens;total;under;4.5;1.855;1.746;5.88;8.98;1635197920
2026-09-13T06:22:25.182777+00:00;Norway - 1st Division;Egersunds vs Kongsvinger;spread;away;-0.5;1.935;1.758;9.15;8.73;1635932688
2026-09-13T06:22:25.183451+00:00;Norway - 1st Division;Egersunds vs Kongsvinger;spread;home;0.5;1.952;1.781;8.76;8.73;1635932688
2026-09-13T06:22:29.549457+00:00;Norway - 1st Division;Moss vs Haugesund;spread;away;-0.5;1.971;1.775;9.94;8.73;1635941046
2026-09-13T06:22:34.700254+00:00;Portugal - Liga 2;Chaves vs Feirense;spread;home;-0.5;2.08;1.794;13.75;6.73;1635985180
2026-09-13T06:22:37.439712+00:00;Argentina - Primera B Metropolitana;Flandria vs Deportivo Camioneros;spread;home;0.0;2.17;1.909;12.03;11.73;1636007272
2026-09-13T06:22:49.602689+00:00;Russia - First League;Ufa vs Volga Ulyanovsk;spread;away;-0.0;2.02;1.847;8.56;5.73;1635932697
2026-09-13T06:22:50.364246+00:00;Russia - First League;Leningradets vs Tekstilshchik;spread;home;-0.5;1.962;1.787;8.92;5.73;1635985131
2026-09-13T06:24:05.582433+00:00;Spain - La Liga;Getafe vs Deportivo La Coruna;spread;home;0.0;1.893;1.725;8.87;10.22;1635208789
2026-09-13T06:24:05.583162+00:00;Spain - La Liga;Getafe vs Deportivo La Coruna;spread;away;-0.0;2.2;1.847;16.05;10.22;1635208789
2026-09-13T06:24:12.839864+00:00;Greece - Super League;Kalamata vs Volos;spread;home;-0.5;2.02;1.769;12.43;8.72;1635419353
2026-09-13T06:24:12.840540+00:00;Greece - Super League;Kalamata vs Volos;spread;away;0.5;1.952;1.714;12.19;8.72;1635419353
2026-09-13T06:24:14.892473+00:00;Greece - Super League;Kifisia vs Levadiakos;spread;home;-0.5;2.04;1.806;11.47;11.72;1635414425
2026-09-13T06:24:14.893126+00:00;Greece - Super League;Kifisia vs Levadiakos;spread;away;0.5;1.917;1.694;11.63;11.72;1635414425
2026-09-13T06:24:18.850708+00:00;Greece - Super League;Asteras Tripolis vs AEK Athens;total;over;3.5;1.794;1.719;4.18;9.72;1635414321
2026-09-13T06:24:21.208600+00:00;Ecuador - Serie A;Leones del Norte vs Tecnico Universitario;spread;home;-0.5;1.877;1.714;8.68;11.72;1636021003
2026-09-13T06:24:31.582594+00:00;Switzerland - Super League;FC Zurich vs FC Vaduz;spread;away;-0.0;2.06;1.826;11.36;5.71;1635984804
2026-09-13T06:24:52.709892+00:00;Korea Republic - K League 2;Suwon FC vs Cheonan City;spread;away;0.5;1.952;1.735;11.12;3.71;1635980452
2026-09-13T06:24:52.710557+00:00;Korea Republic - K League 2;Suwon FC vs Cheonan City;spread;home;-0.5;2.12;1.769;16.56;3.71;1635980452
2026-09-13T06:24:53.608860+00:00;Korea Republic - K League 2;Busan IPark vs Gimhae;spread;away;0.5;1.901;1.735;8.73;3.71;1635985089
2026-09-13T06:24:53.609484+00:00;Korea Republic - K League 2;Busan IPark vs Gimhae;spread;home;-1.0;2.04;1.826;10.49;3.71;1635985089
2026-09-13T06:24:53.609970+00:00;Korea Republic - K League 2;Busan IPark vs Gimhae;spread;away;1.0;1.877;1.714;8.68;3.71;1635985089
2026-09-13T06:24:54.273354+00:00;Korea Republic - K League 2;Jeonnam Dragons vs Gimpo;spread;away;-0.5;2.0;1.826;8.70;1.21;1635957876
2026-09-13T06:30:09.994591+00:00;Turkey - Super League;Genclerbirligi vs Kasimpasa;spread;away;0.5;1.909;1.752;8.22;7.55;1635941153
2026-09-13T06:30:11.308138+00:00;Turkey - Super League;Amedspor vs Istanbul Basaksehir;spread;home;-0.5;2.02;1.855;8.17;10.55;1635932693
2026-09-13T06:30:11.308798+00:00;Turkey - Super League;Amedspor vs Istanbul Basaksehir;spread;away;0.5;1.909;1.752;8.22;10.55;1635932693
2026-09-13T06:30:17.892296+00:00;Bulgaria - First League;Slavia Sofia vs Spartak Varna;spread;home;-0.5;2.06;1.813;11.99;5.80;1635941144
2026-09-13T06:30:35.574359+00:00;Greece - Super League;Kalamata vs Volos;spread;home;-0.5;2.02;1.769;12.43;8.55;1635419353
2026-09-13T06:30:35.574920+00:00;Greece - Super League;Kalamata vs Volos;spread;away;0.5;1.952;1.714;12.19;8.55;1635419353
2026-09-13T06:30:36.515033+00:00;Greece - Super League;Kifisia vs Levadiakos;spread;home;-0.5;2.04;1.806;11.47;11.55;1635414425
2026-09-13T06:30:39.922588+00:00;Greece - Super League;Kifisia vs Levadiakos;spread;away;0.5;1.917;1.694;11.63;11.55;1635414425
2026-09-13T06:30:41.039673+00:00;Greece - Super League;Asteras Tripolis vs AEK Athens;total;over;2.5;1.926;1.826;5.19;9.55;1635414321
2026-09-13T06:31:33.726250+00:00;Ecuador - Serie A;Leones del Norte vs Tecnico Universitario;spread;home;-0.5;1.877;1.714;8.68;11.54;1636021003
2026-09-13T06:31:35.163881+00:00;Netherlands - Eredivisie;Excelsior vs FC Utrecht;spread;away;0.5;1.98;1.735;12.37;3.79;1635196875
2026-09-13T06:31:35.164502+00:00;Netherlands - Eredivisie;Excelsior vs FC Utrecht;spread;home;-0.5;2.03;1.781;12.27;3.79;1635196875
2026-09-13T06:31:47.164698+00:00;Norway - Eliteserien;Fredrikstad vs Sarpsborg 08;spread;away;-0.0;1.99;1.769;11.11;10.79;1635932694
2026-09-13T06:31:52.055606+00:00;Germany - Bundesliga;Elversberg vs Bayern Munich;total;over;4.5;1.885;1.758;6.74;9.04;1635197922
2026-09-13T06:32:29.042082+00:00;Iceland - Premier League;Valur Reykjavik vs Thor Akureyri;spread;away;1.0;1.98;1.741;12.07;7.54;1636090366
2026-09-13T06:32:36.708478+00:00;Belgium - Pro League;Genk vs Gent;spread;home;-0.5;1.98;1.763;10.96;7.54;1635941035
2026-09-13T06:32:41.605073+00:00;Italy - Serie B;Mantova vs Sampdoria;spread;away;0.5;1.926;1.725;10.44;8.79;1635941146
2026-09-13T06:32:41.605640+00:00;Italy - Serie B;Mantova vs Sampdoria;spread;home;-0.5;2.05;1.833;10.59;8.79;1635941146
2026-09-13T06:32:46.987061+00:00;Russia - First League;Ufa vs Volga Ulyanovsk;spread;away;-0.0;2.02;1.847;8.56;5.53;1635932697
2026-09-13T06:32:47.484343+00:00;Russia - First League;Leningradets vs Tekstilshchik;spread;home;-0.5;1.962;1.787;8.92;5.53;1635985131
2026-09-13T06:32:55.967069+00:00;France - Ligue 1;Le Mans vs Lens;total;over;4.5;2.11;1.917;9.15;8.78;1635197920
2026-09-13T06:32:55.967821+00:00;France - Ligue 1;Le Mans vs Lens;total;under;4.5;1.855;1.746;5.88;8.78;1635197920
2026-09-13T06:33:01.458106+00:00;Korea Republic - K League 2;Suwon FC vs Cheonan City;spread;away;0.5;1.952;1.735;11.12;3.53;1635980452
2026-09-13T06:33:01.458839+00:00;Korea Republic - K League 2;Suwon FC vs Cheonan City;spread;home;-0.5;2.12;1.769;16.56;3.53;1635980452
2026-09-13T06:33:02.474435+00:00;Korea Republic - K League 2;Busan IPark vs Gimhae;spread;away;0.5;1.901;1.735;8.73;3.53;1635985089
2026-09-13T06:33:02.475015+00:00;Korea Republic - K League 2;Busan IPark vs Gimhae;spread;home;-1.0;2.04;1.826;10.49;3.53;1635985089
2026-09-13T06:33:02.475567+00:00;Korea Republic - K League 2;Busan IPark vs Gimhae;spread;away;1.0;1.877;1.714;8.68;3.53;1635985089
2026-09-13T06:33:03.304273+00:00;Korea Republic - K League 2;Jeonnam Dragons vs Gimpo;spread;away;-0.5;2.0;1.826;8.70;1.03;1635957876
2026-09-13T06:33:09.876838+00:00;Switzerland - Super League;FC Zurich vs FC Vaduz;spread;away;-0.0;2.06;1.826;11.36;5.53;1635984804
2026-09-13T06:33:13.245573+00:00;Argentina - Liga Pro;Sarmiento de Junin vs Belgrano;spread;home;0.0;2.24;1.962;12.41;11.28;1635208823
2026-09-13T06:33:29.331997+00:00;Sweden - Superettan;Norrkoping vs Oddevold;spread;home;-1.0;1.943;1.752;9.83;6.53;1635992329
2026-09-13T06:33:30.917736+00:00;England - Premier League;Manchester United vs Manchester City;spread;home;0.0;2.17;1.741;19.77;9.03;1635132230
2026-09-13T06:33:31.670856+00:00;England - Premier League;Coventry City vs Brighton;spread;away;-0.5;1.943;1.741;10.40;6.53;1635208833
2026-09-13T06:33:42.083473+00:00;Turkey - 1st League;Igdir Belediyespor vs Mardin 1969;spread;home;-0.5;2.02;1.794;11.19;7.53;1636072198
2026-09-13T06:33:42.084161+00:00;Turkey - 1st League;Igdir Belediyespor vs Mardin 1969;spread;away;0.5;1.926;1.704;11.53;7.53;1636072198
2026-09-13T06:33:54.983088+00:00;Indonesia - Super League;Persita Tangerang vs Java United;spread;away;-0.0;1.926;1.725;10.44;2.03;1635957919
2026-09-13T06:33:59.417214+00:00;Indonesia - Super League;Persita Tangerang vs Java United;spread;home;0.0;2.14;1.794;16.17;2.03;1635957919
2026-09-13T06:33:59.417979+00:00;Indonesia - Super League;Persita Tangerang vs Java United;spread;home;0.0;2.14;1.775;17.06;2.03;1635957919
2026-09-13T06:34:03.042166+00:00;Spain - La Liga;Getafe vs Deportivo La Coruna;spread;home;0.0;1.893;1.725;8.87;10.03;1635208789
2026-09-13T06:34:03.042989+00:00;Spain - La Liga;Getafe vs Deportivo La Coruna;spread;away;-0.0;2.2;1.847;16.05;10.03;1635208789
2026-09-13T06:34:40.216191+00:00;Poland - Ekstraklasa;Legia Warsaw vs Widzew Lodz;spread;home;-0.5;1.877;1.719;8.42;9.02;1635941041
2026-09-13T06:34:43.506783+00:00;Austria - 2. Liga;FC Liefering vs St Polten;spread;away;-0.5;2.04;1.855;9.07;2.02;1635255906
2026-09-13T06:35:43.583628+00:00;Czech Republic - First Liga;Banik Ostrava vs Pardubice;spread;home;-0.5;1.98;1.741;12.07;4.52;1635941036
2026-09-13T06:36:35.960838+00:00;Japan - J League;Tokyo Verdy vs JEF United Chiba;spread;away;0.5;1.935;1.775;8.27;2.51;1635957306
2026-09-13T06:36:36.693443+00:00;Japan - J League;Urawa Red Diamonds vs Fagiano Okayama;spread;home;0.0;1.943;1.704;12.30;3.01;1635980440
2026-09-13T06:36:39.807131+00:00;Japan - J League;Urawa Red Diamonds vs Fagiano Okayama;spread;away;-0.0;2.24;1.8;19.64;3.01;1635980440
2026-09-13T06:37:24.244571+00:00;Finland - Veikkausliiga;KuPS vs HJK Helsinki;spread;away;0.5;1.893;1.725;8.87;5.51;1635941147
2026-09-13T06:37:33.993958+00:00;Portugal - Liga 2;Chaves vs Feirense;spread;home;-0.5;2.07;1.794;13.33;6.51;1635985180
2026-09-13T06:37:42.304671+00:00;Norway - 1st Division;Moss vs Haugesund;spread;away;-0.5;1.971;1.775;9.94;8.51;1635941046
2026-09-13T06:37:43.192568+00:00;Norway - 1st Division;Egersunds vs Kongsvinger;spread;away;-0.5;1.935;1.758;9.15;8.51;1635932688
2026-09-13T06:37:43.193132+00:00;Norway - 1st Division;Egersunds vs Kongsvinger;spread;home;0.5;1.952;1.781;8.76;8.51;1635932688
2026-09-13T06:38:07.081969+00:00;Portugal - Primeira Liga;Arouca vs Santa Clara;spread;away;-0.0;2.07;1.82;12.08;10.50;1635941201
2026-09-13T06:38:07.082694+00:00;Portugal - Primeira Liga;Arouca vs Santa Clara;spread;away;-0.0;2.07;1.826;11.79;10.50;1635941201
2026-09-13T06:43:17.686620+00:00;Romania - Liga 1;Corvinul Hunedoara vs Universitatea Craiova;spread;home;0.5;1.99;1.806;9.25;10.83;1636007200
2026-09-13T06:43:22.387446+00:00;Turkey - Super League;Genclerbirligi vs Kasimpasa;spread;away;0.5;1.909;1.752;8.22;7.33;1635941153
2026-09-13T06:43:24.349934+00:00;Turkey - Super League;Amedspor vs Istanbul Basaksehir;spread;home;-0.5;2.02;1.855;8.17;10.33;1635932693
2026-09-13T06:43:24.350645+00:00;Turkey - Super League;Amedspor vs Istanbul Basaksehir;spread;away;0.5;1.909;1.752;8.22;10.33;1635932693
2026-09-13T06:43:31.709512+00:00;Bulgaria - First League;Slavia Sofia vs Spartak Varna;spread;home;-0.5;2.06;1.813;11.99;5.58;1635941144
2026-09-13T06:43:43.559055+00:00;Korea Republic - K3 League;Dangjin Citizen vs Busan Transportation Corporation;spread;home;0.0;1.962;1.775;9.53;1.32;1635957288
2026-09-13T06:43:50.050982+00:00;Greece - Super League;Kifisia vs Levadiakos;spread;home;-0.5;2.04;1.806;11.47;11.32;1635414425
2026-09-13T06:43:50.051564+00:00;Greece - Super League;Kifisia vs Levadiakos;spread;away;0.5;1.917;1.694;11.63;11.32;1635414425
2026-09-13T06:43:50.789989+00:00;Greece - Super League;Kalamata vs Volos;spread;home;-0.5;2.02;1.769;12.43;8.32;1635419353
2026-09-13T06:43:50.790621+00:00;Greece - Super League;Kalamata vs Volos;spread;away;0.5;1.952;1.714;12.19;8.32;1635419353
2026-09-13T06:44:45.517232+00:00;Ecuador - Serie A;Leones del Norte vs Tecnico Universitario;spread;home;-0.5;1.877;1.714;8.68;11.32;1636021003
2026-09-13T06:44:46.018146+00:00;Netherlands - Eredivisie;Excelsior vs FC Utrecht;spread;away;0.5;1.98;1.735;12.37;3.57;1635196875
2026-09-13T06:44:46.018733+00:00;Netherlands - Eredivisie;Excelsior vs FC Utrecht;spread;home;-0.5;2.03;1.781;12.27;3.57;1635196875
2026-09-13T06:44:57.818083+00:00;Norway - Eliteserien;Fredrikstad vs Sarpsborg 08;spread;away;-0.0;2.02;1.775;12.13;10.57;1635932694
2026-09-13T06:45:05.408945+00:00;Germany - Bundesliga;Elversberg vs Bayern Munich;total;over;4.5;1.885;1.758;6.74;8.82;1635197922
2026-09-13T06:45:44.866932+00:00;Iceland - Premier League;Valur Reykjavik vs Thor Akureyri;spread;away;1.0;1.98;1.741;12.07;7.31;1636090366
2026-09-13T06:45:49.711889+00:00;Belgium - Pro League;Genk vs Gent;spread;home;-0.5;1.98;1.763;10.96;7.31;1635941035
2026-09-13T06:45:55.768041+00:00;Italy - Serie B;Mantova vs Sampdoria;spread;away;0.5;1.926;1.725;10.44;8.56;1635941146
2026-09-13T06:45:55.768626+00:00;Italy - Serie B;Mantova vs Sampdoria;spread;home;-0.5;2.05;1.833;10.59;8.56;1635941146
2026-09-13T06:45:58.988598+00:00;Russia - First League;Ufa vs Volga Ulyanovsk;spread;away;-0.0;2.02;1.847;8.56;5.31;1635932697
2026-09-13T06:46:00.047502+00:00;Russia - First League;Leningradets vs Tekstilshchik;spread;home;-0.5;1.962;1.787;8.92;5.31;1635985131
2026-09-13T06:46:08.793607+00:00;France - Ligue 1;Le Mans vs Lens;total;over;4.5;2.11;1.917;9.15;8.56;1635197920
2026-09-13T06:46:08.794467+00:00;France - Ligue 1;Le Mans vs Lens;total;under;4.5;1.855;1.746;5.88;8.56;1635197920
2026-09-13T06:46:17.702368+00:00;Korea Republic - K League 2;Busan IPark vs Gimhae;spread;home;-1.0;2.04;1.826;10.49;3.31;1635985089
2026-09-13T06:46:17.703044+00:00;Korea Republic - K League 2;Busan IPark vs Gimhae;spread;away;1.0;1.877;1.699;9.48;3.31;1635985089
2026-09-13T06:46:18.746465+00:00;Korea Republic - K League 2;Jeonnam Dragons vs Gimpo;spread;away;-0.5;2.0;1.826;8.70;0.81;1635957876
2026-09-13T06:46:20.348228+00:00;Korea Republic - K League 2;Suwon FC vs Cheonan City;spread;away;0.5;1.952;1.746;10.55;3.31;1635980452
2026-09-13T06:46:20.349466+00:00;Korea Republic - K League 2;Suwon FC vs Cheonan City;spread;home;-0.5;2.11;1.769;16.16;3.31;1635980452
2026-09-13T06:46:27.168866+00:00;Switzerland - Super League;FC Zurich vs FC Vaduz;spread;away;-0.0;1.99;1.826;8.24;5.31;1635984804
2026-09-13T06:46:28.845288+00:00;Argentina - Liga Pro;Sarmiento de Junin vs Belgrano;spread;home;0.0;2.24;1.962;12.41;11.06;1635208823
2026-09-13T06:46:46.248078+00:00;England - Premier League;Manchester United vs Manchester City;spread;home;0.0;2.17;1.741;19.77;8.81;1635132230
2026-09-13T06:46:47.401111+00:00;England - Premier League;Coventry City vs Brighton;spread;away;-0.5;1.943;1.741;10.40;6.31;1635208833
2026-09-13T06:46:56.277368+00:00;Turkey - 1st League;Igdir Belediyespor vs Mardin 1969;spread;home;-0.5;2.02;1.794;11.19;7.31;1636072198
2026-09-13T06:46:56.277992+00:00;Turkey - 1st League;Igdir Belediyespor vs Mardin 1969;spread;away;0.5;1.926;1.704;11.53;7.31;1636072198
2026-09-13T06:47:10.732089+00:00;Indonesia - Super League;Persita Tangerang vs Java United;spread;away;-0.0;1.952;1.725;11.63;1.81;1635957919
2026-09-13T06:47:10.732854+00:00;Indonesia - Super League;Persita Tangerang vs Java United;spread;home;0.0;2.14;1.794;16.17;1.81;1635957919
2026-09-13T06:47:10.733389+00:00;Indonesia - Super League;Persita Tangerang vs Java United;spread;home;0.0;2.14;1.775;17.06;1.81;1635957919
2026-09-13T06:47:12.411352+00:00;Spain - La Liga;Getafe vs Deportivo La Coruna;spread;home;0.0;1.893;1.725;8.87;9.81;1635208789
2026-09-13T06:47:12.412186+00:00;Spain - La Liga;Getafe vs Deportivo La Coruna;spread;away;-0.0;2.2;1.847;16.05;9.81;1635208789
2026-09-13T06:47:42.882161+00:00;Japan - J2 League;Vegalta Sendai vs Consadole Sapporo;spread;home;-1.0;2.08;1.893;8.99;2.30;1635957926
2026-09-13T06:47:50.753324+00:00;Poland - Ekstraklasa;Legia Warsaw vs Widzew Lodz;spread;home;-0.5;1.877;1.719;8.42;8.80;1635941041
2026-09-13T06:47:53.371526+00:00;Austria - 2. Liga;FC Liefering vs St Polten;spread;away;-0.5;2.04;1.862;8.73;1.80;1635255906
2026-09-13T06:48:22.822964+00:00;Denmark - Superliga;FC Nordsjaelland vs AGF;spread;away;0.5;2.06;1.855;9.95;9.30;1635720397
2026-09-13T06:48:51.490894+00:00;Czech Republic - First Liga;Banik Ostrava vs Pardubice;spread;home;-0.5;1.98;1.741;12.07;4.30;1635941036
2026-09-13T06:49:45.191647+00:00;Japan - J League;Urawa Red Diamonds vs Fagiano Okayama;spread;home;0.0;1.943;1.69;13.02;2.79;1635980440
2026-09-13T06:49:45.192199+00:00;Japan - J League;Urawa Red Diamonds vs Fagiano Okayama;spread;away;-0.0;2.26;1.806;20.09;2.79;1635980440
2026-09-13T06:49:46.109765+00:00;Japan - J League;Tokyo Verdy vs JEF United Chiba;spread;away;0.5;1.935;1.775;8.27;2.29;1635957306
2026-09-13T06:50:24.107469+00:00;Finland - Veikkausliiga;KuPS vs HJK Helsinki;spread;away;0.5;1.893;1.725;8.87;5.29;1635941147
2026-09-13T06:50:33.806705+00:00;Portugal - Liga 2;Chaves vs Feirense;spread;home;-0.5;2.05;1.794;12.49;6.29;1635985180
2026-09-13T06:50:37.597934+00:00;Saudi Arabia - Pro League;Al Diriyah vs Abha Club;spread;home;-1.0;1.926;1.763;8.46;11.29;1636007217
2026-09-13T06:50:38.790385+00:00;Norway - 1st Division;Egersunds vs Kongsvinger;spread;away;-0.5;1.935;1.758;9.15;8.29;1635932688
2026-09-13T06:50:38.790905+00:00;Norway - 1st Division;Egersunds vs Kongsvinger;spread;home;0.5;1.952;1.781;8.76;8.29;1635932688
2026-09-13T06:50:43.975602+00:00;Norway - 1st Division;Moss vs Haugesund;spread;away;-0.5;1.971;1.775;9.94;8.29;1635941046
2026-09-13T06:56:49.422778+00:00;Mexico - Liga de Expansión MX;Leones Negros UDeG vs Atletico La Paz;spread;home;-0.5;2.07;1.862;10.05;11.11;1636007483
2026-09-13T06:56:55.820564+00:00;England - Premier League;Manchester United vs Manchester City;spread;home;0.0;2.17;1.806;16.77;8.61;1635132230
2026-09-13T06:56:56.995599+00:00;England - Premier League;Coventry City vs Brighton;spread;away;-0.5;1.943;1.741;10.40;6.11;1635208833
2026-09-13T06:56:59.662297+00:00;Bulgaria - First League;Slavia Sofia vs Spartak Varna;spread;home;-0.5;2.06;1.813;11.99;5.36;1635941144
2026-09-13T06:58:01.348832+00:00;Belgium - Pro League;Genk vs Gent;spread;home;-0.5;1.98;1.763;10.96;7.11;1635941035
2026-09-13T06:58:12.900558+00:00;Poland - Ekstraklasa;Legia Warsaw vs Widzew Lodz;spread;home;-0.5;1.877;1.719;8.42;8.61;1635941041
2026-09-13T06:58:40.734644+00:00;Switzerland - Super League;FC Zurich vs FC Vaduz;total;under;3.5;1.935;1.855;4.13;5.10;1635984804
2026-09-13T06:58:44.901236+00:00;Czech Republic - First Liga;Banik Ostrava vs Pardubice;spread;home;-0.5;1.98;1.741;12.07;4.10;1635941036
2026-09-13T06:59:09.867543+00:00;Korea Republic - K League 2;Suwon FC vs Cheonan City;spread;away;0.5;1.952;1.746;10.55;3.10;1635980452
2026-09-13T06:59:09.868289+00:00;Korea Republic - K League 2;Suwon FC vs Cheonan City;spread;home;-0.5;2.11;1.769;16.16;3.10;1635980452
2026-09-13T06:59:11.865238+00:00;Korea Republic - K League 2;Busan IPark vs Gimhae;spread;home;-1.0;2.04;1.826;10.49;3.10;1635985089
2026-09-13T06:59:11.865833+00:00;Korea Republic - K League 2;Busan IPark vs Gimhae;spread;away;1.0;1.877;1.699;9.48;3.10;1635985089
2026-09-13T06:59:12.478537+00:00;Korea Republic - K League 2;Jeonnam Dragons vs Gimpo;spread;away;-0.5;2.0;1.826;8.70;0.60;1635957876
2026-09-13T06:59:24.774478+00:00;Japan - J2 League;Vegalta Sendai vs Consadole Sapporo;spread;home;-1.0;2.08;1.893;8.99;2.10;1635957926
2026-09-13T06:59:30.106404+00:00;Germany - Bundesliga;Elversberg vs Bayern Munich;total;over;4.5;1.862;1.758;5.59;8.60;1635197922
2026-09-13T06:59:32.410229+00:00;Finland - Veikkausliiga;KuPS vs HJK Helsinki;spread;away;0.5;1.893;1.725;8.87;5.10;1635941147
2026-09-13T06:59:36.475387+00:00;Austria - 2. Liga;FC Liefering vs St Polten;spread;away;-0.5;2.04;1.862;8.73;1.60;1635255906
2026-09-13T07:00:09.114219+00:00;Norway - Eliteserien;Fredrikstad vs Sarpsborg 08;spread;away;-0.0;2.02;1.775;12.13;10.34;1635932694
2026-09-13T07:00:17.071819+00:00;Indonesia - Super League;Persita Tangerang vs Java United;spread;away;-0.0;1.952;1.725;11.63;1.59;1635957919
2026-09-13T07:00:17.072419+00:00;Indonesia - Super League;Persita Tangerang vs Java United;spread;home;0.0;2.14;1.794;16.17;1.59;1635957919
2026-09-13T07:00:17.072931+00:00;Indonesia - Super League;Persita Tangerang vs Java United;spread;home;0.0;2.14;1.775;17.06;1.59;1635957919
2026-09-13T07:00:23.037858+00:00;Ecuador - Serie A;Leones del Norte vs Tecnico Universitario;spread;home;-0.5;1.877;1.714;8.68;11.09;1636021003
2026-09-13T07:00:50.999534+00:00;Norway - 1st Division;Egersunds vs Kongsvinger;spread;away;-0.5;1.935;1.758;9.15;8.09;1635932688
2026-09-13T07:00:51.000192+00:00;Norway - 1st Division;Egersunds vs Kongsvinger;spread;home;0.5;1.952;1.781;8.76;8.09;1635932688
2026-09-13T07:00:52.926291+00:00;Norway - 1st Division;Moss vs Haugesund;spread;away;-0.5;1.971;1.775;9.94;8.09;1635941046
2026-09-13T07:00:54.072813+00:00;France - Ligue 1;Le Mans vs Lens;total;over;4.5;2.11;1.917;9.15;8.34;1635197920
2026-09-13T07:00:57.261719+00:00;Turkey - 1st League;Igdir Belediyespor vs Mardin 1969;spread;home;-0.5;2.02;1.794;11.19;7.09;1636072198
2026-09-13T07:00:57.262333+00:00;Turkey - 1st League;Igdir Belediyespor vs Mardin 1969;spread;away;0.5;1.926;1.704;11.53;7.09;1636072198
2026-09-13T07:01:02.250182+00:00;Portugal - Liga 2;Chaves vs Feirense;spread;home;-0.5;2.05;1.794;12.49;6.09;1635985180
2026-09-13T07:01:52.561152+00:00;Spain - La Liga;Getafe vs Deportivo La Coruna;spread;home;0.0;1.893;1.725;8.87;9.58;1635208789
2026-09-13T07:01:52.562034+00:00;Spain - La Liga;Getafe vs Deportivo La Coruna;spread;away;-0.0;2.2;1.847;16.05;9.58;1635208789
2026-09-13T07:02:01.985387+00:00;Iceland - Premier League;Valur Reykjavik vs Thor Akureyri;spread;away;1.0;1.98;1.741;12.07;7.08;1636090366
2026-09-13T07:02:05.916802+00:00;Japan - J League;Urawa Red Diamonds vs Fagiano Okayama;spread;home;0.0;1.952;1.69;13.42;2.58;1635980440
2026-09-13T07:02:09.757814+00:00;Japan - J League;Urawa Red Diamonds vs Fagiano Okayama;spread;away;-0.0;2.26;1.806;20.09;2.58;1635980440
2026-09-13T07:02:13.054512+00:00;Japan - J League;Tokyo Verdy vs JEF United Chiba;spread;away;0.5;1.935;1.775;8.27;2.08;1635957306
2026-09-13T07:02:31.364618+00:00;Denmark - Superliga;FC Nordsjaelland vs AGF;spread;away;0.5;2.06;1.855;9.95;9.08;1635720397
2026-09-13T07:02:31.365365+00:00;Denmark - Superliga;FC Nordsjaelland vs AGF;spread;away;0.5;2.06;1.877;8.88;9.08;1635720397
2026-09-13T07:03:19.415223+00:00;Italy - Serie B;Mantova vs Sampdoria;spread;away;0.5;1.926;1.725;10.44;8.32;1635941146
2026-09-13T07:03:19.415917+00:00;Italy - Serie B;Mantova vs Sampdoria;spread;home;-0.5;2.05;1.833;10.59;8.32;1635941146
2026-09-13T07:03:20.630178+00:00;Argentina - Liga Pro;Sarmiento de Junin vs Belgrano;spread;home;0.0;2.24;1.962;12.41;10.82;1635208823
2026-09-13T07:03:33.685425+00:00;Korea Republic - K League 1;Gimcheon Sangmu vs Gangwon FC;spread;home;0.0;2.08;1.862;10.48;0.57;1635941093
2026-09-13T07:03:34.187982+00:00;Romania - Liga 1;Corvinul Hunedoara vs Universitatea Craiova;spread;home;0.5;1.99;1.806;9.25;10.57;1636007200
2026-09-13T07:03:51.592111+00:00;Russia - First League;Ufa vs Volga Ulyanovsk;spread;away;-0.0;2.02;1.847;8.56;5.07;1635932697
2026-09-13T07:03:54.450000+00:00;Russia - First League;Leningradets vs Tekstilshchik;spread;home;-0.5;1.962;1.787;8.92;5.07;1635985131
2026-09-13T07:04:10.916489+00:00;Turkey - Super League;Amedspor vs Istanbul Basaksehir;spread;home;-0.5;2.02;1.855;8.17;10.07;1635932693
2026-09-13T07:04:10.917180+00:00;Turkey - Super League;Amedspor vs Istanbul Basaksehir;spread;away;0.5;1.909;1.752;8.22;10.07;1635932693
2026-09-13T07:04:12.144838+00:00;Turkey - Super League;Genclerbirligi vs Kasimpasa;spread;away;0.5;1.909;1.752;8.22;7.07;1635941153
2026-09-13T07:04:15.241310+00:00;Netherlands - Eredivisie;Excelsior vs FC Utrecht;spread;away;0.5;1.98;1.735;12.37;3.32;1635196875
2026-09-13T07:04:15.242051+00:00;Netherlands - Eredivisie;Excelsior vs FC Utrecht;spread;home;-0.5;2.03;1.781;12.27;3.32;1635196875
2026-09-13T07:04:17.797420+00:00;Germany - Bundesliga 2;Karlsruher vs Energie Cottbus;total;over;3.5;1.926;1.847;4.10;4.57;1635980488
2026-09-13T07:04:53.507603+00:00;Greece - Super League;Kalamata vs Volos;spread;home;-0.5;2.02;1.769;12.43;8.06;1635419353
2026-09-13T07:04:53.508183+00:00;Greece - Super League;Kalamata vs Volos;spread;away;0.5;1.952;1.714;12.19;8.06;1635419353
2026-09-13T07:04:55.128297+00:00;Greece - Super League;Kifisia vs Levadiakos;spread;home;-0.5;2.04;1.806;11.47;11.06;1635414425
2026-09-13T07:04:55.129052+00:00;Greece - Super League;Kifisia vs Levadiakos;spread;away;0.5;1.917;1.694;11.63;11.06;1635414425
2026-09-13T07:09:59.320111+00:00;Italy - Serie A;Napoli vs Bologna;spread;home;-0.5;1.935;1.758;9.15;8.88;1635204963
2026-09-13T07:10:05.959864+00:00;Argentina - Liga Pro;Sarmiento de Junin vs Belgrano;spread;home;0.0;2.24;1.962;12.41;10.63;1635208823
2026-09-13T07:10:12.860257+00:00;Ecuador - Serie A;Leones del Norte vs Tecnico Universitario;spread;home;-0.5;1.877;1.714;8.68;10.88;1636021003
2026-09-13T07:10:16.694174+00:00;France - Ligue 1;Le Mans vs Lens;total;over;4.5;2.11;1.917;9.15;8.13;1635197920
2026-09-13T07:10:19.336659+00:00;Poland - Ekstraklasa;Legia Warsaw vs Widzew Lodz;spread;home;-0.5;1.877;1.719;8.42;8.38;1635941041
2026-09-13T07:10:40.411106+00:00;Portugal - Liga 2;Chaves vs Feirense;spread;home;-0.5;2.05;1.794;12.49;5.88;1635985180
2026-09-13T07:10:43.676166+00:00;Italy - Serie B;Mantova vs Sampdoria;spread;away;0.5;1.926;1.725;10.44;8.13;1635941146
2026-09-13T07:10:43.676732+00:00;Italy - Serie B;Mantova vs Sampdoria;spread;home;-0.5;2.05;1.833;10.59;8.13;1635941146
2026-09-13T07:10:52.239690+00:00;Spain - Segunda Division;Tenerife vs Leganes;spread;away;-0.0;2.32;1.741;24.96;11.88;1636007501
2026-09-13T07:11:07.292794+00:00;Argentina - Primera B Nacional;Racing de Cordoba vs Deportivo Moron;spread;away;0.5;1.962;1.725;12.08;11.88;1636019361
2026-09-13T07:11:11.163271+00:00;Argentina - Primera B Nacional;Ferrocarril Midland vs Chacarita Juniors;spread;away;0.5;1.935;1.775;8.27;11.88;1636020877
2026-09-13T07:11:16.529511+00:00;Turkey - Super League;Genclerbirligi vs Kasimpasa;spread;away;0.5;1.909;1.752;8.22;6.87;1635941153
2026-09-13T07:11:18.338755+00:00;Turkey - Super League;Amedspor vs Istanbul Basaksehir;spread;home;-0.5;2.02;1.855;8.17;9.87;1635932693
2026-09-13T07:11:18.339500+00:00;Turkey - Super League;Amedspor vs Istanbul Basaksehir;spread;away;0.5;1.909;1.752;8.22;9.87;1635932693
2026-09-13T07:11:33.148345+00:00;Norway - 1st Division;Moss vs Haugesund;spread;away;-0.5;1.971;1.775;9.94;7.87;1635941046
2026-09-13T07:11:33.764018+00:00;Norway - 1st Division;Egersunds vs Kongsvinger;spread;away;-0.5;1.935;1.758;9.15;7.87;1635932688
2026-09-13T07:11:33.764545+00:00;Norway - 1st Division;Egersunds vs Kongsvinger;spread;home;0.5;1.952;1.781;8.76;7.87;1635932688
2026-09-13T07:11:35.800338+00:00;Austria - 2. Liga;FC Liefering vs St Polten;spread;away;-0.5;2.04;1.862;8.73;1.37;1635255906
2026-09-13T07:11:42.984460+00:00;Norway - Eliteserien;Fredrikstad vs Sarpsborg 08;spread;away;-0.0;2.02;1.775;12.13;10.12;1635932694
2026-09-13T07:11:47.285074+00:00;Finland - Veikkausliiga;KuPS vs HJK Helsinki;spread;away;0.5;1.893;1.725;8.87;4.87;1635941147
2026-09-13T07:12:04.191091+00:00;Germany - Bundesliga;Elversberg vs Bayern Munich;total;over;4.5;1.862;1.758;5.59;8.37;1635197922
2026-09-13T07:12:20.625205+00:00;Mexico - Liga de Expansión MX;Leones Negros UDeG vs Atletico La Paz;spread;home;-0.5;2.05;1.862;9.17;10.87;1636007483
2026-09-13T07:12:22.171788+00:00;Romania - Liga 1;Corvinul Hunedoara vs Universitatea Craiova;spread;home;0.5;1.99;1.806;9.25;10.37;1636007200
2026-09-13T07:13:53.140091+00:00;Netherlands - Eredivisie;Excelsior vs FC Utrecht;spread;away;0.5;1.98;1.735;12.37;3.11;1635196875
2026-09-13T07:13:53.140650+00:00;Netherlands - Eredivisie;Excelsior vs FC Utrecht;spread;home;-0.5;2.03;1.781;12.27;3.11;1635196875
2026-09-13T07:13:54.795116+00:00;Russia - First League;Leningradets vs Tekstilshchik;spread;home;-0.5;1.962;1.787;8.92;4.86;1635985131
2026-09-13T07:13:55.547618+00:00;Russia - First League;Ufa vs Volga Ulyanovsk;spread;away;-0.0;2.02;1.847;8.56;4.86;1635932697
2026-09-13T07:14:18.546169+00:00;Turkey - 1st League;Igdir Belediyespor vs Mardin 1969;spread;home;-0.5;2.02;1.794;11.19;6.86;1636072198
2026-09-13T07:14:18.546796+00:00;Turkey - 1st League;Igdir Belediyespor vs Mardin 1969;spread;away;0.5;1.926;1.704;11.53;6.86;1636072198
2026-09-13T07:14:28.948913+00:00;England - Premier League;Coventry City vs Brighton;spread;away;-0.5;1.952;1.741;10.81;5.86;1635208833
2026-09-13T07:14:34.099039+00:00;Denmark - Superliga;FC Nordsjaelland vs AGF;spread;away;0.5;2.03;1.855;8.62;8.86;1635720397
2026-09-13T07:14:37.202828+00:00;Bulgaria - First League;Slavia Sofia vs Spartak Varna;spread;home;-0.5;2.06;1.813;11.99;5.10;1635941144
2026-09-13T07:14:38.934114+00:00;Greece - Super League;Kalamata vs Volos;spread;away;0.5;1.952;1.714;12.19;7.85;1635419353
2026-09-13T07:14:38.934645+00:00;Greece - Super League;Kalamata vs Volos;spread;home;-0.5;2.02;1.769;12.43;7.85;1635419353
2026-09-13T07:14:40.488485+00:00;Greece - Super League;Kifisia vs Levadiakos;spread;home;-0.5;2.04;1.806;11.47;10.85;1635414425
2026-09-13T07:14:40.489225+00:00;Greece - Super League;Kifisia vs Levadiakos;spread;away;0.5;1.917;1.694;11.63;10.85;1635414425
2026-09-13T07:14:45.992106+00:00;Japan - J League;Urawa Red Diamonds vs Fagiano Okayama;spread;home;0.0;1.943;1.69;13.02;2.35;1635980440
2026-09-13T07:14:45.992734+00:00;Japan - J League;Urawa Red Diamonds vs Fagiano Okayama;spread;away;-0.0;2.26;1.806;20.09;2.35;1635980440
2026-09-13T07:14:46.644568+00:00;Japan - J League;Tokyo Verdy vs JEF United Chiba;spread;away;0.5;1.943;1.781;8.34;1.85;1635957306
2026-09-13T07:16:50.722359+00:00;Spain - La Liga;Getafe vs Deportivo La Coruna;spread;home;0.0;1.893;1.725;8.87;9.34;1635208789
2026-09-13T07:16:50.723101+00:00;Spain - La Liga;Getafe vs Deportivo La Coruna;spread;away;-0.0;2.2;1.847;16.05;9.34;1635208789
2026-09-13T07:16:53.545494+00:00;Spain - La Liga;Real Sociedad vs Atletico Madrid;spread;away;-0.0;1.971;1.704;13.55;11.84;1635208802
2026-09-13T07:17:06.105430+00:00;Iceland - Premier League;Valur Reykjavik vs Thor Akureyri;spread;away;1.0;1.98;1.741;12.07;6.84;1636090366
2026-09-13T07:17:33.298754+00:00;Korea Republic - K League 2;Jeonnam Dragons vs Gimpo;spread;home;0.5;1.909;1.741;8.80;0.34;1635957876
2026-09-13T07:17:33.299482+00:00;Korea Republic - K League 2;Jeonnam Dragons vs Gimpo;spread;away;-0.5;2.0;1.826;8.70;0.34;1635957876
2026-09-13T07:17:33.951787+00:00;Korea Republic - K League 2;Gyeongnam vs Seongnam FC;spread;away;-0.0;1.926;1.746;9.35;0.34;1635957877
2026-09-13T07:17:33.952363+00:00;Korea Republic - K League 2;Gyeongnam vs Seongnam FC;spread;home;0.0;2.1;1.862;11.33;0.34;1635957877
2026-09-13T07:17:33.952784+00:00;Korea Republic - K League 2;Gyeongnam vs Seongnam FC;spread;home;0.0;2.1;1.8;14.29;0.34;1635957877
2026-09-13T07:17:34.683593+00:00;Korea Republic - K League 2;Suwon FC vs Cheonan City;spread;away;0.5;1.952;1.746;10.55;2.84;1635980452
2026-09-13T07:17:34.684256+00:00;Korea Republic - K League 2;Suwon FC vs Cheonan City;spread;home;-0.5;2.11;1.769;16.16;2.84;1635980452
2026-09-13T07:17:35.828320+00:00;Korea Republic - K League 2;Busan IPark vs Gimhae;spread;home;-1.0;2.04;1.826;10.49;2.84;1635985089
2026-09-13T07:17:35.828915+00:00;Korea Republic - K League 2;Busan IPark vs Gimhae;spread;away;1.0;1.877;1.699;9.48;2.84;1635985089
2026-09-13T07:17:43.690629+00:00;Indonesia - Super League;Persita Tangerang vs Java United;spread;away;-0.0;1.952;1.725;11.63;1.34;1635957919
2026-09-13T07:17:43.691273+00:00;Indonesia - Super League;Persita Tangerang vs Java United;spread;home;0.0;2.14;1.794;16.17;1.34;1635957919
2026-09-13T07:17:43.691767+00:00;Indonesia - Super League;Persita Tangerang vs Java United;spread;home;0.0;2.14;1.775;17.06;1.34;1635957919
2026-09-13T07:17:57.146080+00:00;Belgium - Pro League;Genk vs Gent;spread;home;-0.5;1.98;1.763;10.96;6.84;1635941035
2026-09-13T07:18:17.838747+00:00;Czech Republic - First Liga;Banik Ostrava vs Pardubice;spread;home;-0.5;1.98;1.741;12.07;3.83;1635941036
2026-09-13T07:23:24.527800+00:00;Netherlands - Eredivisie;Excelsior vs FC Utrecht;spread;away;0.5;1.98;1.735;12.37;2.91;1635196875
2026-09-13T07:23:24.528362+00:00;Netherlands - Eredivisie;Excelsior vs FC Utrecht;spread;home;-0.5;2.03;1.781;12.27;2.91;1635196875
2026-09-13T07:25:35.233023+00:00;Italy - Serie B;Mantova vs Sampdoria;spread;away;0.5;1.926;1.725;10.44;7.90;1635941146
2026-09-13T07:25:35.233676+00:00;Italy - Serie B;Mantova vs Sampdoria;spread;home;-0.5;2.05;1.833;10.59;7.90;1635941146
2026-09-13T07:25:39.129168+00:00;Turkey - 1st League;Igdir Belediyespor vs Mardin 1969;spread;home;-0.5;2.02;1.794;11.19;6.65;1636072198
2026-09-13T07:25:39.129836+00:00;Turkey - 1st League;Igdir Belediyespor vs Mardin 1969;spread;away;0.5;1.926;1.704;11.53;6.65;1636072198
2026-09-13T07:25:50.226027+00:00;Italy - Serie A;Napoli vs Bologna;spread;home;-0.5;1.935;1.758;9.15;8.65;1635204963
2026-09-13T07:26:07.138628+00:00;Austria - 2. Liga;FC Liefering vs St Polten;spread;away;-0.5;2.04;1.862;8.73;1.15;1635255906
2026-09-13T07:26:36.834483+00:00;Albania - Superliga;AF Elbasani vs Egnatia Rrogozhine;spread;home;0.0;2.12;1.741;17.88;9.15;1635995452
2026-09-13T07:26:41.012752+00:00;Norway - Eliteserien;Fredrikstad vs Sarpsborg 08;spread;away;-0.0;2.02;1.775;12.13;9.90;1635932694
2026-09-13T07:26:45.601618+00:00;Bulgaria - First League;Slavia Sofia vs Spartak Varna;spread;home;-0.5;2.06;1.813;11.99;4.90;1635941144
2026-09-13T07:26:54.380426+00:00;Romania - Liga 1;Corvinul Hunedoara vs Universitatea Craiova;spread;home;0.5;1.99;1.806;9.25;10.14;1636007200
2026-09-13T07:26:55.770939+00:00;Finland - Veikkausliiga;KuPS vs HJK Helsinki;spread;away;0.5;1.893;1.725;8.87;4.64;1635941147
2026-09-13T07:26:58.260200+00:00;Poland - Ekstraklasa;Legia Warsaw vs Widzew Lodz;spread;home;-0.5;1.877;1.719;8.42;8.14;1635941041
2026-09-13T07:27:14.868753+00:00;Mexico - Liga de Expansión MX;Leones Negros UDeG vs Atletico La Paz;spread;home;-0.5;2.05;1.862;9.17;10.64;1636007483
2026-09-13T07:27:16.765244+00:00;Korea Republic - K League 1;Gimcheon Sangmu vs Gangwon FC;spread;home;0.0;2.13;1.926;9.58;0.14;1635941093
2026-09-13T07:27:16.766062+00:00;Korea Republic - K League 1;Gimcheon Sangmu vs Gangwon FC;spread;home;0.0;2.13;1.952;8.36;0.14;1635941093
2026-09-13T07:27:43.820440+00:00;Argentina - Liga Pro;Sarmiento de Junin vs Belgrano;spread;home;0.0;2.24;1.962;12.41;10.39;1635208823
2026-09-13T07:27:48.522084+00:00;Belgium - Pro League;Genk vs Gent;spread;home;-0.5;1.98;1.763;10.96;6.64;1635941035
2026-09-13T07:27:57.034919+00:00;Iceland - Premier League;Valur Reykjavik vs Thor Akureyri;spread;away;1.0;1.98;1.741;12.07;6.64;1636090366
2026-09-13T07:28:19.379627+00:00;Czech Republic - First Liga;Banik Ostrava vs Pardubice;spread;home;-0.5;1.98;1.741;12.07;3.64;1635941036
2026-09-13T07:28:26.754578+00:00;Turkey - Super League;Amedspor vs Istanbul Basaksehir;spread;home;-0.5;2.02;1.855;8.17;9.64;1635932693
2026-09-13T07:28:26.755188+00:00;Turkey - Super League;Amedspor vs Istanbul Basaksehir;spread;away;0.5;1.909;1.752;8.22;9.64;1635932693
2026-09-13T07:28:27.344324+00:00;Turkey - Super League;Genclerbirligi vs Kasimpasa;spread;away;0.5;1.909;1.752;8.22;6.64;1635941153
2026-09-13T07:28:28.420767+00:00;Indonesia - Super League;Persita Tangerang vs Java United;spread;away;-0.0;1.952;1.714;12.19;1.14;1635957919
2026-09-13T07:28:28.421342+00:00;Indonesia - Super League;Persita Tangerang vs Java United;spread;home;0.0;2.15;1.794;16.56;1.14;1635957919
2026-09-13T07:28:28.421860+00:00;Indonesia - Super League;Persita Tangerang vs Java United;spread;home;0.0;2.15;1.775;17.44;1.14;1635957919
2026-09-13T07:28:47.385160+00:00;Argentina - Primera B Nacional;Ferrocarril Midland vs Chacarita Juniors;spread;away;0.5;1.943;1.775;8.65;11.63;1636020877
2026-09-13T07:28:48.356528+00:00;Argentina - Primera B Nacional;Racing de Cordoba vs Deportivo Moron;spread;home;-0.5;1.99;1.758;11.66;11.63;1636019361
2026-09-13T07:28:48.357175+00:00;Argentina - Primera B Nacional;Racing de Cordoba vs Deportivo Moron;spread;away;0.5;1.962;1.725;12.08;11.63;1636019361
2026-09-13T07:28:56.204171+00:00;Japan - J League;Tokyo Verdy vs JEF United Chiba;spread;away;0.5;1.943;1.781;8.34;1.63;1635957306
2026-09-13T07:28:56.951994+00:00;Japan - J League;Urawa Red Diamonds vs Fagiano Okayama;spread;home;0.0;1.943;1.69;13.02;2.13;1635980440
2026-09-13T07:28:56.952577+00:00;Japan - J League;Urawa Red Diamonds vs Fagiano Okayama;spread;away;-0.0;2.26;1.806;20.09;2.13;1635980440
2026-09-13T07:29:10.734097+00:00;England - Premier League;Manchester United vs Manchester City;total;under;4.5;1.87;1.781;4.76;8.13;1635132230
2026-09-13T07:29:11.782908+00:00;England - Premier League;Coventry City vs Brighton;spread;away;-0.5;1.98;1.741;12.07;5.63;1635208833
2026-09-13T07:29:14.223581+00:00;Germany - Bundesliga;Elversberg vs Bayern Munich;total;over;4.5;1.862;1.769;4.99;8.13;1635197922
2026-09-13T07:29:29.610389+00:00;Norway - 1st Division;Moss vs Haugesund;spread;away;-0.5;1.971;1.775;9.94;7.63;1635941046
2026-09-13T07:29:33.765205+00:00;Norway - 1st Division;Egersunds vs Kongsvinger;spread;away;-0.5;1.935;1.758;9.15;7.63;1635932688
2026-09-13T07:29:38.164447+00:00;Portugal - Liga 2;Chaves vs Feirense;spread;home;-0.5;2.05;1.794;12.49;5.63;1635985180
2026-09-13T07:29:56.710840+00:00;Russia - First League;Leningradets vs Tekstilshchik;spread;home;-0.5;1.962;1.787;8.92;4.63;1635985131
2026-09-13T07:29:58.749792+00:00;Russia - First League;Ufa vs Volga Ulyanovsk;spread;away;-0.0;2.02;1.847;8.56;4.63;1635932697
2026-09-13T07:30:07.308337+00:00;Denmark - Superliga;FC Nordsjaelland vs AGF;spread;away;0.5;2.03;1.855;8.62;8.63;1635720397
2026-09-13T07:30:48.142490+00:00;Spain - Segunda Division;Tenerife vs Leganes;spread;home;0.0;2.02;1.658;17.92;11.62;1636007501
2026-09-13T07:30:48.143263+00:00;Spain - Segunda Division;Tenerife vs Leganes;spread;away;-0.0;2.32;1.741;24.96;11.62;1636007501
2026-09-13T07:31:06.304614+00:00;Ireland - Leinster Senior League;Killester Donnycarney vs St. Francis;spread;away;0.5;1.885;1.699;9.87;3.62;1636212995
2026-09-13T07:31:20.815690+00:00;Spain - La Liga;Real Sociedad vs Atletico Madrid;spread;home;0.0;2.07;1.794;13.33;11.62;1635208802
2026-09-13T07:31:20.816354+00:00;Spain - La Liga;Real Sociedad vs Atletico Madrid;spread;away;-0.0;1.971;1.704;13.55;11.62;1635208802
2026-09-13T07:31:25.287118+00:00;Spain - La Liga;Getafe vs Deportivo La Coruna;spread;home;0.0;1.893;1.725;8.87;9.12;1635208789
2026-09-13T07:31:25.287916+00:00;Spain - La Liga;Getafe vs Deportivo La Coruna;spread;away;-0.0;2.2;1.847;16.05;9.12;1635208789
2026-09-13T07:31:32.282816+00:00;Greece - Super League;Kalamata vs Volos;spread;away;0.5;1.952;1.714;12.19;7.62;1635419353
2026-09-13T07:31:32.283370+00:00;Greece - Super League;Kalamata vs Volos;spread;home;-0.5;2.02;1.769;12.43;7.62;1635419353
2026-09-13T07:31:34.540124+00:00;Greece - Super League;Kifisia vs Levadiakos;spread;home;-0.5;2.04;1.806;11.47;10.62;1635414425
2026-09-13T07:31:34.540758+00:00;Greece - Super League;Kifisia vs Levadiakos;spread;away;0.5;1.917;1.694;11.63;10.62;1635414425
2026-09-13T07:31:36.728442+00:00;Ecuador - Serie A;Leones del Norte vs Tecnico Universitario;spread;home;-0.5;1.877;1.714;8.68;10.62;1636021003
2026-09-13T07:32:19.151641+00:00;Korea Republic - K League 2;Suwon FC vs Cheonan City;spread;away;0.5;1.952;1.746;10.55;2.61;1635980452
2026-09-13T07:32:19.152274+00:00;Korea Republic - K League 2;Suwon FC vs Cheonan City;spread;home;-0.5;2.11;1.769;16.16;2.61;1635980452
2026-09-13T07:32:19.925519+00:00;Korea Republic - K League 2;Jeonnam Dragons vs Gimpo;spread;home;0.5;1.909;1.741;8.80;0.11;1635957876
2026-09-13T07:32:19.926092+00:00;Korea Republic - K League 2;Jeonnam Dragons vs Gimpo;spread;away;-0.5;2.0;1.826;8.70;0.11;1635957876
2026-09-13T07:32:20.916093+00:00;Korea Republic - K League 2;Busan IPark vs Gimhae;spread;home;-1.0;2.04;1.826;10.49;2.61;1635985089
2026-09-13T07:32:20.916749+00:00;Korea Republic - K League 2;Busan IPark vs Gimhae;spread;away;1.0;1.877;1.699;9.48;2.61;1635985089
2026-09-13T07:32:21.680050+00:00;Korea Republic - K League 2;Gyeongnam vs Seongnam FC;spread;away;-0.0;1.926;1.746;9.35;0.11;1635957877
2026-09-13T07:32:24.819962+00:00;Korea Republic - K League 2;Gyeongnam vs Seongnam FC;spread;home;0.0;2.1;1.862;11.33;0.11;1635957877
2026-09-13T07:32:24.820637+00:00;Korea Republic - K League 2;Gyeongnam vs Seongnam FC;spread;home;0.0;2.1;1.8;14.29;0.11;1635957877
2026-09-13T07:38:03.535263+00:00;Turkey - 1st League;Igdir Belediyespor vs Mardin 1969;spread;home;-0.5;2.02;1.794;11.19;6.42;1636072198
2026-09-13T07:38:03.536118+00:00;Turkey - 1st League;Igdir Belediyespor vs Mardin 1969;spread;away;0.5;1.926;1.704;11.53;6.42;1636072198
2026-09-13T07:38:12.128741+00:00;Argentina - Liga Pro;Sarmiento de Junin vs Belgrano;spread;home;0.0;2.24;1.962;12.41;10.17;1635208823
2026-09-13T07:38:44.214589+00:00;Norway - 1st Division;Moss vs Haugesund;spread;away;-0.5;1.971;1.775;9.94;7.42;1635941046
2026-09-13T07:38:47.773275+00:00;Norway - 1st Division;Egersunds vs Kongsvinger;spread;home;0.5;1.952;1.781;8.76;7.42;1635932688
2026-09-13T07:38:47.774058+00:00;Norway - 1st Division;Egersunds vs Kongsvinger;spread;away;-0.5;1.935;1.758;9.15;7.42;1635932688
2026-09-13T07:39:02.720072+00:00;Belgium - Pro League;Genk vs Gent;spread;home;-0.5;1.98;1.763;10.96;6.42;1635941035
2026-09-13T07:39:16.554792+00:00;Portugal - Primeira Liga;Famalicao vs Sporting CP;spread;away;-0.5;2.05;1.735;15.37;11.92;1635941094
2026-09-13T07:39:31.263013+00:00;Portugal - Liga 2;Chaves vs Feirense;spread;home;-0.5;2.05;1.794;12.49;5.42;1635985180
2026-09-13T07:40:04.415270+00:00;Iceland - Premier League;Valur Reykjavik vs Thor Akureyri;spread;away;1.0;1.98;1.741;12.07;6.41;1636090366
2026-09-13T07:40:07.924583+00:00;Netherlands - Eredivisie;Excelsior vs FC Utrecht;spread;away;0.5;1.98;1.735;12.37;2.66;1635196875
2026-09-13T07:40:07.925230+00:00;Netherlands - Eredivisie;Excelsior vs FC Utrecht;spread;home;-0.5;2.03;1.781;12.27;2.66;1635196875
2026-09-13T07:40:18.509743+00:00;Italy - Serie B;Mantova vs Sampdoria;spread;away;0.5;1.926;1.725;10.44;7.66;1635941146
2026-09-13T07:40:18.510479+00:00;Italy - Serie B;Mantova vs Sampdoria;spread;home;-0.5;2.05;1.833;10.59;7.66;1635941146
2026-09-13T07:40:30.533875+00:00;Argentina - Primera B Nacional;Racing de Cordoba vs Deportivo Moron;spread;home;-0.5;1.99;1.758;11.66;11.41;1636019361
2026-09-13T07:40:34.551560+00:00;Argentina - Primera B Nacional;Racing de Cordoba vs Deportivo Moron;spread;away;0.5;1.962;1.725;12.08;11.41;1636019361
2026-09-13T07:40:36.764234+00:00;Argentina - Primera B Nacional;Ferrocarril Midland vs Chacarita Juniors;spread;away;0.5;1.943;1.775;8.65;11.41;1636020877
2026-09-13T07:40:50.370242+00:00;Denmark - Superliga;FC Nordsjaelland vs AGF;spread;away;0.5;2.03;1.862;8.28;8.41;1635720397
2026-09-13T07:40:51.923000+00:00;England - Premier League;Coventry City vs Brighton;spread;away;-0.5;1.98;1.741;12.07;5.41;1635208833
2026-09-13T07:41:09.620686+00:00;Bulgaria - First League;Slavia Sofia vs Spartak Varna;spread;home;-0.5;2.06;1.813;11.99;4.66;1635941144
2026-09-13T07:41:13.188170+00:00;Spain - La Liga;Real Sociedad vs Atletico Madrid;spread;home;0.0;2.07;1.794;13.33;11.40;1635208802
2026-09-13T07:41:16.649552+00:00;Spain - La Liga;Real Sociedad vs Atletico Madrid;spread;away;-0.0;1.971;1.704;13.55;11.40;1635208802
2026-09-13T07:41:18.396685+00:00;Spain - La Liga;Getafe vs Deportivo La Coruna;spread;away;-0.0;2.15;1.847;14.09;8.90;1635208789
2026-09-13T07:41:22.681560+00:00;Russia - First League;Leningradets vs Tekstilshchik;spread;home;-0.5;1.962;1.787;8.92;4.40;1635985131
2026-09-13T07:41:23.798574+00:00;Russia - First League;Ufa vs Volga Ulyanovsk;spread;away;-0.0;2.02;1.847;8.56;4.40;1635932697
2026-09-13T07:41:28.524482+00:00;Czech Republic - First Liga;Banik Ostrava vs Pardubice;spread;home;-0.5;1.98;1.741;12.07;3.40;1635941036
2026-09-13T07:41:36.633316+00:00;Poland - Ekstraklasa;Legia Warsaw vs Widzew Lodz;spread;home;-0.5;1.877;1.719;8.42;7.90;1635941041
2026-09-13T07:41:54.175321+00:00;Finland - Veikkausliiga;KuPS vs HJK Helsinki;spread;away;0.5;1.893;1.725;8.87;4.40;1635941147
2026-09-13T07:42:01.498223+00:00;Italy - Serie A;Napoli vs Bologna;spread;home;-0.5;1.952;1.758;9.94;8.40;1635204963
2026-09-13T07:42:03.429166+00:00;Italy - Serie A;Lecce vs Monza;spread;away;0.5;1.99;1.781;10.50;5.40;1635204962
2026-09-13T07:42:23.483716+00:00;Turkey - 2nd League;Sebat Genclikspor vs Sanliurfaspor;spread;away;-0.0;1.806;1.645;8.91;4.90;1636140622
2026-09-13T07:42:27.966831+00:00;Turkey - 2nd League;Aliaga vs Isparta 32 Spor;spread;away;0.5;1.87;1.704;8.88;5.90;1636090465
2026-09-13T07:43:03.026113+00:00;Spain - Segunda Division;Tenerife vs Leganes;spread;home;0.0;2.02;1.658;17.92;11.39;1636007501
2026-09-13T07:43:07.145741+00:00;Spain - Segunda Division;Tenerife vs Leganes;spread;away;-0.0;2.32;1.741;24.96;11.39;1636007501
2026-09-13T07:43:09.762540+00:00;Mexico - Liga de Expansión MX;Leones Negros UDeG vs Atletico La Paz;spread;home;-0.5;2.04;1.862;8.73;10.39;1636007483
2026-09-13T07:43:34.895365+00:00;Germany - Bundesliga;Elversberg vs Bayern Munich;total;over;4.5;1.862;1.769;4.99;7.89;1635197922
2026-09-13T07:44:37.134150+00:00;Czech Republic - 3. Liga;Unicov vs Sigma Olomouc II;spread;home;0.0;2.04;1.87;8.33;0.64;1635957295
2026-09-13T07:44:51.205866+00:00;Greece - Super League;Kalamata vs Volos;spread;away;0.5;1.952;1.714;12.19;7.39;1635419353
2026-09-13T07:44:51.206505+00:00;Greece - Super League;Kalamata vs Volos;spread;home;-0.5;2.02;1.769;12.43;7.39;1635419353
2026-09-13T07:44:53.390449+00:00;Greece - Super League;Kifisia vs Levadiakos;spread;home;-0.5;2.04;1.806;11.47;10.39;1635414425
2026-09-13T07:44:53.391283+00:00;Greece - Super League;Kifisia vs Levadiakos;spread;away;0.5;1.917;1.694;11.63;10.39;1635414425
2026-09-13T07:44:56.506716+00:00;Romania - Liga 1;Corvinul Hunedoara vs Universitatea Craiova;spread;home;0.5;1.99;1.806;9.25;9.89;1636007200
2026-09-13T07:45:04.613206+00:00;Indonesia - Super League;Persita Tangerang vs Java United;spread;away;-0.0;1.952;1.714;12.19;0.88;1635957919
2026-09-13T07:45:08.581835+00:00;Indonesia - Super League;Persita Tangerang vs Java United;spread;home;0.0;2.15;1.794;16.56;0.88;1635957919
2026-09-13T07:45:08.582463+00:00;Indonesia - Super League;Persita Tangerang vs Java United;spread;home;0.0;2.15;1.775;17.44;0.88;1635957919
2026-09-13T07:45:14.652030+00:00;Japan - J League;Urawa Red Diamonds vs Fagiano Okayama;spread;away;-0.0;2.04;1.806;11.47;1.88;1635980440
2026-09-13T07:45:15.218934+00:00;Japan - J League;Tokyo Verdy vs JEF United Chiba;spread;away;0.5;1.943;1.781;8.34;1.38;1635957306
2026-09-13T07:45:23.009798+00:00;Turkey - Super League;Genclerbirligi vs Kasimpasa;spread;away;0.5;1.909;1.752;8.22;6.38;1635941153
2026-09-13T07:45:23.898122+00:00;Turkey - Super League;Amedspor vs Istanbul Basaksehir;spread;home;-0.5;2.02;1.855;8.17;9.38;1635932693
2026-09-13T07:45:23.898792+00:00;Turkey - Super League;Amedspor vs Istanbul Basaksehir;spread;away;0.5;1.909;1.752;8.22;9.38;1635932693
2026-09-13T07:45:45.485081+00:00;Ecuador - Serie A;Leones del Norte vs Tecnico Universitario;spread;home;-0.5;1.877;1.714;8.68;10.38;1636021003
2026-09-13T07:45:49.173265+00:00;Korea Republic - K League 2;Busan IPark vs Gimhae;spread;home;-1.0;2.04;1.826;10.49;2.38;1635985089
2026-09-13T07:45:49.173992+00:00;Korea Republic - K League 2;Busan IPark vs Gimhae;spread;away;1.0;1.877;1.699;9.48;2.38;1635985089
2026-09-13T07:45:49.860192+00:00;Korea Republic - K League 2;Suwon FC vs Cheonan City;spread;away;0.5;1.952;1.752;10.25;2.38;1635980452
2026-09-13T07:45:49.860845+00:00;Korea Republic - K League 2;Suwon FC vs Cheonan City;spread;home;-0.5;2.1;1.769;15.76;2.38;1635980452
2026-09-13T07:46:05.458471+00:00;Norway - Eliteserien;Fredrikstad vs Sarpsborg 08;spread;away;-0.0;2.02;1.775;12.13;9.63;1635932694
2026-09-13T07:51:33.713610+00:00;Netherlands - Eredivisie;Excelsior vs FC Utrecht;spread;away;0.5;1.98;1.735;12.37;2.44;1635196875
2026-09-13T07:51:33.714261+00:00;Netherlands - Eredivisie;Excelsior vs FC Utrecht;spread;home;-0.5;2.03;1.781;12.27;2.44;1635196875
2026-09-13T07:53:47.818451+00:00;Italy - Serie B;Mantova vs Sampdoria;spread;away;0.5;1.926;1.725;10.44;7.44;1635941146
2026-09-13T07:53:47.819106+00:00;Italy - Serie B;Mantova vs Sampdoria;spread;home;-0.5;2.05;1.833;10.59;7.44;1635941146
2026-09-13T07:53:50.245833+00:00;Turkey - 1st League;Sivasspor vs Muglaspor;spread;home;-0.5;2.0;1.82;9.00;6.19;1635995288
2026-09-13T07:53:51.722771+00:00;Turkey - 1st League;Igdir Belediyespor vs Mardin 1969;spread;home;-0.5;2.02;1.794;11.19;6.19;1636072198
2026-09-13T07:53:51.723354+00:00;Turkey - 1st League;Igdir Belediyespor vs Mardin 1969;spread;away;0.5;1.926;1.704;11.53;6.19;1636072198
2026-09-13T07:54:00.306299+00:00;Italy - Serie A;Napoli vs Bologna;spread;home;-0.5;1.943;1.787;8.03;8.18;1635204963
2026-09-13T07:54:01.089694+00:00;Italy - Serie A;Lecce vs Monza;spread;home;-0.5;2.0;1.82;9.00;5.18;1635204962
2026-09-13T07:54:01.090377+00:00;Italy - Serie A;Lecce vs Monza;spread;away;0.5;1.99;1.781;10.50;5.18;1635204962
2026-09-13T07:54:53.673726+00:00;Norway - Eliteserien;Fredrikstad vs Sarpsborg 08;spread;away;-0.0;2.02;1.775;12.13;9.43;1635932694
2026-09-13T07:54:59.099417+00:00;Bulgaria - First League;Slavia Sofia vs Spartak Varna;spread;home;-0.5;2.06;1.813;11.99;4.43;1635941144
2026-09-13T07:55:01.949002+00:00;Ukraine - Premier League;Polissya Zhytomyr vs Livyi Bereg;total;over;2.5;2.02;1.877;7.08;4.68;1636532620
2026-09-13T07:55:07.880012+00:00;Japan - J2 League;Vegalta Sendai vs Consadole Sapporo;spread;away;0.5;1.943;1.769;8.96;1.18;1635957926
2026-09-13T07:55:07.880676+00:00;Japan - J2 League;Vegalta Sendai vs Consadole Sapporo;spread;home;-0.5;2.07;1.787;13.67;1.18;1635957926
2026-09-13T07:55:09.187128+00:00;Romania - Liga 1;Corvinul Hunedoara vs Universitatea Craiova;spread;home;0.5;1.99;1.806;9.25;9.68;1636007200
2026-09-13T07:55:10.207688+00:00;Finland - Veikkausliiga;KuPS vs HJK Helsinki;spread;away;0.5;1.893;1.725;8.87;4.18;1635941147
2026-09-13T07:55:13.275478+00:00;Poland - Ekstraklasa;Legia Warsaw vs Widzew Lodz;spread;home;-0.5;1.877;1.719;8.42;7.68;1635941041
2026-09-13T07:55:15.386755+00:00;Portugal - Primeira Liga;Famalicao vs Sporting CP;spread;home;0.5;2.03;1.833;9.70;11.68;1635941094
2026-09-13T07:55:15.387370+00:00;Portugal - Primeira Liga;Famalicao vs Sporting CP;spread;away;-0.5;2.05;1.735;15.37;11.68;1635941094
2026-09-13T07:55:19.503062+00:00;Portugal - Primeira Liga;Arouca vs Santa Clara;spread;away;-0.0;1.98;1.82;8.08;9.18;1635941201
2026-09-13T07:55:34.672641+00:00;Mexico - Liga de Expansión MX;Leones Negros UDeG vs Atletico La Paz;spread;home;-0.5;2.04;1.862;8.73;10.17;1636007483
2026-09-13T07:56:01.477250+00:00;Argentina - Liga Pro;Sarmiento de Junin vs Belgrano;spread;home;0.0;2.24;1.962;12.41;9.92;1635208823
2026-09-13T07:56:06.090734+00:00;Belgium - Pro League;Genk vs Gent;spread;home;-0.5;1.98;1.763;10.96;6.17;1635941035
2026-09-13T07:56:16.954875+00:00;Iceland - Premier League;Valur Reykjavik vs Thor Akureyri;spread;away;1.0;1.98;1.741;12.07;6.17;1636090366
2026-09-13T07:56:38.712065+00:00;Czech Republic - First Liga;Banik Ostrava vs Pardubice;spread;home;-0.5;1.98;1.741;12.07;3.17;1635941036
2026-09-13T07:56:43.019380+00:00;Turkey - Super League;Genclerbirligi vs Kasimpasa;spread;away;0.5;1.909;1.752;8.22;6.17;1635941153
2026-09-13T07:56:44.713845+00:00;Turkey - Super League;Amedspor vs Istanbul Basaksehir;spread;home;-0.5;2.02;1.855;8.17;9.17;1635932693
2026-09-13T07:56:44.714499+00:00;Turkey - Super League;Amedspor vs Istanbul Basaksehir;spread;away;0.5;1.909;1.752;8.22;9.17;1635932693
2026-09-13T07:56:46.630953+00:00;Indonesia - Super League;Persita Tangerang vs Java United;spread;away;-0.0;1.952;1.752;10.25;0.67;1635957919
2026-09-13T07:56:46.631683+00:00;Indonesia - Super League;Persita Tangerang vs Java United;spread;home;0.0;2.1;1.794;14.57;0.67;1635957919
2026-09-13T07:56:46.632333+00:00;Indonesia - Super League;Persita Tangerang vs Java United;spread;home;0.0;2.1;1.775;15.48;0.67;1635957919
2026-09-13T07:56:58.485015+00:00;Czech Republic - 3. Liga;Sparta Prague II vs Bohemians 1905 II;total;over;1.5;2.03;1.926;5.12;0.42;1635957911
2026-09-13T07:57:07.411937+00:00;Argentina - Primera B Nacional;Ferrocarril Midland vs Chacarita Juniors;spread;away;0.5;1.943;1.775;8.65;11.16;1636020877
2026-09-13T07:57:10.296419+00:00;Argentina - Primera B Nacional;Racing de Cordoba vs Deportivo Moron;spread;home;-0.5;1.99;1.758;11.66;11.16;1636019361
2026-09-13T07:57:10.297104+00:00;Argentina - Primera B Nacional;Racing de Cordoba vs Deportivo Moron;spread;away;0.5;1.962;1.725;12.08;11.16;1636019361
2026-09-13T07:57:12.116679+00:00;Japan - J League;Urawa Red Diamonds vs Fagiano Okayama;spread;away;-0.0;2.03;1.826;10.05;1.66;1635980440
2026-09-13T07:57:12.766702+00:00;Japan - J League;Tokyo Verdy vs JEF United Chiba;spread;away;0.5;1.943;1.781;8.34;1.16;1635957306
2026-09-13T07:57:29.955539+00:00;England - Premier League;Coventry City vs Brighton;spread;away;-0.5;1.99;1.741;12.51;5.16;1635208833
2026-09-13T07:57:46.034143+00:00;Norway - 1st Division;Moss vs Haugesund;spread;away;-0.5;1.971;1.775;9.94;7.16;1635941046
2026-09-13T07:57:49.731298+00:00;Norway - 1st Division;Egersunds vs Kongsvinger;spread;home;0.5;1.952;1.781;8.76;7.16;1635932688
2026-09-13T07:57:49.731865+00:00;Norway - 1st Division;Egersunds vs Kongsvinger;spread;away;-0.5;1.935;1.758;9.15;7.16;1635932688
2026-09-13T07:57:55.177928+00:00;Portugal - Liga 2;Chaves vs Feirense;spread;home;-0.5;2.05;1.794;12.49;5.16;1635985180
2026-09-13T07:58:03.287470+00:00;Sweden - Damallsvenskan;Hacken vs Vittsjo GIK;total;over;1.5;1.971;1.833;7.00;3.16;1635980472
2026-09-13T07:58:12.282847+00:00;Russia - First League;Ufa vs Volga Ulyanovsk;spread;away;-0.0;2.02;1.847;8.56;4.16;1635932697
2026-09-13T07:58:13.153625+00:00;Russia - First League;Leningradets vs Tekstilshchik;spread;home;-0.5;1.962;1.787;8.92;4.16;1635985131
2026-09-13T07:58:16.358796+00:00;China - League Two;Guangzhou Dandelion Alpha vs Lanzhou Longyuan;spread;away;-0.0;2.07;1.885;8.94;0.16;1636137114
2026-09-13T07:58:19.241799+00:00;Denmark - Superliga;FC Nordsjaelland vs AGF;spread;away;0.5;2.03;1.862;8.28;8.16;1635720397
2026-09-13T07:58:22.185205+00:00;Russia - Premier League;Krasnodar vs Akron Togliatti;spread;home;-1.5;1.971;1.813;8.02;8.66;1635071616
2026-09-13T07:59:02.398429+00:00;Spain - Segunda Division;Tenerife vs Leganes;spread;home;0.0;2.02;1.658;17.92;11.15;1636007501
2026-09-13T07:59:02.399247+00:00;Spain - Segunda Division;Tenerife vs Leganes;spread;away;-0.0;2.32;1.741;24.96;11.15;1636007501
2026-09-13T07:59:30.799672+00:00;Spain - La Liga;Getafe vs Deportivo La Coruna;spread;away;-0.0;2.15;1.826;15.07;8.65;1635208789
2026-09-13T07:59:31.542177+00:00;Spain - La Liga;Real Sociedad vs Atletico Madrid;spread;home;0.0;2.07;1.781;13.96;11.15;1635208802
2026-09-13T07:59:31.542886+00:00;Spain - La Liga;Real Sociedad vs Atletico Madrid;spread;away;-0.0;1.98;1.704;13.94;11.15;1635208802
2026-09-13T07:59:37.671527+00:00;Greece - Super League;Kalamata vs Volos;spread;away;0.5;1.952;1.714;12.19;7.15;1635419353
2026-09-13T07:59:37.672271+00:00;Greece - Super League;Kalamata vs Volos;spread;home;-0.5;2.02;1.769;12.43;7.15;1635419353
2026-09-13T07:59:38.585499+00:00;Greece - Super League;Kifisia vs Levadiakos;spread;home;-0.5;2.04;1.806;11.47;10.15;1635414425
2026-09-13T07:59:38.586056+00:00;Greece - Super League;Kifisia vs Levadiakos;spread;away;0.5;1.917;1.694;11.63;10.15;1635414425
2026-09-13T07:59:42.991297+00:00;Ecuador - Serie A;Leones del Norte vs Tecnico Universitario;spread;home;-0.5;1.877;1.714;8.68;10.15;1636021003
2026-09-13T08:00:26.931600+00:00;Korea Republic - K League 2;Suwon FC vs Cheonan City;spread;away;0.5;1.952;1.752;10.25;2.14;1635980452
2026-09-13T08:00:26.932180+00:00;Korea Republic - K League 2;Suwon FC vs Cheonan City;spread;home;-0.5;2.1;1.769;15.76;2.14;1635980452
2026-09-13T08:00:27.441084+00:00;Korea Republic - K League 2;Busan IPark vs Gimhae;spread;home;-1.0;2.04;1.826;10.49;2.14;1635985089
2026-09-13T08:00:27.441618+00:00;Korea Republic - K League 2;Busan IPark vs Gimhae;spread;away;1.0;1.877;1.699;9.48;2.14;1635985089
2026-09-13T08:05:36.004084+00:00;Portugal - Liga 2;Chaves vs Feirense;spread;home;-0.5;2.05;1.794;12.49;4.96;1635985180
2026-09-13T08:05:38.146124+00:00;Argentina - Primera B Nacional;Ferrocarril Midland vs Chacarita Juniors;spread;away;0.5;1.952;1.775;9.07;10.96;1636020877
2026-09-13T08:05:40.423993+00:00;Argentina - Primera B Nacional;Racing de Cordoba vs Deportivo Moron;spread;home;-0.5;1.99;1.758;11.66;10.96;1636019361
2026-09-13T08:05:40.424686+00:00;Argentina - Primera B Nacional;Racing de Cordoba vs Deportivo Moron;spread;away;0.5;1.962;1.725;12.08;10.96;1636019361
2026-09-13T08:05:45.431307+00:00;Italy - Serie A;Napoli vs Bologna;spread;home;-0.5;1.952;1.794;8.09;7.96;1635204963
2026-09-13T08:05:46.855361+00:00;Italy - Serie A;Lecce vs Monza;spread;home;-0.5;2.0;1.82;9.00;4.96;1635204962
2026-09-13T08:05:46.856004+00:00;Italy - Serie A;Lecce vs Monza;spread;away;0.5;1.99;1.781;10.50;4.96;1635204962
2026-09-13T08:06:03.531314+00:00;Turkey - 2nd League;12 Bingol Spor vs Ankaragucu;spread;away;-0.0;1.98;1.704;13.94;5.46;1636267467
2026-09-13T08:06:10.006650+00:00;Turkey - Super League;Genclerbirligi vs Kasimpasa;spread;away;0.5;1.909;1.752;8.22;5.96;1635941153
2026-09-13T08:06:10.621550+00:00;Turkey - Super League;Amedspor vs Istanbul Basaksehir;spread;home;-0.5;2.02;1.855;8.17;8.96;1635932693
2026-09-13T08:06:10.622578+00:00;Turkey - Super League;Amedspor vs Istanbul Basaksehir;spread;away;0.5;1.909;1.752;8.22;8.96;1635932693
2026-09-13T08:06:29.849386+00:00;Ecuador - Serie A;Leones del Norte vs Tecnico Universitario;spread;home;-0.5;1.877;1.714;8.68;9.95;1636021003
2026-09-13T08:07:30.768950+00:00;Norway - Eliteserien;Fredrikstad vs Sarpsborg 08;spread;away;-0.0;2.02;1.775;12.13;9.20;1635932694
2026-09-13T08:07:35.469775+00:00;USA - MLS Next Pro League;Chattanooga vs Atlanta United II;total;under;1.5;1.917;1.787;6.78;10.95;1636007238
2026-09-13T08:07:41.245355+00:00;Greece - Super League;Kalamata vs Volos;spread;away;0.5;1.952;1.714;12.19;6.95;1635419353
2026-09-13T08:07:41.246001+00:00;Greece - Super League;Kalamata vs Volos;spread;home;-0.5;2.02;1.769;12.43;6.95;1635419353
2026-09-13T08:07:43.536628+00:00;Greece - Super League;Kifisia vs Levadiakos;spread;home;-0.5;2.04;1.806;11.47;9.95;1635414425
2026-09-13T08:07:43.537251+00:00;Greece - Super League;Kifisia vs Levadiakos;spread;away;0.5;1.917;1.694;11.63;9.95;1635414425
2026-09-13T08:07:48.217810+00:00;Romania - Liga 1;Corvinul Hunedoara vs Universitatea Craiova;spread;home;0.5;1.99;1.806;9.25;9.45;1636007200
2026-09-13T08:07:54.800369+00:00;Poland - Ekstraklasa;Legia Warsaw vs Widzew Lodz;spread;home;-0.5;1.877;1.719;8.42;7.45;1635941041
2026-09-13T08:08:03.137055+00:00;Czech Republic - 3. Liga;Viktoria Plzen II vs Pribram II;spread;away;1.5;1.98;1.8;9.09;0.45;1635957918
2026-09-13T08:08:05.582364+00:00;England - Premier League;Coventry City vs Brighton;spread;away;-0.5;1.99;1.741;12.51;4.94;1635208833
2026-09-13T08:08:31.725629+00:00;Turkey - 1st League;Sivasspor vs Muglaspor;spread;home;-0.5;2.0;1.82;9.00;5.94;1635995288
2026-09-13T08:08:33.312318+00:00;Turkey - 1st League;Igdir Belediyespor vs Mardin 1969;spread;home;-0.5;2.02;1.794;11.19;5.94;1636072198
2026-09-13T08:08:33.313074+00:00;Turkey - 1st League;Igdir Belediyespor vs Mardin 1969;spread;away;0.5;1.926;1.704;11.53;5.94;1636072198
2026-09-13T08:08:39.235920+00:00;Italy - Serie B;Mantova vs Sampdoria;spread;home;-0.5;2.05;1.833;10.59;7.19;1635941146
2026-09-13T08:08:39.236489+00:00;Italy - Serie B;Mantova vs Sampdoria;spread;away;0.5;1.935;1.725;10.85;7.19;1635941146
2026-09-13T08:08:40.193220+00:00;Norway - 1st Division;Moss vs Haugesund;spread;away;-0.5;1.971;1.775;9.94;6.94;1635941046
2026-09-13T08:08:44.485482+00:00;Norway - 1st Division;Egersunds vs Kongsvinger;spread;home;0.5;1.952;1.781;8.76;6.94;1635932688
2026-09-13T08:08:44.486115+00:00;Norway - 1st Division;Egersunds vs Kongsvinger;spread;away;-0.5;1.935;1.758;9.15;6.94;1635932688
2026-09-13T08:08:47.748657+00:00;Korea Republic - K League 2;Suwon FC vs Cheonan City;spread;away;0.5;1.952;1.752;10.25;1.94;1635980452
2026-09-13T08:08:47.749349+00:00;Korea Republic - K League 2;Suwon FC vs Cheonan City;spread;home;-0.5;2.1;1.769;15.76;1.94;1635980452
2026-09-13T08:08:48.860777+00:00;Korea Republic - K League 2;Busan IPark vs Gimhae;spread;home;-1.0;2.04;1.826;10.49;1.94;1635985089
2026-09-13T08:08:48.861325+00:00;Korea Republic - K League 2;Busan IPark vs Gimhae;spread;away;1.0;1.877;1.699;9.48;1.94;1635985089
2026-09-13T08:08:51.317686+00:00;Spain - Segunda Division;Tenerife vs Leganes;spread;home;0.0;2.02;1.658;17.92;10.94;1636007501
2026-09-13T08:08:51.318437+00:00;Spain - Segunda Division;Tenerife vs Leganes;spread;away;-0.0;2.32;1.741;24.96;10.94;1636007501
2026-09-13T08:09:09.884642+00:00;Russia - First League;Leningradets vs Tekstilshchik;spread;home;-0.5;1.962;1.787;8.92;3.94;1635985131
2026-09-13T08:09:10.850728+00:00;Russia - First League;Ufa vs Volga Ulyanovsk;spread;away;-0.0;2.02;1.847;8.56;3.94;1635932697
2026-09-13T08:09:13.035077+00:00;Portugal - Primeira Liga;Famalicao vs Sporting CP;spread;home;0.5;2.03;1.84;9.36;11.44;1635941094
2026-09-13T08:09:13.035855+00:00;Portugal - Primeira Liga;Famalicao vs Sporting CP;spread;away;-0.5;2.04;1.735;14.95;11.44;1635941094
2026-09-13T08:09:14.434570+00:00;Portugal - Primeira Liga;Arouca vs Santa Clara;spread;away;-0.0;1.98;1.82;8.08;8.94;1635941201
2026-09-13T08:09:19.396049+00:00;Czech Republic - First Liga;Banik Ostrava vs Pardubice;spread;home;-0.5;1.98;1.741;12.07;2.94;1635941036
2026-09-13T08:09:30.140904+00:00;Slovakia - 2. Liga;Malzenice vs Tatran Presov;spread;home;0.0;2.19;1.99;9.13;0.44;1635957387
2026-09-13T08:10:06.744173+00:00;Bulgaria - First League;Slavia Sofia vs Spartak Varna;spread;home;-0.5;2.06;1.813;11.99;4.18;1635941144
2026-09-13T08:10:08.319963+00:00;Mexico - Liga de Expansión MX;Leones Negros UDeG vs Atletico La Paz;spread;home;-0.5;2.03;1.862;8.28;9.93;1636007483
2026-09-13T08:10:15.263974+00:00;Belgium - Pro League;Genk vs Gent;spread;home;-0.5;1.98;1.763;10.96;5.93;1635941035
2026-09-13T08:10:22.508725+00:00;Finland - Veikkausliiga;KuPS vs HJK Helsinki;spread;away;0.5;1.893;1.725;8.87;3.93;1635941147
2026-09-13T08:11:10.637611+00:00;Russia - Premier League;Krasnodar vs Akron Togliatti;spread;home;-1.5;1.971;1.813;8.02;8.43;1635071616
2026-09-13T08:11:19.466992+00:00;Slovakia - 3. Liga;Dukla Banska Bystrica II vs Novohrad Lucenec;spread;home;0.0;2.01;1.794;10.75;0.43;1636439240
2026-09-13T08:11:27.709559+00:00;Japan - J League;Urawa Red Diamonds vs Fagiano Okayama;spread;away;-0.0;2.03;1.826;10.05;1.42;1635980440
2026-09-13T08:11:31.817214+00:00;Japan - J League;Tokyo Verdy vs JEF United Chiba;spread;away;0.5;1.943;1.781;8.34;0.92;1635957306
2026-09-13T08:11:37.469701+00:00;Netherlands - Eredivisie;Excelsior vs FC Utrecht;spread;away;0.5;1.98;1.735;12.37;2.17;1635196875
2026-09-13T08:11:37.470341+00:00;Netherlands - Eredivisie;Excelsior vs FC Utrecht;spread;home;-0.5;2.03;1.781;12.27;2.17;1635196875
2026-09-13T08:12:38.025875+00:00;Hungary - Cup;Dunaharaszti MTK vs Zalaegerszeg;total;over;1.5;1.98;1.826;7.78;4.92;1635985168
2026-09-13T08:12:42.618433+00:00;Iceland - Premier League;Valur Reykjavik vs Thor Akureyri;spread;away;1.0;1.971;1.741;11.67;5.92;1636090366
2026-09-13T08:13:12.922172+00:00;Argentina - Liga Pro;Sarmiento de Junin vs Belgrano;spread;home;0.0;2.24;1.962;12.41;9.66;1635208823
2026-09-13T08:13:20.828887+00:00;Spain - La Liga;Real Sociedad vs Atletico Madrid;spread;home;0.0;2.07;1.84;11.11;10.91;1635208802
2026-09-13T08:13:20.829628+00:00;Spain - La Liga;Real Sociedad vs Atletico Madrid;spread;home;0.0;2.07;1.826;11.79;10.91;1635208802
2026-09-13T08:13:20.830342+00:00;Spain - La Liga;Real Sociedad vs Atletico Madrid;spread;away;-0.0;1.943;1.704;12.30;10.91;1635208802
2026-09-13T08:13:22.352477+00:00;Spain - La Liga;Getafe vs Deportivo La Coruna;spread;home;0.0;1.917;1.763;8.03;8.41;1635208789
2026-09-13T08:13:22.353377+00:00;Spain - La Liga;Getafe vs Deportivo La Coruna;spread;away;-0.0;2.15;1.826;15.07;8.41;1635208789
2026-09-13T08:13:27.271144+00:00;Indonesia - Super League;Persita Tangerang vs Java United;spread;away;-0.0;1.952;1.752;10.25;0.41;1635957919
2026-09-13T08:13:30.218632+00:00;Indonesia - Super League;Persita Tangerang vs Java United;spread;home;0.0;2.1;1.794;14.57;0.41;1635957919
2026-09-13T08:13:30.219244+00:00;Indonesia - Super League;Persita Tangerang vs Java United;spread;home;0.0;2.1;1.775;15.48;0.41;1635957919
2026-09-13T08:19:29.742600+00:00;Ecuador - Serie A;Leones del Norte vs Tecnico Universitario;spread;home;-0.5;1.877;1.714;8.68;9.73;1636021003
2026-09-13T08:19:40.182666+00:00;Argentina - Primera B Nacional;Racing de Cordoba vs Deportivo Moron;spread;home;-0.5;1.99;1.758;11.66;10.73;1636019361
2026-09-13T08:19:40.183319+00:00;Argentina - Primera B Nacional;Racing de Cordoba vs Deportivo Moron;spread;away;0.5;1.962;1.725;12.08;10.73;1636019361
2026-09-13T08:20:22.480669+00:00;Indonesia - Championship;Sumsel United vs PSMS Medan;spread;away;-0.0;1.971;1.775;9.94;0.22;1635985147
2026-09-13T08:20:25.164994+00:00;Italy - Serie A;Napoli vs Bologna;spread;home;-0.5;1.962;1.794;8.56;7.72;1635204963
2026-09-13T08:20:26.141138+00:00;Italy - Serie A;Lecce vs Monza;spread;home;-0.5;2.0;1.82;9.00;4.72;1635204962
2026-09-13T08:20:26.148521+00:00;Italy - Serie A;Lecce vs Monza;spread;away;0.5;1.99;1.781;10.50;4.72;1635204962
2026-09-13T08:20:40.792706+00:00;Finland - Veikkausliiga;KuPS vs HJK Helsinki;spread;away;0.5;1.893;1.725;8.87;3.72;1635941147
2026-09-13T08:20:57.820623+00:00;Indonesia - Super League;Persita Tangerang vs Java United;spread;away;-0.0;1.952;1.769;9.38;0.22;1635957919
2026-09-13T08:20:57.821399+00:00;Indonesia - Super League;Persita Tangerang vs Java United;spread;home;0.0;2.07;1.794;13.33;0.22;1635957919
2026-09-13T08:20:57.821916+00:00;Indonesia - Super League;Persita Tangerang vs Java United;spread;home;0.0;2.07;1.806;12.75;0.22;1635957919
2026-09-13T08:21:15.453586+00:00;Netherlands - Eredivisie;Excelsior vs FC Utrecht;spread;away;0.5;1.98;1.735;12.37;1.97;1635196875
2026-09-13T08:21:15.454275+00:00;Netherlands - Eredivisie;Excelsior vs FC Utrecht;spread;home;-0.5;2.03;1.781;12.27;1.97;1635196875
2026-09-13T08:21:17.658777+00:00;Russia - First League;Ufa vs Volga Ulyanovsk;spread;away;-0.0;2.02;1.847;8.56;3.72;1635932697
2026-09-13T08:21:18.148820+00:00;Russia - First League;Leningradets vs Tekstilshchik;spread;home;-0.5;1.962;1.787;8.92;3.72;1635985131
2026-09-13T08:22:04.391293+00:00;Spain - Segunda Division;Tenerife vs Leganes;spread;home;0.0;2.02;1.658;17.92;10.71;1636007501
2026-09-13T08:22:04.392180+00:00;Spain - Segunda Division;Tenerife vs Leganes;spread;away;-0.0;2.32;1.741;24.96;10.71;1636007501
2026-09-13T08:22:06.061251+00:00;Italy - Serie B;Mantova vs Sampdoria;spread;home;-0.5;2.05;1.833;10.59;6.96;1635941146
2026-09-13T08:22:06.062039+00:00;Italy - Serie B;Mantova vs Sampdoria;spread;away;0.5;1.935;1.725;10.85;6.96;1635941146
2026-09-13T08:22:31.545970+00:00;Portugal - Primeira Liga;Famalicao vs Sporting CP;spread;home;0.5;2.03;1.806;11.03;11.21;1635941094
2026-09-13T08:22:31.546554+00:00;Portugal - Primeira Liga;Famalicao vs Sporting CP;spread;away;-0.5;2.08;1.735;16.59;11.21;1635941094
2026-09-13T08:22:32.449340+00:00;Portugal - Primeira Liga;Arouca vs Santa Clara;spread;away;-0.0;1.98;1.82;8.08;8.71;1635941201
2026-09-13T08:22:34.661702+00:00;Japan - J2 League;Vegalta Sendai vs Consadole Sapporo;spread;away;0.5;1.943;1.73;10.96;0.71;1635957926
2026-09-13T08:22:38.543326+00:00;Japan - J2 League;Vegalta Sendai vs Consadole Sapporo;spread;home;-0.5;2.13;1.787;16.10;0.71;1635957926
2026-09-13T08:22:51.699653+00:00;Russia - Premier League;Krasnodar vs Akron Togliatti;spread;home;-1.5;1.971;1.813;8.02;8.21;1635071616
2026-09-13T08:22:59.780885+00:00;Argentina - Liga Pro;Sarmiento de Junin vs Belgrano;spread;home;0.0;2.24;1.962;12.41;9.46;1635208823
2026-09-13T08:23:08.751830+00:00;Belgium - Pro League;Genk vs Gent;spread;home;-0.5;1.98;1.763;10.96;5.71;1635941035
2026-09-13T08:23:22.337946+00:00;Slovakia - 2. Liga;Slovan Bratislava II vs MFK Bytca;spread;home;-0.5;1.935;1.758;9.15;0.20;1635957384
2026-09-13T09:27:16.228203+00:00;Korea Republic - K League 2;Suwon FC vs Cheonan City;spread;away;0.5;1.952;1.752;10.25;1.70;1635980452
2026-09-13T09:27:20.824046+00:00;Korea Republic - K League 2;Suwon FC vs Cheonan City;spread;home;-0.5;2.1;1.775;15.48;1.70;1635980452
2026-09-13T09:27:22.091964+00:00;Korea Republic - K League 2;Busan IPark vs Gimhae;spread;home;-1.0;2.01;1.775;11.69;1.70;1635985089
2026-09-13T09:27:37.172237+00:00;Iceland - Premier League;Valur Reykjavik vs Thor Akureyri;spread;away;1.0;1.926;1.741;9.61;5.70;1636090366
2026-09-13T09:27:40.091470+00:00;Bulgaria - First League;Slavia Sofia vs Spartak Varna;spread;home;-0.5;2.05;1.813;11.56;3.95;1635941144
2026-09-13T09:28:48.646638+00:00;Turkey - Super League;Amedspor vs Istanbul Basaksehir;spread;away;0.5;1.909;1.752;8.22;8.69;1635932693
2026-09-13T09:28:48.691893+00:00;Turkey - Super League;Amedspor vs Istanbul Basaksehir;spread;home;-0.5;2.02;1.855;8.17;8.69;1635932693
2026-09-13T09:28:50.852558+00:00;Turkey - Super League;Genclerbirligi vs Kasimpasa;spread;away;0.5;1.909;1.752;8.22;5.69;1635941153
2026-09-13T09:29:04.673626+00:00;Norway - Eliteserien;Fredrikstad vs Sarpsborg 08;spread;away;-0.0;2.03;1.775;12.56;8.94;1635932694
2026-09-13T09:29:10.515050+00:00;Romania - Liga 1;Corvinul Hunedoara vs Universitatea Craiova;spread;home;0.5;1.99;1.806;9.25;9.19;1636007200
2026-09-13T09:30:04.864636+00:00;Spain - La Liga;Getafe vs Deportivo La Coruna;spread;away;-0.0;2.13;1.826;14.27;8.19;1635208789
2026-09-13T09:30:05.607942+00:00;Spain - La Liga;Real Sociedad vs Atletico Madrid;spread;home;0.0;2.07;1.84;11.11;10.69;1635208802
2026-09-13T09:30:05.610540+00:00;Spain - La Liga;Real Sociedad vs Atletico Madrid;spread;home;0.0;2.07;1.826;11.79;10.69;1635208802
2026-09-13T09:30:05.613044+00:00;Spain - La Liga;Real Sociedad vs Atletico Madrid;spread;away;-0.0;1.943;1.699;12.56;10.69;1635208802
2026-09-13T09:30:05.615269+00:00;Spain - La Liga;Real Sociedad vs Atletico Madrid;total;over;4.5;1.893;1.787;5.60;10.69;1635208802
2026-09-13T09:30:12.873849+00:00;Norway - 1st Division;Egersunds vs Kongsvinger;spread;home;0.5;1.952;1.781;8.76;6.69;1635932688
2026-09-13T09:30:12.879978+00:00;Norway - 1st Division;Egersunds vs Kongsvinger;spread;away;-0.5;1.935;1.758;9.15;6.69;1635932688
2026-09-13T09:30:17.416216+00:00;Norway - 1st Division;Moss vs Haugesund;spread;away;-0.5;1.971;1.775;9.94;6.69;1635941046
2026-09-13T09:30:32.044955+00:00;Austria - Landesliga;Admira Wacker II vs Ortmann;spread;home;-0.5;2.01;1.833;8.81;4.69;1636316341
2026-09-13T10:01:45.729074+00:00;Romania - Liga 1;Corvinul Hunedoara vs Universitatea Craiova;spread;home;0.5;1.99;1.806;9.25;7.52;1636007200
2026-09-13T10:01:51.700798+00:00;Turkey - Super League;Amedspor vs Istanbul Basaksehir;spread;home;-0.5;2.02;1.855;8.17;7.02;1635932693
2026-09-13T10:01:59.580083+00:00;Bulgaria - First League;Slavia Sofia vs Spartak Varna;spread;home;-0.5;2.05;1.813;11.56;2.27;1635941144
2026-09-13T10:02:15.409020+00:00;Greece - Super League;Kalamata vs Volos;spread;home;-0.5;2.02;1.769;12.43;5.02;1635419353
2026-09-13T10:03:02.268731+00:00;Ecuador - Serie A;Leones del Norte vs Tecnico Universitario;spread;home;-0.5;2.05;1.714;16.39;8.02;1636021003
2026-09-13T10:03:04.499591+00:00;Netherlands - Eredivisie;Excelsior vs FC Utrecht;spread;away;0.5;1.926;1.735;9.92;0.27;1635196875
2026-09-13T10:03:09.998573+00:00;Chile - Primera Division;Universidad de Concepcion vs Huachipato;spread;home;-0.5;2.02;1.741;13.81;5.52;1635941108
2026-09-13T10:03:19.602878+00:00;Norway - Eliteserien;Fredrikstad vs Sarpsborg 08;spread;away;-0.0;2.03;1.775;12.56;7.27;1635932694
2026-09-13T10:03:43.586530+00:00;Belgium - Challenger Pro League;RFC Liege vs Club NXT;spread;home;-0.5;1.952;1.769;9.38;4.01;1635992367
2026-09-13T10:03:51.728620+00:00;Argentina - Primera B Nacional;Racing de Cordoba vs Deportivo Moron;spread;away;0.5;1.962;1.725;12.08;9.01;1636019361
2026-09-13T10:04:17.839604+00:00;Italy - Serie A;Napoli vs Bologna;spread;home;-0.5;1.962;1.794;8.56;6.01;1635204963
2026-09-13T10:04:18.756712+00:00;Italy - Serie A;Lecce vs Monza;spread;home;-0.5;2.0;1.82;9.00;3.01;1635204962
2026-09-13T10:04:22.698533+00:00;Italy - Serie B;Mantova vs Sampdoria;spread;away;0.5;1.935;1.725;10.85;5.26;1635941146
2026-09-13T10:04:27.285493+00:00;Russia - First League;Ufa vs Volga Ulyanovsk;spread;away;-0.0;2.02;1.847;8.56;2.01;1635932697
2026-09-13T10:04:28.012470+00:00;Russia - First League;Leningradets vs Tekstilshchik;spread;home;-0.5;1.962;1.787;8.92;2.01;1635985131
2026-09-13T10:04:46.107082+00:00;Korea Republic - K League 2;Busan IPark vs Gimhae;spread;away;0.5;2.03;1.833;9.70;0.01;1635985089
2026-09-13T10:04:52.625993+00:00;Switzerland - Super League;Lausanne-Sport vs Servette;spread;home;0.0;2.22;1.971;11.22;4.51;1635992381
2026-09-13T10:04:54.865284+00:00;Argentina - Liga Pro;Sarmiento de Junin vs Belgrano;spread;home;0.0;2.21;1.962;11.22;7.76;1635208823
2026-09-13T10:05:07.862061+00:00;England - Premier League;Coventry City vs Brighton;spread;away;-0.5;1.935;1.775;8.27;3.00;1635208833
2026-09-13T10:05:08.298388+00:00;England - Premier League;Manchester United vs Manchester City;spread;home;0.0;2.23;1.719;22.91;5.50;1635132230
2026-09-13T10:05:20.551637+00:00;Turkey - 1st League;Sivasspor vs Muglaspor;spread;home;-0.5;2.0;1.82;9.00;4.00;1635995288
2026-09-13T10:05:21.810154+00:00;Turkey - 1st League;Igdir Belediyespor vs Mardin 1969;spread;away;0.5;1.926;1.704;11.53;4.00;1636072198
2026-09-13T10:05:33.269328+00:00;Spain - La Liga;Getafe vs Deportivo La Coruna;spread;away;-0.0;2.14;1.826;14.67;6.50;1635208789
2026-09-13T10:05:34.444427+00:00;Spain - La Liga;Real Sociedad vs Atletico Madrid;spread;away;-0.0;1.943;1.699;12.56;9.00;1635208802
2026-09-13T10:05:34.445491+00:00;Spain - La Liga;Real Sociedad vs Atletico Madrid;total;over;4.5;1.893;1.787;5.60;9.00;1635208802
2026-09-13T10:06:11.739837+00:00;Poland - Ekstraklasa;Legia Warsaw vs Widzew Lodz;spread;home;-0.5;1.877;1.719;8.42;5.50;1635941041
2026-09-13T10:06:12.757670+00:00;Poland - Ekstraklasa;Wisla Plock vs Cracovia Krakow;spread;home;0.0;2.06;1.8;12.62;0.25;1635941152
2026-09-13T10:06:42.596469+00:00;Denmark - Superliga;FC Nordsjaelland vs AGF;spread;away;0.5;2.08;1.87;10.10;5.99;1635720397
2026-09-13T10:06:44.501047+00:00;Denmark - Superliga;Lyngby vs Sonderjyske;spread;home;-1.0;2.08;1.909;8.22;1.99;1635720395
2026-09-13T10:07:12.263963+00:00;Czech Republic - First Liga;Banik Ostrava vs Pardubice;spread;home;-0.5;1.98;1.746;11.82;0.99;1635941036
2026-09-13T10:07:26.757274+00:00;Russia - Premier League;Krasnodar vs Akron Togliatti;spread;home;-1.5;1.99;1.813;8.89;6.49;1635071616
2026-09-13T10:07:28.450469+00:00;Colombia - Primera A;Deportivo Pereira vs Atletico Bucaramanga;spread;away;-0.5;2.1;1.826;13.05;8.99;1635842413
2026-09-13T10:07:31.602520+00:00;Brazil - Serie B;Fortaleza vs Ceara;spread;home;-0.5;1.952;1.735;11.12;11.49;1636007562
2026-09-13T10:08:28.301119+00:00;Spain - Segunda Division;Tenerife vs Leganes;spread;away;-0.0;2.3;1.741;24.30;8.98;1636007501
2026-09-13T10:08:39.079532+00:00;Finland - Veikkausliiga;KuPS vs HJK Helsinki;spread;away;0.5;1.893;1.725;8.87;1.98;1635941147
2026-09-13T10:09:07.895560+00:00;Norway - 1st Division;Egersunds vs Kongsvinger;spread;away;-0.5;1.935;1.758;9.15;4.98;1635932688
2026-09-13T10:09:09.920468+00:00;Norway - 1st Division;Moss vs Haugesund;spread;away;-0.5;1.971;1.775;9.94;4.98;1635941046
2026-09-13T10:09:33.842516+00:00;Portugal - Primeira Liga;Famalicao vs Sporting CP;spread;away;-0.5;2.07;1.735;16.18;9.47;1635941094
2026-09-13T10:09:34.982591+00:00;Portugal - Primeira Liga;Arouca vs Santa Clara;spread;away;-0.0;2.03;1.826;10.05;6.97;1635941201
2026-09-13T10:09:39.057839+00:00;China - League One;Meizhou Hakka vs Nanjing City;spread;home;0.0;2.1;1.885;10.24;1.47;1635984794
2026-09-13T10:14:57.564907+00:00;Chile - Primera Division;Universidad de Concepcion vs Huachipato;spread;home;-0.5;2.02;1.725;14.60;5.30;1635941108
2026-09-13T10:15:16.326699+00:00;Spain - Segunda Division;Tenerife vs Leganes;spread;home;0.0;2.02;1.671;17.28;8.80;1636007501
2026-09-13T10:15:16.327349+00:00;Spain - Segunda Division;Tenerife vs Leganes;spread;away;-0.0;2.3;1.741;24.30;8.80;1636007501
2026-09-13T10:16:07.901754+00:00;Russia - Premier League;Krasnodar vs Akron Togliatti;spread;home;-1.5;1.99;1.813;8.89;6.29;1635071616
2026-09-13T10:16:10.260246+00:00;Turkey - 1st League;Sivasspor vs Muglaspor;total;under;2.5;1.926;1.84;4.47;3.79;1635995288
2026-09-13T10:16:10.260981+00:00;Turkey - 1st League;Sivasspor vs Muglaspor;spread;home;-0.5;2.02;1.82;9.90;3.79;1635995288
2026-09-13T10:16:10.988313+00:00;Turkey - 1st League;Igdir Belediyespor vs Mardin 1969;spread;home;-0.5;2.02;1.794;11.19;3.79;1636072198
2026-09-13T10:16:10.988877+00:00;Turkey - 1st League;Igdir Belediyespor vs Mardin 1969;spread;away;0.5;1.926;1.704;11.53;3.79;1636072198
2026-09-13T10:16:20.645518+00:00;Argentina - Primera B Nacional;Racing de Cordoba vs Deportivo Moron;spread;home;-0.5;1.99;1.758;11.66;8.79;1636019361
2026-09-13T10:16:20.646210+00:00;Argentina - Primera B Nacional;Racing de Cordoba vs Deportivo Moron;spread;away;0.5;1.962;1.725;12.08;8.79;1636019361
2026-09-13T10:16:28.675496+00:00;Argentina - Primera B Nacional;Gimnasia Jujuy vs Atletico de Rafaela;total;over;4.5;1.893;1.781;5.92;8.79;1636020987
2026-09-13T10:16:36.249084+00:00;Greece - Super League;Kalamata vs Volos;spread;away;0.5;1.952;1.714;12.19;4.79;1635419353
2026-09-13T10:16:36.249705+00:00;Greece - Super League;Kalamata vs Volos;spread;home;-0.5;2.02;1.769;12.43;4.79;1635419353
2026-09-13T10:16:42.983060+00:00;Romania - Liga 1;Corvinul Hunedoara vs Universitatea Craiova;spread;home;0.5;1.99;1.806;9.25;7.29;1636007200
2026-09-13T10:16:51.445200+00:00;Turkey - Super League;Genclerbirligi vs Kasimpasa;spread;away;0.5;1.909;1.752;8.22;3.79;1635941153
2026-09-13T10:16:52.669671+00:00;Turkey - Super League;Amedspor vs Istanbul Basaksehir;spread;away;0.5;1.909;1.752;8.22;6.79;1635932693
2026-09-13T10:16:52.670516+00:00;Turkey - Super League;Amedspor vs Istanbul Basaksehir;spread;home;-0.5;2.02;1.855;8.17;6.79;1635932693
2026-09-13T10:17:03.056855+00:00;Brazil - Serie B;Fortaleza vs Ceara;spread;home;-0.5;1.952;1.735;11.12;11.29;1636007562
2026-09-13T10:17:15.415175+00:00;Colombia - Primera A;Deportivo Pereira vs Atletico Bucaramanga;spread;home;0.5;1.885;1.685;10.61;8.79;1635842413
2026-09-13T10:17:15.415800+00:00;Colombia - Primera A;Deportivo Pereira vs Atletico Bucaramanga;spread;away;-0.5;2.1;1.826;13.05;8.79;1635842413
2026-09-13T10:17:19.404716+00:00;Italy - Serie B;Mantova vs Sampdoria;spread;home;-0.5;2.05;1.833;10.59;5.04;1635941146
2026-09-13T10:17:19.405290+00:00;Italy - Serie B;Mantova vs Sampdoria;spread;away;0.5;1.935;1.725;10.85;5.04;1635941146
2026-09-13T10:17:40.600560+00:00;Argentina - Liga Pro;Sarmiento de Junin vs Belgrano;spread;home;0.0;2.21;1.962;11.22;7.53;1635208823
2026-09-13T10:17:58.407010+00:00;Finland - Veikkausliiga;KuPS vs HJK Helsinki;spread;away;0.5;1.901;1.735;8.73;1.78;1635941147
2026-09-13T10:18:08.939748+00:00;Bulgaria - First League;Slavia Sofia vs Spartak Varna;spread;home;-0.5;2.05;1.82;11.22;2.03;1635941144
2026-09-13T10:18:39.526390+00:00;Luxembourg - National Division;Swift Hesperange vs Residence Walferdange;total;under;1.5;1.833;1.752;4.42;3.78;1635992363
2026-09-13T10:19:11.048176+00:00;China - League One;Meizhou Hakka vs Nanjing City;spread;home;0.0;2.09;1.885;9.81;1.28;1635984794
2026-09-13T10:19:19.800493+00:00;Netherlands - Eredivisie;Excelsior vs FC Utrecht;spread;home;-0.5;2.05;1.855;9.51;0.03;1635196875
2026-09-13T10:19:19.801136+00:00;Netherlands - Eredivisie;Excelsior vs FC Utrecht;spread;away;0.5;1.926;1.741;9.61;0.03;1635196875
2026-09-13T10:19:20.732017+00:00;Netherlands - Eredivisie;PSV vs Sparta Rotterdam;spread;home;-2.5;2.04;1.833;10.15;7.78;1635196879
2026-09-13T10:19:29.836329+00:00;Norway - Eliteserien;Fredrikstad vs Sarpsborg 08;spread;away;-0.0;2.03;1.775;12.56;7.02;1635932694
2026-09-13T10:20:25.138989+00:00;Denmark - Superliga;FC Nordsjaelland vs AGF;spread;away;0.5;2.07;1.87;9.66;5.77;1635720397
2026-09-13T10:20:25.139811+00:00;Denmark - Superliga;FC Nordsjaelland vs AGF;spread;away;0.5;2.07;1.833;11.45;5.77;1635720397
2026-09-13T10:20:26.154793+00:00;Denmark - Superliga;Lyngby vs Sonderjyske;spread;home;-1.0;2.08;1.909;8.22;1.77;1635720395
2026-09-13T10:20:28.463575+00:00;Ecuador - Serie A;Leones del Norte vs Tecnico Universitario;spread;away;0.5;2.0;1.82;9.00;7.77;1636021003
2026-09-13T10:20:28.464111+00:00;Ecuador - Serie A;Leones del Norte vs Tecnico Universitario;spread;home;-0.5;2.05;1.714;16.39;7.77;1636021003
2026-09-13T10:20:37.166735+00:00;Italy - Serie A;Lecce vs Monza;spread;away;0.5;1.99;1.781;10.50;2.77;1635204962
2026-09-13T10:20:37.167373+00:00;Italy - Serie A;Lecce vs Monza;spread;home;-0.5;2.0;1.82;9.00;2.77;1635204962
2026-09-13T10:20:37.997496+00:00;Italy - Serie A;Napoli vs Bologna;spread;home;-0.5;1.952;1.794;8.09;5.77;1635204963
2026-09-13T10:20:49.024561+00:00;Belgium - Challenger Pro League;RFC Liege vs Club NXT;spread;home;-0.5;1.952;1.769;9.38;3.77;1635992367
2026-09-13T10:20:49.813039+00:00;Belgium - Challenger Pro League;Patro Eisden Maasmechelen vs Eupen;spread;away;-0.0;2.19;1.935;11.64;7.02;1635995468
2026-09-13T10:21:34.321301+00:00;Portugal - Primeira Liga;Famalicao vs Sporting CP;spread;home;0.5;2.03;1.826;10.05;9.26;1635941094
2026-09-13T10:21:34.321960+00:00;Portugal - Primeira Liga;Famalicao vs Sporting CP;spread;away;-0.5;2.05;1.735;15.37;9.26;1635941094
2026-09-13T10:21:39.642903+00:00;Portugal - Primeira Liga;Arouca vs Santa Clara;spread;away;-0.0;2.03;1.826;10.05;6.76;1635941201
2026-09-13T10:22:04.078328+00:00;Mexico - Liga de Expansión MX;Leones Negros UDeG vs Atletico La Paz;spread;home;-0.5;2.03;1.862;8.28;7.76;1636007483
2026-09-13T10:22:04.749952+00:00;Switzerland - Super League;Lausanne-Sport vs Servette;spread;home;0.0;2.22;1.971;11.22;4.26;1635992381
2026-09-13T10:22:16.440557+00:00;Norway - 1st Division;Egersunds vs Kongsvinger;spread;home;0.5;1.952;1.781;8.76;4.76;1635932688
2026-09-13T10:22:16.441098+00:00;Norway - 1st Division;Egersunds vs Kongsvinger;spread;away;-0.5;1.935;1.758;9.15;4.76;1635932688
2026-09-13T10:22:17.677894+00:00;Norway - 1st Division;Moss vs Haugesund;spread;away;-0.5;1.962;1.775;9.53;4.76;1635941046
2026-09-13T10:22:30.906703+00:00;Poland - Ekstraklasa;Legia Warsaw vs Widzew Lodz;spread;home;-0.5;1.877;1.719;8.42;5.26;1635941041
2026-09-13T10:22:31.902173+00:00;Poland - Ekstraklasa;Wisla Plock vs Cracovia Krakow;spread;home;0.0;2.08;1.8;13.46;0.01;1635941152
2026-09-13T10:23:00.871903+00:00;Spain - La Liga;Getafe vs Deportivo La Coruna;spread;away;-0.0;2.11;1.826;13.46;6.26;1635208789
2026-09-13T10:23:06.689460+00:00;Spain - La Liga;Real Sociedad vs Atletico Madrid;spread;home;0.0;2.07;1.84;11.11;8.76;1635208802
2026-09-13T10:23:06.690068+00:00;Spain - La Liga;Real Sociedad vs Atletico Madrid;total;under;4.5;2.05;1.877;8.44;8.76;1635208802
2026-09-13T10:23:06.690694+00:00;Spain - La Liga;Real Sociedad vs Atletico Madrid;spread;away;-0.0;1.943;1.699;12.56;8.76;1635208802
2026-09-13T10:23:09.853328+00:00;Spain - La Liga;Real Sociedad vs Atletico Madrid;total;over;4.5;1.893;1.787;5.60;8.76;1635208802
2026-09-13T10:23:18.795002+00:00;Russia - First League;Ufa vs Volga Ulyanovsk;spread;away;-0.0;2.02;1.855;8.17;1.75;1635932697
2026-09-13T10:23:29.166208+00:00;England - Premier League;Manchester United vs Manchester City;spread;away;-0.0;2.05;1.719;16.15;5.25;1635132230
2026-09-13T10:23:29.166896+00:00;England - Premier League;Manchester United vs Manchester City;spread;home;0.0;2.23;1.719;22.91;5.25;1635132230
2026-09-13T10:23:33.061351+00:00;England - Premier League;Coventry City vs Brighton;spread;away;-0.5;1.935;1.775;8.27;2.75;1635208833
2026-09-13T10:28:49.786182+00:00;Romania - Liga 1;Corvinul Hunedoara vs Universitatea Craiova;spread;home;0.5;1.99;1.806;9.25;7.07;1636007200
2026-09-13T10:28:55.157746+00:00;Turkey - Super League;Genclerbirligi vs Kasimpasa;spread;away;0.5;1.909;1.752;8.22;3.57;1635941153
2026-09-13T10:28:56.567567+00:00;Turkey - Super League;Amedspor vs Istanbul Basaksehir;spread;away;0.5;1.909;1.752;8.22;6.57;1635932693
2026-09-13T10:28:56.568167+00:00;Turkey - Super League;Amedspor vs Istanbul Basaksehir;spread;home;-0.5;2.02;1.855;8.17;6.57;1635932693
2026-09-13T10:29:03.596355+00:00;Bulgaria - First League;Slavia Sofia vs Spartak Varna;spread;home;-0.5;2.05;1.82;11.22;1.82;1635941144
2026-09-13T10:29:20.577319+00:00;Greece - Super League;Kalamata vs Volos;spread;away;0.5;1.952;1.714;12.19;4.57;1635419353
2026-09-13T10:29:24.568086+00:00;Greece - Super League;Kalamata vs Volos;spread;home;-0.5;2.02;1.769;12.43;4.57;1635419353
2026-09-13T10:30:00.646543+00:00;Ecuador - Serie A;Leones del Norte vs Tecnico Universitario;spread;away;0.5;2.0;1.82;9.00;7.57;1636021003
2026-09-13T10:30:00.647152+00:00;Ecuador - Serie A;Leones del Norte vs Tecnico Universitario;spread;home;-0.5;2.05;1.714;16.39;7.57;1636021003
2026-09-13T10:30:02.188000+00:00;Netherlands - Eredivisie;PSV vs Sparta Rotterdam;spread;home;-2.5;2.04;1.833;10.15;7.57;1635196879
2026-09-13T10:30:09.235240+00:00;Chile - Primera Division;Universidad de Concepcion vs Huachipato;spread;home;-0.5;2.02;1.725;14.60;5.07;1635941108
2026-09-13T10:30:19.458657+00:00;Norway - Eliteserien;Fredrikstad vs Sarpsborg 08;spread;away;-0.0;2.03;1.775;12.56;6.81;1635932694
2026-09-13T10:30:42.526171+00:00;Belgium - Challenger Pro League;RFC Liege vs Club NXT;spread;home;-0.5;1.952;1.769;9.38;3.56;1635992367
2026-09-13T10:30:51.060025+00:00;Argentina - Primera B Nacional;Racing de Cordoba vs Deportivo Moron;spread;home;-0.5;1.99;1.758;11.66;8.56;1636019361
2026-09-13T10:30:54.139252+00:00;Argentina - Primera B Nacional;Racing de Cordoba vs Deportivo Moron;spread;away;0.5;1.962;1.725;12.08;8.56;1636019361
2026-09-13T10:31:19.482615+00:00;Italy - Serie A;Napoli vs Bologna;spread;home;-0.5;1.952;1.794;8.09;5.56;1635204963
2026-09-13T10:31:20.164637+00:00;Italy - Serie A;Lecce vs Monza;spread;away;0.5;1.99;1.781;10.50;2.56;1635204962
2026-09-13T10:31:23.129803+00:00;Italy - Serie A;Lecce vs Monza;spread;home;-0.5;2.0;1.82;9.00;2.56;1635204962
2026-09-13T10:31:26.993736+00:00;Italy - Serie B;Mantova vs Sampdoria;spread;home;-0.5;2.05;1.833;10.59;4.81;1635941146
2026-09-13T10:31:26.994359+00:00;Italy - Serie B;Mantova vs Sampdoria;spread;away;0.5;1.935;1.725;10.85;4.81;1635941146
2026-09-13T10:31:32.462844+00:00;Russia - First League;Ufa vs Volga Ulyanovsk;spread;away;-0.0;2.02;1.855;8.17;1.56;1635932697
2026-09-13T10:31:53.673572+00:00;Switzerland - Super League;Lausanne-Sport vs Servette;spread;home;0.0;2.22;1.971;11.22;4.05;1635992381
2026-09-13T10:31:57.657740+00:00;Argentina - Liga Pro;Sarmiento de Junin vs Belgrano;spread;home;0.0;2.21;1.962;11.22;7.30;1635208823
2026-09-13T10:32:08.957622+00:00;England - Premier League;Coventry City vs Brighton;spread;away;-0.5;1.935;1.775;8.27;2.55;1635208833
2026-09-13T10:32:09.908264+00:00;England - Premier League;Manchester United vs Manchester City;spread;away;-0.0;2.05;1.719;16.15;5.05;1635132230
2026-09-13T10:32:13.261242+00:00;England - Premier League;Manchester United vs Manchester City;spread;home;0.0;2.23;1.719;22.91;5.05;1635132230
2026-09-13T10:32:27.016986+00:00;Turkey - 1st League;Sivasspor vs Muglaspor;spread;home;-0.5;2.02;1.82;9.90;3.55;1635995288
2026-09-13T10:32:28.027286+00:00;Turkey - 1st League;Igdir Belediyespor vs Mardin 1969;spread;home;-0.5;2.02;1.794;11.19;3.55;1636072198
2026-09-13T10:32:31.757942+00:00;Turkey - 1st League;Igdir Belediyespor vs Mardin 1969;spread;away;0.5;1.926;1.704;11.53;3.55;1636072198
2026-09-13T10:32:41.406274+00:00;Spain - La Liga;Real Sociedad vs Atletico Madrid;spread;home;0.0;2.07;1.84;11.11;8.55;1635208802
2026-09-13T10:32:44.324360+00:00;Spain - La Liga;Real Sociedad vs Atletico Madrid;total;under;4.5;2.05;1.877;8.44;8.55;1635208802
2026-09-13T10:32:44.324948+00:00;Spain - La Liga;Real Sociedad vs Atletico Madrid;spread;away;-0.0;1.943;1.699;12.56;8.55;1635208802
2026-09-13T10:32:44.325532+00:00;Spain - La Liga;Real Sociedad vs Atletico Madrid;total;over;4.5;1.893;1.787;5.60;8.55;1635208802
2026-09-13T10:32:45.275309+00:00;Spain - La Liga;Getafe vs Deportivo La Coruna;spread;away;-0.0;2.11;1.826;13.46;6.05;1635208789
2026-09-13T10:32:49.385772+00:00;Albania - Superliga;Laci vs Vllaznia Shkoder;spread;home;0.0;2.12;1.847;12.88;3.55;1635995396
2026-09-13T10:33:15.750759+00:00;Mexico - Liga de Expansión MX;Leones Negros UDeG vs Atletico La Paz;spread;home;-0.5;2.03;1.862;8.28;7.55;1636007483
2026-09-13T10:33:25.335162+00:00;Poland - Ekstraklasa;Legia Warsaw vs Widzew Lodz;spread;home;-0.5;1.877;1.719;8.42;5.04;1635941041
2026-09-13T10:33:40.097609+00:00;China - League Two;Qingdao Red Lions vs Xiamen Feilu;spread;home;0.0;1.87;1.694;9.41;0.54;1636120276
2026-09-13T10:33:59.412101+00:00;Denmark - Superliga;FC Nordsjaelland vs AGF;spread;away;0.5;2.05;1.87;8.78;5.54;1635720397
2026-09-13T10:33:59.412727+00:00;Denmark - Superliga;FC Nordsjaelland vs AGF;spread;away;0.5;2.05;1.833;10.59;5.54;1635720397
2026-09-13T10:34:01.065207+00:00;Denmark - Superliga;Lyngby vs Sonderjyske;spread;home;-1.0;2.08;1.909;8.22;1.54;1635720395
2026-09-13T10:34:44.686277+00:00;Russia - Premier League;Krasnodar vs Akron Togliatti;spread;home;-1.5;1.99;1.813;8.89;6.04;1635071616
2026-09-13T10:34:48.578167+00:00;Colombia - Primera A;Deportivo Pereira vs Atletico Bucaramanga;spread;home;0.5;1.885;1.685;10.61;8.54;1635842413
2026-09-13T10:34:48.578778+00:00;Colombia - Primera A;Deportivo Pereira vs Atletico Bucaramanga;spread;away;-0.5;2.1;1.82;13.33;8.54;1635842413
2026-09-13T10:34:50.878003+00:00;Brazil - Serie B;Fortaleza vs Ceara;spread;home;-0.5;1.952;1.735;11.12;11.04;1636007562
2026-09-13T10:35:50.536456+00:00;Spain - Segunda Division;Tenerife vs Leganes;spread;home;0.0;2.02;1.671;17.28;8.53;1636007501
2026-09-13T10:35:53.795943+00:00;Spain - Segunda Division;Tenerife vs Leganes;spread;away;-0.0;2.3;1.741;24.30;8.53;1636007501
2026-09-13T10:36:01.781038+00:00;Finland - Veikkausliiga;KuPS vs HJK Helsinki;spread;home;-0.5;2.05;1.885;8.05;1.53;1635941147
2026-09-13T10:36:01.781590+00:00;Finland - Veikkausliiga;KuPS vs HJK Helsinki;spread;away;0.5;1.901;1.735;8.73;1.53;1635941147
2026-09-13T10:36:26.481811+00:00;Saudi Arabia - Pro League;Al-Riyadh vs Al-Kholood;spread;away;-0.5;2.02;1.847;8.56;7.53;1636007485
2026-09-13T10:36:33.370507+00:00;Norway - 1st Division;Moss vs Haugesund;spread;away;-0.5;1.952;1.775;9.07;4.53;1635941046
2026-09-13T10:36:34.463240+00:00;Norway - 1st Division;Egersunds vs Kongsvinger;spread;home;0.5;1.952;1.781;8.76;4.53;1635932688
2026-09-13T10:36:34.463857+00:00;Norway - 1st Division;Egersunds vs Kongsvinger;spread;away;-0.5;1.935;1.758;9.15;4.53;1635932688
2026-09-13T10:37:03.413889+00:00;Portugal - Primeira Liga;Famalicao vs Sporting CP;spread;home;0.5;2.03;1.826;10.05;9.02;1635941094
2026-09-13T10:37:06.589849+00:00;Portugal - Primeira Liga;Famalicao vs Sporting CP;spread;away;-0.5;2.05;1.735;15.37;9.02;1635941094
2026-09-13T10:37:07.935527+00:00;Portugal - Primeira Liga;Arouca vs Santa Clara;spread;away;-0.0;2.03;1.826;10.05;6.52;1635941201
2026-09-13T10:37:07.936122+00:00;Portugal - Primeira Liga;Arouca vs Santa Clara;spread;away;-0.0;2.03;1.82;10.34;6.52;1635941201
2026-09-13T10:42:30.240651+00:00;Romania - Liga 1;Corvinul Hunedoara vs Universitatea Craiova;spread;home;0.5;1.98;1.806;8.79;6.85;1636007200
2026-09-13T10:42:35.317319+00:00;Turkey - Super League;Amedspor vs Istanbul Basaksehir;spread;away;0.5;1.909;1.752;8.22;6.34;1635932693
2026-09-13T10:42:35.317903+00:00;Turkey - Super League;Amedspor vs Istanbul Basaksehir;spread;home;-0.5;2.02;1.855;8.17;6.34;1635932693
2026-09-13T10:42:35.845371+00:00;Turkey - Super League;Genclerbirligi vs Kasimpasa;spread;away;0.5;1.909;1.752;8.22;3.34;1635941153
2026-09-13T10:42:44.437122+00:00;Bulgaria - First League;Slavia Sofia vs Spartak Varna;spread;home;-0.5;2.05;1.82;11.22;1.59;1635941144
2026-09-13T10:43:02.355976+00:00;Greece - Super League;Kalamata vs Volos;spread;away;0.5;1.952;1.714;12.19;4.34;1635419353
2026-09-13T10:43:02.356517+00:00;Greece - Super League;Kalamata vs Volos;spread;home;-0.5;2.02;1.769;12.43;4.34;1635419353
2026-09-13T10:43:32.688601+00:00;Ecuador - Serie A;Leones del Norte vs Tecnico Universitario;spread;away;0.5;2.0;1.82;9.00;7.34;1636021003
2026-09-13T10:43:32.689299+00:00;Ecuador - Serie A;Leones del Norte vs Tecnico Universitario;spread;home;-0.5;2.05;1.714;16.39;7.34;1636021003
2026-09-13T10:43:34.474974+00:00;Netherlands - Eredivisie;PSV vs Sparta Rotterdam;spread;home;-2.5;2.03;1.833;9.70;7.34;1635196879
2026-09-13T10:43:37.760617+00:00;Chile - Primera Division;Universidad de Concepcion vs Huachipato;spread;home;-0.5;2.02;1.725;14.60;4.84;1635941108
2026-09-13T10:43:39.894681+00:00;Uruguay - Primera Division;Penarol vs Albion;spread;away;1.0;2.04;1.794;12.06;11.84;1636007194
2026-09-13T10:43:48.668797+00:00;Norway - Eliteserien;Start vs Brann;spread;away;-0.5;2.03;1.833;9.70;4.34;1635932684
2026-09-13T10:43:49.136475+00:00;Norway - Eliteserien;Fredrikstad vs Sarpsborg 08;spread;away;-0.0;2.03;1.775;12.56;6.59;1635932694
2026-09-13T10:44:10.294245+00:00;Belgium - Challenger Pro League;RFC Liege vs Club NXT;spread;home;-0.5;1.952;1.769;9.38;3.34;1635992367
2026-09-13T10:44:44.191120+00:00;Italy - Serie A;Napoli vs Bologna;spread;home;-0.5;1.952;1.794;8.09;5.33;1635204963
2026-09-13T10:44:46.416139+00:00;Italy - Serie A;Lecce vs Monza;spread;away;0.5;1.99;1.781;10.50;2.33;1635204962
2026-09-13T10:44:46.416728+00:00;Italy - Serie A;Lecce vs Monza;spread;home;-0.5;2.0;1.82;9.00;2.33;1635204962
2026-09-13T10:44:50.093670+00:00;Italy - Serie B;Mantova vs Sampdoria;spread;home;-0.5;2.05;1.833;10.59;4.58;1635941146
2026-09-13T10:44:50.094261+00:00;Italy - Serie B;Mantova vs Sampdoria;spread;away;0.5;1.935;1.725;10.85;4.58;1635941146
2026-09-13T10:44:57.138180+00:00;Russia - First League;Ufa vs Volga Ulyanovsk;spread;away;-0.0;2.02;1.855;8.17;1.33;1635932697
2026-09-13T10:45:22.864883+00:00;Switzerland - Super League;Lausanne-Sport vs Servette;spread;home;0.0;2.22;1.971;11.22;3.83;1635992381
2026-09-13T10:45:26.456634+00:00;Argentina - Liga Pro;Sarmiento de Junin vs Belgrano;spread;home;0.0;2.21;1.962;11.22;7.08;1635208823
2026-09-13T10:45:39.360316+00:00;England - Premier League;Coventry City vs Brighton;spread;away;-0.5;1.935;1.775;8.27;2.32;1635208833
2026-09-13T10:45:40.010290+00:00;England - Premier League;Manchester United vs Manchester City;spread;away;-0.0;2.05;1.719;16.15;4.82;1635132230
2026-09-13T10:45:40.010867+00:00;England - Premier League;Manchester United vs Manchester City;spread;home;0.0;2.23;1.719;22.91;4.82;1635132230
2026-09-13T10:45:52.635741+00:00;Turkey - 1st League;Sivasspor vs Muglaspor;spread;home;-0.5;2.02;1.82;9.90;3.32;1635995288
2026-09-13T10:45:53.770841+00:00;Turkey - 1st League;Igdir Belediyespor vs Mardin 1969;spread;home;-0.5;2.02;1.794;11.19;3.32;1636072198
2026-09-13T10:45:53.771523+00:00;Turkey - 1st League;Igdir Belediyespor vs Mardin 1969;spread;away;0.5;1.926;1.704;11.53;3.32;1636072198
2026-09-13T10:46:02.077288+00:00;Spain - La Liga;Getafe vs Deportivo La Coruna;spread;away;-0.0;2.11;1.826;13.46;5.82;1635208789
2026-09-13T10:46:05.317211+00:00;Spain - La Liga;Real Sociedad vs Atletico Madrid;spread;home;0.0;2.07;1.84;11.11;8.32;1635208802
2026-09-13T10:46:05.317737+00:00;Spain - La Liga;Real Sociedad vs Atletico Madrid;spread;home;0.0;2.07;1.826;11.79;8.32;1635208802
2026-09-13T10:46:05.318233+00:00;Spain - La Liga;Real Sociedad vs Atletico Madrid;total;under;4.5;2.05;1.877;8.44;8.32;1635208802
2026-09-13T10:46:05.318708+00:00;Spain - La Liga;Real Sociedad vs Atletico Madrid;spread;away;-0.0;1.943;1.699;12.56;8.32;1635208802
2026-09-13T10:46:05.319228+00:00;Spain - La Liga;Real Sociedad vs Atletico Madrid;total;over;4.5;1.893;1.787;5.60;8.32;1635208802
2026-09-13T10:46:23.630855+00:00;Bahrain - 2nd Division;Al Tadamun vs Etehad Al-Reef;spread;home;0.0;1.794;1.649;8.08;5.32;1636212986
2026-09-13T10:46:35.110163+00:00;Mexico - Liga de Expansión MX;Leones Negros UDeG vs Atletico La Paz;spread;home;-0.5;2.03;1.862;8.28;7.32;1636007483
2026-09-13T10:46:44.360482+00:00;Poland - Ekstraklasa;Legia Warsaw vs Widzew Lodz;spread;home;-0.5;1.877;1.719;8.42;4.82;1635941041
2026-09-13T10:48:00.358623+00:00;Russia - Premier League;Krasnodar vs Akron Togliatti;spread;home;-1.5;1.99;1.813;8.89;5.81;1635071616
2026-09-13T10:48:04.522262+00:00;Colombia - Primera A;Deportivo Pereira vs Atletico Bucaramanga;spread;home;0.5;1.901;1.685;11.36;8.31;1635842413
2026-09-13T10:48:04.522977+00:00;Colombia - Primera A;Deportivo Pereira vs Atletico Bucaramanga;spread;away;-0.5;2.1;1.806;14.00;8.31;1635842413
2026-09-13T10:48:08.138345+00:00;Colombia - Primera A;Deportivo Pereira vs Atletico Bucaramanga;spread;away;-1.0;2.0;1.826;8.70;8.31;1635842413
2026-09-13T10:48:08.851021+00:00;Brazil - Serie B;Fortaleza vs Ceara;spread;home;-0.5;1.952;1.735;11.12;10.81;1636007562
2026-09-13T10:49:12.074592+00:00;Spain - Segunda Division;Tenerife vs Leganes;spread;home;0.0;2.02;1.671;17.28;8.30;1636007501
2026-09-13T10:49:12.075342+00:00;Spain - Segunda Division;Tenerife vs Leganes;spread;away;-0.0;2.3;1.741;24.30;8.30;1636007501
2026-09-13T10:49:18.640715+00:00;Sweden - Damallsvenskan;Hacken vs Vittsjo GIK;spread;home;-1.0;2.03;1.833;9.70;0.30;1635980472
2026-09-13T10:49:18.641340+00:00;Sweden - Damallsvenskan;Hacken vs Vittsjo GIK;total;over;1.5;1.943;1.862;4.17;0.30;1635980472
2026-09-13T10:49:20.445069+00:00;Finland - Veikkausliiga;KuPS vs HJK Helsinki;spread;home;-0.5;2.05;1.885;8.05;1.30;1635941147
2026-09-13T10:49:20.445744+00:00;Finland - Veikkausliiga;KuPS vs HJK Helsinki;spread;away;0.5;1.901;1.735;8.73;1.30;1635941147
2026-09-13T10:49:43.135500+00:00;Saudi Arabia - Pro League;Al-Riyadh vs Al-Kholood;spread;away;-0.5;2.02;1.847;8.56;7.30;1636007485
2026-09-13T10:49:49.371741+00:00;Norway - 1st Division;Egersunds vs Kongsvinger;spread;home;0.5;1.952;1.781;8.76;4.30;1635932688
2026-09-13T10:49:49.372357+00:00;Norway - 1st Division;Egersunds vs Kongsvinger;spread;away;-0.5;1.935;1.758;9.15;4.30;1635932688
2026-09-13T10:49:51.356797+00:00;Norway - 1st Division;Moss vs Haugesund;spread;away;-0.5;1.952;1.775;9.07;4.30;1635941046
2026-09-13T10:50:22.474232+00:00;Portugal - Primeira Liga;Famalicao vs Sporting CP;spread;home;0.5;2.03;1.833;9.70;8.79;1635941094
2026-09-13T10:50:22.474832+00:00;Portugal - Primeira Liga;Famalicao vs Sporting CP;spread;away;-0.5;2.05;1.735;15.37;8.79;1635941094
2026-09-13T10:50:23.801514+00:00;Portugal - Primeira Liga;Arouca vs Santa Clara;spread;away;-0.0;2.03;1.826;10.05;6.29;1635941201
2026-09-13T10:50:23.802079+00:00;Portugal - Primeira Liga;Arouca vs Santa Clara;spread;away;-0.0;2.03;1.82;10.34;6.29;1635941201
2026-09-13T10:55:49.441398+00:00;Romania - Liga 1;Corvinul Hunedoara vs Universitatea Craiova;spread;home;0.5;1.98;1.806;8.79;6.62;1636007200
2026-09-13T10:55:55.630215+00:00;Turkey - Super League;Genclerbirligi vs Kasimpasa;spread;away;0.5;1.909;1.752;8.22;3.12;1635941153
2026-09-13T10:55:56.130344+00:00;Turkey - Super League;Amedspor vs Istanbul Basaksehir;spread;away;0.5;1.909;1.752;8.22;6.12;1635932693
2026-09-13T10:55:56.130892+00:00;Turkey - Super League;Amedspor vs Istanbul Basaksehir;spread;home;-0.5;2.02;1.855;8.17;6.12;1635932693
2026-09-13T10:56:04.156391+00:00;Bulgaria - First League;Slavia Sofia vs Spartak Varna;spread;home;-0.5;2.05;1.82;11.22;1.37;1635941144
2026-09-13T10:56:50.962295+00:00;Ecuador - Serie A;Leones del Norte vs Tecnico Universitario;spread;away;0.5;2.0;1.82;9.00;7.12;1636021003
2026-09-13T10:56:50.962945+00:00;Ecuador - Serie A;Leones del Norte vs Tecnico Universitario;spread;home;-0.5;2.05;1.714;16.39;7.12;1636021003
2026-09-13T10:56:53.544810+00:00;Netherlands - Eredivisie;PSV vs Sparta Rotterdam;spread;home;-2.5;2.03;1.833;9.70;7.12;1635196879
2026-09-13T10:56:58.968711+00:00;Chile - Primera Division;Universidad de Concepcion vs Huachipato;spread;home;-0.5;2.02;1.725;14.60;4.62;1635941108
2026-09-13T10:56:59.906559+00:00;Uruguay - Primera Division;Penarol vs Albion;spread;away;1.0;2.05;1.794;12.49;11.62;1636007194
2026-09-13T10:57:09.761384+00:00;Norway - Eliteserien;Fredrikstad vs Sarpsborg 08;spread;away;-0.0;2.03;1.775;12.56;6.37;1635932694
2026-09-13T10:57:11.145155+00:00;Norway - Eliteserien;Start vs Brann;spread;away;-0.5;2.0;1.833;8.35;4.12;1635932684
2026-09-13T10:57:37.421116+00:00;Belgium - Challenger Pro League;RFC Liege vs Club NXT;spread;home;-0.5;1.952;1.769;9.38;3.11;1635992367
2026-09-13T10:57:44.825851+00:00;Argentina - Primera B Nacional;Racing de Cordoba vs Deportivo Moron;spread;home;-0.5;1.99;1.758;11.66;8.11;1636019361
2026-09-13T10:57:44.826546+00:00;Argentina - Primera B Nacional;Racing de Cordoba vs Deportivo Moron;spread;away;0.5;1.962;1.725;12.08;8.11;1636019361
2026-09-13T10:58:12.566809+00:00;Italy - Serie A;Napoli vs Bologna;spread;home;-0.5;1.952;1.794;8.09;5.11;1635204963
2026-09-13T10:58:14.327617+00:00;Italy - Serie A;Lecce vs Monza;spread;away;0.5;1.99;1.781;10.50;2.11;1635204962
2026-09-13T10:58:14.328176+00:00;Italy - Serie A;Lecce vs Monza;spread;home;-0.5;2.0;1.82;9.00;2.11;1635204962
2026-09-13T10:58:18.485355+00:00;Italy - Serie B;Mantova vs Sampdoria;spread;home;-0.5;2.05;1.833;10.59;4.36;1635941146
2026-09-13T10:58:18.485978+00:00;Italy - Serie B;Mantova vs Sampdoria;spread;away;0.5;1.935;1.725;10.85;4.36;1635941146
2026-09-13T10:58:25.726609+00:00;Russia - First League;Ufa vs Volga Ulyanovsk;spread;away;-0.0;2.02;1.855;8.17;1.11;1635932697
2026-09-13T10:58:46.630250+00:00;Switzerland - Super League;Lausanne-Sport vs Servette;spread;home;0.0;2.22;1.971;11.22;3.60;1635992381
2026-09-13T10:58:51.792106+00:00;Argentina - Liga Pro;Sarmiento de Junin vs Belgrano;spread;home;0.0;2.21;1.962;11.22;6.85;1635208823
2026-09-13T10:59:03.294592+00:00;England - Premier League;Manchester United vs Manchester City;spread;away;-0.0;2.05;1.719;16.15;4.60;1635132230
2026-09-13T10:59:03.295270+00:00;England - Premier League;Manchester United vs Manchester City;spread;home;0.0;2.23;1.719;22.91;4.60;1635132230
2026-09-13T10:59:03.799997+00:00;England - Premier League;Coventry City vs Brighton;spread;away;-0.5;1.935;1.775;8.27;2.10;1635208833
2026-09-13T10:59:18.651991+00:00;Turkey - 1st League;Igdir Belediyespor vs Mardin 1969;spread;home;-0.5;2.02;1.794;11.19;3.10;1636072198
2026-09-13T10:59:18.652616+00:00;Turkey - 1st League;Igdir Belediyespor vs Mardin 1969;spread;away;0.5;1.926;1.704;11.53;3.10;1636072198
2026-09-13T10:59:19.965024+00:00;Turkey - 1st League;Sivasspor vs Muglaspor;spread;home;-0.5;2.02;1.82;9.90;3.10;1635995288
2026-09-13T10:59:27.422408+00:00;Spain - La Liga;Getafe vs Deportivo La Coruna;spread;away;-0.0;2.11;1.826;13.46;5.60;1635208789
2026-09-13T10:59:30.071791+00:00;Spain - La Liga;Real Sociedad vs Atletico Madrid;spread;home;0.0;2.07;1.84;11.11;8.10;1635208802
2026-09-13T10:59:30.072344+00:00;Spain - La Liga;Real Sociedad vs Atletico Madrid;spread;home;0.0;2.07;1.826;11.79;8.10;1635208802
2026-09-13T10:59:33.495471+00:00;Spain - La Liga;Real Sociedad vs Atletico Madrid;total;under;4.5;2.05;1.877;8.44;8.10;1635208802
2026-09-13T10:59:33.496039+00:00;Spain - La Liga;Real Sociedad vs Atletico Madrid;spread;away;-0.0;1.943;1.699;12.56;8.10;1635208802
2026-09-13T10:59:33.496528+00:00;Spain - La Liga;Real Sociedad vs Atletico Madrid;total;over;4.5;1.893;1.787;5.60;8.10;1635208802
2026-09-13T11:00:10.361755+00:00;Poland - Ekstraklasa;Legia Warsaw vs Widzew Lodz;spread;home;-0.5;1.877;1.719;8.42;4.59;1635941041
2026-09-13T11:01:31.529295+00:00;Russia - Premier League;Krasnodar vs Akron Togliatti;spread;home;-1.5;2.06;1.813;11.99;5.59;1635071616
2026-09-13T11:01:35.128614+00:00;Colombia - Primera A;Deportivo Pereira vs Atletico Bucaramanga;spread;home;0.5;1.909;1.685;11.73;8.09;1635842413
2026-09-13T11:01:38.589364+00:00;Colombia - Primera A;Deportivo Pereira vs Atletico Bucaramanga;spread;away;-0.5;2.1;1.806;14.00;8.09;1635842413
2026-09-13T11:01:38.590002+00:00;Colombia - Primera A;Deportivo Pereira vs Atletico Bucaramanga;spread;away;-1.0;2.0;1.826;8.70;8.09;1635842413
2026-09-13T11:01:40.771146+00:00;Brazil - Serie B;Fortaleza vs Ceara;spread;home;-0.5;1.952;1.735;11.12;10.59;1636007562
2026-09-13T11:02:41.525749+00:00;Spain - Segunda Division;Tenerife vs Leganes;spread;home;0.0;2.02;1.671;17.28;8.08;1636007501
2026-09-13T11:02:41.526338+00:00;Spain - Segunda Division;Tenerife vs Leganes;spread;away;-0.0;2.3;1.741;24.30;8.08;1636007501
2026-09-13T11:02:44.856827+00:00;England - Championship;Sheffield United vs Wolverhampton;spread;home;0.0;2.06;1.671;18.88;0.08;1635941145
2026-09-13T11:02:44.857434+00:00;England - Championship;Sheffield United vs Wolverhampton;spread;away;-0.0;2.12;1.735;18.16;0.08;1635941145
2026-09-13T11:02:48.910340+00:00;Sweden - Damallsvenskan;Hacken vs Vittsjo GIK;total;over;1.5;1.862;1.787;4.03;0.08;1635980472
2026-09-13T11:02:50.071179+00:00;Finland - Veikkausliiga;KuPS vs HJK Helsinki;spread;home;-0.5;2.05;1.885;8.05;1.08;1635941147
2026-09-13T11:02:50.071709+00:00;Finland - Veikkausliiga;KuPS vs HJK Helsinki;spread;away;0.5;1.901;1.735;8.73;1.08;1635941147
2026-09-13T11:03:15.036754+00:00;Saudi Arabia - Pro League;Al-Riyadh vs Al-Kholood;spread;away;-0.5;2.02;1.847;8.56;7.08;1636007485
2026-09-13T11:03:22.072060+00:00;Norway - 1st Division;Egersunds vs Kongsvinger;spread;home;0.5;1.952;1.781;8.76;4.08;1635932688
2026-09-13T11:03:22.072664+00:00;Norway - 1st Division;Egersunds vs Kongsvinger;spread;away;-0.5;1.935;1.758;9.15;4.08;1635932688
2026-09-13T11:03:22.946086+00:00;Norway - 1st Division;Moss vs Haugesund;spread;away;-0.5;1.943;1.775;8.65;4.08;1635941046
2026-09-13T11:03:52.914076+00:00;Portugal - Primeira Liga;Arouca vs Santa Clara;spread;away;-0.0;2.09;1.826;12.63;6.07;1635941201
2026-09-13T11:03:53.591403+00:00;Portugal - Primeira Liga;Famalicao vs Sporting CP;spread;home;0.5;2.03;1.833;9.70;8.57;1635941094
2026-09-13T11:03:56.778523+00:00;Portugal - Primeira Liga;Famalicao vs Sporting CP;spread;away;-0.5;2.05;1.735;15.37;8.57;1635941094
2026-09-13T11:11:37.201235+00:00;England - Premier League;Manchester United vs Manchester City;spread;away;-0.0;2.05;1.719;16.15;4.36;1635132230
2026-09-13T11:11:37.201925+00:00;England - Premier League;Manchester United vs Manchester City;spread;home;0.0;2.23;1.719;22.91;4.36;1635132230
2026-09-13T11:11:38.106177+00:00;England - Premier League;Coventry City vs Brighton;spread;away;-0.5;1.935;1.775;8.27;1.86;1635208833
2026-09-13T11:11:49.132373+00:00;Bulgaria - First League;Slavia Sofia vs Spartak Varna;spread;home;-0.5;2.05;1.82;11.22;1.11;1635941144
2026-09-13T11:12:35.536652+00:00;Poland - Ekstraklasa;Legia Warsaw vs Widzew Lodz;spread;home;-0.5;1.877;1.719;8.42;4.36;1635941041
2026-09-13T11:12:45.813211+00:00;Colombia - Primera A;Deportivo Pereira vs Atletico Bucaramanga;spread;home;0.5;1.909;1.685;11.73;7.86;1635842413
2026-09-13T11:12:45.813890+00:00;Colombia - Primera A;Deportivo Pereira vs Atletico Bucaramanga;spread;away;-0.5;2.1;1.826;13.05;7.86;1635842413
2026-09-13T11:12:57.788425+00:00;Switzerland - Super League;Lausanne-Sport vs Servette;spread;home;0.0;2.25;1.971;12.40;3.36;1635992381
2026-09-13T11:13:03.287750+00:00;Russia - Premier League;Krasnodar vs Akron Togliatti;spread;home;-1.5;2.06;1.813;11.99;5.36;1635071616
2026-09-13T11:13:26.650758+00:00;Belgium - Challenger Pro League;RFC Liege vs Club NXT;spread;home;-0.5;1.952;1.769;9.38;2.85;1635992367
2026-09-13T11:13:36.226625+00:00;Finland - Veikkausliiga;KuPS vs HJK Helsinki;spread;home;-0.5;2.05;1.885;8.05;0.85;1635941147
2026-09-13T11:13:39.439989+00:00;Finland - Veikkausliiga;KuPS vs HJK Helsinki;spread;away;0.5;1.901;1.735;8.73;0.85;1635941147
2026-09-13T11:14:15.979780+00:00;Norway - Eliteserien;Start vs Brann;spread;away;-0.5;2.0;1.833;8.35;3.85;1635932684
2026-09-13T11:14:19.382545+00:00;Norway - Eliteserien;Fredrikstad vs Sarpsborg 08;spread;away;-0.0;2.03;1.775;12.56;6.10;1635932694
2026-09-13T11:14:25.865697+00:00;Ecuador - Serie A;Libertad FC vs Independiente del Valle;spread;home;0.5;1.893;1.735;8.35;11.84;1636020886
2026-09-13T11:14:26.745651+00:00;Ecuador - Serie A;Leones del Norte vs Tecnico Universitario;spread;away;0.5;2.0;1.82;9.00;6.84;1636021003
2026-09-13T11:14:26.746276+00:00;Ecuador - Serie A;Leones del Norte vs Tecnico Universitario;spread;home;-0.5;2.05;1.714;16.39;6.84;1636021003
2026-09-13T11:14:28.471380+00:00;Brazil - Serie B;Fortaleza vs Ceara;spread;home;-0.5;1.952;1.735;11.12;10.34;1636007562
2026-09-13T11:15:06.675076+00:00;Norway - 1st Division;Egersunds vs Kongsvinger;spread;home;0.5;1.952;1.781;8.76;3.84;1635932688
2026-09-13T11:15:06.675754+00:00;Norway - 1st Division;Egersunds vs Kongsvinger;spread;away;-0.5;1.935;1.758;9.15;3.84;1635932688
2026-09-13T11:15:10.145888+00:00;Norway - 1st Division;Moss vs Haugesund;spread;away;-0.5;1.943;1.775;8.65;3.84;1635941046
2026-09-13T11:15:15.873157+00:00;Turkey - 1st League;Sivasspor vs Muglaspor;spread;home;-0.5;2.02;1.82;9.90;2.84;1635995288
2026-09-13T11:15:17.412011+00:00;Turkey - 1st League;Igdir Belediyespor vs Mardin 1969;spread;home;-0.5;2.02;1.794;11.19;2.84;1636072198
2026-09-13T11:15:17.412561+00:00;Turkey - 1st League;Igdir Belediyespor vs Mardin 1969;spread;away;0.5;1.926;1.704;11.53;2.84;1636072198
2026-09-13T11:15:18.343958+00:00;Portugal - Primeira Liga;Arouca vs Santa Clara;spread;away;-0.0;2.09;1.826;12.63;5.84;1635941201
2026-09-13T11:15:22.519015+00:00;Portugal - Primeira Liga;Famalicao vs Sporting CP;spread;home;0.5;2.03;1.833;9.70;8.34;1635941094
2026-09-13T11:15:22.519691+00:00;Portugal - Primeira Liga;Famalicao vs Sporting CP;spread;home;1.0;2.08;1.735;16.59;8.34;1635941094
2026-09-13T11:16:03.575798+00:00;Spain - La Liga;Getafe vs Deportivo La Coruna;spread;away;-0.0;2.11;1.826;13.46;5.34;1635208789
2026-09-13T11:16:05.215683+00:00;Spain - La Liga;Real Sociedad vs Atletico Madrid;spread;home;0.0;2.07;1.847;10.77;7.84;1635208802
2026-09-13T11:16:05.216350+00:00;Spain - La Liga;Real Sociedad vs Atletico Madrid;total;under;4.5;2.05;1.877;8.44;7.84;1635208802
2026-09-13T11:16:05.216876+00:00;Spain - La Liga;Real Sociedad vs Atletico Madrid;spread;away;-0.0;1.952;1.699;12.96;7.84;1635208802
2026-09-13T11:16:05.217371+00:00;Spain - La Liga;Real Sociedad vs Atletico Madrid;total;over;4.5;1.909;1.787;6.39;7.84;1635208802
2026-09-13T11:16:11.870450+00:00;Argentina - Primera B Nacional;Racing de Cordoba vs Deportivo Moron;spread;home;-0.5;1.99;1.758;11.66;7.84;1636019361
2026-09-13T11:16:11.871244+00:00;Argentina - Primera B Nacional;Racing de Cordoba vs Deportivo Moron;spread;away;0.5;1.962;1.725;12.08;7.84;1636019361
2026-09-13T11:16:30.097634+00:00;Saudi Arabia - Pro League;Al-Riyadh vs Al-Kholood;spread;away;-0.5;2.02;1.847;8.56;6.83;1636007485
2026-09-13T11:16:33.487660+00:00;China - League One;Meizhou Hakka vs Nanjing City;spread;away;-0.0;1.855;1.694;8.68;0.33;1635984794
2026-09-13T11:16:33.488238+00:00;China - League One;Meizhou Hakka vs Nanjing City;spread;home;0.0;2.19;1.885;13.93;0.33;1635984794
2026-09-13T11:16:41.786651+00:00;Denmark - Superliga;FC Nordsjaelland vs AGF;spread;away;0.5;2.07;1.877;9.32;4.83;1635720397
2026-09-13T11:16:58.866974+00:00;Chile - Primera Division;Universidad de Concepcion vs Huachipato;spread;home;-0.5;2.02;1.725;14.60;4.33;1635941108
2026-09-13T11:17:03.421273+00:00;Italy - Serie A;Napoli vs Bologna;spread;home;-0.5;1.952;1.794;8.09;4.83;1635204963
2026-09-13T11:17:04.019852+00:00;Italy - Serie A;Lecce vs Monza;spread;away;0.5;1.99;1.781;10.50;1.83;1635204962
2026-09-13T11:17:04.020433+00:00;Italy - Serie A;Lecce vs Monza;spread;home;-0.5;2.0;1.82;9.00;1.83;1635204962
2026-09-13T11:17:42.460348+00:00;Italy - Serie B;Mantova vs Sampdoria;spread;home;-0.5;2.05;1.781;13.12;4.08;1635941146
2026-09-13T11:17:42.460928+00:00;Italy - Serie B;Mantova vs Sampdoria;spread;away;0.5;1.98;1.746;11.82;4.08;1635941146
2026-09-13T11:17:45.016424+00:00;Argentina - Liga Pro;Sarmiento de Junin vs Belgrano;spread;home;0.0;2.21;1.962;11.22;6.58;1635208823
2026-09-13T11:17:56.374164+00:00;Romania - Liga 1;Corvinul Hunedoara vs Universitatea Craiova;spread;home;0.5;1.98;1.806;8.79;6.32;1636007200
2026-09-13T11:18:02.921200+00:00;Norway - 2nd Division;Kjelsas vs Stjordals-Blink;total;over;3.5;2.0;1.893;5.35;1.32;1635984820
2026-09-13T11:18:05.265119+00:00;Norway - 2nd Division;Traeff vs Notodden;spread;away;-0.0;1.87;1.709;8.61;0.32;1635985125
2026-09-13T11:18:06.308323+00:00;Russia - First League;Ufa vs Volga Ulyanovsk;spread;away;-0.0;2.02;1.813;10.25;0.82;1635932697
2026-09-13T11:18:22.141337+00:00;Uruguay - Primera Division;Penarol vs Albion;spread;away;1.0;2.05;1.862;9.17;11.32;1636007194
2026-09-13T11:18:25.575144+00:00;Turkey - Super League;Genclerbirligi vs Kasimpasa;spread;away;0.5;1.909;1.752;8.22;2.82;1635941153
2026-09-13T11:18:26.448249+00:00;Turkey - Super League;Amedspor vs Istanbul Basaksehir;spread;away;0.5;1.909;1.752;8.22;5.82;1635932693
2026-09-13T11:18:26.448845+00:00;Turkey - Super League;Amedspor vs Istanbul Basaksehir;spread;home;-0.5;2.02;1.855;8.17;5.82;1635932693
2026-09-13T11:18:29.606630+00:00;Netherlands - Eredivisie;PSV vs Sparta Rotterdam;spread;home;-2.5;2.03;1.833;9.70;6.82;1635196879
2026-09-13T11:18:46.102312+00:00;Spain - Segunda Division;Tenerife vs Leganes;spread;home;0.0;2.02;1.671;17.28;7.82;1636007501
2026-09-13T11:18:46.102890+00:00;Spain - Segunda Division;Tenerife vs Leganes;spread;away;-0.0;2.3;1.741;24.30;7.82;1636007501
2026-09-13T11:19:08.471371+00:00;Greece - Super League;Kalamata vs Volos;spread;away;0.5;1.952;1.714;12.19;3.81;1635419353
2026-09-13T11:19:08.471897+00:00;Greece - Super League;Kalamata vs Volos;spread;home;-0.5;2.02;1.769;12.43;3.81;1635419353
2026-09-13T11:24:39.772461+00:00;Sweden - Allsvenskan;Hammarby vs Brommapojkarna;total;under;3.5;2.03;1.87;7.88;0.65;1635985130
2026-09-13T11:24:50.874509+00:00;England - Premier League;Manchester United vs Manchester City;spread;away;-0.0;2.05;1.719;16.15;4.14;1635132230
2026-09-13T11:24:50.875204+00:00;England - Premier League;Manchester United vs Manchester City;spread;home;0.0;2.23;1.719;22.91;4.14;1635132230
2026-09-13T11:24:51.616506+00:00;England - Premier League;Coventry City vs Brighton;spread;away;-0.5;1.943;1.775;8.65;1.64;1635208833
2026-09-13T11:24:55.966926+00:00;Bulgaria - First League;Slavia Sofia vs Spartak Varna;spread;home;-0.5;2.05;1.82;11.22;0.89;1635941144
2026-09-13T11:25:39.719580+00:00;Poland - Ekstraklasa;Legia Warsaw vs Widzew Lodz;spread;home;-0.5;1.87;1.719;8.07;4.14;1635941041
2026-09-13T11:25:50.288920+00:00;Colombia - Primera A;Once Caldas vs Deportivo Cali;spread;home;-0.5;2.08;1.87;10.10;11.81;1636021002
2026-09-13T11:25:51.924096+00:00;Colombia - Primera A;Deportivo Pereira vs Atletico Bucaramanga;spread;home;0.5;1.885;1.685;10.61;7.64;1635842413
2026-09-13T11:25:51.924738+00:00;Colombia - Primera A;Deportivo Pereira vs Atletico Bucaramanga;spread;away;-0.5;2.1;1.826;13.05;7.64;1635842413
2026-09-13T11:26:09.896525+00:00;Switzerland - Super League;Lausanne-Sport vs Servette;spread;home;0.0;2.25;1.971;12.40;3.14;1635992381
2026-09-13T11:26:14.711491+00:00;Czech Republic - First Liga;Viktoria Plzen vs Sigma Olomouc;spread;home;-0.5;2.12;1.714;19.15;1.64;1635932689
2026-09-13T11:26:16.759654+00:00;Russia - Premier League;Akhmat Grozny vs Dynamo Makhachkala;spread;home;-0.5;2.09;1.885;9.81;0.14;1635091308
2026-09-13T11:26:18.022742+00:00;Russia - Premier League;Krasnodar vs Akron Togliatti;spread;home;-1.5;2.06;1.813;11.99;5.14;1635071616
2026-09-13T11:26:34.963837+00:00;Belgium - Challenger Pro League;RFC Liege vs Club NXT;spread;home;-0.5;1.952;1.769;9.38;2.63;1635992367
2026-09-13T11:26:43.471060+00:00;Finland - Veikkausliiga;KuPS vs HJK Helsinki;spread;home;-0.5;2.05;1.885;8.05;0.63;1635941147
2026-09-13T11:26:43.471681+00:00;Finland - Veikkausliiga;KuPS vs HJK Helsinki;spread;away;0.5;1.901;1.735;8.73;0.63;1635941147
2026-09-13T11:27:17.351746+00:00;Norway - Eliteserien;Fredrikstad vs Sarpsborg 08;spread;away;-0.0;2.03;1.775;12.56;5.88;1635932694
2026-09-13T11:27:19.505601+00:00;Norway - Eliteserien;Start vs Brann;spread;away;-0.5;2.0;1.833;8.35;3.63;1635932684
2026-09-13T11:27:20.951127+00:00;Norway - Eliteserien;Viking vs Kristiansund;total;over;3.5;1.935;1.84;4.91;1.13;1635932690
2026-09-13T11:27:20.951746+00:00;Norway - Eliteserien;Viking vs Kristiansund;spread;home;-2.0;2.0;1.826;8.70;1.13;1635932690
2026-09-13T11:27:27.831426+00:00;Ecuador - Serie A;Leones del Norte vs Tecnico Universitario;spread;away;0.5;2.0;1.82;9.00;6.62;1636021003
2026-09-13T11:27:27.832123+00:00;Ecuador - Serie A;Leones del Norte vs Tecnico Universitario;spread;home;-0.5;2.05;1.714;16.39;6.62;1636021003
2026-09-13T11:27:28.671368+00:00;Ecuador - Serie A;Libertad FC vs Independiente del Valle;spread;home;0.5;1.893;1.735;8.35;11.62;1636020886
2026-09-13T11:27:34.278571+00:00;Brazil - Serie B;Fortaleza vs Ceara;spread;home;-0.5;1.952;1.735;11.12;10.12;1636007562
2026-09-13T11:28:13.197743+00:00;Norway - 1st Division;Egersunds vs Kongsvinger;spread;home;0.5;1.952;1.781;8.76;3.62;1635932688
2026-09-13T11:28:13.198378+00:00;Norway - 1st Division;Egersunds vs Kongsvinger;spread;away;-0.5;1.935;1.758;9.15;3.62;1635932688
2026-09-13T11:28:15.552696+00:00;Norway - 1st Division;Moss vs Haugesund;spread;away;-0.5;1.943;1.775;8.65;3.62;1635941046
2026-09-13T11:28:18.110086+00:00;Turkey - 1st League;Igdir Belediyespor vs Mardin 1969;spread;home;-0.5;2.02;1.794;11.19;2.62;1636072198
2026-09-13T11:28:18.110800+00:00;Turkey - 1st League;Igdir Belediyespor vs Mardin 1969;spread;away;0.5;1.926;1.704;11.53;2.62;1636072198
2026-09-13T11:28:20.146975+00:00;Turkey - 1st League;Sivasspor vs Muglaspor;spread;home;-0.5;2.02;1.82;9.90;2.62;1635995288
2026-09-13T11:28:22.010933+00:00;Portugal - Primeira Liga;Arouca vs Santa Clara;spread;away;-0.0;2.09;1.826;12.63;5.62;1635941201
2026-09-13T11:28:22.011469+00:00;Portugal - Primeira Liga;Arouca vs Santa Clara;spread;away;-0.0;2.09;1.82;12.92;5.62;1635941201
2026-09-13T11:28:22.500357+00:00;Portugal - Primeira Liga;Famalicao vs Sporting CP;spread;away;-1.0;2.03;1.826;10.05;8.12;1635941094
2026-09-13T11:28:22.500968+00:00;Portugal - Primeira Liga;Famalicao vs Sporting CP;spread;home;0.5;2.03;1.847;9.01;8.12;1635941094
2026-09-13T11:28:22.501470+00:00;Portugal - Primeira Liga;Famalicao vs Sporting CP;spread;home;1.0;2.1;1.735;17.38;8.12;1635941094
2026-09-13T11:29:09.358906+00:00;Spain - La Liga;Real Sociedad vs Atletico Madrid;spread;home;0.0;2.07;1.847;10.77;7.62;1635208802
2026-09-13T11:29:12.613804+00:00;Spain - La Liga;Real Sociedad vs Atletico Madrid;total;under;4.5;2.05;1.877;8.44;7.62;1635208802
2026-09-13T11:29:12.614383+00:00;Spain - La Liga;Real Sociedad vs Atletico Madrid;spread;away;-0.0;1.952;1.699;12.96;7.62;1635208802
2026-09-13T11:29:12.614828+00:00;Spain - La Liga;Real Sociedad vs Atletico Madrid;total;over;4.5;1.909;1.787;6.39;7.62;1635208802
2026-09-13T11:29:14.167188+00:00;Spain - La Liga;Getafe vs Deportivo La Coruna;spread;away;-0.0;2.16;1.826;15.46;5.12;1635208789
2026-09-13T11:29:22.076758+00:00;Argentina - Primera B Nacional;Racing de Cordoba vs Deportivo Moron;spread;home;-0.5;1.99;1.758;11.66;7.62;1636019361
2026-09-13T11:29:22.077393+00:00;Argentina - Primera B Nacional;Racing de Cordoba vs Deportivo Moron;spread;away;0.5;1.962;1.725;12.08;7.62;1636019361
2026-09-13T11:29:41.288513+00:00;Saudi Arabia - Pro League;Al-Riyadh vs Al-Kholood;spread;away;-0.5;2.02;1.847;8.56;6.61;1636007485
2026-09-13T11:29:42.069884+00:00;Poland - 1st Liga;Lechia Gdansk vs Miedz Legnica;spread;away;-0.0;2.13;1.909;10.38;1.11;1635984819
2026-09-13T11:29:51.743938+00:00;Denmark - Superliga;FC Nordsjaelland vs AGF;spread;away;0.5;2.07;1.847;10.77;4.61;1635720397
2026-09-13T11:30:09.745122+00:00;Chile - Primera Division;Universidad de Concepcion vs Huachipato;spread;home;-0.5;2.02;1.725;14.60;4.11;1635941108
2026-09-13T11:30:14.788369+00:00;Italy - Serie A;Napoli vs Bologna;spread;home;-0.5;1.952;1.794;8.09;4.61;1635204963
2026-09-13T11:30:15.280667+00:00;Italy - Serie A;Lecce vs Monza;spread;away;0.5;1.99;1.781;10.50;1.61;1635204962
2026-09-13T11:30:15.281262+00:00;Italy - Serie A;Lecce vs Monza;spread;home;-0.5;2.0;1.82;9.00;1.61;1635204962
2026-09-13T11:30:52.112401+00:00;Italy - Serie B;Mantova vs Sampdoria;spread;home;-0.5;2.02;1.781;11.83;3.86;1635941146
2026-09-13T11:30:55.634897+00:00;Italy - Serie B;Mantova vs Sampdoria;spread;away;0.5;1.98;1.746;11.82;3.86;1635941146
2026-09-13T11:31:02.096188+00:00;Argentina - Liga Pro;Sarmiento de Junin vs Belgrano;spread;home;0.0;2.21;1.962;11.22;6.36;1635208823
2026-09-13T11:31:16.044849+00:00;Romania - Liga 1;Corvinul Hunedoara vs Universitatea Craiova;spread;home;0.5;1.98;1.806;8.79;6.10;1636007200
2026-09-13T11:31:30.281004+00:00;Russia - First League;Ufa vs Volga Ulyanovsk;spread;away;-0.0;2.06;1.813;11.99;0.60;1635932697
2026-09-13T11:31:30.281921+00:00;Russia - First League;Ufa vs Volga Ulyanovsk;spread;away;-0.0;2.06;1.833;11.02;0.60;1635932697
2026-09-13T11:31:40.313883+00:00;Uruguay - Primera Division;Penarol vs Albion;spread;away;1.0;2.05;1.862;9.17;11.10;1636007194
2026-09-13T11:31:44.314986+00:00;Turkey - Super League;Genclerbirligi vs Kasimpasa;spread;away;0.5;1.909;1.752;8.22;2.60;1635941153
2026-09-13T11:31:45.041511+00:00;Turkey - Super League;Amedspor vs Istanbul Basaksehir;spread;away;0.5;1.909;1.752;8.22;5.60;1635932693
2026-09-13T11:31:45.042120+00:00;Turkey - Super League;Amedspor vs Istanbul Basaksehir;spread;home;-0.5;2.02;1.855;8.17;5.60;1635932693
2026-09-13T11:31:47.955101+00:00;Netherlands - Eredivisie;PSV vs Sparta Rotterdam;spread;home;-2.5;2.03;1.833;9.70;6.60;1635196879
2026-09-13T11:31:59.483787+00:00;China - League Two;Wenzhou FC vs Dalian Yingbo II;spread;away;-0.0;2.19;1.885;13.93;0.10;1636131241
2026-09-13T11:32:04.749194+00:00;Spain - Segunda Division;Tenerife vs Leganes;spread;home;0.0;2.02;1.671;17.28;7.60;1636007501
2026-09-13T11:32:04.749763+00:00;Spain - Segunda Division;Tenerife vs Leganes;spread;away;-0.0;2.3;1.741;24.30;7.60;1636007501
2026-09-13T11:32:22.954702+00:00;Greece - Super League;Kalamata vs Volos;spread;away;0.5;1.952;1.714;12.19;3.59;1635419353
2026-09-13T11:32:22.955227+00:00;Greece - Super League;Kalamata vs Volos;spread;home;-0.5;2.02;1.769;12.43;3.59;1635419353
2026-09-13T11:37:38.982872+00:00;Ecuador - Serie A;Leones del Norte vs Tecnico Universitario;spread;away;0.5;2.0;1.82;9.00;6.43;1636021003
2026-09-13T11:37:38.983692+00:00;Ecuador - Serie A;Leones del Norte vs Tecnico Universitario;spread;home;-0.5;2.05;1.714;16.39;6.43;1636021003
2026-09-13T11:37:39.627452+00:00;Ecuador - Serie A;Libertad FC vs Independiente del Valle;spread;home;0.5;1.893;1.735;8.35;11.43;1636020886
2026-09-13T11:37:48.000798+00:00;Argentina - Primera B Nacional;Racing de Cordoba vs Deportivo Moron;spread;home;-0.5;1.99;1.758;11.66;7.42;1636019361
2026-09-13T11:37:48.001375+00:00;Argentina - Primera B Nacional;Racing de Cordoba vs Deportivo Moron;spread;away;0.5;1.962;1.725;12.08;7.42;1636019361
2026-09-13T11:38:35.093887+00:00;Italy - Serie A;Lecce vs Monza;spread;away;0.5;1.99;1.781;10.50;1.42;1635204962
2026-09-13T11:38:35.094412+00:00;Italy - Serie A;Lecce vs Monza;spread;home;-0.5;2.0;1.82;9.00;1.42;1635204962
2026-09-13T11:38:44.975318+00:00;Poland - 1st Liga;Lechia Gdansk vs Miedz Legnica;spread;away;-0.0;2.13;1.909;10.38;0.92;1635984819
2026-09-13T11:38:53.461404+00:00;Denmark - Superliga;Lyngby vs Sonderjyske;spread;home;-1.0;2.1;1.909;9.10;0.42;1635720395
2026-09-13T11:38:59.517150+00:00;Denmark - Superliga;FC Nordsjaelland vs AGF;spread;away;0.5;2.07;1.847;10.77;4.42;1635720397
2026-09-13T11:39:03.653722+00:00;Finland - Veikkausliiga;KuPS vs HJK Helsinki;spread;home;-0.5;2.05;1.885;8.05;0.42;1635941147
2026-09-13T11:39:03.654277+00:00;Finland - Veikkausliiga;KuPS vs HJK Helsinki;spread;away;0.5;1.901;1.735;8.73;0.42;1635941147
2026-09-13T11:39:13.631965+00:00;Chile - Primera Division;Universidad de Concepcion vs Huachipato;spread;home;-0.5;2.02;1.725;14.60;3.91;1635941108
2026-09-13T11:39:26.688009+00:00;Netherlands - Eredivisie;PSV vs Sparta Rotterdam;spread;home;-2.5;2.03;1.833;9.70;6.41;1635196879
2026-09-13T11:39:28.669461+00:00;Russia - First League;Ufa vs Volga Ulyanovsk;spread;away;-0.0;2.02;1.813;10.25;0.41;1635932697
2026-09-13T11:39:28.670164+00:00;Russia - First League;Ufa vs Volga Ulyanovsk;spread;away;-0.0;2.02;1.833;9.26;0.41;1635932697
2026-09-13T11:40:08.366166+00:00;Spain - Segunda Division;Tenerife vs Leganes;spread;home;0.0;2.02;1.671;17.28;7.41;1636007501
2026-09-13T11:40:08.366851+00:00;Spain - Segunda Division;Tenerife vs Leganes;spread;away;-0.0;2.3;1.741;24.30;7.41;1636007501
2026-09-13T11:40:09.635381+00:00;Italy - Serie B;Mantova vs Sampdoria;spread;home;-0.5;2.02;1.781;11.83;3.66;1635941146
2026-09-13T11:40:09.636106+00:00;Italy - Serie B;Mantova vs Sampdoria;spread;away;0.5;1.98;1.746;11.82;3.66;1635941146
2026-09-13T11:40:25.083769+00:00;Belgium - Challenger Pro League;RFC Liege vs Club NXT;spread;home;-0.5;1.952;1.769;9.38;2.41;1635992367
2026-09-13T11:40:34.091738+00:00;Switzerland - Super League;FC Zurich vs FC Vaduz;total;over;3.5;2.01;1.917;4.63;0.41;1635984804
2026-09-13T11:40:34.838898+00:00;Switzerland - Super League;Lausanne-Sport vs Servette;spread;home;0.0;2.25;1.971;12.40;2.91;1635992381
2026-09-13T11:40:38.594772+00:00;Portugal - Primeira Liga;Arouca vs Santa Clara;spread;away;-0.0;2.09;1.826;12.63;5.41;1635941201
2026-09-13T11:40:38.595349+00:00;Portugal - Primeira Liga;Arouca vs Santa Clara;spread;away;-0.0;2.09;1.82;12.92;5.41;1635941201
2026-09-13T11:40:43.104870+00:00;Portugal - Primeira Liga;Famalicao vs Sporting CP;spread;away;-1.0;2.03;1.826;10.05;7.91;1635941094
2026-09-13T11:40:46.304974+00:00;Portugal - Primeira Liga;Famalicao vs Sporting CP;spread;home;1.0;2.1;1.735;17.38;7.91;1635941094
2026-09-13T11:40:55.200487+00:00;Russia - Premier League;Krasnodar vs Akron Togliatti;spread;home;-1.5;2.06;1.813;11.99;4.91;1635071616
2026-09-13T11:40:57.272433+00:00;Colombia - Primera A;Once Caldas vs Deportivo Cali;spread;home;-0.5;2.08;1.87;10.10;11.57;1636021002
2026-09-13T11:40:58.165254+00:00;Colombia - Primera A;Deportivo Pereira vs Atletico Bucaramanga;spread;home;0.5;1.885;1.685;10.61;7.40;1635842413
2026-09-13T11:40:58.165778+00:00;Colombia - Primera A;Deportivo Pereira vs Atletico Bucaramanga;spread;away;-0.5;2.1;1.826;13.05;7.40;1635842413
2026-09-13T11:41:05.900691+00:00;Argentina - Liga Pro;Sarmiento de Junin vs Belgrano;spread;home;0.0;2.21;1.962;11.22;6.15;1635208823
2026-09-13T11:42:02.912607+00:00;Bulgaria - First League;Slavia Sofia vs Spartak Varna;spread;home;-0.5;2.05;1.82;11.22;0.65;1635941144
2026-09-13T11:42:45.367836+00:00;Turkey - Super League;Genclerbirligi vs Kasimpasa;spread;away;0.5;1.909;1.752;8.22;2.39;1635941153
2026-09-13T11:42:46.583171+00:00;Turkey - Super League;Amedspor vs Istanbul Basaksehir;spread;away;0.5;1.909;1.752;8.22;5.39;1635932693
2026-09-13T11:42:46.583879+00:00;Turkey - Super League;Amedspor vs Istanbul Basaksehir;spread;home;-0.5;2.02;1.855;8.17;5.39;1635932693
2026-09-13T11:42:56.501950+00:00;Norway - Eliteserien;Fredrikstad vs Sarpsborg 08;spread;away;-0.0;2.06;1.775;13.83;5.64;1635932694
2026-09-13T11:42:57.984650+00:00;Norway - Eliteserien;Start vs Brann;spread;away;-0.5;2.0;1.833;8.35;3.39;1635932684
2026-09-13T11:43:09.920471+00:00;Romania - Liga 1;Corvinul Hunedoara vs Universitatea Craiova;spread;home;0.5;2.0;1.806;9.70;5.89;1636007200
2026-09-13T11:43:45.208805+00:00;Brazil - Serie B;Fortaleza vs Ceara;spread;home;-0.5;1.952;1.735;11.12;9.89;1636007562
2026-09-13T11:43:46.384633+00:00;Uruguay - Primera Division;Penarol vs Albion;spread;away;1.0;2.05;1.862;9.17;10.89;1636007194
2026-09-13T11:43:51.537506+00:00;Spain - La Liga;Getafe vs Deportivo La Coruna;spread;away;-0.0;2.16;1.826;15.46;4.89;1635208789
2026-09-13T11:43:52.014305+00:00;Spain - La Liga;Real Sociedad vs Atletico Madrid;spread;home;0.0;2.07;1.847;10.77;7.39;1635208802
2026-09-13T11:43:52.014952+00:00;Spain - La Liga;Real Sociedad vs Atletico Madrid;spread;home;0.0;2.07;1.826;11.79;7.39;1635208802
2026-09-13T11:43:52.015448+00:00;Spain - La Liga;Real Sociedad vs Atletico Madrid;total;under;4.5;2.05;1.877;8.44;7.39;1635208802
2026-09-13T11:43:52.016019+00:00;Spain - La Liga;Real Sociedad vs Atletico Madrid;spread;away;-0.0;1.952;1.699;12.96;7.39;1635208802
2026-09-13T11:43:52.016555+00:00;Spain - La Liga;Real Sociedad vs Atletico Madrid;total;over;4.5;1.909;1.787;6.39;7.39;1635208802
2026-09-13T11:43:54.877513+00:00;Norway - 1st Division;Egersunds vs Kongsvinger;spread;home;0.5;1.952;1.781;8.76;3.39;1635932688
2026-09-13T11:43:54.878075+00:00;Norway - 1st Division;Egersunds vs Kongsvinger;spread;away;-0.5;1.935;1.758;9.15;3.39;1635932688
2026-09-13T11:43:56.477603+00:00;Norway - 1st Division;Moss vs Haugesund;spread;away;-0.5;1.99;1.775;10.80;3.39;1635941046
2026-09-13T11:44:14.880290+00:00;Greece - Super League;Kalamata vs Volos;spread;away;0.5;1.952;1.714;12.19;3.38;1635419353
2026-09-13T11:44:14.880908+00:00;Greece - Super League;Kalamata vs Volos;spread;home;-0.5;2.02;1.769;12.43;3.38;1635419353
2026-09-13T11:44:18.310898+00:00;Saudi Arabia - Pro League;Al-Riyadh vs Al-Kholood;spread;away;-0.5;2.02;1.847;8.56;6.38;1636007485
2026-09-13T11:44:40.336969+00:00;Turkey - 1st League;Igdir Belediyespor vs Mardin 1969;spread;home;-0.5;2.02;1.794;11.19;2.38;1636072198
2026-09-13T11:44:40.337531+00:00;Turkey - 1st League;Igdir Belediyespor vs Mardin 1969;spread;away;0.5;1.926;1.704;11.53;2.38;1636072198
2026-09-13T11:44:41.173132+00:00;Turkey - 1st League;Sivasspor vs Muglaspor;spread;home;-0.5;2.02;1.82;9.90;2.38;1635995288
2026-09-13T11:44:52.377885+00:00;Poland - Ekstraklasa;Legia Warsaw vs Widzew Lodz;spread;home;-0.5;1.87;1.719;8.07;3.88;1635941041
2026-09-13T11:45:02.536307+00:00;England - Premier League;Manchester United vs Manchester City;spread;away;-0.0;2.05;1.719;16.15;3.88;1635132230
2026-09-13T11:45:02.537018+00:00;England - Premier League;Manchester United vs Manchester City;spread;home;0.0;2.23;1.719;22.91;3.88;1635132230
2026-09-13T11:45:03.254931+00:00;England - Premier League;Coventry City vs Brighton;spread;away;-0.5;1.935;1.775;8.27;1.38;1635208833
2026-09-13T11:50:30.629034+00:00;Ecuador - Serie A;Leones del Norte vs Tecnico Universitario;spread;away;0.5;2.0;1.82;9.00;6.21;1636021003
2026-09-13T11:50:30.629700+00:00;Ecuador - Serie A;Leones del Norte vs Tecnico Universitario;spread;home;-0.5;2.05;1.714;16.39;6.21;1636021003
2026-09-13T11:50:31.816618+00:00;Ecuador - Serie A;Libertad FC vs Independiente del Valle;spread;home;0.5;1.893;1.735;8.35;11.21;1636020886
2026-09-13T11:50:43.448308+00:00;Argentina - Primera B Nacional;Racing de Cordoba vs Deportivo Moron;spread;home;-0.5;1.99;1.758;11.66;7.21;1636019361
2026-09-13T11:50:43.449010+00:00;Argentina - Primera B Nacional;Racing de Cordoba vs Deportivo Moron;spread;away;0.5;1.962;1.725;12.08;7.21;1636019361
2026-09-13T11:50:57.949565+00:00;North Macedonia - 2nd League;Ohrid vs FK Gorno Lisice;spread;home;-1.0;1.917;1.746;8.92;2.21;1635992353
2026-09-13T11:51:28.409332+00:00;Italy - Serie A;Lecce vs Monza;spread;away;0.5;1.99;1.781;10.50;1.21;1635204962
2026-09-13T11:51:28.409851+00:00;Italy - Serie A;Lecce vs Monza;spread;home;-0.5;2.0;1.82;9.00;1.21;1635204962
2026-09-13T11:51:38.387612+00:00;Poland - 1st Liga;Lechia Gdansk vs Miedz Legnica;spread;away;-0.0;2.13;1.909;10.38;0.71;1635984819
2026-09-13T11:51:44.077856+00:00;Denmark - Superliga;FC Nordsjaelland vs AGF;spread;away;0.5;2.07;1.847;10.77;4.21;1635720397
2026-09-13T11:51:58.532817+00:00;Chile - Primera Division;Universidad de Concepcion vs Huachipato;spread;home;-0.5;2.02;1.725;14.60;3.70;1635941108
2026-09-13T11:52:09.641568+00:00;Netherlands - Eredivisie;PSV vs Sparta Rotterdam;spread;home;-2.5;2.03;1.781;12.27;6.20;1635196879
2026-09-13T11:52:15.023339+00:00;Russia - First League;Ufa vs Volga Ulyanovsk;spread;away;-0.0;2.02;1.813;10.25;0.20;1635932697
2026-09-13T11:52:50.945249+00:00;Spain - Segunda Division;Tenerife vs Leganes;spread;home;0.0;2.02;1.671;17.28;7.20;1636007501
2026-09-13T11:52:50.945825+00:00;Spain - Segunda Division;Tenerife vs Leganes;spread;away;-0.0;2.3;1.741;24.30;7.20;1636007501
2026-09-13T11:52:55.065390+00:00;Italy - Serie B;Mantova vs Sampdoria;spread;home;-0.5;2.02;1.781;11.83;3.45;1635941146
2026-09-13T11:52:55.065927+00:00;Italy - Serie B;Mantova vs Sampdoria;spread;away;0.5;1.98;1.746;11.82;3.45;1635941146
2026-09-13T11:53:09.371090+00:00;Belgium - Challenger Pro League;RFC Liege vs Club NXT;spread;home;-0.5;1.952;1.769;9.38;2.20;1635992367
2026-09-13T11:53:19.573267+00:00;Switzerland - Super League;Lausanne-Sport vs Servette;spread;home;0.0;2.25;1.971;12.40;2.70;1635992381
2026-09-13T11:53:22.907403+00:00;Portugal - Primeira Liga;Famalicao vs Sporting CP;spread;away;-1.0;2.03;1.82;10.34;7.70;1635941094
2026-09-13T11:53:22.908082+00:00;Portugal - Primeira Liga;Famalicao vs Sporting CP;spread;home;1.0;2.11;1.735;17.77;7.70;1635941094
2026-09-13T11:53:24.582950+00:00;Portugal - Primeira Liga;Arouca vs Santa Clara;spread;away;-0.0;2.09;1.826;12.63;5.20;1635941201
2026-09-13T11:53:33.831160+00:00;Russia - Premier League;Krasnodar vs Akron Togliatti;spread;home;-1.5;2.06;1.813;11.99;4.69;1635071616
2026-09-13T11:53:35.440679+00:00;Colombia - Primera A;Deportivo Pereira vs Atletico Bucaramanga;spread;home;0.5;1.885;1.685;10.61;7.19;1635842413
2026-09-13T11:53:35.441525+00:00;Colombia - Primera A;Deportivo Pereira vs Atletico Bucaramanga;spread;away;-0.5;2.1;1.826;13.05;7.19;1635842413
2026-09-13T11:53:36.528031+00:00;Colombia - Primera A;Once Caldas vs Deportivo Cali;spread;home;-0.5;2.08;1.87;10.10;11.36;1636021002
2026-09-13T11:53:42.926143+00:00;Argentina - Liga Pro;Sarmiento de Junin vs Belgrano;spread;home;0.0;2.21;1.962;11.22;5.94;1635208823
2026-09-13T11:54:04.972572+00:00;Sweden - Allsvenskan;Elfsborg vs Kalmar;spread;home;-0.5;1.99;1.826;8.24;0.19;1635980500
2026-09-13T11:54:43.738810+00:00;Bulgaria - First League;Slavia Sofia vs Spartak Varna;spread;home;-0.5;2.05;1.82;11.22;0.43;1635941144
2026-09-13T11:55:26.612065+00:00;Turkey - Super League;Amedspor vs Istanbul Basaksehir;spread;away;0.5;1.893;1.735;8.35;5.18;1635932693
2026-09-13T11:55:27.821791+00:00;Turkey - Super League;Genclerbirligi vs Kasimpasa;spread;away;0.5;1.909;1.752;8.22;2.18;1635941153
2026-09-13T11:55:37.612063+00:00;Norway - Eliteserien;Fredrikstad vs Sarpsborg 08;spread;away;-0.0;2.06;1.775;13.83;5.43;1635932694
2026-09-13T11:55:39.468947+00:00;Norway - Eliteserien;Start vs Brann;spread;away;-0.5;2.0;1.833;8.35;3.18;1635932684
2026-09-13T11:56:27.126516+00:00;Brazil - Serie B;Fortaleza vs Ceara;spread;home;-0.5;1.952;1.735;11.12;9.67;1636007562
2026-09-13T11:56:29.534003+00:00;Uruguay - Primera Division;Penarol vs Albion;spread;away;1.0;2.05;1.862;9.17;10.67;1636007194
2026-09-13T11:56:34.689557+00:00;Spain - La Liga;Real Sociedad vs Atletico Madrid;spread;home;0.0;2.07;1.847;10.77;7.17;1635208802
2026-09-13T11:56:34.690168+00:00;Spain - La Liga;Real Sociedad vs Atletico Madrid;spread;home;0.0;2.07;1.826;11.79;7.17;1635208802
2026-09-13T11:56:38.672356+00:00;Spain - La Liga;Real Sociedad vs Atletico Madrid;total;under;4.5;2.05;1.877;8.44;7.17;1635208802
2026-09-13T11:56:38.673040+00:00;Spain - La Liga;Real Sociedad vs Atletico Madrid;spread;away;-0.0;1.952;1.699;12.96;7.17;1635208802
2026-09-13T11:56:38.673589+00:00;Spain - La Liga;Real Sociedad vs Atletico Madrid;total;over;4.5;1.909;1.787;6.39;7.17;1635208802
2026-09-13T11:56:39.794456+00:00;Spain - La Liga;Getafe vs Deportivo La Coruna;spread;away;-0.0;2.16;1.826;15.46;4.67;1635208789
2026-09-13T11:56:43.509270+00:00;Norway - 1st Division;Egersunds vs Kongsvinger;spread;home;0.5;1.952;1.781;8.76;3.17;1635932688
2026-09-13T11:56:43.509913+00:00;Norway - 1st Division;Egersunds vs Kongsvinger;spread;away;-0.5;1.935;1.758;9.15;3.17;1635932688
2026-09-13T11:56:44.784437+00:00;Norway - 1st Division;Moss vs Haugesund;spread;away;-0.5;1.99;1.775;10.80;3.17;1635941046
2026-09-13T11:57:06.275591+00:00;Greece - Super League;Kalamata vs Volos;spread;away;0.5;1.952;1.714;12.19;3.17;1635419353
2026-09-13T11:57:06.276266+00:00;Greece - Super League;Kalamata vs Volos;spread;home;-0.5;2.02;1.769;12.43;3.17;1635419353
2026-09-13T11:57:28.697576+00:00;Turkey - 1st League;Igdir Belediyespor vs Mardin 1969;spread;home;-0.5;2.02;1.794;11.19;2.17;1636072198
2026-09-13T11:57:28.698144+00:00;Turkey - 1st League;Igdir Belediyespor vs Mardin 1969;spread;away;0.5;1.926;1.704;11.53;2.17;1636072198
2026-09-13T11:57:30.970251+00:00;Turkey - 1st League;Sivasspor vs Muglaspor;spread;home;-0.5;2.02;1.82;9.90;2.17;1635995288
2026-09-13T11:57:33.833373+00:00;Mexico - Liga de Expansión MX;Leones Negros UDeG vs Atletico La Paz;spread;home;-0.5;2.06;1.862;9.61;6.16;1636007483
2026-09-13T11:57:41.120091+00:00;Poland - Ekstraklasa;Legia Warsaw vs Widzew Lodz;spread;home;-0.5;1.87;1.719;8.07;3.66;1635941041
2026-09-13T11:57:50.753238+00:00;England - Premier League;Manchester United vs Manchester City;spread;away;-0.0;2.05;1.719;16.15;3.66;1635132230
2026-09-13T11:57:50.754022+00:00;England - Premier League;Manchester United vs Manchester City;spread;home;0.0;2.23;1.719;22.91;3.66;1635132230
2026-09-13T11:57:51.852775+00:00;England - Premier League;Coventry City vs Brighton;spread;away;-0.5;1.935;1.775;8.27;1.16;1635208833
2026-09-13T12:03:15.697847+00:00;Italy - Serie A;Lecce vs Monza;spread;away;0.5;1.99;1.781;10.50;1.00;1635204962
2026-09-13T12:03:15.698459+00:00;Italy - Serie A;Lecce vs Monza;spread;home;-0.5;2.0;1.82;9.00;1.00;1635204962
2026-09-13T12:03:20.634180+00:00;Portugal - Primeira Liga;Arouca vs Santa Clara;spread;away;-0.0;2.09;1.826;12.63;5.00;1635941201
2026-09-13T12:03:25.090647+00:00;Portugal - Primeira Liga;Famalicao vs Sporting CP;spread;away;-1.0;2.03;1.82;10.34;7.50;1635941094
2026-09-13T12:03:28.461586+00:00;Portugal - Primeira Liga;Famalicao vs Sporting CP;spread;home;1.0;2.11;1.752;16.97;7.50;1635941094
2026-09-13T12:03:31.046522+00:00;Argentina - Liga Pro;Sarmiento de Junin vs Belgrano;spread;home;0.0;2.21;1.962;11.22;5.75;1635208823
2026-09-13T12:03:38.574051+00:00;Ecuador - Serie A;Libertad FC vs Independiente del Valle;spread;home;0.5;1.893;1.735;8.35;11.00;1636020886
2026-09-13T12:03:40.794396+00:00;Ecuador - Serie A;Leones del Norte vs Tecnico Universitario;spread;away;0.5;2.0;1.82;9.00;6.00;1636021003
2026-09-13T12:03:40.795045+00:00;Ecuador - Serie A;Leones del Norte vs Tecnico Universitario;spread;home;-0.5;2.05;1.714;16.39;6.00;1636021003
2026-09-13T12:03:47.438984+00:00;Poland - Ekstraklasa;Legia Warsaw vs Widzew Lodz;spread;home;-0.5;1.87;1.719;8.07;3.50;1635941041
2026-09-13T12:04:10.263674+00:00;Italy - Serie B;Mantova vs Sampdoria;spread;home;-0.5;2.02;1.781;11.83;3.24;1635941146
2026-09-13T12:04:10.264272+00:00;Italy - Serie B;Mantova vs Sampdoria;spread;away;0.5;1.98;1.746;11.82;3.24;1635941146
2026-09-13T12:04:19.203702+00:00;Spain - Segunda Division;Tenerife vs Leganes;spread;home;0.0;2.02;1.671;17.28;6.99;1636007501
2026-09-13T12:04:19.204372+00:00;Spain - Segunda Division;Tenerife vs Leganes;spread;away;-0.0;2.3;1.741;24.30;6.99;1636007501
2026-09-13T12:04:29.721396+00:00;Brazil - Serie B;Fortaleza vs Ceara;spread;home;-0.5;1.952;1.735;11.12;9.49;1636007562
2026-09-13T12:04:37.483411+00:00;Argentina - Primera B Nacional;Racing de Cordoba vs Deportivo Moron;spread;home;-0.5;1.99;1.758;11.66;6.99;1636019361
2026-09-13T12:04:37.484132+00:00;Argentina - Primera B Nacional;Racing de Cordoba vs Deportivo Moron;spread;away;0.5;1.962;1.725;12.08;6.99;1636019361
2026-09-13T12:04:46.671072+00:00;Turkey - Super League;Genclerbirligi vs Kasimpasa;spread;away;0.5;1.909;1.752;8.22;1.99;1635941153
2026-09-13T12:04:47.367847+00:00;Turkey - Super League;Amedspor vs Istanbul Basaksehir;spread;away;0.5;1.893;1.735;8.35;4.99;1635932693
2026-09-13T12:05:06.810399+00:00;Norway - 1st Division;Egersunds vs Kongsvinger;spread;home;0.5;1.952;1.781;8.76;2.99;1635932688
2026-09-13T12:05:06.811087+00:00;Norway - 1st Division;Egersunds vs Kongsvinger;spread;away;-0.5;1.935;1.758;9.15;2.99;1635932688
2026-09-13T12:05:08.546159+00:00;Norway - 1st Division;Moss vs Haugesund;spread;away;-0.5;1.99;1.775;10.80;2.99;1635941046
2026-09-13T12:05:17.749256+00:00;Norway - Eliteserien;Fredrikstad vs Sarpsborg 08;spread;away;-0.0;2.06;1.775;13.83;5.24;1635932694
2026-09-13T12:05:19.536756+00:00;Norway - Eliteserien;Start vs Brann;spread;away;-0.5;2.0;1.833;8.35;2.99;1635932684
2026-09-13T12:05:25.637387+00:00;Switzerland - Super League;Lausanne-Sport vs Servette;spread;home;0.0;2.25;1.971;12.40;2.48;1635992381
2026-09-13T12:05:30.915275+00:00;Germany - Bundesliga;Elversberg vs Bayern Munich;total;over;4.5;1.877;1.787;4.79;3.48;1635197922
2026-09-13T12:05:42.022108+00:00;Mexico - Liga de Expansión MX;Leones Negros UDeG vs Atletico La Paz;spread;home;-0.5;2.06;1.862;9.61;5.98;1636007483
2026-09-13T12:06:21.050412+00:00;Poland - 1st Liga;Lechia Gdansk vs Miedz Legnica;spread;away;-0.0;2.09;1.909;8.66;0.48;1635984819
2026-09-13T12:06:41.209600+00:00;Netherlands - Eredivisie;Heerenveen vs Telstar;total;under;3.5;1.952;1.862;4.61;0.48;1635183222
2026-09-13T12:06:42.602380+00:00;Netherlands - Eredivisie;PSV vs Sparta Rotterdam;spread;home;-2.5;2.03;1.781;12.27;5.98;1635196879
2026-09-13T12:07:09.173176+00:00;Turkey - 1st League;Igdir Belediyespor vs Mardin 1969;spread;home;-0.5;2.02;1.794;11.19;1.97;1636072198
2026-09-13T12:07:09.173763+00:00;Turkey - 1st League;Igdir Belediyespor vs Mardin 1969;spread;away;0.5;1.926;1.704;11.53;1.97;1636072198
2026-09-13T12:07:11.235287+00:00;Turkey - 1st League;Sivasspor vs Muglaspor;spread;home;-0.5;2.02;1.82;9.90;1.97;1635995288
2026-09-13T12:07:26.947029+00:00;England - Premier League;Manchester United vs Manchester City;spread;away;-0.0;2.05;1.719;16.15;3.47;1635132230
2026-09-13T12:07:26.947697+00:00;England - Premier League;Manchester United vs Manchester City;spread;home;0.0;2.23;1.719;22.91;3.47;1635132230
2026-09-13T12:07:36.828193+00:00;Denmark - Superliga;FC Nordsjaelland vs AGF;spread;away;0.5;2.07;1.847;10.77;3.97;1635720397
2026-09-13T12:07:38.678906+00:00;Bulgaria - First League;Slavia Sofia vs Spartak Varna;spread;home;-0.5;2.05;1.82;11.22;0.22;1635941144
2026-09-13T12:07:46.463963+00:00;Greece - Super League;Kalamata vs Volos;spread;away;0.5;1.952;1.714;12.19;2.97;1635419353
2026-09-13T12:07:46.464509+00:00;Greece - Super League;Kalamata vs Volos;spread;home;-0.5;2.02;1.769;12.43;2.97;1635419353
2026-09-13T12:07:50.003704+00:00;Chile - Primera Division;Universidad de Concepcion vs Huachipato;spread;home;-0.5;2.02;1.725;14.60;3.47;1635941108
2026-09-13T12:08:17.001225+00:00;Russia - Premier League;Krasnodar vs Akron Togliatti;spread;home;-1.5;2.06;1.813;11.99;4.46;1635071616
2026-09-13T12:08:26.249133+00:00;Colombia - Primera A;Deportivo Pereira vs Atletico Bucaramanga;spread;home;0.5;1.885;1.685;10.61;6.96;1635842413
2026-09-13T12:08:26.249882+00:00;Colombia - Primera A;Deportivo Pereira vs Atletico Bucaramanga;spread;away;-0.5;2.1;1.826;13.05;6.96;1635842413
2026-09-13T12:08:27.831934+00:00;Colombia - Primera A;Once Caldas vs Deportivo Cali;spread;home;-0.5;2.08;1.87;10.10;11.13;1636021002
2026-09-13T12:09:29.242695+00:00;Spain - La Liga;Real Sociedad vs Atletico Madrid;spread;home;0.0;2.07;1.847;10.77;6.96;1635208802
2026-09-13T12:09:29.243344+00:00;Spain - La Liga;Real Sociedad vs Atletico Madrid;total;under;4.5;2.05;1.877;8.44;6.96;1635208802
2026-09-13T12:09:29.243878+00:00;Spain - La Liga;Real Sociedad vs Atletico Madrid;spread;away;-0.0;1.952;1.699;12.96;6.96;1635208802
2026-09-13T12:09:29.244309+00:00;Spain - La Liga;Real Sociedad vs Atletico Madrid;total;over;4.5;1.909;1.787;6.39;6.96;1635208802
2026-09-13T12:09:30.222835+00:00;Spain - La Liga;Getafe vs Deportivo La Coruna;spread;away;-0.0;2.11;1.826;13.46;4.46;1635208789
2026-09-13T12:09:33.721331+00:00;Uruguay - Primera Division;Penarol vs Albion;spread;away;1.0;2.05;1.862;9.17;10.45;1636007194
2026-09-13T12:10:06.073950+00:00;Belgium - Challenger Pro League;RFC Liege vs Club NXT;spread;home;-0.5;1.952;1.775;9.07;1.95;1635992367
2026-09-13T12:10:17.638016+00:00;Belgium - Pro League;Zulte Waregem vs Charleroi;spread;home;0.0;2.03;1.84;9.36;4.45;1635941045
2026-09-13T12:15:52.338736+00:00;Italy - Serie A;Lecce vs Monza;spread;away;0.5;1.99;1.781;10.50;0.79;1635204962
2026-09-13T12:15:52.339324+00:00;Italy - Serie A;Lecce vs Monza;spread;home;-0.5;2.0;1.82;9.00;0.79;1635204962
2026-09-13T12:15:56.465925+00:00;Portugal - Primeira Liga;Arouca vs Santa Clara;spread;away;-0.0;2.09;1.826;12.63;4.79;1635941201
2026-09-13T12:15:56.466593+00:00;Portugal - Primeira Liga;Arouca vs Santa Clara;spread;away;-0.0;2.09;1.82;12.92;4.79;1635941201
2026-09-13T12:15:57.450517+00:00;Portugal - Primeira Liga;Famalicao vs Sporting CP;spread;home;1.0;2.06;1.752;14.95;7.29;1635941094
2026-09-13T12:16:04.405503+00:00;Argentina - Liga Pro;Sarmiento de Junin vs Belgrano;spread;home;0.0;2.21;1.962;11.22;5.54;1635208823
2026-09-13T12:16:12.507477+00:00;Ecuador - Serie A;Leones del Norte vs Tecnico Universitario;spread;away;0.5;2.0;1.82;9.00;5.79;1636021003
2026-09-13T12:16:12.508190+00:00;Ecuador - Serie A;Leones del Norte vs Tecnico Universitario;spread;home;-0.5;2.05;1.714;16.39;5.79;1636021003
2026-09-13T12:16:13.621252+00:00;Ecuador - Serie A;Libertad FC vs Independiente del Valle;spread;home;0.5;1.893;1.735;8.35;10.79;1636020886
2026-09-13T12:16:19.496722+00:00;France - Ligue 1;Le Mans vs Lens;spread;away;-1.0;2.1;1.794;14.57;3.04;1635197920
2026-09-13T12:16:21.319678+00:00;Poland - Ekstraklasa;Legia Warsaw vs Widzew Lodz;spread;home;-0.5;1.87;1.719;8.07;3.29;1635941041
2026-09-13T12:16:45.549624+00:00;Italy - Serie B;Mantova vs Sampdoria;spread;home;-0.5;2.02;1.781;11.83;3.03;1635941146
2026-09-13T12:16:45.550244+00:00;Italy - Serie B;Mantova vs Sampdoria;spread;away;0.5;1.98;1.746;11.82;3.03;1635941146
2026-09-13T12:16:56.061696+00:00;Spain - Segunda Division;Tenerife vs Leganes;spread;home;0.0;2.02;1.671;17.28;6.78;1636007501
2026-09-13T12:16:56.062420+00:00;Spain - Segunda Division;Tenerife vs Leganes;spread;away;-0.0;2.3;1.741;24.30;6.78;1636007501
2026-09-13T12:17:08.952733+00:00;Brazil - Serie B;Fortaleza vs Ceara;spread;home;-0.5;1.952;1.735;11.12;9.28;1636007562
2026-09-13T12:17:10.624798+00:00;Argentina - Primera B Nacional;Racing de Cordoba vs Deportivo Moron;spread;home;-0.5;1.99;1.758;11.66;6.78;1636019361
2026-09-13T12:17:10.625441+00:00;Argentina - Primera B Nacional;Racing de Cordoba vs Deportivo Moron;spread;away;0.5;1.962;1.725;12.08;6.78;1636019361
2026-09-13T12:17:21.635893+00:00;Turkey - Super League;Amedspor vs Istanbul Basaksehir;spread;away;0.5;1.893;1.735;8.35;4.78;1635932693
2026-09-13T12:17:40.705625+00:00;USA - Major League Soccer;Chicago Fire vs New England Revolution;spread;home;-0.5;2.03;1.826;10.05;9.28;1635501797
2026-09-13T12:17:41.634185+00:00;Norway - 1st Division;Egersunds vs Kongsvinger;spread;home;0.5;1.952;1.781;8.76;2.78;1635932688
2026-09-13T12:17:41.634839+00:00;Norway - 1st Division;Egersunds vs Kongsvinger;spread;away;-0.5;1.935;1.758;9.15;2.78;1635932688
2026-09-13T12:17:45.666827+00:00;Norway - 1st Division;Moss vs Haugesund;spread;away;-0.5;1.99;1.775;10.80;2.78;1635941046
2026-09-13T12:17:52.898214+00:00;Norway - Eliteserien;Start vs Brann;spread;away;-0.5;2.0;1.833;8.35;2.78;1635932684
2026-09-13T12:17:53.452415+00:00;Norway - Eliteserien;Fredrikstad vs Sarpsborg 08;spread;away;-0.0;2.06;1.775;13.83;5.03;1635932694
2026-09-13T12:17:58.940617+00:00;Switzerland - Super League;Lausanne-Sport vs Servette;spread;home;0.0;2.25;1.971;12.40;2.27;1635992381
2026-09-13T12:18:02.564670+00:00;Bahrain - 2nd Division;Al Tadamun vs Etehad Al-Reef;total;under;2.5;1.952;1.775;9.07;3.77;1636212986
2026-09-13T12:18:05.979507+00:00;Germany - Bundesliga;Elversberg vs Bayern Munich;total;over;4.5;1.87;1.787;4.44;3.27;1635197922
2026-09-13T12:19:13.741754+00:00;Netherlands - Eredivisie;PSV vs Sparta Rotterdam;spread;home;-2.5;2.03;1.781;12.27;5.76;1635196879
2026-09-13T12:19:15.391467+00:00;Netherlands - Eredivisie;Heerenveen vs Telstar;spread;home;-1.0;2.08;1.826;12.21;0.26;1635183222
2026-09-13T12:19:33.950422+00:00;Turkey - 1st League;Igdir Belediyespor vs Mardin 1969;spread;home;-0.5;2.02;1.8;10.89;1.76;1636072198
2026-09-13T12:19:33.951099+00:00;Turkey - 1st League;Igdir Belediyespor vs Mardin 1969;spread;away;0.5;1.935;1.709;11.68;1.76;1636072198
2026-09-13T12:19:35.713378+00:00;Turkey - 1st League;Sivasspor vs Muglaspor;spread;home;-0.5;2.02;1.826;9.60;1.76;1635995288
2026-09-13T12:19:47.242988+00:00;England - Premier League;Manchester United vs Manchester City;spread;away;-0.0;2.05;1.719;16.15;3.26;1635132230
2026-09-13T12:19:47.243710+00:00;England - Premier League;Manchester United vs Manchester City;spread;home;0.0;2.23;1.725;22.65;3.26;1635132230
2026-09-13T12:19:56.951364+00:00;Denmark - Superliga;FC Nordsjaelland vs AGF;spread;away;0.5;2.07;1.847;10.77;3.76;1635720397
2026-09-13T12:19:58.065622+00:00;Bulgaria - First League;Slavia Sofia vs Spartak Varna;spread;home;-0.5;2.05;1.82;11.22;0.01;1635941144
2026-09-13T12:19:58.066641+00:00;Bulgaria - First League;Slavia Sofia vs Spartak Varna;spread;home;-0.5;2.05;1.855;9.51;0.01;1635941144
2026-09-13T12:20:00.824244+00:00;Mexico - Liga TDP;Mineros Zacatecas CDMX vs Atletico Pachuca;total;over;1.5;1.935;1.787;7.65;3.76;1636537488
2026-09-13T12:20:04.042375+00:00;Greece - Super League;Kalamata vs Volos;spread;away;0.5;1.952;1.714;12.19;2.76;1635419353
2026-09-13T12:20:04.043015+00:00;Greece - Super League;Kalamata vs Volos;spread;home;-0.5;2.02;1.769;12.43;2.76;1635419353
2026-09-13T12:20:07.825992+00:00;Chile - Primera Division;Universidad de Concepcion vs Huachipato;spread;home;-0.5;2.02;1.725;14.60;3.26;1635941108
2026-09-13T12:20:37.814325+00:00;Russia - Premier League;Krasnodar vs Akron Togliatti;spread;home;-1.5;2.06;1.813;11.99;4.25;1635071616
2026-09-13T12:20:47.457920+00:00;Colombia - Primera A;Once Caldas vs Deportivo Cali;spread;home;-0.5;2.08;1.87;10.10;10.92;1636021002
2026-09-13T12:20:48.553707+00:00;Colombia - Primera A;Deportivo Pereira vs Atletico Bucaramanga;spread;home;0.5;1.885;1.685;10.61;6.75;1635842413
2026-09-13T12:20:48.554241+00:00;Colombia - Primera A;Deportivo Pereira vs Atletico Bucaramanga;spread;away;-0.5;2.1;1.826;13.05;6.75;1635842413
2026-09-13T12:21:11.991457+00:00;Indonesia - Championship;Persiraja Banda Aceh vs Semen Padang;spread;away;-0.0;2.03;1.637;19.36;1.25;1635995279
2026-09-13T12:21:53.067360+00:00;Spain - La Liga;Real Sociedad vs Atletico Madrid;spread;home;0.0;2.07;1.847;10.77;6.74;1635208802
2026-09-13T12:21:56.569718+00:00;Spain - La Liga;Real Sociedad vs Atletico Madrid;total;under;4.5;2.05;1.877;8.44;6.74;1635208802
2026-09-13T12:21:56.570331+00:00;Spain - La Liga;Real Sociedad vs Atletico Madrid;spread;away;-0.0;1.952;1.699;12.96;6.74;1635208802
2026-09-13T12:21:56.570886+00:00;Spain - La Liga;Real Sociedad vs Atletico Madrid;total;over;4.5;1.909;1.8;5.71;6.74;1635208802
2026-09-13T12:21:57.636477+00:00;Spain - La Liga;Getafe vs Deportivo La Coruna;spread;away;-0.0;2.11;1.826;13.46;4.24;1635208789
2026-09-13T12:21:58.214136+00:00;Uruguay - Primera Division;Penarol vs Albion;spread;away;1.0;2.05;1.862;9.17;10.24;1636007194
2026-09-13T12:22:32.389155+00:00;Belgium - Challenger Pro League;RFC Liege vs Club NXT;spread;home;-0.5;1.952;1.775;9.07;1.74;1635992367
2026-09-13T12:22:45.028020+00:00;Belgium - Pro League;Zulte Waregem vs Charleroi;spread;home;0.0;2.03;1.84;9.36;4.24;1635941045
2026-09-13T12:28:19.095341+00:00;Turkey - Super League;Amedspor vs Istanbul Basaksehir;spread;away;0.5;1.893;1.735;8.35;4.58;1635932693
2026-09-13T12:28:37.489425+00:00;Greece - Super League;Kalamata vs Volos;spread;away;0.5;1.952;1.714;12.19;2.58;1635419353
2026-09-13T12:28:37.489948+00:00;Greece - Super League;Kalamata vs Volos;spread;home;-0.5;2.02;1.769;12.43;2.58;1635419353
2026-09-13T12:29:06.145223+00:00;Ecuador - Serie A;Leones del Norte vs Tecnico Universitario;spread;away;0.5;2.0;1.82;9.00;5.58;1636021003
2026-09-13T12:29:06.146020+00:00;Ecuador - Serie A;Leones del Norte vs Tecnico Universitario;spread;home;-0.5;2.05;1.714;16.39;5.58;1636021003
2026-09-13T12:29:06.633819+00:00;Ecuador - Serie A;Libertad FC vs Independiente del Valle;spread;home;0.5;1.893;1.735;8.35;10.58;1636020886
2026-09-13T12:29:07.793463+00:00;Netherlands - Eredivisie;Heerenveen vs Telstar;spread;home;-1.0;2.01;1.826;9.15;0.08;1635183222
2026-09-13T12:29:13.270036+00:00;Netherlands - Eredivisie;PSV vs Sparta Rotterdam;spread;home;-2.5;2.02;1.781;11.83;5.58;1635196879
2026-09-13T12:29:18.362288+00:00;Chile - Primera Division;Universidad de Concepcion vs Huachipato;spread;home;-0.5;2.02;1.725;14.60;3.08;1635941108
2026-09-13T12:29:20.567812+00:00;Uruguay - Primera Division;Penarol vs Albion;spread;away;1.0;2.05;1.862;9.17;10.08;1636007194
2026-09-13T12:29:26.181713+00:00;Norway - Eliteserien;Start vs Brann;spread;away;-0.5;2.0;1.833;8.35;2.57;1635932684
2026-09-13T12:29:29.727823+00:00;Norway - Eliteserien;Fredrikstad vs Sarpsborg 08;spread;away;-0.0;2.06;1.775;13.83;4.82;1635932694
2026-09-13T12:29:34.250113+00:00;Germany - Bundesliga;Elversberg vs Bayern Munich;total;over;4.5;1.87;1.787;4.44;3.07;1635197922
2026-09-13T12:29:48.283980+00:00;Belgium - Challenger Pro League;RFC Liege vs Club NXT;spread;home;-0.5;1.952;1.775;9.07;1.57;1635992367
2026-09-13T12:29:56.132454+00:00;Argentina - Primera B Nacional;Racing de Cordoba vs Deportivo Moron;spread;home;-0.5;1.99;1.758;11.66;6.57;1636019361
2026-09-13T12:29:56.133168+00:00;Argentina - Primera B Nacional;Racing de Cordoba vs Deportivo Moron;spread;away;0.5;1.962;1.725;12.08;6.57;1636019361
2026-09-13T12:30:16.023883+00:00;Belgium - Pro League;Zulte Waregem vs Charleroi;spread;home;0.0;2.03;1.84;9.36;4.07;1635941045
2026-09-13T12:30:17.974491+00:00;Italy - Serie A;Lecce vs Monza;spread;home;-0.5;2.0;1.833;8.35;0.57;1635204962
2026-09-13T12:30:17.975107+00:00;Italy - Serie A;Lecce vs Monza;spread;away;0.5;1.98;1.769;10.66;0.57;1635204962
2026-09-13T12:30:22.089483+00:00;Italy - Serie B;Mantova vs Sampdoria;spread;home;-0.5;2.02;1.781;11.83;2.82;1635941146
2026-09-13T12:30:22.090075+00:00;Italy - Serie B;Mantova vs Sampdoria;spread;away;0.5;1.98;1.746;11.82;2.82;1635941146
2026-09-13T12:30:44.621906+00:00;Switzerland - Super League;Lausanne-Sport vs Servette;spread;home;0.0;2.25;1.971;12.40;2.06;1635992381
2026-09-13T12:30:47.200595+00:00;Argentina - Liga Pro;Sarmiento de Junin vs Belgrano;spread;home;0.0;2.21;1.962;11.22;5.31;1635208823
2026-09-13T12:31:23.511459+00:00;Turkey - 1st League;Igdir Belediyespor vs Mardin 1969;spread;home;-0.5;2.03;1.8;11.33;1.56;1636072198
2026-09-13T12:31:26.564177+00:00;Turkey - 1st League;Igdir Belediyespor vs Mardin 1969;spread;away;0.5;1.935;1.709;11.68;1.56;1636072198
2026-09-13T12:31:31.707924+00:00;Turkey - 1st League;Sivasspor vs Muglaspor;spread;home;-0.5;2.02;1.826;9.60;1.56;1635995288
2026-09-13T12:31:41.791434+00:00;Spain - La Liga;Real Sociedad vs Atletico Madrid;spread;home;0.0;2.07;1.847;10.77;6.56;1635208802
2026-09-13T12:31:41.792024+00:00;Spain - La Liga;Real Sociedad vs Atletico Madrid;spread;home;0.0;2.07;1.826;11.79;6.56;1635208802
2026-09-13T12:31:41.792643+00:00;Spain - La Liga;Real Sociedad vs Atletico Madrid;total;under;4.5;2.03;1.877;7.54;6.56;1635208802
2026-09-13T12:31:41.793109+00:00;Spain - La Liga;Real Sociedad vs Atletico Madrid;spread;away;-0.0;1.952;1.699;12.96;6.56;1635208802
2026-09-13T12:31:41.793547+00:00;Spain - La Liga;Real Sociedad vs Atletico Madrid;total;over;4.5;1.909;1.8;5.71;6.56;1635208802
2026-09-13T12:31:42.701332+00:00;Spain - La Liga;Getafe vs Deportivo La Coruna;spread;away;-0.0;2.11;1.826;13.46;4.06;1635208789
2026-09-13T12:32:18.034784+00:00;Poland - Ekstraklasa;Legia Warsaw vs Widzew Lodz;spread;home;-0.5;1.87;1.719;8.07;3.05;1635941041
2026-09-13T12:32:37.703370+00:00;Austria - Bundesliga;WSG Tirol vs Hartberg;spread;home;-0.5;2.03;1.84;9.36;0.05;1635193876
2026-09-13T12:32:44.752306+00:00;Denmark - Superliga;FC Nordsjaelland vs AGF;spread;away;0.5;2.08;1.847;11.20;3.55;1635720397
2026-09-13T12:33:33.099573+00:00;Russia - Premier League;Krasnodar vs Akron Togliatti;spread;home;-1.5;2.06;1.813;11.99;4.05;1635071616
2026-09-13T12:33:35.754888+00:00;Colombia - Primera A;Deportivo Pereira vs Atletico Bucaramanga;spread;home;0.5;1.885;1.685;10.61;6.54;1635842413
2026-09-13T12:33:35.755461+00:00;Colombia - Primera A;Deportivo Pereira vs Atletico Bucaramanga;spread;away;-0.5;2.1;1.826;13.05;6.54;1635842413
2026-09-13T12:33:37.032077+00:00;Colombia - Primera A;Once Caldas vs Deportivo Cali;spread;home;-0.5;2.08;1.87;10.10;10.71;1636021002
2026-09-13T12:33:39.430733+00:00;Brazil - Serie B;Fortaleza vs Ceara;spread;home;-0.5;1.952;1.735;11.12;9.04;1636007562
2026-09-13T12:34:34.608202+00:00;Spain - Segunda Division;Tenerife vs Leganes;spread;home;0.0;2.02;1.671;17.28;6.54;1636007501
2026-09-13T12:34:34.608881+00:00;Spain - Segunda Division;Tenerife vs Leganes;spread;away;-0.0;2.3;1.741;24.30;6.54;1636007501
2026-09-13T12:34:59.008146+00:00;Portugal - Liga 2;Chaves vs Feirense;spread;home;-0.5;2.06;1.8;12.62;0.54;1635985180
2026-09-13T12:35:05.295650+00:00;Norway - 1st Division;Egersunds vs Kongsvinger;spread;home;0.5;1.952;1.781;8.76;2.54;1635932688
2026-09-13T12:35:05.296188+00:00;Norway - 1st Division;Egersunds vs Kongsvinger;spread;away;-0.5;1.935;1.758;9.15;2.54;1635932688
2026-09-13T12:35:08.468279+00:00;Norway - 1st Division;Moss vs Haugesund;spread;away;-0.5;1.99;1.775;10.80;2.54;1635941046
2026-09-13T12:35:38.246847+00:00;Portugal - Primeira Liga;Famalicao vs Sporting CP;spread;away;-1.0;2.01;1.826;9.15;7.03;1635941094
2026-09-13T12:35:38.247509+00:00;Portugal - Primeira Liga;Famalicao vs Sporting CP;spread;home;1.0;2.09;1.752;16.17;7.03;1635941094
2026-09-13T12:35:39.851575+00:00;Portugal - Primeira Liga;Arouca vs Santa Clara;spread;away;-0.0;2.03;1.826;10.05;4.53;1635941201
2026-09-13T12:35:39.852112+00:00;Portugal - Primeira Liga;Arouca vs Santa Clara;spread;away;-0.0;2.03;1.82;10.34;4.53;1635941201
2026-09-13T12:40:58.107149+00:00;Turkey - Super League;Amedspor vs Istanbul Basaksehir;spread;away;0.5;1.893;1.735;8.35;4.37;1635932693
2026-09-13T12:41:00.916094+00:00;Bulgaria - Second League;Marek Dupnitsa vs Pirin Blagoevgrad;total;under;2.5;1.909;1.806;5.40;1.37;1636137187
2026-09-13T12:41:05.911914+00:00;Slovenia - Prva Liga;Radomlje vs Maribor;spread;away;-1.0;2.01;1.8;10.45;5.62;1636007223
2026-09-13T12:41:12.691679+00:00;Greece - Super League;Kalamata vs Volos;spread;away;0.5;1.952;1.714;12.19;2.37;1635419353
2026-09-13T12:41:12.692220+00:00;Greece - Super League;Kalamata vs Volos;spread;home;-0.5;2.02;1.769;12.43;2.37;1635419353
2026-09-13T12:41:42.211364+00:00;Ecuador - Serie A;Leones del Norte vs Tecnico Universitario;spread;away;0.5;2.0;1.82;9.00;5.36;1636021003
2026-09-13T12:41:42.212053+00:00;Ecuador - Serie A;Leones del Norte vs Tecnico Universitario;spread;home;-0.5;2.05;1.714;16.39;5.36;1636021003
2026-09-13T12:41:43.107153+00:00;Ecuador - Serie A;Libertad FC vs Independiente del Valle;spread;home;0.5;1.893;1.735;8.35;10.36;1636020886
2026-09-13T12:41:45.789904+00:00;Netherlands - Eredivisie;PSV vs Sparta Rotterdam;spread;home;-2.5;2.02;1.781;11.83;5.36;1635196879
2026-09-13T12:41:49.280557+00:00;Chile - Primera Division;Universidad de Concepcion vs Huachipato;spread;home;-0.5;2.02;1.725;14.60;2.86;1635941108
2026-09-13T12:41:54.171930+00:00;Uruguay - Primera Division;Penarol vs Albion;spread;away;1.0;2.05;1.862;9.17;9.86;1636007194
2026-09-13T12:41:58.343543+00:00;Norway - Eliteserien;Start vs Brann;spread;away;-0.5;2.0;1.833;8.35;2.36;1635932684
2026-09-13T12:41:59.752290+00:00;Norway - Eliteserien;Fredrikstad vs Sarpsborg 08;spread;away;-0.0;2.06;1.775;13.83;4.61;1635932694
2026-09-13T12:42:04.535502+00:00;Germany - Bundesliga;Elversberg vs Bayern Munich;total;over;4.5;1.862;1.787;4.03;2.86;1635197922
2026-09-13T12:42:18.547138+00:00;Belgium - Challenger Pro League;RFC Liege vs Club NXT;spread;home;-0.5;1.952;1.775;9.07;1.36;1635992367
2026-09-13T12:42:26.427155+00:00;Argentina - Primera B Nacional;Racing de Cordoba vs Deportivo Moron;spread;home;-0.5;1.99;1.758;11.66;6.36;1636019361
2026-09-13T12:42:26.427776+00:00;Argentina - Primera B Nacional;Racing de Cordoba vs Deportivo Moron;spread;away;0.5;1.962;1.725;12.08;6.36;1636019361
2026-09-13T12:42:46.022347+00:00;Italy - Serie A;Lecce vs Monza;spread;home;-0.5;2.01;1.833;8.81;0.36;1635204962
2026-09-13T12:42:49.659763+00:00;Italy - Serie A;Lecce vs Monza;spread;away;0.5;1.98;1.769;10.66;0.36;1635204962
2026-09-13T12:42:54.965967+00:00;Italy - Serie B;Mantova vs Sampdoria;spread;home;-0.5;2.02;1.781;11.83;2.60;1635941146
2026-09-13T12:42:54.966578+00:00;Italy - Serie B;Mantova vs Sampdoria;spread;away;0.5;1.98;1.746;11.82;2.60;1635941146
2026-09-13T12:43:04.886879+00:00;France - Ligue 1;Brest vs Paris Saint-Germain;total;under;2.5;1.901;1.775;6.63;6.10;1635208796
2026-09-13T12:43:05.430990+00:00;France - Ligue 1;Le Mans vs Lens;spread;away;-1.0;2.1;1.794;14.57;2.60;1635197920
2026-09-13T12:43:20.074030+00:00;Switzerland - Super League;Lausanne-Sport vs Servette;spread;home;0.0;2.25;1.98;12.00;1.85;1635992381
2026-09-13T12:43:21.665974+00:00;Argentina - Liga Pro;Sarmiento de Junin vs Belgrano;spread;home;0.0;2.21;1.962;11.22;5.10;1635208823
2026-09-13T12:43:36.646526+00:00;Sweden - Superettan;Norrkoping vs Oddevold;spread;home;-1.0;2.05;1.758;14.24;0.35;1635992329
2026-09-13T12:43:38.442171+00:00;England - Premier League;Coventry City vs Brighton;spread;away;-0.5;1.943;1.775;8.65;0.35;1635208833
2026-09-13T12:43:57.618910+00:00;Turkey - 1st League;Sivasspor vs Muglaspor;spread;home;-0.5;2.02;1.826;9.60;1.35;1635995288
2026-09-13T12:43:58.657187+00:00;Turkey - 1st League;Igdir Belediyespor vs Mardin 1969;spread;home;-0.5;2.03;1.8;11.33;1.35;1636072198
2026-09-13T12:43:58.657863+00:00;Turkey - 1st League;Igdir Belediyespor vs Mardin 1969;spread;away;0.5;1.935;1.709;11.68;1.35;1636072198
2026-09-13T12:44:02.333744+00:00;Czech Republic - 3. Liga;Polanka nad Odrou vs Vsetin;spread;home;0.0;1.935;1.741;10.03;1.35;1635995389
2026-09-13T12:44:06.515063+00:00;Spain - La Liga;Real Sociedad vs Atletico Madrid;spread;home;0.0;2.07;1.847;10.77;6.35;1635208802
2026-09-13T12:44:06.515672+00:00;Spain - La Liga;Real Sociedad vs Atletico Madrid;spread;home;0.0;2.07;1.833;11.45;6.35;1635208802
2026-09-13T12:44:06.516181+00:00;Spain - La Liga;Real Sociedad vs Atletico Madrid;total;under;4.5;2.03;1.87;7.88;6.35;1635208802
2026-09-13T12:44:06.516748+00:00;Spain - La Liga;Real Sociedad vs Atletico Madrid;spread;away;-0.0;1.952;1.699;12.96;6.35;1635208802
2026-09-13T12:44:06.517321+00:00;Spain - La Liga;Real Sociedad vs Atletico Madrid;total;over;4.5;1.909;1.8;5.71;6.35;1635208802
2026-09-13T12:44:07.736618+00:00;Spain - La Liga;Getafe vs Deportivo La Coruna;spread;away;-0.0;2.08;1.826;12.21;3.85;1635208789
2026-09-13T12:44:42.382836+00:00;Poland - Ekstraklasa;Legia Warsaw vs Widzew Lodz;spread;home;-0.5;1.87;1.719;8.07;2.84;1635941041
2026-09-13T12:45:07.578475+00:00;Denmark - Superliga;FC Nordsjaelland vs AGF;spread;away;0.5;2.08;1.847;11.20;3.34;1635720397
2026-09-13T12:45:51.602574+00:00;Russia - Premier League;Krasnodar vs Akron Togliatti;spread;home;-1.5;2.06;1.813;11.99;3.83;1635071616
2026-09-13T12:45:55.320641+00:00;Colombia - Primera A;Deportivo Pereira vs Atletico Bucaramanga;spread;home;0.5;1.885;1.685;10.61;6.33;1635842413
2026-09-13T12:45:55.321351+00:00;Colombia - Primera A;Deportivo Pereira vs Atletico Bucaramanga;spread;away;-0.5;2.1;1.826;13.05;6.33;1635842413
2026-09-13T12:45:56.221626+00:00;Colombia - Primera A;Once Caldas vs Deportivo Cali;spread;home;-0.5;2.08;1.87;10.10;10.50;1636021002
2026-09-13T12:45:59.152443+00:00;Brazil - Serie B;Fortaleza vs Ceara;spread;home;-0.5;1.952;1.735;11.12;8.83;1636007562
2026-09-13T12:46:47.613055+00:00;Spain - Segunda Division;Tenerife vs Leganes;spread;home;0.0;2.02;1.671;17.28;6.33;1636007501
2026-09-13T12:46:47.613711+00:00;Spain - Segunda Division;Tenerife vs Leganes;spread;away;-0.0;2.3;1.741;24.30;6.33;1636007501
2026-09-13T12:47:17.217405+00:00;Norway - 1st Division;Egersunds vs Kongsvinger;spread;home;0.5;1.952;1.781;8.76;2.32;1635932688
2026-09-13T12:47:17.218098+00:00;Norway - 1st Division;Egersunds vs Kongsvinger;spread;away;-0.5;1.935;1.758;9.15;2.32;1635932688
2026-09-13T12:47:22.429407+00:00;Norway - 1st Division;Moss vs Haugesund;spread;away;-0.5;1.99;1.775;10.80;2.32;1635941046
2026-09-13T12:47:35.964810+00:00;El Salvador - Primera Division;Fuerte San Francisco vs Municipal Limeno;spread;away;-0.5;1.98;1.813;8.43;8.32;1636007279
2026-09-13T12:47:47.712374+00:00;Portugal - Primeira Liga;Famalicao vs Sporting CP;spread;away;-1.0;2.01;1.826;9.15;6.82;1635941094
2026-09-13T12:47:47.713047+00:00;Portugal - Primeira Liga;Famalicao vs Sporting CP;spread;home;1.0;2.09;1.752;16.17;6.82;1635941094
2026-09-13T12:47:48.882125+00:00;Portugal - Primeira Liga;Arouca vs Santa Clara;spread;away;-0.0;2.03;1.826;10.05;4.32;1635941201
2026-09-13T12:53:10.404621+00:00;Chile - Primera Division;Universidad de Concepcion vs Huachipato;spread;home;-0.5;2.02;1.725;14.60;2.67;1635941108
2026-09-13T12:53:19.884404+00:00;Spain - Segunda Division;Tenerife vs Leganes;spread;home;0.0;2.02;1.671;17.28;6.17;1636007501
2026-09-13T12:53:19.884987+00:00;Spain - Segunda Division;Tenerife vs Leganes;spread;away;-0.0;2.3;1.741;24.30;6.17;1636007501
2026-09-13T12:53:28.250496+00:00;France - Ligue 1;Le Mans vs Lens;spread;away;-1.0;2.1;1.794;14.57;2.41;1635197920
2026-09-13T12:53:41.737942+00:00;Germany - Bundesliga;RB Leipzig vs Hamburger SV;spread;home;-1.5;2.06;1.781;13.54;0.66;1635197880
2026-09-13T12:53:42.298036+00:00;Germany - Bundesliga;Elversberg vs Bayern Munich;total;over;4.5;1.862;1.787;4.03;2.66;1635197922
2026-09-13T12:54:00.932280+00:00;Russia - Premier League;Krasnodar vs Akron Togliatti;spread;home;-1.5;2.06;1.813;11.99;3.66;1635071616
2026-09-13T12:54:03.853440+00:00;Turkey - 1st League;Sivasspor vs Muglaspor;spread;home;-0.5;2.02;1.826;9.60;1.16;1635995288
2026-09-13T12:54:04.760264+00:00;Turkey - 1st League;Igdir Belediyespor vs Mardin 1969;spread;home;-0.5;2.03;1.8;11.33;1.16;1636072198
2026-09-13T12:54:04.760766+00:00;Turkey - 1st League;Igdir Belediyespor vs Mardin 1969;spread;away;0.5;1.935;1.709;11.68;1.16;1636072198
2026-09-13T12:54:17.597820+00:00;Argentina - Primera B Nacional;Racing de Cordoba vs Deportivo Moron;spread;home;-0.5;1.99;1.758;11.66;6.16;1636019361
2026-09-13T12:54:17.598427+00:00;Argentina - Primera B Nacional;Racing de Cordoba vs Deportivo Moron;spread;away;0.5;1.962;1.725;12.08;6.16;1636019361
2026-09-13T12:54:19.466260+00:00;Greece - Super League;Kalamata vs Volos;spread;away;0.5;1.952;1.714;12.19;2.16;1635419353
2026-09-13T12:54:19.466889+00:00;Greece - Super League;Kalamata vs Volos;spread;home;-0.5;2.02;1.769;12.43;2.16;1635419353
2026-09-13T12:54:29.275665+00:00;Turkey - Super League;Amedspor vs Istanbul Basaksehir;spread;away;0.5;1.893;1.735;8.35;4.16;1635932693
2026-09-13T12:54:38.405455+00:00;Brazil - Serie B;Fortaleza vs Ceara;spread;home;-0.5;1.952;1.735;11.12;8.65;1636007562
2026-09-13T12:54:45.568171+00:00;Colombia - Primera A;Deportivo Pereira vs Atletico Bucaramanga;spread;home;0.5;1.885;1.725;8.49;6.15;1635842413
2026-09-13T12:54:45.568803+00:00;Colombia - Primera A;Deportivo Pereira vs Atletico Bucaramanga;spread;away;-0.5;2.04;1.826;10.49;6.15;1635842413
2026-09-13T12:54:46.400493+00:00;Colombia - Primera A;Once Caldas vs Deportivo Cali;spread;home;-0.5;2.08;1.87;10.10;10.32;1636021002
2026-09-13T12:54:47.765145+00:00;Italy - Serie B;Mantova vs Sampdoria;spread;home;-0.5;2.02;1.781;11.83;2.40;1635941146
2026-09-13T12:54:47.765735+00:00;Italy - Serie B;Mantova vs Sampdoria;spread;away;0.5;1.98;1.746;11.82;2.40;1635941146
2026-09-13T12:55:07.507877+00:00;Argentina - Liga Pro;Sarmiento de Junin vs Belgrano;spread;home;0.0;2.21;1.962;11.22;4.90;1635208823
2026-09-13T12:55:09.120804+00:00;Argentina - Liga Pro;Huracan vs Racing Club;spread;away;-0.0;2.09;1.917;8.28;11.65;1635205176
2026-09-13T12:55:14.667192+00:00;Argentina - Torneo Federal A;Sportivo y Biblioteca Atenas vs Juventud Antoniana;spread;away;0.5;1.82;1.637;10.05;6.65;1636267469
2026-09-13T12:56:37.213771+00:00;Netherlands - Eredivisie;PSV vs Sparta Rotterdam;spread;home;-2.5;2.02;1.781;11.83;5.14;1635196879
2026-09-13T12:56:48.239096+00:00;Norway - Eliteserien;Start vs Brann;spread;away;-0.5;2.0;1.833;8.35;2.14;1635932684
2026-09-13T12:56:50.327075+00:00;Norway - Eliteserien;Fredrikstad vs Sarpsborg 08;spread;away;-0.0;2.06;1.775;13.83;4.39;1635932694
2026-09-13T12:56:53.732555+00:00;Uruguay - Primera Division;Penarol vs Albion;spread;away;1.0;2.05;1.862;9.17;9.64;1636007194
2026-09-13T12:57:36.780622+00:00;Denmark - Superliga;FC Nordsjaelland vs AGF;spread;away;0.5;2.08;1.847;11.20;3.13;1635720397
2026-09-13T12:57:41.635839+00:00;Ecuador - Serie A;Libertad FC vs Independiente del Valle;spread;home;0.5;1.893;1.735;8.35;10.13;1636020886
2026-09-13T12:57:44.188982+00:00;Ecuador - Serie A;Leones del Norte vs Tecnico Universitario;spread;away;0.5;2.0;1.82;9.00;5.13;1636021003
2026-09-13T12:57:44.189576+00:00;Ecuador - Serie A;Leones del Norte vs Tecnico Universitario;spread;home;-0.5;2.05;1.714;16.39;5.13;1636021003
2026-09-13T12:57:50.715819+00:00;Italy - Serie A;Lecce vs Monza;spread;home;-0.5;2.01;1.833;8.81;0.13;1635204962
2026-09-13T12:57:50.716347+00:00;Italy - Serie A;Lecce vs Monza;spread;away;0.5;1.98;1.769;10.66;0.13;1635204962
2026-09-13T12:58:01.486993+00:00;Belgium - Challenger Pro League;RFC Liege vs Club NXT;spread;home;-0.5;1.952;1.775;9.07;1.13;1635992367
2026-09-13T12:58:03.192188+00:00;Slovenia - Prva Liga;Radomlje vs Maribor;spread;away;-1.0;2.01;1.8;10.45;5.38;1636007223
2026-09-13T12:58:47.785020+00:00;Portugal - Primeira Liga;Famalicao vs Sporting CP;spread;away;-1.0;2.01;1.813;9.80;6.63;1635941094
2026-09-13T12:58:47.785663+00:00;Portugal - Primeira Liga;Famalicao vs Sporting CP;spread;home;1.0;2.11;1.752;16.97;6.63;1635941094
2026-09-13T12:58:48.858559+00:00;Portugal - Primeira Liga;Arouca vs Santa Clara;spread;away;-0.0;2.03;1.826;10.05;4.13;1635941201
2026-09-13T12:59:08.897965+00:00;Brazil - Serie A;Flamengo vs Corinthians;spread;away;1.5;2.04;1.775;12.99;7.62;1635256670
2026-09-13T12:59:11.392201+00:00;Switzerland - Super League;Lausanne-Sport vs Servette;spread;home;0.0;2.25;1.98;12.00;1.62;1635992381
2026-09-13T12:59:17.721530+00:00;Norway - 1st Division;Egersunds vs Kongsvinger;spread;home;0.5;1.952;1.781;8.76;2.12;1635932688
2026-09-13T12:59:17.722086+00:00;Norway - 1st Division;Egersunds vs Kongsvinger;spread;away;-0.5;1.935;1.758;9.15;2.12;1635932688
2026-09-13T12:59:19.606528+00:00;Norway - 1st Division;Moss vs Haugesund;spread;away;-0.5;1.99;1.775;10.80;2.12;1635941046
2026-09-13T12:59:28.855001+00:00;Hungary - Cup;Emodi AIDSE vs Ozd-Sajovolgye;total;under;4.5;1.926;1.833;4.83;0.12;1635985167
2026-09-13T12:59:33.090701+00:00;Poland - Ekstraklasa;Legia Warsaw vs Widzew Lodz;spread;home;-0.5;1.87;1.719;8.07;2.62;1635941041
2026-09-13T12:59:51.826288+00:00;Spain - La Liga;Getafe vs Deportivo La Coruna;spread;away;-0.0;2.08;1.826;12.21;3.62;1635208789
2026-09-13T12:59:52.298754+00:00;Spain - La Liga;Real Sociedad vs Atletico Madrid;spread;home;0.0;2.07;1.847;10.77;6.12;1635208802
2026-09-13T12:59:52.299401+00:00;Spain - La Liga;Real Sociedad vs Atletico Madrid;spread;home;0.0;2.07;1.833;11.45;6.12;1635208802
2026-09-13T12:59:52.299835+00:00;Spain - La Liga;Real Sociedad vs Atletico Madrid;total;under;4.5;2.03;1.87;7.88;6.12;1635208802
2026-09-13T12:59:52.300287+00:00;Spain - La Liga;Real Sociedad vs Atletico Madrid;spread;away;-0.0;1.952;1.699;12.96;6.12;1635208802
2026-09-13T12:59:52.300786+00:00;Spain - La Liga;Real Sociedad vs Atletico Madrid;total;over;4.5;1.909;1.8;5.71;6.12;1635208802
2026-09-13T13:00:09.508166+00:00;England - Premier League;Coventry City vs Brighton;spread;away;-0.5;1.971;1.775;9.94;0.12;1635208833
2026-09-13T13:05:30.178921+00:00;Turkey - 1st League;Sivasspor vs Muglaspor;spread;home;-0.5;2.02;1.826;9.60;0.96;1635995288
2026-09-13T13:05:30.939651+00:00;Turkey - 1st League;Igdir Belediyespor vs Mardin 1969;spread;home;-0.5;2.03;1.8;11.33;0.96;1636072198
2026-09-13T13:05:30.940320+00:00;Turkey - 1st League;Igdir Belediyespor vs Mardin 1969;spread;away;0.5;1.935;1.709;11.68;0.96;1636072198
2026-09-13T13:05:34.713723+00:00;Brazil - Serie A;Flamengo vs Corinthians;spread;away;1.5;2.04;1.775;12.99;7.46;1635256670
2026-09-13T13:05:47.783608+00:00;Argentina - Liga Pro;Sarmiento de Junin vs Belgrano;spread;home;0.0;2.21;1.962;11.22;4.71;1635208823
2026-09-13T13:05:50.222233+00:00;Argentina - Liga Pro;Huracan vs Racing Club;spread;away;-0.0;2.09;1.917;8.28;11.46;1635205176
2026-09-13T13:05:50.222781+00:00;Argentina - Liga Pro;Huracan vs Racing Club;spread;away;-0.0;2.09;1.893;9.43;11.46;1635205176
2026-09-13T13:06:20.619713+00:00;Norway - 1st Division;Egersunds vs Kongsvinger;spread;home;0.5;1.952;1.781;8.76;1.96;1635932688
2026-09-13T13:06:20.620610+00:00;Norway - 1st Division;Egersunds vs Kongsvinger;spread;away;-0.5;1.935;1.758;9.15;1.96;1635932688
2026-09-13T13:06:22.316923+00:00;Norway - 1st Division;Moss vs Haugesund;spread;away;-0.5;1.99;1.781;10.50;1.96;1635941046
2026-09-13T13:06:31.092702+00:00;Mexico - Liga MX;Santos Laguna vs FC Juarez;spread;home;-0.5;2.02;1.82;9.90;11.96;1635711838
2026-09-13T13:06:32.603747+00:00;Belgium - Pro League;Zulte Waregem vs Charleroi;spread;home;0.0;2.03;1.84;9.36;3.46;1635941045
2026-09-13T13:06:39.445730+00:00;Portugal - Primeira Liga;Arouca vs Santa Clara;spread;away;-0.0;2.03;1.833;9.70;3.96;1635941201
2026-09-13T13:06:40.173462+00:00;Portugal - Primeira Liga;Famalicao vs Sporting CP;spread;away;-1.0;2.01;1.813;9.80;6.46;1635941094
2026-09-13T13:06:53.275419+00:00;Portugal - Primeira Liga;Famalicao vs Sporting CP;spread;home;1.0;2.11;1.752;16.97;6.46;1635941094
2026-09-13T13:07:05.387641+00:00;Switzerland - Super League;Lausanne-Sport vs Servette;spread;home;0.0;2.25;1.98;12.00;1.45;1635992381
2026-09-13T13:07:10.775055+00:00;Uruguay - Primera Division;Penarol vs Albion;spread;away;1.0;2.05;1.862;9.17;9.45;1636007194
2026-09-13T13:07:18.573763+00:00;Russia - Premier League;Krasnodar vs Akron Togliatti;spread;home;-1.5;2.06;1.813;11.99;3.45;1635071616
2026-09-13T13:07:25.608951+00:00;Netherlands - Eredivisie;PSV vs Sparta Rotterdam;spread;home;-2.5;2.01;1.781;11.39;4.95;1635196879
2026-09-13T13:07:33.386068+00:00;Italy - Serie B;Mantova vs Sampdoria;spread;home;-0.5;2.02;1.781;11.83;2.20;1635941146
2026-09-13T13:07:33.386608+00:00;Italy - Serie B;Mantova vs Sampdoria;spread;away;0.5;1.98;1.746;11.82;2.20;1635941146
2026-09-13T13:07:36.232418+00:00;Chile - Primera Division;Universidad de Concepcion vs Huachipato;spread;home;-0.5;2.02;1.725;14.60;2.45;1635941108
2026-09-13T13:07:40.970265+00:00;Argentina - Primera B Nacional;Racing de Cordoba vs Deportivo Moron;spread;home;-0.5;1.99;1.758;11.66;5.95;1636019361
2026-09-13T13:07:40.971086+00:00;Argentina - Primera B Nacional;Racing de Cordoba vs Deportivo Moron;spread;away;0.5;1.962;1.725;12.08;5.95;1636019361
2026-09-13T13:07:45.956947+00:00;Colombia - Primera A;Once Caldas vs Deportivo Cali;spread;home;-0.5;2.08;1.87;10.10;10.12;1636021002
2026-09-13T13:07:47.935826+00:00;Colombia - Primera A;Deportivo Pereira vs Atletico Bucaramanga;spread;home;0.5;1.885;1.725;8.49;5.95;1635842413
2026-09-13T13:07:47.936607+00:00;Colombia - Primera A;Deportivo Pereira vs Atletico Bucaramanga;spread;away;-0.5;2.04;1.826;10.49;5.95;1635842413
2026-09-13T13:07:49.768748+00:00;Denmark - Superliga;FC Nordsjaelland vs AGF;spread;away;0.5;2.08;1.847;11.20;2.95;1635720397
2026-09-13T13:08:07.588373+00:00;Spain - La Liga;Getafe vs Deportivo La Coruna;spread;away;-0.0;2.07;1.826;11.79;3.44;1635208789
2026-09-13T13:08:08.623508+00:00;Spain - La Liga;Real Sociedad vs Atletico Madrid;spread;home;0.0;2.07;1.847;10.77;5.94;1635208802
2026-09-13T13:08:08.624088+00:00;Spain - La Liga;Real Sociedad vs Atletico Madrid;spread;home;0.0;2.07;1.833;11.45;5.94;1635208802
2026-09-13T13:08:21.908613+00:00;Spain - La Liga;Real Sociedad vs Atletico Madrid;total;under;4.5;2.03;1.87;7.88;5.94;1635208802
2026-09-13T13:08:21.909196+00:00;Spain - La Liga;Real Sociedad vs Atletico Madrid;spread;away;-0.0;1.952;1.699;12.96;5.94;1635208802
2026-09-13T13:08:21.909628+00:00;Spain - La Liga;Real Sociedad vs Atletico Madrid;total;over;4.5;1.909;1.8;5.71;5.94;1635208802
2026-09-13T13:08:35.560231+00:00;Poland - Ekstraklasa;Legia Warsaw vs Widzew Lodz;spread;home;-0.5;1.87;1.719;8.07;2.44;1635941041
2026-09-13T13:09:10.865595+00:00;Brazil - Serie B;Fortaleza vs Ceara;spread;home;-0.5;1.952;1.735;11.12;8.44;1636007562
2026-09-13T13:09:19.124009+00:00;Belgium - Challenger Pro League;RFC Liege vs Club NXT;spread;home;-0.5;1.952;1.775;9.07;0.94;1635992367
2026-09-13T13:09:51.001166+00:00;Spain - Segunda Division;Tenerife vs Leganes;spread;home;0.0;2.02;1.671;17.28;5.93;1636007501
2026-09-13T13:09:51.001756+00:00;Spain - Segunda Division;Tenerife vs Leganes;spread;away;-0.0;2.3;1.741;24.30;5.93;1636007501
2026-09-13T13:09:58.711504+00:00;France - Ligue 1;Le Mans vs Lens;spread;away;-1.0;2.08;1.794;13.75;2.18;1635197920
2026-09-13T13:10:04.808412+00:00;Slovenia - Prva Liga;Radomlje vs Maribor;spread;away;-1.0;2.01;1.8;10.45;5.18;1636007223
2026-09-13T13:10:13.022269+00:00;Germany - Bundesliga;RB Leipzig vs Hamburger SV;spread;home;-1.5;2.05;1.781;13.12;0.43;1635197880
2026-09-13T13:10:42.595783+00:00;USA - Major League Soccer;San Diego FC vs Philadelphia Union;spread;home;0.0;2.05;1.806;11.90;11.93;1635501647
2026-09-13T13:10:47.712081+00:00;Nigeria - NPFL;Niger Tornadoes vs Plateau United;spread;home;-1.0;1.98;1.781;10.05;1.92;1636090414
2026-09-13T13:11:01.279484+00:00;Greece - Super League;Kalamata vs Volos;spread;away;0.5;1.952;1.714;12.19;1.92;1635419353
2026-09-13T13:11:01.280068+00:00;Greece - Super League;Kalamata vs Volos;spread;home;-0.5;2.02;1.769;12.43;1.92;1635419353
2026-09-13T13:11:28.496302+00:00;Turkey - Super League;Amedspor vs Istanbul Basaksehir;spread;away;0.5;1.893;1.735;8.35;3.92;1635932693
2026-09-13T13:11:46.881029+00:00;Ecuador - Serie A;Leones del Norte vs Tecnico Universitario;spread;away;0.5;2.0;1.82;9.00;4.92;1636021003
2026-09-13T13:11:46.881607+00:00;Ecuador - Serie A;Leones del Norte vs Tecnico Universitario;spread;home;-0.5;2.05;1.714;16.39;4.92;1636021003
2026-09-13T13:11:47.527694+00:00;Ecuador - Serie A;Libertad FC vs Independiente del Valle;spread;home;0.5;1.893;1.735;8.35;9.92;1636020886
2026-09-13T13:12:03.226231+00:00;Norway - Eliteserien;Fredrikstad vs Sarpsborg 08;spread;away;-0.0;2.06;1.775;13.83;4.16;1635932694
2026-09-13T13:17:33.469271+00:00;Turkey - 1st League;Sivasspor vs Muglaspor;spread;home;-0.5;2.07;1.826;11.79;0.76;1635995288
2026-09-13T13:17:34.174082+00:00;Turkey - 1st League;Igdir Belediyespor vs Mardin 1969;spread;home;-0.5;2.03;1.8;11.33;0.76;1636072198
2026-09-13T13:17:34.174636+00:00;Turkey - 1st League;Igdir Belediyespor vs Mardin 1969;spread;away;0.5;1.935;1.709;11.68;0.76;1636072198
2026-09-13T13:17:37.132197+00:00;Brazil - Serie A;Flamengo vs Corinthians;spread;away;1.5;2.06;1.82;11.65;7.26;1635256670
2026-09-13T13:17:38.319899+00:00;Argentina - Liga Pro;Sarmiento de Junin vs Belgrano;spread;home;0.0;2.21;1.962;11.22;4.51;1635208823
2026-09-13T13:17:39.879444+00:00;Argentina - Liga Pro;Huracan vs Racing Club;spread;away;-0.0;2.09;1.917;8.28;11.26;1635205176
2026-09-13T13:17:39.880090+00:00;Argentina - Liga Pro;Huracan vs Racing Club;spread;away;-0.0;2.09;1.893;9.43;11.26;1635205176
2026-09-13T13:18:11.072261+00:00;Norway - 1st Division;Egersunds vs Kongsvinger;spread;home;0.5;1.952;1.794;8.09;1.76;1635932688
2026-09-13T13:18:11.072830+00:00;Norway - 1st Division;Egersunds vs Kongsvinger;spread;away;-0.5;1.943;1.775;8.65;1.76;1635932688
2026-09-13T13:18:14.855155+00:00;Norway - 1st Division;Moss vs Haugesund;spread;away;-0.5;1.99;1.781;10.50;1.76;1635941046
2026-09-13T13:18:27.476709+00:00;Mexico - Liga MX;Santos Laguna vs FC Juarez;spread;home;-0.5;2.03;1.82;10.34;11.76;1635711838
2026-09-13T13:18:29.620666+00:00;Belgium - Pro League;Zulte Waregem vs Charleroi;spread;home;0.0;2.03;1.84;9.36;3.26;1635941045
2026-09-13T13:18:36.142530+00:00;Portugal - Primeira Liga;Arouca vs Santa Clara;spread;away;-0.0;2.03;1.833;9.70;3.76;1635941201
2026-09-13T13:18:40.247601+00:00;Portugal - Primeira Liga;Famalicao vs Sporting CP;spread;home;1.0;2.11;1.763;16.45;6.26;1635941094
2026-09-13T13:18:52.724214+00:00;Switzerland - Super League;Lausanne-Sport vs Servette;spread;home;0.0;2.25;1.98;12.00;1.25;1635992381
2026-09-13T13:18:58.087713+00:00;Uruguay - Primera Division;Penarol vs Albion;spread;away;1.0;2.05;1.862;9.17;9.25;1636007194
2026-09-13T13:19:05.034468+00:00;Russia - Premier League;Krasnodar vs Akron Togliatti;spread;home;-1.5;2.07;1.813;12.42;3.25;1635071616
2026-09-13T13:19:14.268123+00:00;Netherlands - Eredivisie;PSV vs Sparta Rotterdam;spread;home;-2.5;2.01;1.781;11.39;4.75;1635196879
2026-09-13T13:19:20.544571+00:00;Italy - Serie B;Mantova vs Sampdoria;spread;home;-0.5;2.02;1.781;11.83;2.00;1635941146
2026-09-13T13:19:20.545114+00:00;Italy - Serie B;Mantova vs Sampdoria;spread;away;0.5;1.98;1.746;11.82;2.00;1635941146
2026-09-13T13:19:24.627047+00:00;Chile - Primera Division;Universidad de Concepcion vs Huachipato;spread;home;-0.5;2.02;1.725;14.60;2.25;1635941108
2026-09-13T13:19:29.875651+00:00;Argentina - Primera B Nacional;Racing de Cordoba vs Deportivo Moron;spread;home;-0.5;1.99;1.758;11.66;5.75;1636019361
2026-09-13T13:19:29.876237+00:00;Argentina - Primera B Nacional;Racing de Cordoba vs Deportivo Moron;spread;away;0.5;1.962;1.725;12.08;5.75;1636019361
2026-09-13T13:19:35.429808+00:00;Colombia - Primera A;Deportivo Pereira vs Atletico Bucaramanga;spread;home;0.5;1.885;1.725;8.49;5.75;1635842413
2026-09-13T13:19:35.430508+00:00;Colombia - Primera A;Deportivo Pereira vs Atletico Bucaramanga;spread;away;-0.5;2.04;1.826;10.49;5.75;1635842413
2026-09-13T13:19:38.267368+00:00;Colombia - Primera A;Once Caldas vs Deportivo Cali;spread;home;-0.5;2.08;1.87;10.10;9.91;1636021002
2026-09-13T13:19:41.025800+00:00;Denmark - Superliga;FC Nordsjaelland vs AGF;spread;away;0.5;2.08;1.847;11.20;2.75;1635720397
2026-09-13T13:19:58.888151+00:00;Spain - La Liga;Getafe vs Deportivo La Coruna;spread;away;-0.0;2.07;1.826;11.79;3.24;1635208789
2026-09-13T13:19:59.581615+00:00;Spain - La Liga;Real Sociedad vs Atletico Madrid;spread;home;0.0;2.07;1.847;10.77;5.74;1635208802
2026-09-13T13:19:59.582263+00:00;Spain - La Liga;Real Sociedad vs Atletico Madrid;total;under;4.5;2.03;1.87;7.88;5.74;1635208802
2026-09-13T13:19:59.582745+00:00;Spain - La Liga;Real Sociedad vs Atletico Madrid;spread;away;-0.0;1.952;1.699;12.96;5.74;1635208802
2026-09-13T13:19:59.583157+00:00;Spain - La Liga;Real Sociedad vs Atletico Madrid;total;over;4.5;1.909;1.8;5.71;5.74;1635208802
2026-09-13T13:20:15.094678+00:00;Poland - Ekstraklasa;Legia Warsaw vs Widzew Lodz;spread;home;-0.5;1.87;1.719;8.07;2.24;1635941041
2026-09-13T13:20:48.175216+00:00;Brazil - Serie B;Fortaleza vs Ceara;spread;home;-0.5;1.952;1.735;11.12;8.24;1636007562
2026-09-13T13:20:55.599674+00:00;Belgium - Challenger Pro League;RFC Liege vs Club NXT;spread;home;-0.5;1.952;1.775;9.07;0.73;1635992367
2026-09-13T13:21:24.836460+00:00;Spain - Segunda Division;Tenerife vs Leganes;spread;home;0.0;2.02;1.671;17.28;5.73;1636007501
2026-09-13T13:21:24.837119+00:00;Spain - Segunda Division;Tenerife vs Leganes;spread;away;-0.0;2.3;1.741;24.30;5.73;1636007501
2026-09-13T13:21:32.901115+00:00;France - Ligue 1;Le Mans vs Lens;spread;away;-1.0;2.08;1.794;13.75;1.98;1635197920
2026-09-13T13:21:38.375220+00:00;Slovenia - Prva Liga;Radomlje vs Maribor;spread;away;-1.0;2.0;1.8;10.00;4.98;1636007223
2026-09-13T13:21:47.779625+00:00;Germany - Bundesliga;RB Leipzig vs Hamburger SV;spread;home;-1.5;2.01;1.781;11.39;0.23;1635197880
2026-09-13T13:22:16.105015+00:00;USA - Major League Soccer;San Diego FC vs Philadelphia Union;spread;home;0.0;2.06;1.806;12.33;11.72;1635501647
2026-09-13T13:22:19.695891+00:00;USA - Major League Soccer;San Diego FC vs Philadelphia Union;total;over;4.5;2.0;1.901;4.95;11.72;1635501647
2026-09-13T13:22:38.663816+00:00;Greece - Super League;Kalamata vs Volos;spread;home;-0.5;2.02;1.775;12.13;1.72;1635419353
2026-09-13T13:22:38.664464+00:00;Greece - Super League;Kalamata vs Volos;spread;away;0.5;1.962;1.719;12.39;1.72;1635419353
2026-09-13T13:23:04.758721+00:00;Turkey - Super League;Amedspor vs Istanbul Basaksehir;spread;away;0.5;1.893;1.735;8.35;3.72;1635932693
2026-09-13T13:23:23.620388+00:00;Ecuador - Serie A;Leones del Norte vs Tecnico Universitario;spread;away;0.5;2.0;1.82;9.00;4.71;1636021003
2026-09-13T13:23:23.621084+00:00;Ecuador - Serie A;Leones del Norte vs Tecnico Universitario;spread;home;-0.5;2.05;1.714;16.39;4.71;1636021003
2026-09-13T13:23:24.419411+00:00;Ecuador - Serie A;Libertad FC vs Independiente del Valle;spread;home;0.5;1.893;1.735;8.35;9.71;1636020886
2026-09-13T13:23:40.842886+00:00;Norway - Eliteserien;Fredrikstad vs Sarpsborg 08;spread;away;-0.0;2.06;1.775;13.83;3.96;1635932694
2026-09-13T13:29:10.048163+00:00;Turkey - 1st League;Igdir Belediyespor vs Mardin 1969;spread;home;-0.5;2.03;1.8;11.33;0.57;1636072198
2026-09-13T13:29:10.048897+00:00;Turkey - 1st League;Igdir Belediyespor vs Mardin 1969;spread;away;0.5;1.935;1.709;11.68;0.57;1636072198
2026-09-13T13:29:15.165962+00:00;Argentina - Liga Pro;Sarmiento de Junin vs Belgrano;spread;home;0.0;2.21;1.962;11.22;4.32;1635208823
2026-09-13T13:29:15.874353+00:00;Argentina - Liga Pro;Huracan vs Racing Club;spread;away;-0.0;2.09;1.917;8.28;11.07;1635205176
2026-09-13T13:29:15.874989+00:00;Argentina - Liga Pro;Huracan vs Racing Club;spread;away;-0.0;2.09;1.893;9.43;11.07;1635205176
2026-09-13T13:29:45.021029+00:00;Norway - 1st Division;Moss vs Haugesund;spread;away;-0.5;1.99;1.781;10.50;1.57;1635941046
2026-09-13T13:29:49.515252+00:00;Norway - 1st Division;Egersunds vs Kongsvinger;spread;home;0.5;1.952;1.794;8.09;1.57;1635932688
2026-09-13T13:29:49.515813+00:00;Norway - 1st Division;Egersunds vs Kongsvinger;spread;away;-0.5;1.943;1.775;8.65;1.57;1635932688
2026-09-13T13:29:57.161006+00:00;Mexico - Liga MX;Santos Laguna vs FC Juarez;spread;home;-0.5;2.03;1.82;10.34;11.56;1635711838
2026-09-13T13:30:08.696836+00:00;Portugal - Primeira Liga;Famalicao vs Sporting CP;spread;home;1.0;2.08;1.769;14.95;6.06;1635941094
2026-09-13T13:30:09.862655+00:00;Portugal - Primeira Liga;Arouca vs Santa Clara;spread;away;-0.0;2.03;1.833;9.70;3.56;1635941201
2026-09-13T13:30:09.863328+00:00;Portugal - Primeira Liga;Arouca vs Santa Clara;spread;away;-0.0;2.03;1.84;9.36;3.56;1635941201
2026-09-13T13:30:24.139348+00:00;Switzerland - Super League;Lausanne-Sport vs Servette;spread;home;0.0;2.25;1.98;12.00;1.06;1635992381
2026-09-13T13:30:28.280352+00:00;Uruguay - Primera Division;Penarol vs Albion;spread;away;1.0;2.05;1.862;9.17;9.06;1636007194
2026-09-13T13:30:36.687451+00:00;Russia - Premier League;Krasnodar vs Akron Togliatti;spread;home;-1.5;2.07;1.813;12.42;3.06;1635071616
2026-09-13T13:30:46.244317+00:00;Netherlands - Eredivisie;PSV vs Sparta Rotterdam;spread;home;-2.5;2.0;1.781;10.95;4.56;1635196879
2026-09-13T13:30:51.698173+00:00;Italy - Serie B;Mantova vs Sampdoria;spread;away;0.5;1.98;1.752;11.52;1.81;1635941146
2026-09-13T13:30:55.374021+00:00;Chile - Primera Division;Universidad de Concepcion vs Huachipato;spread;home;-0.5;2.02;1.725;14.60;2.06;1635941108
2026-09-13T13:31:02.975220+00:00;Argentina - Primera B Nacional;Racing de Cordoba vs Deportivo Moron;spread;home;-0.5;1.99;1.758;11.66;5.56;1636019361
2026-09-13T13:31:02.975806+00:00;Argentina - Primera B Nacional;Racing de Cordoba vs Deportivo Moron;spread;away;0.5;1.962;1.725;12.08;5.56;1636019361
2026-09-13T13:31:05.891752+00:00;Colombia - Primera A;Deportivo Pereira vs Atletico Bucaramanga;spread;home;0.5;1.885;1.725;8.49;5.55;1635842413
2026-09-13T13:31:05.892546+00:00;Colombia - Primera A;Deportivo Pereira vs Atletico Bucaramanga;spread;away;-0.5;2.04;1.826;10.49;5.55;1635842413
2026-09-13T13:31:07.957352+00:00;Colombia - Primera A;Once Caldas vs Deportivo Cali;spread;home;-0.5;2.08;1.87;10.10;9.72;1636021002
2026-09-13T13:31:12.959646+00:00;Denmark - Superliga;FC Nordsjaelland vs AGF;spread;away;0.5;2.08;1.847;11.20;2.55;1635720397
2026-09-13T13:31:29.501897+00:00;Spain - La Liga;Real Sociedad vs Atletico Madrid;spread;home;0.0;2.07;1.847;10.77;5.55;1635208802
2026-09-13T13:31:32.929873+00:00;Spain - La Liga;Real Sociedad vs Atletico Madrid;total;under;4.5;2.03;1.87;7.88;5.55;1635208802
2026-09-13T13:31:32.930440+00:00;Spain - La Liga;Real Sociedad vs Atletico Madrid;spread;away;-0.0;1.952;1.699;12.96;5.55;1635208802
2026-09-13T13:31:32.931094+00:00;Spain - La Liga;Real Sociedad vs Atletico Madrid;total;over;4.5;1.909;1.8;5.71;5.55;1635208802
2026-09-13T13:31:35.209317+00:00;Spain - La Liga;Getafe vs Deportivo La Coruna;spread;away;-0.0;2.1;1.826;13.05;3.05;1635208789
2026-09-13T13:31:47.608869+00:00;Poland - Ekstraklasa;Legia Warsaw vs Widzew Lodz;spread;home;-0.5;1.87;1.719;8.07;2.05;1635941041
2026-09-13T13:32:23.060388+00:00;Brazil - Serie B;Fortaleza vs Ceara;spread;home;-0.5;1.952;1.735;11.12;8.04;1636007562
2026-09-13T13:32:30.230897+00:00;Belgium - Challenger Pro League;RFC Liege vs Club NXT;spread;home;-0.5;1.952;1.775;9.07;0.54;1635992367
2026-09-13T13:33:02.428820+00:00;Spain - Segunda Division;Tenerife vs Leganes;spread;home;0.0;2.02;1.671;17.28;5.54;1636007501
2026-09-13T13:33:02.429474+00:00;Spain - Segunda Division;Tenerife vs Leganes;spread;away;-0.0;2.3;1.741;24.30;5.54;1636007501
2026-09-13T13:33:08.785179+00:00;France - Ligue 1;Le Mans vs Lens;spread;away;-1.0;2.08;1.794;13.75;1.79;1635197920
2026-09-13T13:33:13.940560+00:00;Slovenia - Prva Liga;Radomlje vs Maribor;spread;away;-1.0;2.0;1.8;10.00;4.79;1636007223
2026-09-13T13:33:21.864700+00:00;Germany - Bundesliga;RB Leipzig vs Hamburger SV;spread;home;-1.5;2.01;1.781;11.39;0.03;1635197880
2026-09-13T13:33:48.790277+00:00;USA - Major League Soccer;San Diego FC vs Philadelphia Union;spread;home;0.0;2.06;1.806;12.33;11.53;1635501647
2026-09-13T13:33:48.790807+00:00;USA - Major League Soccer;San Diego FC vs Philadelphia Union;total;over;4.5;2.0;1.901;4.95;11.53;1635501647
2026-09-13T13:34:03.171311+00:00;Greece - Super League;Kalamata vs Volos;spread;home;-0.5;2.03;1.775;12.56;1.53;1635419353
2026-09-13T13:34:06.337989+00:00;Greece - Super League;Kalamata vs Volos;spread;away;0.5;1.962;1.719;12.39;1.53;1635419353
2026-09-13T13:34:37.884169+00:00;Turkey - Super League;Amedspor vs Istanbul Basaksehir;spread;away;0.5;1.893;1.735;8.35;3.52;1635932693
2026-09-13T13:34:55.679938+00:00;Ecuador - Serie A;Libertad FC vs Independiente del Valle;spread;home;0.5;1.893;1.735;8.35;9.52;1636020886
2026-09-13T13:34:57.027429+00:00;Ecuador - Serie A;Leones del Norte vs Tecnico Universitario;spread;away;0.5;2.0;1.82;9.00;4.52;1636021003
2026-09-13T13:34:57.028082+00:00;Ecuador - Serie A;Leones del Norte vs Tecnico Universitario;spread;home;-0.5;2.05;1.714;16.39;4.52;1636021003
2026-09-13T13:35:12.686468+00:00;Norway - Eliteserien;Fredrikstad vs Sarpsborg 08;spread;away;-0.0;2.06;1.775;13.83;3.77;1635932694
2026-09-13T13:40:27.765821+00:00;Turkey - Super League;Amedspor vs Istanbul Basaksehir;spread;away;0.5;1.893;1.735;8.35;3.38;1635932693
2026-09-13T13:40:37.668735+00:00;Slovenia - Prva Liga;Radomlje vs Maribor;spread;away;-1.0;2.0;1.8;10.00;4.62;1636007223
2026-09-13T13:40:46.423774+00:00;Greece - Super League;Kalamata vs Volos;spread;home;-0.5;2.03;1.775;12.56;1.37;1635419353
2026-09-13T13:40:46.424380+00:00;Greece - Super League;Kalamata vs Volos;spread;away;0.5;1.962;1.719;12.39;1.37;1635419353
2026-09-13T13:41:04.714951+00:00;Ecuador - Serie A;Libertad FC vs Independiente del Valle;spread;home;0.5;1.893;1.735;8.35;9.37;1636020886
2026-09-13T13:41:05.408418+00:00;Ecuador - Serie A;Leones del Norte vs Tecnico Universitario;spread;away;0.5;2.0;1.82;9.00;4.37;1636021003
2026-09-13T13:41:05.409014+00:00;Ecuador - Serie A;Leones del Norte vs Tecnico Universitario;spread;home;-0.5;2.05;1.714;16.39;4.37;1636021003
2026-09-13T13:41:07.390242+00:00;Netherlands - Eredivisie;PSV vs Sparta Rotterdam;spread;home;-2.5;1.98;1.781;10.05;4.37;1635196879
2026-09-13T13:41:11.079816+00:00;Chile - Primera Division;Universidad de Concepcion vs Huachipato;spread;home;-0.5;2.02;1.725;14.60;1.87;1635941108
2026-09-13T13:41:13.245180+00:00;Uruguay - Primera Division;Penarol vs Albion;spread;away;1.0;2.05;1.862;9.17;8.87;1636007194
2026-09-13T13:41:22.316890+00:00;Norway - Eliteserien;Fredrikstad vs Sarpsborg 08;spread;away;-0.0;2.06;1.775;13.83;3.62;1635932694
2026-09-13T13:41:37.372433+00:00;Belgium - Challenger Pro League;RFC Liege vs Club NXT;spread;home;-0.5;1.952;1.775;9.07;0.37;1635992367
2026-09-13T13:41:40.669420+00:00;Argentina - Primera B Nacional;Racing de Cordoba vs Deportivo Moron;spread;home;-0.5;1.99;1.758;11.66;5.37;1636019361
2026-09-13T13:41:40.670132+00:00;Argentina - Primera B Nacional;Racing de Cordoba vs Deportivo Moron;spread;away;0.5;1.962;1.725;12.08;5.37;1636019361
2026-09-13T13:42:08.494645+00:00;France - Ligue 1;Le Mans vs Lens;spread;away;-1.0;2.08;1.794;13.75;1.61;1635197920
2026-09-13T13:42:16.544190+00:00;Switzerland - Super League;Lausanne-Sport vs Servette;spread;home;0.0;2.25;1.971;12.40;0.86;1635992381
2026-09-13T13:42:18.562685+00:00;Argentina - Liga Pro;Sarmiento de Junin vs Belgrano;spread;home;0.0;2.21;1.962;11.22;4.11;1635208823
2026-09-13T13:42:19.733815+00:00;Argentina - Liga Pro;Huracan vs Racing Club;spread;away;-0.0;2.09;1.917;8.28;10.86;1635205176
2026-09-13T13:42:19.734335+00:00;Argentina - Liga Pro;Huracan vs Racing Club;spread;away;-0.0;2.09;1.893;9.43;10.86;1635205176
2026-09-13T13:42:27.735591+00:00;Spain - Primera Federacion;Deportivo Fabril vs Ponferradina;spread;home;0.0;1.952;1.758;9.94;0.36;1635995392
2026-09-13T13:42:49.248569+00:00;Turkey - 1st League;Igdir Belediyespor vs Mardin 1969;spread;away;0.5;1.935;1.709;11.68;0.35;1636072198
2026-09-13T13:42:49.249097+00:00;Turkey - 1st League;Igdir Belediyespor vs Mardin 1969;spread;home;-0.5;2.03;1.8;11.33;0.35;1636072198
2026-09-13T13:42:51.812551+00:00;Czech Republic - 3. Liga;Polanka nad Odrou vs Vsetin;spread;away;-0.0;2.17;1.909;12.03;0.35;1635995389
2026-09-13T13:42:56.878008+00:00;Spain - La Liga;Real Sociedad vs Atletico Madrid;spread;home;0.0;2.07;1.847;10.77;5.35;1635208802
2026-09-13T13:42:56.878574+00:00;Spain - La Liga;Real Sociedad vs Atletico Madrid;spread;home;0.0;2.07;1.833;11.45;5.35;1635208802
2026-09-13T13:42:56.879127+00:00;Spain - La Liga;Real Sociedad vs Atletico Madrid;total;under;4.5;2.03;1.87;7.88;5.35;1635208802
2026-09-13T13:42:56.879713+00:00;Spain - La Liga;Real Sociedad vs Atletico Madrid;spread;away;-0.0;1.952;1.699;12.96;5.35;1635208802
2026-09-13T13:42:56.880121+00:00;Spain - La Liga;Real Sociedad vs Atletico Madrid;total;over;4.5;1.909;1.8;5.71;5.35;1635208802
2026-09-13T13:42:57.607338+00:00;Spain - La Liga;Getafe vs Deportivo La Coruna;spread;away;-0.0;2.1;1.826;13.05;2.85;1635208789
2026-09-13T13:43:41.264678+00:00;Denmark - Superliga;FC Nordsjaelland vs AGF;spread;away;0.5;2.08;1.847;11.20;2.34;1635720397
2026-09-13T13:44:06.689288+00:00;Russia - Premier League;Krasnodar vs Akron Togliatti;spread;home;-1.5;2.07;1.813;12.42;2.84;1635071616
2026-09-13T13:44:08.866804+00:00;USA - Major League Soccer;San Diego FC vs Philadelphia Union;spread;home;0.0;2.06;1.806;12.33;11.34;1635501647
2026-09-13T13:44:08.867499+00:00;USA - Major League Soccer;San Diego FC vs Philadelphia Union;total;over;4.5;2.0;1.901;4.95;11.34;1635501647
2026-09-13T13:44:11.125455+00:00;Colombia - Primera A;Once Caldas vs Deportivo Cali;spread;home;-0.5;2.08;1.87;10.10;9.51;1636021002
2026-09-13T13:44:12.251089+00:00;Colombia - Primera A;Deportivo Pereira vs Atletico Bucaramanga;spread;home;0.5;1.885;1.725;8.49;5.34;1635842413
2026-09-13T13:44:12.251816+00:00;Colombia - Primera A;Deportivo Pereira vs Atletico Bucaramanga;spread;away;-0.5;2.04;1.826;10.49;5.34;1635842413
2026-09-13T13:44:13.228023+00:00;Brazil - Serie B;Fortaleza vs Ceara;spread;home;-0.5;1.952;1.735;11.12;7.84;1636007562
2026-09-13T13:44:39.941278+00:00;Mexico - Liga MX;Santos Laguna vs FC Juarez;spread;home;-0.5;2.03;1.82;10.34;11.34;1635711838
2026-09-13T13:45:11.286204+00:00;Spain - Segunda Division;Tenerife vs Leganes;spread;home;0.0;2.02;1.671;17.28;5.34;1636007501
2026-09-13T13:45:11.286841+00:00;Spain - Segunda Division;Tenerife vs Leganes;spread;away;-0.0;2.3;1.741;24.30;5.34;1636007501
2026-09-13T13:45:24.158887+00:00;Argentina - Torneo Federal A;9 de Julio Rafaela vs Bartolome Mitre;spread;away;1.0;1.917;1.763;8.03;6.34;1636229546
2026-09-13T13:45:39.925585+00:00;Norway - 1st Division;Egersunds vs Kongsvinger;spread;home;0.5;1.952;1.794;8.09;1.33;1635932688
2026-09-13T13:45:39.926250+00:00;Norway - 1st Division;Egersunds vs Kongsvinger;spread;away;-0.5;1.943;1.775;8.65;1.33;1635932688
2026-09-13T13:45:43.656433+00:00;Norway - 1st Division;Moss vs Haugesund;spread;away;-0.5;1.99;1.781;10.50;1.33;1635941046
2026-09-13T13:46:09.894098+00:00;Portugal - Primeira Liga;Arouca vs Santa Clara;spread;away;-0.0;2.03;1.833;9.70;3.33;1635941201
2026-09-13T13:46:09.894656+00:00;Portugal - Primeira Liga;Arouca vs Santa Clara;spread;away;-0.0;2.03;1.84;9.36;3.33;1635941201
2026-09-13T13:46:15.449763+00:00;Portugal - Primeira Liga;Famalicao vs Sporting CP;spread;home;1.0;2.08;1.775;14.66;5.83;1635941094
2026-09-13T13:51:35.995575+00:00;Portugal - Primeira Liga;Arouca vs Santa Clara;spread;away;-0.0;2.03;1.833;9.70;3.19;1635941201
2026-09-13T13:51:36.596675+00:00;Portugal - Primeira Liga;Famalicao vs Sporting CP;spread;home;1.0;2.08;1.775;14.66;5.69;1635941094
2026-09-13T13:51:42.738930+00:00;Argentina - Liga Pro;Sarmiento de Junin vs Belgrano;spread;home;0.0;2.21;1.962;11.22;3.94;1635208823
2026-09-13T13:51:43.405255+00:00;Argentina - Liga Pro;Huracan vs Racing Club;spread;away;-0.0;2.09;1.917;8.28;10.69;1635205176
2026-09-13T13:51:43.405790+00:00;Argentina - Liga Pro;Huracan vs Racing Club;spread;away;-0.0;2.09;1.893;9.43;10.69;1635205176
2026-09-13T13:51:52.852887+00:00;Ecuador - Serie A;Leones del Norte vs Tecnico Universitario;spread;away;0.5;2.0;1.82;9.00;4.19;1636021003
2026-09-13T13:51:52.853463+00:00;Ecuador - Serie A;Leones del Norte vs Tecnico Universitario;spread;home;-0.5;2.05;1.714;16.39;4.19;1636021003
2026-09-13T13:51:54.541230+00:00;France - Ligue 1;Le Mans vs Lens;spread;away;-1.0;2.08;1.794;13.75;1.44;1635197920
2026-09-13T13:52:12.708994+00:00;Spain - Segunda Division;Tenerife vs Leganes;spread;home;0.0;2.02;1.671;17.28;5.19;1636007501
2026-09-13T13:52:12.709772+00:00;Spain - Segunda Division;Tenerife vs Leganes;spread;away;-0.0;2.3;1.741;24.30;5.19;1636007501
2026-09-13T13:52:24.627232+00:00;Brazil - Serie B;Fortaleza vs Ceara;spread;home;-0.5;1.952;1.735;11.12;7.68;1636007562
2026-09-13T13:52:30.897875+00:00;Argentina - Primera B Nacional;Racing de Cordoba vs Deportivo Moron;spread;home;-0.5;1.99;1.758;11.66;5.18;1636019361
2026-09-13T13:52:30.898617+00:00;Argentina - Primera B Nacional;Racing de Cordoba vs Deportivo Moron;spread;away;0.5;1.962;1.725;12.08;5.18;1636019361
2026-09-13T13:52:39.880560+00:00;Turkey - Super League;Amedspor vs Istanbul Basaksehir;spread;away;0.5;1.893;1.735;8.35;3.18;1635932693
2026-09-13T13:52:57.357165+00:00;USA - Major League Soccer;San Diego FC vs Philadelphia Union;spread;home;0.0;2.06;1.806;12.33;11.18;1635501647
2026-09-13T13:52:57.357776+00:00;USA - Major League Soccer;San Diego FC vs Philadelphia Union;total;over;4.5;2.0;1.901;4.95;11.18;1635501647
2026-09-13T13:52:59.108125+00:00;Norway - 1st Division;Egersunds vs Kongsvinger;spread;home;0.5;1.952;1.794;8.09;1.18;1635932688
2026-09-13T13:52:59.108732+00:00;Norway - 1st Division;Egersunds vs Kongsvinger;spread;away;-0.5;1.943;1.775;8.65;1.18;1635932688
2026-09-13T13:53:03.344234+00:00;Norway - 1st Division;Moss vs Haugesund;spread;away;-0.5;1.99;1.781;10.50;1.18;1635941046
2026-09-13T13:53:10.011362+00:00;Norway - Eliteserien;Fredrikstad vs Sarpsborg 08;spread;away;-0.0;2.06;1.775;13.83;3.43;1635932694
2026-09-13T13:53:17.682704+00:00;Switzerland - Super League;Lausanne-Sport vs Servette;spread;home;0.0;2.25;1.971;12.40;0.68;1635992381
2026-09-13T13:54:19.839412+00:00;Netherlands - Eredivisie;PSV vs Sparta Rotterdam;spread;home;-2.5;1.971;1.781;9.64;4.17;1635196879
2026-09-13T13:54:37.694614+00:00;Turkey - 1st League;Igdir Belediyespor vs Mardin 1969;spread;away;0.5;1.935;1.709;11.68;0.17;1636072198
2026-09-13T13:54:37.695221+00:00;Turkey - 1st League;Igdir Belediyespor vs Mardin 1969;spread;home;-0.5;2.03;1.8;11.33;0.17;1636072198
2026-09-13T13:54:42.871737+00:00;Croatia - HNL;Hajduk Split vs Slaven Belupo;total;under;3.5;1.901;1.813;4.63;4.16;1636007214
2026-09-13T13:54:50.069723+00:00;England - Premier League;Manchester United vs Manchester City;total;under;4.5;1.813;1.73;4.58;1.66;1635132230
2026-09-13T13:55:00.637792+00:00;Denmark - Superliga;FC Nordsjaelland vs AGF;spread;away;0.5;2.08;1.847;11.20;2.16;1635720397
2026-09-13T13:55:05.769078+00:00;Greece - Super League;Kalamata vs Volos;spread;home;-0.5;2.03;1.775;12.56;1.16;1635419353
2026-09-13T13:55:05.769694+00:00;Greece - Super League;Kalamata vs Volos;spread;away;0.5;1.962;1.719;12.39;1.16;1635419353
2026-09-13T13:55:10.290356+00:00;Chile - Primera Division;Universidad de Concepcion vs Huachipato;spread;home;-0.5;2.02;1.73;14.36;1.66;1635941108
2026-09-13T13:55:24.861242+00:00;Mexico - Liga MX;Santos Laguna vs FC Juarez;spread;home;-0.5;2.03;1.82;10.34;11.16;1635711838
2026-09-13T13:55:32.844742+00:00;Russia - Premier League;Krasnodar vs Akron Togliatti;spread;home;-1.5;2.07;1.813;12.42;2.66;1635071616
2026-09-13T13:55:41.949334+00:00;Colombia - Primera A;Once Caldas vs Deportivo Cali;spread;home;-0.5;2.08;1.87;10.10;9.32;1636021002
2026-09-13T13:55:43.218032+00:00;Colombia - Primera A;Deportivo Pereira vs Atletico Bucaramanga;spread;home;0.5;1.885;1.725;8.49;5.16;1635842413
2026-09-13T13:55:43.218622+00:00;Colombia - Primera A;Deportivo Pereira vs Atletico Bucaramanga;spread;away;-0.5;2.04;1.826;10.49;5.16;1635842413
2026-09-13T13:56:23.105394+00:00;Brazil - Paraibano 2;Picuiense vs Spartax Joao Pessoa FC;total;under;3.5;1.901;1.794;5.63;4.15;1636537238
2026-09-13T13:56:35.058267+00:00;Spain - La Liga;Real Sociedad vs Atletico Madrid;spread;home;0.0;2.07;1.847;10.77;5.15;1635208802
2026-09-13T13:56:35.058857+00:00;Spain - La Liga;Real Sociedad vs Atletico Madrid;spread;home;0.0;2.07;1.833;11.45;5.15;1635208802
2026-09-13T13:56:38.464847+00:00;Spain - La Liga;Real Sociedad vs Atletico Madrid;total;under;4.5;2.03;1.87;7.88;5.15;1635208802
2026-09-13T13:56:38.465415+00:00;Spain - La Liga;Real Sociedad vs Atletico Madrid;spread;away;-0.0;1.952;1.699;12.96;5.15;1635208802
2026-09-13T13:56:38.465971+00:00;Spain - La Liga;Real Sociedad vs Atletico Madrid;total;over;4.5;1.909;1.787;6.39;5.15;1635208802
2026-09-13T13:56:39.302618+00:00;Spain - La Liga;Getafe vs Deportivo La Coruna;spread;away;-0.0;2.1;1.826;13.05;2.65;1635208789
2026-09-13T13:56:40.898497+00:00;Uruguay - Primera Division;Penarol vs Albion;spread;away;1.0;2.05;1.862;9.17;8.65;1636007194
2026-09-13T13:56:52.627574+00:00;Slovenia - Prva Liga;Radomlje vs Maribor;spread;away;-1.0;2.0;1.8;10.00;4.40;1636007223
2026-09-13T13:57:13.561187+00:00;Belgium - Challenger Pro League;RFC Liege vs Club NXT;spread;home;-0.5;2.05;1.775;13.41;0.15;1635992367
2026-09-13T13:57:25.658262+00:00;Belgium - Pro League;Zulte Waregem vs Charleroi;spread;home;0.0;2.03;1.84;9.36;2.64;1635941045
2026-09-13T14:02:47.656583+00:00;Turkey - 1st League;Igdir Belediyespor vs Mardin 1969;spread;away;0.5;1.935;1.709;11.68;0.00;1636072198
2026-09-13T14:02:47.657217+00:00;Turkey - 1st League;Igdir Belediyespor vs Mardin 1969;spread;home;-0.5;2.03;1.8;11.33;0.00;1636072198
2026-09-13T14:02:53.587230+00:00;Argentina - Liga Pro;Sarmiento de Junin vs Belgrano;spread;home;0.0;2.21;1.962;11.22;3.75;1635208823
2026-09-13T14:02:54.105851+00:00;Argentina - Liga Pro;Huracan vs Racing Club;spread;away;-0.0;2.09;1.917;8.28;10.50;1635205176
2026-09-13T14:02:54.106381+00:00;Argentina - Liga Pro;Huracan vs Racing Club;spread;away;-0.0;2.09;1.893;9.43;10.50;1635205176
2026-09-13T14:03:26.077432+00:00;Norway - 1st Division;Egersunds vs Kongsvinger;spread;home;0.5;1.952;1.794;8.09;1.00;1635932688
2026-09-13T14:03:26.078077+00:00;Norway - 1st Division;Egersunds vs Kongsvinger;spread;away;-0.5;1.943;1.775;8.65;1.00;1635932688
2026-09-13T14:03:26.842057+00:00;Norway - 1st Division;Moss vs Haugesund;spread;away;-0.5;1.99;1.781;10.50;1.00;1635941046
2026-09-13T14:03:33.928633+00:00;Mexico - Liga MX;Santos Laguna vs FC Juarez;spread;home;-0.5;2.03;1.82;10.34;11.00;1635711838
2026-09-13T14:03:36.510066+00:00;Belgium - Pro League;Zulte Waregem vs Charleroi;spread;home;0.0;2.03;1.84;9.36;2.50;1635941045
2026-09-13T14:03:43.279173+00:00;Portugal - Primeira Liga;Arouca vs Santa Clara;spread;away;-0.0;2.03;1.833;9.70;3.00;1635941201
2026-09-13T14:03:55.553332+00:00;Portugal - Primeira Liga;Famalicao vs Sporting CP;spread;home;1.0;2.09;1.775;15.07;5.50;1635941094
2026-09-13T14:04:02.509793+00:00;Switzerland - Super League;Lausanne-Sport vs Servette;spread;home;0.0;2.25;1.971;12.40;0.50;1635992381
2026-09-13T14:04:08.075286+00:00;Uruguay - Primera Division;Penarol vs Albion;spread;away;1.0;2.05;1.862;9.17;8.50;1636007194
2026-09-13T14:04:16.782741+00:00;Russia - Premier League;Krasnodar vs Akron Togliatti;spread;home;-1.5;2.07;1.813;12.42;2.50;1635071616
2026-09-13T14:04:19.741800+00:00;Netherlands - Eredivisie;PSV vs Sparta Rotterdam;spread;home;-2.5;1.971;1.781;9.64;3.99;1635196879
2026-09-13T14:04:26.931111+00:00;Chile - Primera Division;Universidad de Concepcion vs Huachipato;spread;home;-0.5;2.0;1.73;13.50;1.49;1635941108
2026-09-13T14:04:34.698114+00:00;Argentina - Primera B Nacional;Racing de Cordoba vs Deportivo Moron;spread;home;-0.5;1.99;1.758;11.66;4.99;1636019361
2026-09-13T14:04:34.698736+00:00;Argentina - Primera B Nacional;Racing de Cordoba vs Deportivo Moron;spread;away;0.5;1.962;1.725;12.08;4.99;1636019361
2026-09-13T14:04:44.693494+00:00;Colombia - Primera A;Deportivo Pereira vs Atletico Bucaramanga;spread;home;0.5;1.885;1.725;8.49;4.99;1635842413
2026-09-13T14:04:44.694123+00:00;Colombia - Primera A;Deportivo Pereira vs Atletico Bucaramanga;spread;away;-0.5;2.04;1.826;10.49;4.99;1635842413
2026-09-13T14:04:45.270019+00:00;Colombia - Primera A;Once Caldas vs Deportivo Cali;spread;home;-0.5;2.08;1.87;10.10;9.16;1636021002
2026-09-13T14:04:47.993217+00:00;Denmark - Superliga;FC Nordsjaelland vs AGF;spread;away;0.5;2.07;1.847;10.77;1.99;1635720397
2026-09-13T14:04:48.707926+00:00;England - Premier League;Manchester United vs Manchester City;total;over;4.5;2.13;1.971;7.46;1.49;1635132230
2026-09-13T14:04:48.708508+00:00;England - Premier League;Manchester United vs Manchester City;total;under;4.5;1.813;1.73;4.58;1.49;1635132230
2026-09-13T14:05:01.857781+00:00;Spain - La Liga;Real Sociedad vs Atletico Madrid;spread;home;0.0;2.07;1.847;10.77;4.99;1635208802
2026-09-13T14:05:01.858446+00:00;Spain - La Liga;Real Sociedad vs Atletico Madrid;total;under;4.5;2.05;1.87;8.78;4.99;1635208802
2026-09-13T14:05:01.858872+00:00;Spain - La Liga;Real Sociedad vs Atletico Madrid;spread;away;-0.0;1.952;1.699;12.96;4.99;1635208802
2026-09-13T14:05:01.859394+00:00;Spain - La Liga;Real Sociedad vs Atletico Madrid;total;over;4.5;1.909;1.787;6.39;4.99;1635208802
2026-09-13T14:05:02.570735+00:00;Spain - La Liga;Getafe vs Deportivo La Coruna;spread;away;-0.0;2.1;1.826;13.05;2.49;1635208789
2026-09-13T14:05:47.207591+00:00;Brazil - Serie B;Fortaleza vs Ceara;spread;home;-0.5;1.952;1.735;11.12;7.48;1636007562
2026-09-13T14:06:23.980736+00:00;Spain - Segunda Division;Tenerife vs Leganes;spread;home;0.0;2.02;1.671;17.28;4.98;1636007501
2026-09-13T14:06:23.981439+00:00;Spain - Segunda Division;Tenerife vs Leganes;spread;away;-0.0;2.3;1.741;24.30;4.98;1636007501
2026-09-13T14:06:31.767171+00:00;France - Ligue 1;Le Mans vs Lens;spread;away;-1.0;2.08;1.794;13.75;1.23;1635197920
2026-09-13T14:06:35.600294+00:00;Slovenia - Prva Liga;Radomlje vs Maribor;spread;away;-1.0;2.0;1.8;10.00;4.22;1636007223
2026-09-13T14:07:07.549288+00:00;USA - Major League Soccer;San Diego FC vs Philadelphia Union;spread;home;0.0;2.06;1.806;12.33;10.97;1635501647
2026-09-13T14:07:07.549794+00:00;USA - Major League Soccer;San Diego FC vs Philadelphia Union;total;over;4.5;2.0;1.901;4.95;10.97;1635501647
2026-09-13T14:07:13.101822+00:00;Brazil - Gaucho 2;Uniao Frederiquense vs Brasil de Pelotas;spread;away;-0.0;1.909;1.641;14.04;3.97;1636004890
2026-09-13T14:07:18.618940+00:00;Greece - Super League;Kalamata vs Volos;spread;home;-0.5;2.03;1.775;12.56;0.97;1635419353
2026-09-13T14:07:18.619563+00:00;Greece - Super League;Kalamata vs Volos;spread;away;0.5;1.962;1.719;12.39;0.97;1635419353
2026-09-13T14:07:51.707556+00:00;Turkey - Super League;Amedspor vs Istanbul Basaksehir;spread;away;0.5;1.893;1.735;8.35;2.96;1635932693
2026-09-13T14:08:07.312258+00:00;Ecuador - Serie A;Leones del Norte vs Tecnico Universitario;spread;away;0.5;2.0;1.82;9.00;3.96;1636021003
2026-09-13T14:08:07.312910+00:00;Ecuador - Serie A;Leones del Norte vs Tecnico Universitario;spread;home;-0.5;2.05;1.714;16.39;3.96;1636021003
2026-09-13T14:08:16.105897+00:00;Norway - Eliteserien;Fredrikstad vs Sarpsborg 08;spread;away;-0.0;2.06;1.775;13.83;3.21;1635932694
2026-09-13T14:13:34.638032+00:00;Argentina - Liga Pro;Sarmiento de Junin vs Belgrano;spread;home;0.0;2.21;1.962;11.22;3.57;1635208823
2026-09-13T14:13:36.749324+00:00;Argentina - Liga Pro;Huracan vs Racing Club;spread;away;-0.0;2.09;1.917;8.28;10.32;1635205176
2026-09-13T14:13:36.749934+00:00;Argentina - Liga Pro;Huracan vs Racing Club;spread;away;-0.0;2.09;1.893;9.43;10.32;1635205176
2026-09-13T14:13:45.216890+00:00;Norway - 1st Division;Moss vs Haugesund;spread;away;-0.5;1.99;1.781;10.50;0.82;1635941046
2026-09-13T14:13:46.426113+00:00;Norway - 1st Division;Egersunds vs Kongsvinger;spread;home;0.5;1.952;1.794;8.09;0.82;1635932688
2026-09-13T14:13:50.874814+00:00;Norway - 1st Division;Egersunds vs Kongsvinger;spread;away;-0.5;1.943;1.775;8.65;0.82;1635932688
2026-09-13T14:13:56.126001+00:00;Mexico - Liga MX;Santos Laguna vs FC Juarez;spread;home;-0.5;2.03;1.82;10.34;10.82;1635711838
2026-09-13T14:13:59.161340+00:00;Belgium - Pro League;Zulte Waregem vs Charleroi;spread;home;0.0;2.03;1.84;9.36;2.32;1635941045
2026-09-13T14:14:04.781728+00:00;Portugal - Primeira Liga;Famalicao vs Sporting CP;spread;home;1.0;2.09;1.775;15.07;5.32;1635941094
2026-09-13T14:14:06.576947+00:00;Portugal - Primeira Liga;Arouca vs Santa Clara;spread;away;-0.0;2.03;1.833;9.70;2.82;1635941201
2026-09-13T14:14:06.577579+00:00;Portugal - Primeira Liga;Arouca vs Santa Clara;spread;away;-0.0;2.03;1.84;9.36;2.82;1635941201
2026-09-13T14:14:13.260985+00:00;Switzerland - Super League;Lausanne-Sport vs Servette;spread;home;0.0;2.25;1.971;12.40;0.32;1635992381
2026-09-13T14:14:18.290296+00:00;Uruguay - Primera Division;Penarol vs Albion;spread;away;1.0;2.05;1.862;9.17;8.32;1636007194
2026-09-13T14:14:27.462342+00:00;Russia - Premier League;Krasnodar vs Akron Togliatti;spread;home;-1.5;2.06;1.813;11.99;2.32;1635071616
2026-09-13T14:14:30.784676+00:00;Netherlands - Eredivisie;PSV vs Sparta Rotterdam;spread;home;-2.5;2.03;1.781;12.27;3.82;1635196879
2026-09-13T14:14:39.699335+00:00;Chile - Primera Division;Universidad de Concepcion vs Huachipato;spread;home;-0.5;2.0;1.73;13.50;1.31;1635941108
2026-09-13T14:14:48.555396+00:00;Argentina - Primera B Nacional;Racing de Cordoba vs Deportivo Moron;spread;home;-0.5;1.99;1.758;11.66;4.81;1636019361
2026-09-13T14:14:48.556075+00:00;Argentina - Primera B Nacional;Racing de Cordoba vs Deportivo Moron;spread;away;0.5;1.962;1.725;12.08;4.81;1636019361
2026-09-13T14:14:51.894505+00:00;Colombia - Primera A;Once Caldas vs Deportivo Cali;spread;home;-0.5;2.08;1.87;10.10;8.98;1636021002
2026-09-13T14:14:53.957133+00:00;Colombia - Primera A;Deportivo Pereira vs Atletico Bucaramanga;spread;home;0.5;1.885;1.725;8.49;4.81;1635842413
2026-09-13T14:14:53.957839+00:00;Colombia - Primera A;Deportivo Pereira vs Atletico Bucaramanga;spread;away;-0.5;2.04;1.826;10.49;4.81;1635842413
2026-09-13T14:14:57.192106+00:00;England - Premier League;Manchester United vs Manchester City;total;over;4.5;2.13;1.971;7.46;1.31;1635132230
2026-09-13T14:14:57.192764+00:00;England - Premier League;Manchester United vs Manchester City;total;under;4.5;1.813;1.73;4.58;1.31;1635132230
2026-09-13T14:15:10.914864+00:00;Spain - La Liga;Real Sociedad vs Atletico Madrid;spread;home;0.0;2.07;1.847;10.77;4.81;1635208802
2026-09-13T14:15:14.176704+00:00;Spain - La Liga;Real Sociedad vs Atletico Madrid;total;under;4.5;2.05;1.87;8.78;4.81;1635208802
2026-09-13T14:15:14.177396+00:00;Spain - La Liga;Real Sociedad vs Atletico Madrid;spread;away;-0.0;1.952;1.699;12.96;4.81;1635208802
2026-09-13T14:15:14.177860+00:00;Spain - La Liga;Real Sociedad vs Atletico Madrid;total;over;4.5;1.909;1.787;6.39;4.81;1635208802
2026-09-13T14:15:15.404121+00:00;Spain - La Liga;Getafe vs Deportivo La Coruna;spread;away;-0.0;2.1;1.826;13.05;2.31;1635208789
2026-09-13T14:15:32.773761+00:00;Argentina - Torneo Federal A;FADEP Mendoza vs Deportivo Rincon;spread;home;-0.5;1.99;1.813;8.89;0.30;1636007530
2026-09-13T14:15:54.379888+00:00;Brazil - Serie B;Fortaleza vs Ceara;spread;home;-0.5;1.952;1.735;11.12;7.30;1636007562
2026-09-13T14:16:32.627339+00:00;Spain - Segunda Division;Tenerife vs Leganes;spread;home;0.0;2.02;1.671;17.28;4.80;1636007501
2026-09-13T14:16:32.628074+00:00;Spain - Segunda Division;Tenerife vs Leganes;spread;away;-0.0;2.3;1.741;24.30;4.80;1636007501
2026-09-13T14:16:41.085989+00:00;France - Ligue 1;Le Mans vs Lens;spread;away;-1.0;2.08;1.794;13.75;1.04;1635197920
2026-09-13T14:17:15.889175+00:00;USA - Major League Soccer;San Diego FC vs Philadelphia Union;spread;home;0.0;2.06;1.806;12.33;10.79;1635501647
2026-09-13T14:17:15.889778+00:00;USA - Major League Soccer;San Diego FC vs Philadelphia Union;total;over;4.5;2.0;1.901;4.95;10.79;1635501647
2026-09-13T14:17:30.292987+00:00;Greece - Super League;Kalamata vs Volos;spread;away;0.5;1.962;1.719;12.39;0.79;1635419353
2026-09-13T14:17:30.293549+00:00;Greece - Super League;Kalamata vs Volos;spread;home;-0.5;2.03;1.775;12.56;0.79;1635419353
2026-09-13T14:18:00.856835+00:00;Turkey - Super League;Amedspor vs Istanbul Basaksehir;spread;away;0.5;1.893;1.735;8.35;2.78;1635932693
2026-09-13T14:18:15.152620+00:00;Ecuador - Serie A;Leones del Norte vs Tecnico Universitario;spread;away;0.5;2.0;1.82;9.00;3.78;1636021003
2026-09-13T14:18:15.153297+00:00;Ecuador - Serie A;Leones del Norte vs Tecnico Universitario;spread;home;-0.5;2.05;1.714;16.39;3.78;1636021003
2026-09-13T14:18:25.139876+00:00;Norway - Eliteserien;Fredrikstad vs Sarpsborg 08;spread;away;-0.0;2.05;1.775;13.41;3.03;1635932694
2026-09-13T14:23:47.001174+00:00;Argentina - Liga Pro;Sarmiento de Junin vs Belgrano;spread;home;0.0;2.21;1.962;11.22;3.40;1635208823
2026-09-13T14:23:48.577759+00:00;Argentina - Liga Pro;Huracan vs Racing Club;spread;away;-0.0;2.09;1.917;8.28;10.15;1635205176
2026-09-13T14:23:48.578288+00:00;Argentina - Liga Pro;Huracan vs Racing Club;spread;away;-0.0;2.09;1.893;9.43;10.15;1635205176
2026-09-13T14:23:57.021955+00:00;Norway - 1st Division;Moss vs Haugesund;spread;away;-0.5;1.971;1.781;9.64;0.65;1635941046
2026-09-13T14:23:58.021844+00:00;Norway - 1st Division;Egersunds vs Kongsvinger;spread;home;0.5;1.952;1.794;8.09;0.65;1635932688
2026-09-13T14:23:58.022389+00:00;Norway - 1st Division;Egersunds vs Kongsvinger;spread;away;-0.5;1.943;1.775;8.65;0.65;1635932688
2026-09-13T14:24:06.582319+00:00;Mexico - Liga MX;Santos Laguna vs FC Juarez;spread;home;-0.5;2.03;1.82;10.34;10.65;1635711838
2026-09-13T14:24:08.698431+00:00;Belgium - Pro League;Zulte Waregem vs Charleroi;spread;home;0.0;2.03;1.84;9.36;2.15;1635941045
2026-09-13T14:24:13.644850+00:00;Portugal - Primeira Liga;Famalicao vs Sporting CP;spread;home;1.0;2.09;1.775;15.07;5.15;1635941094
2026-09-13T14:24:15.379911+00:00;Portugal - Primeira Liga;Arouca vs Santa Clara;spread;away;-0.0;2.03;1.833;9.70;2.65;1635941201
2026-09-13T14:24:15.380506+00:00;Portugal - Primeira Liga;Arouca vs Santa Clara;spread;away;-0.0;2.03;1.84;9.36;2.65;1635941201
2026-09-13T14:24:25.023120+00:00;Switzerland - Super League;Lausanne-Sport vs Servette;spread;home;0.0;2.25;1.971;12.40;0.15;1635992381
2026-09-13T14:24:25.023722+00:00;Switzerland - Super League;Lausanne-Sport vs Servette;spread;away;-0.5;2.1;1.901;9.48;0.15;1635992381
2026-09-13T14:24:31.531197+00:00;Uruguay - Primera Division;Penarol vs Albion;spread;away;1.0;2.05;1.862;9.17;8.15;1636007194
2026-09-13T14:24:39.991373+00:00;Russia - Premier League;Krasnodar vs Akron Togliatti;spread;home;-1.5;2.06;1.813;11.99;2.15;1635071616
2026-09-13T14:24:43.021030+00:00;Netherlands - Eredivisie;PSV vs Sparta Rotterdam;spread;home;-2.5;2.02;1.781;11.83;3.65;1635196879
2026-09-13T14:24:49.209891+00:00;Chile - Primera Division;Universidad de Concepcion vs Huachipato;spread;home;-0.5;2.0;1.73;13.50;1.14;1635941108
2026-09-13T14:24:59.080982+00:00;Argentina - Primera B Nacional;Racing de Cordoba vs Deportivo Moron;spread;home;-0.5;1.99;1.758;11.66;4.64;1636019361
2026-09-13T14:24:59.081564+00:00;Argentina - Primera B Nacional;Racing de Cordoba vs Deportivo Moron;spread;away;0.5;1.962;1.725;12.08;4.64;1636019361
2026-09-13T14:25:02.468247+00:00;Colombia - Primera A;Once Caldas vs Deportivo Cali;spread;home;-0.5;2.08;1.87;10.10;8.81;1636021002
2026-09-13T14:25:03.795269+00:00;Colombia - Primera A;Deportivo Pereira vs Atletico Bucaramanga;spread;home;0.5;1.885;1.725;8.49;4.64;1635842413
2026-09-13T14:25:03.796032+00:00;Colombia - Primera A;Deportivo Pereira vs Atletico Bucaramanga;spread;away;-0.5;2.04;1.826;10.49;4.64;1635842413
2026-09-13T14:25:06.288797+00:00;England - Premier League;Manchester United vs Manchester City;total;over;4.5;2.13;1.971;7.46;1.14;1635132230
2026-09-13T14:25:18.033451+00:00;Spain - La Liga;Getafe vs Deportivo La Coruna;spread;away;-0.0;2.1;1.826;13.05;2.14;1635208789
2026-09-13T14:25:19.250926+00:00;Spain - La Liga;Real Sociedad vs Atletico Madrid;spread;home;0.0;2.07;1.847;10.77;4.64;1635208802
2026-09-13T14:25:19.251672+00:00;Spain - La Liga;Real Sociedad vs Atletico Madrid;spread;home;0.0;2.07;1.833;11.45;4.64;1635208802
2026-09-13T14:25:19.252212+00:00;Spain - La Liga;Real Sociedad vs Atletico Madrid;total;under;4.5;2.05;1.87;8.78;4.64;1635208802
2026-09-13T14:25:19.252854+00:00;Spain - La Liga;Real Sociedad vs Atletico Madrid;spread;away;-0.0;1.952;1.699;12.96;4.64;1635208802
2026-09-13T14:25:19.253459+00:00;Spain - La Liga;Real Sociedad vs Atletico Madrid;total;over;4.5;1.909;1.787;6.39;4.64;1635208802
2026-09-13T14:25:59.623794+00:00;Brazil - Serie B;Fortaleza vs Ceara;spread;home;-0.5;1.952;1.735;11.12;7.13;1636007562
2026-09-13T14:26:35.593925+00:00;Spain - Segunda Division;Tenerife vs Leganes;spread;home;0.0;2.02;1.671;17.28;4.63;1636007501
2026-09-13T14:26:35.594604+00:00;Spain - Segunda Division;Tenerife vs Leganes;spread;away;-0.0;2.3;1.741;24.30;4.63;1636007501
2026-09-13T14:26:41.724129+00:00;France - Ligue 1;Le Mans vs Lens;spread;away;-1.0;2.06;1.794;12.91;0.87;1635197920
2026-09-13T14:27:18.635851+00:00;USA - Major League Soccer;San Diego FC vs Philadelphia Union;spread;home;0.0;2.06;1.806;12.33;10.62;1635501647
2026-09-13T14:27:18.636439+00:00;USA - Major League Soccer;San Diego FC vs Philadelphia Union;total;over;4.5;2.0;1.901;4.95;10.62;1635501647
2026-09-13T14:27:33.785024+00:00;Greece - Super League;Kalamata vs Volos;spread;away;0.5;1.962;1.719;12.39;0.62;1635419353
2026-09-13T14:27:33.785625+00:00;Greece - Super League;Kalamata vs Volos;spread;home;-0.5;2.03;1.775;12.56;0.62;1635419353
2026-09-13T14:28:02.603944+00:00;Turkey - Super League;Amedspor vs Istanbul Basaksehir;spread;away;0.5;1.893;1.735;8.35;2.61;1635932693
2026-09-13T14:28:15.567373+00:00;Ecuador - Serie A;Leones del Norte vs Tecnico Universitario;spread;away;0.5;2.0;1.82;9.00;3.61;1636021003
2026-09-13T14:28:15.568045+00:00;Ecuador - Serie A;Leones del Norte vs Tecnico Universitario;spread;home;-0.5;2.05;1.714;16.39;3.61;1636021003
2026-09-13T14:28:27.688273+00:00;Norway - Eliteserien;Fredrikstad vs Sarpsborg 08;spread;away;-0.0;2.06;1.775;13.83;2.86;1635932694
2026-09-13T14:33:30.402467+00:00;Netherlands - Eredivisie;PSV vs Sparta Rotterdam;spread;home;-2.5;2.02;1.781;11.83;3.49;1635196879
2026-09-13T14:33:33.249454+00:00;USA - Major League Soccer;San Diego FC vs Philadelphia Union;spread;home;0.0;2.06;1.806;12.33;10.49;1635501647
2026-09-13T14:33:33.249940+00:00;USA - Major League Soccer;San Diego FC vs Philadelphia Union;total;over;4.5;2.0;1.901;4.95;10.49;1635501647
2026-09-13T14:33:50.838646+00:00;Brazil - Paraibano 2;Picuiense vs Spartax Joao Pessoa FC;spread;home;0.5;1.855;1.699;8.41;3.49;1636537238
2026-09-13T14:34:33.666468+00:00;Brazil - Serie B;Fortaleza vs Ceara;spread;home;-0.5;1.952;1.735;11.12;6.98;1636007562
2026-09-13T14:35:35.287434+00:00;Norway - Eliteserien;Fredrikstad vs Sarpsborg 08;spread;away;-0.0;2.06;1.775;13.83;2.73;1635932694
2026-09-13T14:35:42.060214+00:00;Portugal - Primeira Liga;Arouca vs Santa Clara;spread;away;-0.0;2.03;1.833;9.70;2.47;1635941201
2026-09-13T14:35:42.838598+00:00;Portugal - Primeira Liga;Famalicao vs Sporting CP;spread;home;1.0;2.09;1.775;15.07;4.97;1635941094
2026-09-13T14:35:56.629459+00:00;Argentina - Liga Pro;Huracan vs Racing Club;spread;away;-0.0;2.09;1.917;8.28;9.97;1635205176
2026-09-13T14:35:56.630152+00:00;Argentina - Liga Pro;Huracan vs Racing Club;spread;away;-0.0;2.09;1.893;9.43;9.97;1635205176
2026-09-13T14:35:57.597804+00:00;Argentina - Liga Pro;CA Tigre vs Rosario Central;spread;home;0.0;2.13;1.952;8.36;3.22;1635205174
2026-09-13T14:35:58.353040+00:00;Argentina - Liga Pro;Sarmiento de Junin vs Belgrano;spread;home;0.0;2.21;1.962;11.22;3.22;1635208823
2026-09-13T14:36:25.378946+00:00;Argentina - Primera B Nacional;Racing de Cordoba vs Deportivo Moron;spread;home;-0.5;1.99;1.758;11.66;4.46;1636019361
2026-09-13T14:36:25.379531+00:00;Argentina - Primera B Nacional;Racing de Cordoba vs Deportivo Moron;spread;away;0.5;1.962;1.725;12.08;4.46;1636019361
2026-09-13T14:36:31.819224+00:00;England - Premier League;Manchester United vs Manchester City;total;over;4.5;2.12;1.971;7.03;0.96;1635132230
2026-09-13T14:36:37.179805+00:00;Germany - Bundesliga;Elversberg vs Bayern Munich;spread;home;2.5;2.06;1.862;9.61;0.96;1635197922
2026-09-13T14:36:39.621373+00:00;France - Ligue 1;Le Mans vs Lens;spread;away;-1.0;2.06;1.794;12.91;0.71;1635197920
2026-09-13T14:36:47.400764+00:00;Norway - 1st Division;Egersunds vs Kongsvinger;spread;home;0.5;1.952;1.794;8.09;0.46;1635932688
2026-09-13T14:36:49.347254+00:00;Norway - 1st Division;Moss vs Haugesund;spread;away;-0.5;1.971;1.781;9.64;0.46;1635941046
2026-09-13T14:37:01.040993+00:00;Russia - Premier League;Krasnodar vs Akron Togliatti;spread;home;-1.5;2.06;1.813;11.99;1.96;1635071616
2026-09-13T14:37:14.062729+00:00;Chile - Primera Division;Universidad de Concepcion vs Huachipato;spread;home;-0.5;2.0;1.73;13.50;0.95;1635941108
2026-09-13T14:37:17.481184+00:00;Spain - Segunda Division;Tenerife vs Leganes;spread;home;0.0;2.02;1.671;17.28;4.45;1636007501
2026-09-13T14:37:17.481779+00:00;Spain - Segunda Division;Tenerife vs Leganes;spread;away;-0.0;2.3;1.741;24.30;4.45;1636007501
2026-09-13T14:37:33.300417+00:00;Spain - La Liga;Getafe vs Deportivo La Coruna;spread;away;-0.0;2.06;1.826;11.36;1.95;1635208789
2026-09-13T14:37:34.123094+00:00;Spain - La Liga;Real Sociedad vs Atletico Madrid;spread;home;0.0;2.07;1.847;10.77;4.45;1635208802
2026-09-13T14:37:34.123696+00:00;Spain - La Liga;Real Sociedad vs Atletico Madrid;spread;home;0.0;2.07;1.833;11.45;4.45;1635208802
2026-09-13T14:37:38.910286+00:00;Spain - La Liga;Real Sociedad vs Atletico Madrid;total;under;4.5;2.05;1.87;8.78;4.45;1635208802
2026-09-13T14:37:38.910901+00:00;Spain - La Liga;Real Sociedad vs Atletico Madrid;spread;away;-0.0;1.952;1.699;12.96;4.45;1635208802
2026-09-13T14:37:38.911554+00:00;Spain - La Liga;Real Sociedad vs Atletico Madrid;total;over;4.5;1.909;1.787;6.39;4.45;1635208802
2026-09-13T14:37:41.981069+00:00;Colombia - Primera A;Once Caldas vs Deportivo Cali;spread;home;-0.5;2.08;1.87;10.10;8.62;1636021002
2026-09-13T14:37:43.796833+00:00;Colombia - Primera A;Deportivo Pereira vs Atletico Bucaramanga;spread;home;0.5;1.885;1.725;8.49;4.45;1635842413
2026-09-13T14:37:43.797524+00:00;Colombia - Primera A;Deportivo Pereira vs Atletico Bucaramanga;spread;away;-0.5;2.04;1.82;10.78;4.45;1635842413
2026-09-13T14:37:50.039200+00:00;Greece - Super League;Kalamata vs Volos;spread;away;0.5;1.962;1.719;12.39;0.45;1635419353
2026-09-13T14:37:50.039843+00:00;Greece - Super League;Kalamata vs Volos;spread;home;-0.5;2.03;1.775;12.56;0.45;1635419353
2026-09-13T14:37:53.465316+00:00;Ecuador - Serie A;Leones del Norte vs Tecnico Universitario;spread;away;0.5;2.0;1.82;9.00;3.45;1636021003
2026-09-13T14:37:53.465923+00:00;Ecuador - Serie A;Leones del Norte vs Tecnico Universitario;spread;home;-0.5;2.05;1.714;16.39;3.45;1636021003
2026-09-13T14:37:56.678998+00:00;Uruguay - Primera Division;Penarol vs Albion;spread;away;1.0;2.05;1.862;9.17;7.95;1636007194
2026-09-13T14:38:00.308681+00:00;Mexico - Liga MX;Santos Laguna vs FC Juarez;spread;home;-0.5;2.03;1.82;10.34;10.45;1635711838
2026-09-13T14:43:36.593963+00:00;Netherlands - Eredivisie;PSV vs Sparta Rotterdam;spread;home;-2.5;1.962;1.781;9.23;3.32;1635196879
2026-09-13T14:43:38.769242+00:00;USA - Major League Soccer;San Diego FC vs Philadelphia Union;spread;home;0.0;2.06;1.806;12.33;10.32;1635501647
2026-09-13T14:43:38.769826+00:00;USA - Major League Soccer;San Diego FC vs Philadelphia Union;total;over;4.5;2.0;1.901;4.95;10.32;1635501647
2026-09-13T14:44:36.205494+00:00;Brazil - Serie B;Atletico Goianiense vs Criciuma;spread;away;-0.0;2.27;1.952;14.01;4.32;1636007503
2026-09-13T14:44:37.287757+00:00;Brazil - Serie B;Fortaleza vs Ceara;spread;home;-0.5;1.952;1.735;11.12;6.82;1636007562
2026-09-13T14:44:54.370621+00:00;Malta - Premier League;Mosta vs Sliema Wanderers;total;under;2.5;1.98;1.806;8.79;3.81;1636007232
2026-09-13T14:45:27.075105+00:00;Brazil - Gaucho 2;Santa Cruz RS vs Lajeadense;spread;away;1.0;1.901;1.746;8.15;3.31;1636004891
2026-09-13T14:45:34.122154+00:00;Norway - Eliteserien;Fredrikstad vs Sarpsborg 08;spread;away;-0.0;2.06;1.775;13.83;2.56;1635932694
2026-09-13T14:45:43.335179+00:00;Portugal - Primeira Liga;Famalicao vs Sporting CP;spread;home;1.0;2.09;1.775;15.07;4.81;1635941094
2026-09-13T14:45:44.148339+00:00;Portugal - Primeira Liga;Arouca vs Santa Clara;spread;away;-0.0;2.03;1.833;9.70;2.31;1635941201
2026-09-13T14:46:01.173022+00:00;Argentina - Liga Pro;Sarmiento de Junin vs Belgrano;spread;home;0.0;2.21;1.962;11.22;3.05;1635208823
2026-09-13T14:46:02.170358+00:00;Argentina - Liga Pro;Huracan vs Racing Club;spread;away;-0.0;2.09;1.917;8.28;9.80;1635205176
2026-09-13T14:46:02.171030+00:00;Argentina - Liga Pro;Huracan vs Racing Club;spread;away;-0.0;2.09;1.893;9.43;9.80;1635205176
2026-09-13T14:46:03.465944+00:00;Argentina - Liga Pro;CA Tigre vs Rosario Central;spread;home;0.0;2.13;1.952;8.36;3.05;1635205174
2026-09-13T14:46:19.923682+00:00;Turkey - Super League;Amedspor vs Istanbul Basaksehir;spread;away;0.5;1.893;1.735;8.35;2.30;1635932693
2026-09-13T14:46:29.020128+00:00;Argentina - Primera B Nacional;Racing de Cordoba vs Deportivo Moron;spread;home;-0.5;1.99;1.758;11.66;4.30;1636019361
2026-09-13T14:46:29.020727+00:00;Argentina - Primera B Nacional;Racing de Cordoba vs Deportivo Moron;spread;away;0.5;1.962;1.725;12.08;4.30;1636019361
2026-09-13T14:46:38.630701+00:00;England - Premier League;Manchester United vs Manchester City;total;over;4.5;2.12;1.98;6.60;0.79;1635132230
2026-09-13T14:46:42.260873+00:00;France - Ligue 1;Le Mans vs Lens;spread;away;-1.0;2.06;1.82;11.65;0.54;1635197920
2026-09-13T14:46:48.328708+00:00;Norway - 1st Division;Egersunds vs Kongsvinger;spread;home;0.5;1.952;1.794;8.09;0.29;1635932688
2026-09-13T14:46:51.974064+00:00;Norway - 1st Division;Moss vs Haugesund;spread;away;-0.5;2.0;1.781;10.95;0.29;1635941046
2026-09-13T14:46:55.439771+00:00;Tunisia - League 1;CS Hammam-Lif vs Esperance Sportive de Tunis;spread;home;1.0;2.06;1.885;8.50;0.29;1636213172
2026-09-13T14:47:04.306019+00:00;Russia - Premier League;Krasnodar vs Akron Togliatti;spread;home;-1.5;2.05;1.82;11.22;1.79;1635071616
2026-09-13T14:47:15.852221+00:00;Chile - Primera Division;Universidad de Concepcion vs Huachipato;spread;home;-0.5;2.0;1.73;13.50;0.79;1635941108
2026-09-13T14:47:19.476535+00:00;Spain - Segunda Division;Tenerife vs Leganes;spread;home;0.0;2.02;1.671;17.28;4.29;1636007501
2026-09-13T14:47:19.477350+00:00;Spain - Segunda Division;Tenerife vs Leganes;spread;away;-0.0;2.3;1.741;24.30;4.29;1636007501
2026-09-13T14:47:34.662358+00:00;Spain - La Liga;Getafe vs Deportivo La Coruna;spread;away;-0.0;2.06;1.826;11.36;1.78;1635208789
2026-09-13T14:47:35.257940+00:00;Spain - La Liga;Real Sociedad vs Atletico Madrid;spread;home;0.0;2.07;1.847;10.77;4.28;1635208802
2026-09-13T14:47:35.258600+00:00;Spain - La Liga;Real Sociedad vs Atletico Madrid;total;under;4.5;2.05;1.87;8.78;4.28;1635208802
2026-09-13T14:47:35.259180+00:00;Spain - La Liga;Real Sociedad vs Atletico Madrid;spread;away;-0.0;1.952;1.699;12.96;4.28;1635208802
2026-09-13T14:47:35.259586+00:00;Spain - La Liga;Real Sociedad vs Atletico Madrid;total;over;4.5;1.909;1.787;6.39;4.28;1635208802
2026-09-13T14:47:36.904075+00:00;Colombia - Primera A;Deportivo Pereira vs Atletico Bucaramanga;spread;home;0.5;1.901;1.725;9.26;4.28;1635842413
2026-09-13T14:47:36.905063+00:00;Colombia - Primera A;Deportivo Pereira vs Atletico Bucaramanga;spread;away;-0.5;2.04;1.82;10.78;4.28;1635842413
2026-09-13T14:47:42.517206+00:00;Colombia - Primera A;Once Caldas vs Deportivo Cali;spread;home;-0.5;2.08;1.87;10.10;8.45;1636021002
2026-09-13T14:47:50.702542+00:00;Greece - Super League;Kalamata vs Volos;spread;home;-0.5;2.03;1.775;12.56;0.28;1635419353
2026-09-13T14:47:50.703164+00:00;Greece - Super League;Kalamata vs Volos;spread;away;0.5;1.962;1.719;12.39;0.28;1635419353
2026-09-13T14:47:52.754250+00:00;Ecuador - Serie A;Leones del Norte vs Tecnico Universitario;spread;away;0.5;2.0;1.82;9.00;3.28;1636021003
2026-09-13T14:47:52.754813+00:00;Ecuador - Serie A;Leones del Norte vs Tecnico Universitario;spread;home;-0.5;2.05;1.714;16.39;3.28;1636021003
2026-09-13T14:47:56.853727+00:00;Uruguay - Primera Division;Penarol vs Albion;spread;away;1.0;2.05;1.862;9.17;7.78;1636007194
2026-09-13T14:48:00.164053+00:00;Mexico - Liga MX;Santos Laguna vs FC Juarez;spread;home;-0.5;2.03;1.82;10.34;10.28;1635711838
2026-09-13T14:48:13.057605+00:00;Slovenia - Prva Liga;Radomlje vs Maribor;spread;away;-1.0;1.971;1.8;8.68;3.53;1636007223
2026-09-13T14:53:57.416606+00:00;England - Premier League;Manchester United vs Manchester City;total;over;4.5;2.13;1.98;7.04;0.65;1635132230
2026-09-13T14:54:35.790895+00:00;Colombia - Primera A;Deportivo Pereira vs Atletico Bucaramanga;spread;home;0.5;1.901;1.725;9.26;4.15;1635842413
2026-09-13T14:54:35.791664+00:00;Colombia - Primera A;Deportivo Pereira vs Atletico Bucaramanga;spread;away;-0.5;2.04;1.82;10.78;4.15;1635842413
2026-09-13T14:54:37.363559+00:00;Colombia - Primera A;Once Caldas vs Deportivo Cali;spread;home;-0.5;2.08;1.87;10.10;8.31;1636021002
2026-09-13T14:54:51.043750+00:00;Russia - Premier League;Krasnodar vs Akron Togliatti;spread;home;-1.5;2.05;1.82;11.22;1.65;1635071616
2026-09-13T14:55:08.734999+00:00;Mexico - Liga MX;Santos Laguna vs FC Juarez;spread;home;-0.5;2.03;1.82;10.34;10.14;1635711838
2026-09-13T14:55:18.787465+00:00;Germany - Bundesliga;Elversberg vs Bayern Munich;total;under;4.5;1.98;1.813;8.43;0.64;1635197922
2026-09-13T14:55:18.788074+00:00;Germany - Bundesliga;Elversberg vs Bayern Munich;total;over;4.5;2.09;1.794;14.16;0.64;1635197922
2026-09-13T14:55:24.580457+00:00;USA - Major League Soccer;San Diego FC vs Philadelphia Union;spread;home;0.0;2.06;1.806;12.33;10.14;1635501647
2026-09-13T14:55:24.581047+00:00;USA - Major League Soccer;San Diego FC vs Philadelphia Union;total;over;4.5;2.0;1.901;4.95;10.14;1635501647
2026-09-13T14:55:32.973725+00:00;Norway - Eliteserien;Fredrikstad vs Sarpsborg 08;spread;away;-0.0;2.06;1.775;13.83;2.39;1635932694
2026-09-13T14:55:38.846107+00:00;Ecuador - Serie A;Leones del Norte vs Tecnico Universitario;spread;away;0.5;2.0;1.82;9.00;3.14;1636021003
2026-09-13T14:55:38.846793+00:00;Ecuador - Serie A;Leones del Norte vs Tecnico Universitario;spread;home;-0.5;2.05;1.714;16.39;3.14;1636021003
2026-09-13T14:55:42.617150+00:00;Brazil - Serie B;Atletico Goianiense vs Criciuma;spread;away;-0.0;2.24;1.952;12.86;4.14;1636007503
2026-09-13T14:55:46.909686+00:00;Brazil - Serie B;Fortaleza vs Ceara;spread;home;-0.5;1.952;1.735;11.12;6.64;1636007562
2026-09-13T14:55:52.162766+00:00;Slovenia - Prva Liga;Radomlje vs Maribor;spread;away;-1.0;1.971;1.8;8.68;3.38;1636007223
2026-09-13T14:56:24.364669+00:00;Norway - 1st Division;Egersunds vs Kongsvinger;spread;away;-0.5;1.943;1.775;8.65;0.13;1635932688
2026-09-13T14:56:24.365278+00:00;Norway - 1st Division;Egersunds vs Kongsvinger;spread;home;0.5;1.952;1.794;8.09;0.13;1635932688
2026-09-13T14:56:27.638417+00:00;Norway - 1st Division;Moss vs Haugesund;spread;home;0.5;1.952;1.769;9.38;0.13;1635941046
2026-09-13T14:56:30.493235+00:00;France - Ligue 1;Le Mans vs Lens;spread;away;-1.0;2.08;1.826;12.21;0.38;1635197920
2026-09-13T14:56:33.481466+00:00;Portugal - Primeira Liga;Famalicao vs Sporting CP;spread;home;1.0;2.09;1.775;15.07;4.63;1635941094
2026-09-13T14:56:34.388487+00:00;Portugal - Primeira Liga;Arouca vs Santa Clara;spread;away;-0.0;2.03;1.833;9.70;2.13;1635941201
2026-09-13T14:56:34.389633+00:00;Portugal - Primeira Liga;Arouca vs Santa Clara;spread;away;-0.0;2.03;1.84;9.36;2.13;1635941201
2026-09-13T14:56:46.362319+00:00;Spain - La Liga;Getafe vs Deportivo La Coruna;spread;away;-0.0;2.06;1.826;11.36;1.63;1635208789
2026-09-13T14:56:47.498006+00:00;Spain - La Liga;Real Sociedad vs Atletico Madrid;spread;home;0.0;2.07;1.847;10.77;4.13;1635208802
2026-09-13T14:56:50.797606+00:00;Spain - La Liga;Real Sociedad vs Atletico Madrid;total;under;4.5;2.05;1.87;8.78;4.13;1635208802
2026-09-13T14:56:50.798228+00:00;Spain - La Liga;Real Sociedad vs Atletico Madrid;spread;away;-0.0;1.952;1.699;12.96;4.13;1635208802
2026-09-13T14:56:50.798680+00:00;Spain - La Liga;Real Sociedad vs Atletico Madrid;total;over;4.5;1.909;1.787;6.39;4.13;1635208802
2026-09-13T14:56:52.309820+00:00;Argentina - Primera B Nacional;Racing de Cordoba vs Deportivo Moron;spread;home;-0.5;1.99;1.758;11.66;4.13;1636019361
2026-09-13T14:56:52.310499+00:00;Argentina - Primera B Nacional;Racing de Cordoba vs Deportivo Moron;spread;away;0.5;1.962;1.725;12.08;4.13;1636019361
2026-09-13T14:57:23.300871+00:00;Chile - Primera Division;Universidad de Concepcion vs Huachipato;spread;home;-0.5;2.0;1.73;13.50;0.62;1635941108
2026-09-13T14:57:52.024310+00:00;Argentina - Liga Pro;Sarmiento de Junin vs Belgrano;spread;home;0.0;2.21;1.962;11.22;2.87;1635208823
2026-09-13T14:57:52.798747+00:00;Argentina - Liga Pro;CA Tigre vs Rosario Central;spread;home;0.0;2.13;1.952;8.36;2.87;1635205174
2026-09-13T14:57:53.847158+00:00;Argentina - Liga Pro;Huracan vs Racing Club;spread;away;-0.0;2.09;1.917;8.28;9.62;1635205176
2026-09-13T14:57:53.847755+00:00;Argentina - Liga Pro;Huracan vs Racing Club;spread;away;-0.0;2.09;1.893;9.43;9.62;1635205176
2026-09-13T14:57:59.788348+00:00;Norway - 2nd Division;Junkeren vs Skeid;spread;away;-0.0;1.926;1.746;9.35;0.86;1635992417
2026-09-13T14:58:03.156694+00:00;Uruguay - Primera Division;Penarol vs Albion;spread;away;1.0;2.05;1.862;9.17;7.61;1636007194
2026-09-13T14:58:05.799100+00:00;Turkey - Super League;Amedspor vs Istanbul Basaksehir;spread;away;0.5;1.893;1.735;8.35;2.11;1635932693
2026-09-13T14:58:06.496563+00:00;Netherlands - Eredivisie;PSV vs Sparta Rotterdam;spread;home;-2.5;1.952;1.781;8.76;3.11;1635196879
2026-09-13T14:58:13.487335+00:00;Spain - Segunda Division;Tenerife vs Leganes;spread;home;0.0;2.02;1.667;17.48;4.11;1636007501
2026-09-13T14:58:13.487932+00:00;Spain - Segunda Division;Tenerife vs Leganes;spread;away;-0.0;2.3;1.741;24.30;4.11;1636007501
2026-09-13T14:58:23.417087+00:00;Greece - Super League;Kalamata vs Volos;spread;home;-0.5;2.03;1.781;12.27;0.11;1635419353
2026-09-13T14:58:23.417698+00:00;Greece - Super League;Kalamata vs Volos;spread;away;0.5;1.952;1.719;11.94;0.11;1635419353
2026-09-13T15:03:13.513754+00:00;USA - MLS Next Pro League;Sporting Kansas City II vs Los Angeles FC II;total;under;3.5;1.962;1.813;7.59;8.99;1636020996
2026-09-13T15:03:13.514355+00:00;USA - MLS Next Pro League;Sporting Kansas City II vs Los Angeles FC II;total;under;1.5;1.87;1.781;4.76;8.99;1636020996
2026-09-13T15:03:26.129400+00:00;Ecuador - Serie A;Leones del Norte vs Tecnico Universitario;spread;home;-0.5;1.99;1.714;13.87;2.99;1636021003
2026-09-13T15:03:31.902783+00:00;Argentina - Primera B Nacional;Racing de Cordoba vs Deportivo Moron;spread;home;-0.5;1.99;1.758;11.66;3.99;1636019361
2026-09-13T15:03:31.903308+00:00;Argentina - Primera B Nacional;Racing de Cordoba vs Deportivo Moron;spread;away;0.5;1.962;1.725;12.08;3.99;1636019361
2026-09-13T15:04:06.854217+00:00;Chile - Primera Division;Universidad de Concepcion vs Huachipato;spread;home;-0.5;2.0;1.73;13.50;0.48;1635941108
2026-09-13T15:04:09.528249+00:00;Netherlands - Eredivisie;PSV vs Sparta Rotterdam;spread;home;-2.5;1.952;1.781;8.76;2.98;1635196879
2026-09-13T15:04:10.012543+00:00;France - Ligue 1;Le Mans vs Lens;spread;away;-1.0;2.08;1.826;12.21;0.23;1635197920
2026-09-13T15:04:27.202378+00:00;Spain - Segunda Division;Tenerife vs Leganes;spread;home;0.0;2.02;1.667;17.48;3.98;1636007501
2026-09-13T15:04:31.610510+00:00;Spain - Segunda Division;Tenerife vs Leganes;spread;away;-0.0;2.3;1.741;24.30;3.98;1636007501
2026-09-13T15:04:45.519691+00:00;Portugal - Primeira Liga;Arouca vs Santa Clara;spread;away;-0.0;2.03;1.833;9.70;1.98;1635941201
2026-09-13T15:04:45.520326+00:00;Portugal - Primeira Liga;Arouca vs Santa Clara;spread;away;-0.0;2.03;1.84;9.36;1.98;1635941201
2026-09-13T15:04:49.669664+00:00;Portugal - Primeira Liga;Famalicao vs Sporting CP;spread;home;1.0;2.09;1.741;16.70;4.48;1635941094
2026-09-13T15:04:58.111108+00:00;Russia - Premier League;Krasnodar vs Akron Togliatti;spread;home;-1.5;2.05;1.82;11.22;1.48;1635071616
2026-09-13T15:04:59.335811+00:00;Colombia - Primera A;Once Caldas vs Deportivo Cali;spread;home;-0.5;2.08;1.87;10.10;8.14;1636021002
2026-09-13T15:05:01.248610+00:00;Colombia - Primera A;Deportivo Pereira vs Atletico Bucaramanga;spread;home;0.5;1.901;1.725;9.26;3.98;1635842413
2026-09-13T15:05:01.249453+00:00;Colombia - Primera A;Deportivo Pereira vs Atletico Bucaramanga;spread;away;-0.5;2.04;1.82;10.78;3.98;1635842413
2026-09-13T15:05:05.762577+00:00;Argentina - Liga Pro;Sarmiento de Junin vs Belgrano;spread;home;0.0;2.21;1.962;11.22;2.73;1635208823
2026-09-13T15:05:06.591877+00:00;Argentina - Liga Pro;CA Tigre vs Rosario Central;spread;home;0.0;2.13;1.952;8.36;2.73;1635205174
2026-09-13T15:05:08.426133+00:00;Argentina - Liga Pro;Huracan vs Racing Club;spread;away;-0.0;2.09;1.917;8.28;9.48;1635205176
2026-09-13T15:05:08.426671+00:00;Argentina - Liga Pro;Huracan vs Racing Club;spread;away;-0.0;2.09;1.893;9.43;9.48;1635205176
2026-09-13T15:05:13.851821+00:00;USA - Major League Soccer;San Diego FC vs Philadelphia Union;spread;home;0.0;2.07;1.855;10.39;9.97;1635501647
2026-09-13T15:05:13.852494+00:00;USA - Major League Soccer;San Diego FC vs Philadelphia Union;total;over;4.5;2.0;1.901;4.95;9.97;1635501647
2026-09-13T15:05:22.591728+00:00;Argentina - Torneo Federal A;Defensores de Puerto Vilelas vs Independiente Chivilcoy;spread;away;1.0;1.962;1.746;11.01;3.47;1636007257
2026-09-13T15:06:20.130139+00:00;Turkey - Super League;Amedspor vs Istanbul Basaksehir;spread;away;0.5;1.893;1.735;8.35;1.96;1635932693
2026-09-13T15:06:20.646596+00:00;Czech Republic - 3. Liga;Artis Brno II vs Zlin II;total;over;1.5;2.05;1.935;5.61;0.46;1635992412
2026-09-13T15:06:27.046349+00:00;Norway - Eliteserien;Fredrikstad vs Sarpsborg 08;spread;away;-0.0;2.06;1.775;13.83;2.21;1635932694
2026-09-13T15:06:36.317101+00:00;Brazil - Serie B;Atletico Goianiense vs Criciuma;spread;away;-0.0;2.24;1.952;12.86;3.96;1636007503
2026-09-13T15:06:37.058420+00:00;Brazil - Serie B;Fortaleza vs Ceara;spread;home;-0.5;1.952;1.735;11.12;6.46;1636007562
2026-09-13T15:06:38.500951+00:00;Uruguay - Primera Division;Penarol vs Albion;spread;away;1.0;2.05;1.862;9.17;7.46;1636007194
2026-09-13T15:06:39.963954+00:00;Spain - La Liga;Getafe vs Deportivo La Coruna;spread;away;-0.0;2.1;1.826;13.05;1.46;1635208789
2026-09-13T15:06:40.732485+00:00;Spain - La Liga;Real Sociedad vs Atletico Madrid;spread;home;0.0;2.07;1.847;10.77;3.96;1635208802
2026-09-13T15:06:40.733006+00:00;Spain - La Liga;Real Sociedad vs Atletico Madrid;spread;home;0.0;2.07;1.833;11.45;3.96;1635208802
2026-09-13T15:06:40.733518+00:00;Spain - La Liga;Real Sociedad vs Atletico Madrid;total;under;4.5;2.05;1.87;8.78;3.96;1635208802
2026-09-13T15:06:40.733910+00:00;Spain - La Liga;Real Sociedad vs Atletico Madrid;spread;away;-0.0;1.952;1.699;12.96;3.96;1635208802
2026-09-13T15:06:40.734389+00:00;Spain - La Liga;Real Sociedad vs Atletico Madrid;total;over;4.5;1.909;1.787;6.39;3.96;1635208802
2026-09-13T15:06:47.962557+00:00;Mexico - Liga MX;Santos Laguna vs FC Juarez;spread;home;-0.5;2.03;1.82;10.34;9.95;1635711838
2026-09-13T15:06:54.445212+00:00;Germany - Bundesliga;Elversberg vs Bayern Munich;total;over;4.5;2.09;1.794;14.16;0.45;1635197922
2026-09-13T15:07:14.818352+00:00;England - Premier League;Manchester United vs Manchester City;spread;away;-0.0;2.04;1.746;14.41;0.45;1635132230
2026-09-13T15:07:14.819007+00:00;England - Premier League;Manchester United vs Manchester City;total;over;4.5;2.13;1.98;7.04;0.45;1635132230
2026-09-13T15:07:14.819540+00:00;England - Premier League;Manchester United vs Manchester City;spread;home;0.0;2.19;1.725;21.23;0.45;1635132230
2026-09-13T15:07:19.777858+00:00;Slovenia - Prva Liga;Radomlje vs Maribor;spread;away;-1.0;1.971;1.8;8.68;3.20;1636007223
2026-09-13T15:12:22.923817+00:00;Ecuador - Serie A;Libertad FC vs Independiente del Valle;spread;home;0.5;2.0;1.775;11.25;7.84;1636020886
2026-09-13T15:12:23.407636+00:00;Ecuador - Serie A;Leones del Norte vs Tecnico Universitario;spread;home;-0.5;1.99;1.714;13.87;2.84;1636021003
2026-09-13T15:12:29.471778+00:00;Argentina - Primera B Nacional;Racing de Cordoba vs Deportivo Moron;spread;home;-0.5;1.99;1.758;11.66;3.84;1636019361
2026-09-13T15:12:29.472452+00:00;Argentina - Primera B Nacional;Racing de Cordoba vs Deportivo Moron;spread;away;0.5;1.962;1.725;12.08;3.84;1636019361
2026-09-13T15:13:08.236892+00:00;Chile - Primera Division;Universidad de Concepcion vs Huachipato;spread;home;-0.5;2.0;1.73;13.50;0.34;1635941108
2026-09-13T15:13:10.947094+00:00;Netherlands - Eredivisie;PSV vs Sparta Rotterdam;spread;home;-2.5;1.952;1.781;8.76;2.83;1635196879
2026-09-13T15:13:12.088117+00:00;France - Ligue 1;Le Mans vs Lens;spread;away;-1.0;2.06;1.826;11.36;0.08;1635197920
2026-09-13T15:13:33.733900+00:00;Spain - Segunda Division;Tenerife vs Leganes;spread;home;0.0;2.02;1.667;17.48;3.83;1636007501
2026-09-13T15:13:33.734509+00:00;Spain - Segunda Division;Tenerife vs Leganes;spread;away;-0.0;2.3;1.741;24.30;3.83;1636007501
2026-09-13T15:13:35.915714+00:00;Italy - Serie B;Mantova vs Sampdoria;spread;away;-0.0;2.14;1.952;8.79;0.08;1635941146
2026-09-13T15:13:45.069671+00:00;Portugal - Primeira Liga;Arouca vs Santa Clara;spread;away;-0.0;2.03;1.833;9.70;1.83;1635941201
2026-09-13T15:13:54.265695+00:00;Russia - Premier League;Krasnodar vs Akron Togliatti;spread;home;-1.5;2.03;1.82;10.34;1.33;1635071616
2026-09-13T15:13:55.278887+00:00;Colombia - Primera A;Deportivo Pereira vs Atletico Bucaramanga;spread;home;0.5;1.901;1.725;9.26;3.83;1635842413
2026-09-13T15:13:55.279686+00:00;Colombia - Primera A;Deportivo Pereira vs Atletico Bucaramanga;spread;away;-0.5;2.04;1.82;10.78;3.83;1635842413
2026-09-13T15:13:57.179824+00:00;Colombia - Primera A;Once Caldas vs Deportivo Cali;spread;home;-0.5;2.08;1.87;10.10;7.99;1636021002
2026-09-13T15:14:02.511553+00:00;Argentina - Liga Pro;Sarmiento de Junin vs Belgrano;spread;home;0.0;2.22;1.962;11.62;2.58;1635208823
2026-09-13T15:14:03.713846+00:00;Argentina - Liga Pro;Huracan vs Racing Club;spread;away;-0.0;2.09;1.917;8.28;9.33;1635205176
2026-09-13T15:14:03.714474+00:00;Argentina - Liga Pro;Huracan vs Racing Club;spread;away;-0.0;2.09;1.893;9.43;9.33;1635205176
2026-09-13T15:14:04.573821+00:00;Argentina - Liga Pro;CA Tigre vs Rosario Central;spread;home;0.0;2.13;1.952;8.36;2.58;1635205174
2026-09-13T15:14:11.327163+00:00;USA - Major League Soccer;San Diego FC vs Philadelphia Union;spread;home;0.0;2.07;1.855;10.39;9.82;1635501647
2026-09-13T15:14:11.327760+00:00;USA - Major League Soccer;San Diego FC vs Philadelphia Union;spread;home;0.0;2.07;1.855;10.39;9.82;1635501647
2026-09-13T15:14:11.328250+00:00;USA - Major League Soccer;San Diego FC vs Philadelphia Union;total;over;4.5;2.0;1.901;4.95;9.82;1635501647
2026-09-13T15:15:25.225305+00:00;Norway - Eliteserien;Fredrikstad vs Sarpsborg 08;spread;away;-0.0;2.06;1.775;13.83;2.06;1635932694
2026-09-13T15:15:35.617591+00:00;Brazil - Serie B;Fortaleza vs Ceara;spread;home;-0.5;1.952;1.735;11.12;6.31;1636007562
2026-09-13T15:15:37.144770+00:00;Brazil - Serie B;Atletico Goianiense vs Criciuma;spread;away;-0.0;2.24;1.952;12.86;3.81;1636007503
2026-09-13T15:15:39.647828+00:00;Uruguay - Primera Division;Penarol vs Albion;spread;away;1.0;2.05;1.862;9.17;7.31;1636007194
2026-09-13T15:15:40.816910+00:00;Spain - La Liga;Getafe vs Deportivo La Coruna;spread;away;-0.0;2.1;1.826;13.05;1.31;1635208789
2026-09-13T15:15:41.964058+00:00;Spain - La Liga;Real Sociedad vs Atletico Madrid;spread;home;0.0;2.07;1.847;10.77;3.81;1635208802
2026-09-13T15:15:41.964575+00:00;Spain - La Liga;Real Sociedad vs Atletico Madrid;spread;home;0.0;2.07;1.833;11.45;3.81;1635208802
2026-09-13T15:15:45.196163+00:00;Spain - La Liga;Real Sociedad vs Atletico Madrid;total;under;4.5;2.05;1.87;8.78;3.81;1635208802
2026-09-13T15:15:45.196871+00:00;Spain - La Liga;Real Sociedad vs Atletico Madrid;spread;away;-0.0;1.952;1.699;12.96;3.81;1635208802
2026-09-13T15:15:45.197286+00:00;Spain - La Liga;Real Sociedad vs Atletico Madrid;total;over;4.5;1.909;1.787;6.39;3.81;1635208802
2026-09-13T15:15:51.626216+00:00;Mexico - Liga MX;Santos Laguna vs FC Juarez;spread;home;-0.5;2.03;1.82;10.34;9.81;1635711838
2026-09-13T15:16:11.742858+00:00;Poland - Ekstraklasa;Legia Warsaw vs Widzew Lodz;spread;home;-0.5;1.962;1.725;12.08;0.30;1635941041
2026-09-13T15:16:18.560956+00:00;England - Premier League;Manchester United vs Manchester City;spread;away;-0.0;2.04;1.746;14.41;0.30;1635132230
2026-09-13T15:16:21.634201+00:00;England - Premier League;Manchester United vs Manchester City;total;over;4.5;2.13;1.98;7.04;0.30;1635132230
2026-09-13T15:16:21.634788+00:00;England - Premier League;Manchester United vs Manchester City;spread;home;0.0;2.19;1.746;20.27;0.30;1635132230
2026-09-13T15:16:23.965203+00:00;Slovenia - Prva Liga;Radomlje vs Maribor;spread;away;-1.0;1.971;1.8;8.68;3.05;1636007223
2026-09-13T15:21:28.017178+00:00;Argentina - Primera B Nacional;Racing de Cordoba vs Deportivo Moron;spread;home;-0.5;1.99;1.758;11.66;3.69;1636019361
2026-09-13T15:21:28.017747+00:00;Argentina - Primera B Nacional;Racing de Cordoba vs Deportivo Moron;spread;away;0.5;1.962;1.725;12.08;3.69;1636019361
2026-09-13T15:21:31.099774+00:00;Italy - Serie A;Napoli vs Bologna;total;under;3.5;1.746;1.671;4.30;0.69;1635204963
2026-09-13T15:21:43.966153+00:00;Bolivia - Primera Division;Real Tomayapo vs Club Bolivar;spread;home;1.0;1.962;1.8;8.26;8.69;1636020883
2026-09-13T15:21:47.569449+00:00;Ecuador - Serie A;Libertad FC vs Independiente del Valle;spread;home;0.5;1.98;1.775;10.35;7.69;1636020886
2026-09-13T15:21:48.619166+00:00;Ecuador - Serie A;Leones del Norte vs Tecnico Universitario;spread;home;-0.5;1.99;1.714;13.87;2.69;1636021003
2026-09-13T15:22:14.411855+00:00;Norway - Eliteserien;Fredrikstad vs Sarpsborg 08;spread;away;-0.0;2.06;1.775;13.83;1.93;1635932694
2026-09-13T15:22:39.628628+00:00;Poland - Ekstraklasa;Legia Warsaw vs Widzew Lodz;spread;home;-0.5;1.962;1.725;12.08;0.18;1635941041
2026-09-13T15:22:43.843866+00:00;England - Premier League;Manchester United vs Manchester City;spread;away;-0.0;2.01;1.746;13.13;0.18;1635132230
2026-09-13T15:22:43.844491+00:00;England - Premier League;Manchester United vs Manchester City;total;over;4.5;2.1;1.98;5.71;0.18;1635132230
2026-09-13T15:22:43.845026+00:00;England - Premier League;Manchester United vs Manchester City;spread;home;0.0;2.19;1.746;20.27;0.18;1635132230
2026-09-13T15:22:59.683218+00:00;Brazil - Serie B;Fortaleza vs Ceara;spread;home;-0.5;1.952;1.735;11.12;6.18;1636007562
2026-09-13T15:23:00.949073+00:00;Brazil - Serie B;Atletico Goianiense vs Criciuma;spread;away;-0.0;2.24;1.952;12.86;3.68;1636007503
2026-09-13T15:23:06.383554+00:00;Spain - Segunda Division;Tenerife vs Leganes;spread;home;0.0;2.02;1.667;17.48;3.67;1636007501
2026-09-13T15:23:06.384195+00:00;Spain - Segunda Division;Tenerife vs Leganes;spread;away;-0.0;2.3;1.741;24.30;3.67;1636007501
2026-09-13T15:23:20.226398+00:00;Portugal - Primeira Liga;Arouca vs Santa Clara;spread;away;-0.0;2.03;1.847;9.01;1.67;1635941201
2026-09-13T15:23:20.227073+00:00;Portugal - Primeira Liga;Arouca vs Santa Clara;spread;away;-0.0;2.03;1.847;9.01;1.67;1635941201
2026-09-13T15:23:42.385730+00:00;Slovenia - Prva Liga;Radomlje vs Maribor;spread;away;-1.0;1.971;1.8;8.68;2.92;1636007223
2026-09-13T15:24:02.054317+00:00;Colombia - Primera A;Deportivo Pereira vs Atletico Bucaramanga;spread;home;0.5;1.901;1.725;9.26;3.66;1635842413
2026-09-13T15:24:02.055100+00:00;Colombia - Primera A;Deportivo Pereira vs Atletico Bucaramanga;spread;away;-0.5;2.04;1.82;10.78;3.66;1635842413
2026-09-13T15:24:03.872345+00:00;Colombia - Primera A;Once Caldas vs Deportivo Cali;spread;home;-0.5;2.08;1.87;10.10;7.83;1636021002
2026-09-13T15:24:09.374671+00:00;Russia - Premier League;Krasnodar vs Akron Togliatti;spread;home;-1.5;2.03;1.82;10.34;1.16;1635071616
2026-09-13T15:24:13.046810+00:00;Uruguay - Primera Division;Penarol vs Albion;spread;away;1.0;2.05;1.862;9.17;7.16;1636007194
2026-09-13T15:24:20.007550+00:00;Netherlands - Eredivisie;PSV vs Sparta Rotterdam;spread;home;-2.5;1.943;1.787;8.03;2.66;1635196879
2026-09-13T15:24:47.705275+00:00;Chile - Primera Division;Universidad de Concepcion vs Huachipato;spread;home;-0.5;2.0;1.73;13.50;0.15;1635941108
2026-09-13T15:24:57.116809+00:00;USA - Major League Soccer;San Diego FC vs Philadelphia Union;spread;home;0.0;2.07;1.855;10.39;9.65;1635501647
2026-09-13T15:24:57.117419+00:00;USA - Major League Soccer;San Diego FC vs Philadelphia Union;spread;home;0.0;2.07;1.855;10.39;9.65;1635501647
2026-09-13T15:24:57.117906+00:00;USA - Major League Soccer;San Diego FC vs Philadelphia Union;total;over;4.5;2.0;1.901;4.95;9.65;1635501647
2026-09-13T15:24:58.751182+00:00;Mexico - Liga MX;Santos Laguna vs FC Juarez;spread;home;-0.5;2.03;1.82;10.34;9.65;1635711838
2026-09-13T15:25:04.995554+00:00;Argentina - Liga Pro;Sarmiento de Junin vs Belgrano;spread;home;0.0;2.22;1.962;11.62;2.40;1635208823
2026-09-13T15:25:05.932168+00:00;Argentina - Liga Pro;Huracan vs Racing Club;spread;away;-0.0;2.1;1.917;8.71;9.15;1635205176
2026-09-13T15:25:05.932751+00:00;Argentina - Liga Pro;Huracan vs Racing Club;spread;away;-0.0;2.1;1.893;9.86;9.15;1635205176
2026-09-13T15:25:06.585410+00:00;Argentina - Liga Pro;CA Tigre vs Rosario Central;spread;home;0.0;2.13;1.952;8.36;2.40;1635205174
2026-09-13T15:25:13.371018+00:00;Spain - La Liga;Real Sociedad vs Atletico Madrid;spread;home;0.0;2.07;1.833;11.45;3.65;1635208802
2026-09-13T15:25:13.371544+00:00;Spain - La Liga;Real Sociedad vs Atletico Madrid;total;under;4.5;2.05;1.87;8.78;3.65;1635208802
2026-09-13T15:25:13.371972+00:00;Spain - La Liga;Real Sociedad vs Atletico Madrid;spread;home;0.0;2.07;1.862;10.05;3.65;1635208802
2026-09-13T15:25:13.372508+00:00;Spain - La Liga;Real Sociedad vs Atletico Madrid;spread;away;-0.0;1.952;1.699;12.96;3.65;1635208802
2026-09-13T15:25:13.372927+00:00;Spain - La Liga;Real Sociedad vs Atletico Madrid;total;over;4.5;1.909;1.787;6.39;3.65;1635208802
2026-09-13T15:25:13.810534+00:00;Spain - La Liga;Getafe vs Deportivo La Coruna;spread;away;-0.0;2.07;1.826;11.79;1.15;1635208789
2026-09-13T15:30:29.973626+00:00;Argentina - Primera B Nacional;Racing de Cordoba vs Deportivo Moron;spread;home;-0.5;1.99;1.758;11.66;3.54;1636019361
2026-09-13T15:30:29.974337+00:00;Argentina - Primera B Nacional;Racing de Cordoba vs Deportivo Moron;spread;away;0.5;1.962;1.725;12.08;3.54;1636019361
2026-09-13T15:30:39.360376+00:00;Turkey - Super League;Amedspor vs Istanbul Basaksehir;spread;away;0.5;1.901;1.746;8.15;1.54;1635932693
2026-09-13T15:30:48.563985+00:00;Ecuador - Serie A;Libertad FC vs Independiente del Valle;spread;home;0.5;1.98;1.775;10.35;7.54;1636020886
2026-09-13T15:30:54.600069+00:00;Ecuador - Serie A;Leones del Norte vs Tecnico Universitario;spread;home;-0.5;1.99;1.714;13.87;2.54;1636021003
2026-09-13T15:31:20.549745+00:00;Norway - Eliteserien;Fredrikstad vs Sarpsborg 08;spread;away;-0.0;2.04;1.82;10.78;1.79;1635932694
2026-09-13T15:31:26.116016+00:00;USA - MLS Next Pro League;Orlando City II vs Toronto FC II;total;over;1.5;1.935;1.855;4.13;7.54;1636020990
2026-09-13T15:31:44.965407+00:00;Poland - Ekstraklasa;Legia Warsaw vs Widzew Lodz;spread;home;-0.5;2.0;1.719;14.05;0.03;1635941041
2026-09-13T15:31:52.878557+00:00;England - Premier League;Manchester United vs Manchester City;spread;away;-0.0;2.01;1.73;13.93;0.03;1635132230
2026-09-13T15:31:52.879168+00:00;England - Premier League;Manchester United vs Manchester City;total;over;4.5;2.1;1.971;6.14;0.03;1635132230
2026-09-13T15:31:52.879972+00:00;England - Premier League;Manchester United vs Manchester City;spread;home;0.0;2.22;1.741;21.58;0.03;1635132230
2026-09-13T15:31:52.880644+00:00;England - Premier League;Manchester United vs Manchester City;total;over;4.5;2.1;2.0;4.76;0.03;1635132230
2026-09-13T15:32:06.236244+00:00;Brazil - Serie B;Atletico Goianiense vs Criciuma;spread;away;-0.0;2.24;1.952;12.86;3.53;1636007503
2026-09-13T15:32:07.369922+00:00;Brazil - Serie B;Fortaleza vs Ceara;spread;home;-0.5;1.952;1.735;11.12;6.03;1636007562
2026-09-13T15:32:17.403470+00:00;Spain - Segunda Division;Tenerife vs Leganes;spread;home;0.0;2.02;1.667;17.48;3.52;1636007501
2026-09-13T15:32:17.404087+00:00;Spain - Segunda Division;Tenerife vs Leganes;spread;away;-0.0;2.3;1.741;24.30;3.52;1636007501
2026-09-13T15:32:32.268929+00:00;Portugal - Primeira Liga;Arouca vs Santa Clara;spread;away;-0.0;2.03;1.847;9.01;1.52;1635941201
2026-09-13T15:32:58.535611+00:00;Slovenia - Prva Liga;Radomlje vs Maribor;spread;away;-1.0;1.971;1.8;8.68;2.77;1636007223
2026-09-13T15:33:15.807837+00:00;Colombia - Primera A;Once Caldas vs Deportivo Cali;spread;home;-0.5;2.08;1.87;10.10;7.68;1636021002
2026-09-13T15:33:16.996920+00:00;Colombia - Primera A;Deportivo Pereira vs Atletico Bucaramanga;spread;home;0.5;1.901;1.725;9.26;3.51;1635842413
2026-09-13T15:33:16.997798+00:00;Colombia - Primera A;Deportivo Pereira vs Atletico Bucaramanga;spread;away;-0.5;2.04;1.82;10.78;3.51;1635842413
2026-09-13T15:33:23.392010+00:00;Russia - Premier League;Krasnodar vs Akron Togliatti;spread;home;-1.5;2.03;1.82;10.34;1.01;1635071616
2026-09-13T15:33:28.269736+00:00;Uruguay - Primera Division;Penarol vs Albion;spread;away;1.0;2.06;1.862;9.61;7.01;1636007194
2026-09-13T15:33:34.845359+00:00;Netherlands - Eredivisie;PSV vs Sparta Rotterdam;spread;home;-2.5;1.943;1.787;8.03;2.51;1635196879
2026-09-13T15:34:06.658530+00:00;Chile - Primera Division;Universidad de Concepcion vs Huachipato;spread;home;-0.5;2.0;1.73;13.50;0.00;1635941108
2026-09-13T15:34:20.043430+00:00;USA - Major League Soccer;San Diego FC vs Philadelphia Union;spread;home;0.0;2.07;1.855;10.39;9.50;1635501647
2026-09-13T15:34:20.043983+00:00;USA - Major League Soccer;San Diego FC vs Philadelphia Union;spread;home;0.0;2.07;1.855;10.39;9.50;1635501647
2026-09-13T15:34:20.044424+00:00;USA - Major League Soccer;San Diego FC vs Philadelphia Union;total;over;4.5;2.0;1.901;4.95;9.50;1635501647
2026-09-13T15:34:21.212800+00:00;Mexico - Liga MX;Santos Laguna vs FC Juarez;spread;home;-0.5;2.04;1.82;10.78;9.50;1635711838
2026-09-13T15:34:27.039445+00:00;Argentina - Liga Pro;Huracan vs Racing Club;spread;away;-0.0;2.1;1.917;8.71;9.00;1635205176
2026-09-13T15:34:27.039990+00:00;Argentina - Liga Pro;Huracan vs Racing Club;spread;away;-0.0;2.1;1.893;9.86;9.00;1635205176
2026-09-13T15:34:31.321186+00:00;Argentina - Liga Pro;Sarmiento de Junin vs Belgrano;spread;home;0.0;2.22;1.962;11.62;2.25;1635208823
2026-09-13T15:34:36.223144+00:00;Spain - La Liga;Real Sociedad vs Atletico Madrid;spread;home;0.0;2.07;1.833;11.45;3.50;1635208802
2026-09-13T15:34:36.223738+00:00;Spain - La Liga;Real Sociedad vs Atletico Madrid;total;under;4.5;2.05;1.87;8.78;3.50;1635208802
2026-09-13T15:34:36.224229+00:00;Spain - La Liga;Real Sociedad vs Atletico Madrid;spread;home;0.0;2.07;1.862;10.05;3.50;1635208802
2026-09-13T15:34:39.832456+00:00;Spain - La Liga;Real Sociedad vs Atletico Madrid;spread;away;-0.0;1.952;1.699;12.96;3.50;1635208802
2026-09-13T15:34:39.833161+00:00;Spain - La Liga;Real Sociedad vs Atletico Madrid;total;over;4.5;1.909;1.787;6.39;3.50;1635208802
2026-09-13T15:34:40.938472+00:00;Spain - La Liga;Getafe vs Deportivo La Coruna;spread;away;-0.0;2.07;1.826;11.79;1.00;1635208789
2026-09-13T15:34:52.342529+00:00;Norway - 2nd Division;Junkeren vs Skeid;spread;home;0.0;2.08;1.82;12.50;0.25;1635992417
2026-09-13T15:39:43.768690+00:00;Netherlands - Eredivisie;PSV vs Sparta Rotterdam;spread;home;-2.5;1.935;1.775;8.27;2.38;1635196879
2026-09-13T15:39:45.778571+00:00;USA - Major League Soccer;San Diego FC vs Philadelphia Union;spread;home;0.0;2.07;1.855;10.39;9.38;1635501647
2026-09-13T15:39:45.779119+00:00;USA - Major League Soccer;San Diego FC vs Philadelphia Union;spread;home;0.0;2.07;1.855;10.39;9.38;1635501647
2026-09-13T15:39:45.779777+00:00;USA - Major League Soccer;San Diego FC vs Philadelphia Union;total;over;4.5;2.0;1.901;4.95;9.38;1635501647
2026-09-13T15:40:32.962096+00:00;Brazil - Serie B;Atletico Goianiense vs Criciuma;spread;away;-0.0;2.24;1.952;12.86;3.38;1636007503
2026-09-13T15:40:33.903167+00:00;Brazil - Serie B;Fortaleza vs Ceara;spread;home;-0.5;1.952;1.735;11.12;5.88;1636007562
2026-09-13T15:41:29.518638+00:00;Portugal - Primeira Liga;Arouca vs Santa Clara;spread;away;-0.0;2.03;1.847;9.01;1.37;1635941201
2026-09-13T15:41:29.519245+00:00;Portugal - Primeira Liga;Arouca vs Santa Clara;spread;away;-0.0;2.03;1.847;9.01;1.37;1635941201
2026-09-13T15:41:40.312181+00:00;Argentina - Liga Pro;Sarmiento de Junin vs Belgrano;spread;home;0.0;2.22;1.962;11.62;2.12;1635208823
2026-09-13T15:41:41.065081+00:00;Argentina - Liga Pro;Huracan vs Racing Club;spread;away;-0.0;2.1;1.917;8.71;8.87;1635205176
2026-09-13T15:41:41.065634+00:00;Argentina - Liga Pro;Huracan vs Racing Club;spread;away;-0.0;2.1;1.893;9.86;8.87;1635205176
2026-09-13T15:41:54.617540+00:00;Turkey - Super League;Amedspor vs Istanbul Basaksehir;spread;away;0.5;1.901;1.746;8.15;1.36;1635932693
2026-09-13T15:42:04.031454+00:00;Argentina - Primera B Nacional;Racing de Cordoba vs Deportivo Moron;spread;home;-0.5;1.99;1.758;11.66;3.36;1636019361
2026-09-13T15:42:04.032193+00:00;Argentina - Primera B Nacional;Racing de Cordoba vs Deportivo Moron;spread;away;0.5;1.962;1.725;12.08;3.36;1636019361
2026-09-13T15:42:22.098486+00:00;Russia - Premier League;Krasnodar vs Akron Togliatti;spread;home;-1.5;2.07;1.901;8.16;0.85;1635071616
2026-09-13T15:42:34.820813+00:00;Spain - Segunda Division;Tenerife vs Leganes;spread;home;0.0;2.02;1.667;17.48;3.35;1636007501
2026-09-13T15:42:34.821382+00:00;Spain - Segunda Division;Tenerife vs Leganes;spread;away;-0.0;2.3;1.741;24.30;3.35;1636007501
2026-09-13T15:42:47.736681+00:00;Spain - La Liga;Real Sociedad vs Atletico Madrid;spread;home;0.0;2.07;1.833;11.45;3.35;1635208802
2026-09-13T15:42:47.737332+00:00;Spain - La Liga;Real Sociedad vs Atletico Madrid;total;under;4.5;2.05;1.87;8.78;3.35;1635208802
2026-09-13T15:42:47.737760+00:00;Spain - La Liga;Real Sociedad vs Atletico Madrid;spread;away;-0.0;1.952;1.699;12.96;3.35;1635208802
2026-09-13T15:42:47.738152+00:00;Spain - La Liga;Real Sociedad vs Atletico Madrid;total;over;4.5;1.909;1.787;6.39;3.35;1635208802
2026-09-13T15:42:48.370234+00:00;Spain - La Liga;Getafe vs Deportivo La Coruna;spread;home;0.0;1.917;1.763;8.03;0.85;1635208789
2026-09-13T15:42:48.370931+00:00;Spain - La Liga;Getafe vs Deportivo La Coruna;spread;away;-0.0;2.16;1.826;15.46;0.85;1635208789
2026-09-13T15:42:49.414828+00:00;Colombia - Primera A;Once Caldas vs Deportivo Cali;spread;home;-0.5;2.08;1.87;10.10;7.51;1636021002
2026-09-13T15:42:50.642500+00:00;Colombia - Primera A;Deportivo Pereira vs Atletico Bucaramanga;spread;home;0.5;1.901;1.725;9.26;3.34;1635842413
2026-09-13T15:42:50.643358+00:00;Colombia - Primera A;Deportivo Pereira vs Atletico Bucaramanga;spread;away;-0.5;2.04;1.806;11.47;3.34;1635842413
2026-09-13T15:43:02.333094+00:00;Ecuador - Serie A;Leones del Norte vs Tecnico Universitario;spread;home;-0.5;1.99;1.714;13.87;2.34;1636021003
2026-09-13T15:43:03.191707+00:00;Ecuador - Serie A;Libertad FC vs Independiente del Valle;spread;home;0.5;1.98;1.775;10.35;7.34;1636020886
2026-09-13T15:43:06.740844+00:00;Uruguay - Primera Division;Penarol vs Albion;spread;away;1.0;2.06;1.862;9.61;6.84;1636007194
2026-09-13T15:43:09.160370+00:00;Mexico - Liga MX;Santos Laguna vs FC Juarez;spread;home;-0.5;2.04;1.82;10.78;9.34;1635711838
2026-09-13T15:43:27.919105+00:00;Slovenia - Prva Liga;Radomlje vs Maribor;spread;away;-1.0;1.971;1.8;8.68;2.59;1636007223
2026-09-13T15:48:40.526142+00:00;Netherlands - Eredivisie;PSV vs Sparta Rotterdam;spread;home;-2.5;1.935;1.775;8.27;2.24;1635196879
2026-09-13T15:48:41.492095+00:00;USA - Major League Soccer;San Diego FC vs Philadelphia Union;spread;home;0.0;2.07;1.855;10.39;9.24;1635501647
2026-09-13T15:48:41.492712+00:00;USA - Major League Soccer;San Diego FC vs Philadelphia Union;spread;home;0.0;2.07;1.855;10.39;9.24;1635501647
2026-09-13T15:48:41.493091+00:00;USA - Major League Soccer;San Diego FC vs Philadelphia Union;total;over;4.5;2.0;1.901;4.95;9.24;1635501647
2026-09-13T15:49:28.447003+00:00;Brazil - Serie B;Atletico Goianiense vs Criciuma;spread;away;-0.0;2.24;1.952;12.86;3.23;1636007503
2026-09-13T15:49:28.986149+00:00;Brazil - Serie B;Fortaleza vs Ceara;spread;home;-0.5;1.952;1.735;11.12;5.73;1636007562
2026-09-13T15:50:03.860250+00:00;USA - MLS Next Pro League;Orlando City II vs Toronto FC II;total;under;1.5;1.917;1.826;4.75;7.23;1636020990
2026-09-13T15:50:25.466508+00:00;Portugal - Primeira Liga;Arouca vs Santa Clara;spread;away;-0.0;2.02;1.847;8.56;1.22;1635941201
2026-09-13T15:50:25.467105+00:00;Portugal - Primeira Liga;Arouca vs Santa Clara;spread;away;-0.0;2.02;1.847;8.56;1.22;1635941201
2026-09-13T15:50:36.073732+00:00;Argentina - Liga Pro;Sarmiento de Junin vs Belgrano;spread;home;0.0;2.22;1.962;11.62;1.97;1635208823
2026-09-13T15:50:36.634910+00:00;Argentina - Liga Pro;Huracan vs Racing Club;spread;away;-0.0;2.1;1.917;8.71;8.72;1635205176
2026-09-13T15:50:36.635449+00:00;Argentina - Liga Pro;Huracan vs Racing Club;spread;away;-0.0;2.1;1.893;9.86;8.72;1635205176
2026-09-13T15:50:49.978856+00:00;Turkey - Super League;Amedspor vs Istanbul Basaksehir;spread;away;0.5;1.901;1.746;8.15;1.21;1635932693
2026-09-13T15:50:59.639184+00:00;Argentina - Primera B Nacional;Racing de Cordoba vs Deportivo Moron;spread;home;-0.5;1.99;1.758;11.66;3.21;1636019361
2026-09-13T15:50:59.639873+00:00;Argentina - Primera B Nacional;Racing de Cordoba vs Deportivo Moron;spread;away;0.5;1.962;1.725;12.08;3.21;1636019361
2026-09-13T15:51:17.990562+00:00;Russia - Premier League;Krasnodar vs Akron Togliatti;spread;home;-1.5;2.07;1.901;8.16;0.70;1635071616
2026-09-13T15:51:34.769809+00:00;Spain - Segunda Division;Tenerife vs Leganes;spread;home;0.0;2.02;1.667;17.48;3.20;1636007501
2026-09-13T15:51:34.770537+00:00;Spain - Segunda Division;Tenerife vs Leganes;spread;away;-0.0;2.3;1.741;24.30;3.20;1636007501
2026-09-13T15:51:46.511074+00:00;Spain - La Liga;Real Sociedad vs Atletico Madrid;spread;home;0.0;2.07;1.833;11.45;3.20;1635208802
2026-09-13T15:51:49.845941+00:00;Spain - La Liga;Real Sociedad vs Atletico Madrid;total;under;4.5;2.05;1.87;8.78;3.20;1635208802
2026-09-13T15:51:49.846624+00:00;Spain - La Liga;Real Sociedad vs Atletico Madrid;spread;away;-0.0;1.952;1.699;12.96;3.20;1635208802
2026-09-13T15:51:49.847165+00:00;Spain - La Liga;Real Sociedad vs Atletico Madrid;total;over;4.5;1.909;1.787;6.39;3.20;1635208802
2026-09-13T15:51:50.391338+00:00;Spain - La Liga;Getafe vs Deportivo La Coruna;spread;away;-0.0;2.12;1.826;13.87;0.70;1635208789
2026-09-13T15:51:52.957164+00:00;Colombia - Primera A;Deportivo Pereira vs Atletico Bucaramanga;spread;home;0.5;1.909;1.725;9.64;3.20;1635842413
2026-09-13T15:51:52.958088+00:00;Colombia - Primera A;Deportivo Pereira vs Atletico Bucaramanga;spread;away;-0.5;2.04;1.806;11.47;3.20;1635842413
2026-09-13T15:51:57.549766+00:00;Colombia - Primera A;Once Caldas vs Deportivo Cali;spread;home;-0.5;2.08;1.87;10.10;7.36;1636021002
2026-09-13T15:52:06.930563+00:00;Ecuador - Serie A;Leones del Norte vs Tecnico Universitario;spread;home;-0.5;1.99;1.714;13.87;2.20;1636021003
2026-09-13T15:52:07.497764+00:00;Ecuador - Serie A;Libertad FC vs Independiente del Valle;spread;home;0.5;1.98;1.775;10.35;7.20;1636020886
2026-09-13T15:52:08.965039+00:00;Uruguay - Primera Division;Penarol vs Albion;spread;away;1.0;2.06;1.862;9.61;6.70;1636007194
2026-09-13T15:52:13.519428+00:00;Mexico - Liga MX;Santos Laguna vs FC Juarez;spread;home;-0.5;2.04;1.82;10.78;9.19;1635711838
2026-09-13T15:52:27.516059+00:00;Slovenia - Prva Liga;Radomlje vs Maribor;spread;away;-1.0;1.971;1.8;8.68;2.44;1636007223
