timestamp;match;market;designation;points;old_odd;new_odd;movement_pct
2026-06-14 17:13:10,New York Mets vs Atlanta Braves,moneyline,home,,-113,-123,3.82;;;;;;;
2026-06-14 17:13:10,New York Mets vs Atlanta Braves,moneyline,away,,104,113,4.41;;;;;;;
2026-06-14 17:13:10,New York Mets vs Atlanta Braves,spread,home,-1.5,180,170,3.57;;;;;;;
2026-06-14 17:13:10,New York Mets vs Atlanta Braves,spread,away,1.5,-203,-190,2.26;;;;;;;
2026-06-14 17:13:10,New York Mets vs Atlanta Braves,total,over,8.5,-112,-110,0.86;;;;;;;
2026-06-14 17:13:10,New York Mets vs Atlanta Braves,total,under,8.5,-100,-102,0.98;;;;;;;
2026-06-14 17:13:10,Milwaukee Brewers vs Philadelphia Phillies,moneyline,home,,105,114,4.39;;;;;;;
2026-06-14 17:13:10,Milwaukee Brewers vs Philadelphia Phillies,moneyline,away,,-114,-124,3.77;;;;;;;
2026-06-14 17:13:10,Milwaukee Brewers vs Philadelphia Phillies,spread,home,1.5,-172,-164,1.79;;;;;;;
2026-06-14 17:13:10,Milwaukee Brewers vs Philadelphia Phillies,spread,away,-1.5,155,147,3.14;;;;;;;
2026-06-14 17:13:10,Minnesota Twins vs St. Louis Cardinals,moneyline,away,,-101,-102,0.49;;;;;;;
2026-06-14 17:13:10,Minnesota Twins vs St. Louis Cardinals,spread,home,-1.5,186,185,0.35;;;;;;;
2026-06-14 17:13:10,Minnesota Twins vs St. Louis Cardinals,spread,away,1.5,-210,-209,0.15;;;;;;;
2026-06-14 17:13:10,Athletics vs Colorado Rockies,moneyline,home,,-174,-187,2.54;;;;;;;
2026-06-14 17:13:10,Athletics vs Colorado Rockies,moneyline,away,,159,171,4.63;;;;;;;
2026-06-14 17:13:10,Athletics vs Colorado Rockies,spread,home,-1.5,104,-106,4.74;;;;;;;
2026-06-14 17:13:10,Athletics vs Colorado Rockies,spread,away,1.5,-115,-104,4.92;;;;;;;
2026-06-14 17:13:10,Athletics vs Colorado Rockies,total,over,14.0,-104,-106,0.92;;;;;;;
2026-06-14 17:13:10,Athletics vs Colorado Rockies,total,under,14.0,-108,-106,0.91;;;;;;;
2026-06-14 17:13:10,San Francisco Giants vs Chicago Cubs,spread,home,-1.5,158,159,0.39;;;;;;;
2026-06-14 17:13:10,San Francisco Giants vs Chicago Cubs,spread,away,1.5,-177,-178,0.2;;;;;;;
2026-06-14 17:13:10,San Francisco Giants vs Chicago Cubs,total,over,8.0,-107,-102,2.37;;;;;;;
2026-06-14 17:13:10,San Francisco Giants vs Chicago Cubs,total,under,8.0,-105,-110,2.22;;;;;;;
2026-06-14 17:13:10,Washington Nationals vs Seattle Mariners,moneyline,home,,122,119,1.35;;;;;;;
2026-06-14 17:13:10,Washington Nationals vs Seattle Mariners,moneyline,away,,-132,-129,1.0;;;;;;;
2026-06-14 17:13:10,Washington Nationals vs Seattle Mariners,spread,home,1.5,-128,-130,0.67;;;;;;;
2026-06-14 17:13:10,Washington Nationals vs Seattle Mariners,spread,away,-1.5,116,118,0.93;;;;;;;
2026-06-14 17:13:11,Baltimore Orioles vs San Diego Padres,moneyline,home,,-130,-134,1.3;;;;;;;
2026-06-14 17:13:11,Baltimore Orioles vs San Diego Padres,moneyline,away,,120,124,1.82;;;;;;;
2026-06-14 17:13:11,Baltimore Orioles vs San Diego Padres,spread,home,-1.5,151,147,1.59;;;;;;;
2026-06-14 17:13:11,Baltimore Orioles vs San Diego Padres,spread,away,1.5,-169,-164,1.13;;;;;;;
2026-06-14 17:13:11,Baltimore Orioles vs San Diego Padres,total,over,10.0,-102,-114,5.21;;;;;;;
2026-06-14 17:13:11,Baltimore Orioles vs San Diego Padres,total,under,10.0,-111,102,6.27;;;;;;;
2026-06-14 17:13:11,Kansas City Royals vs Houston Astros,moneyline,home,,-115,-117,0.8;;;;;;;
2026-06-14 17:13:11,Kansas City Royals vs Houston Astros,moneyline,away,,106,108,0.97;;;;;;;
2026-06-14 17:13:11,Kansas City Royals vs Houston Astros,spread,home,-1.5,173,171,0.73;;;;;;;
2026-06-14 17:13:11,Kansas City Royals vs Houston Astros,spread,away,1.5,-194,-192,0.35;;;;;;;
2026-06-14 17:13:11,Kansas City Royals vs Houston Astros,total,over,8.5,-116,-112,1.65;;;;;;;
2026-06-14 17:13:11,Kansas City Royals vs Houston Astros,total,under,8.5,103,-100,1.48;;;;;;;
2026-06-14 17:13:11,Boston Red Sox vs Texas Rangers,spread,away,1.5,-204,-203,0.16;;;;;;;
2026-06-14 17:13:11,Toronto Blue Jays vs New York Yankees,moneyline,home,,112,117,2.36;;;;;;;
2026-06-14 17:13:11,Toronto Blue Jays vs New York Yankees,moneyline,away,,-121,-126,1.8;;;;;;;
2026-06-14 17:13:11,Toronto Blue Jays vs New York Yankees,spread,home,1.5,-151,-147,1.08;;;;;;;
2026-06-14 17:13:11,Toronto Blue Jays vs New York Yankees,spread,away,-1.5,136,132,1.69;;;;;;;
2026-06-14 17:13:11,Pittsburgh Pirates vs Miami Marlins,moneyline,home,,-152,-149,0.8;;;;;;;
2026-06-14 17:13:11,Pittsburgh Pirates vs Miami Marlins,moneyline,away,,139,137,0.84;;;;;;;
2026-06-14 17:13:11,Pittsburgh Pirates vs Miami Marlins,total,over,7.0,-107,-119,4.87;;;;;;;
2026-06-14 17:13:11,Pittsburgh Pirates vs Miami Marlins,total,under,7.0,-105,106,5.51;;;;;;;
2026-06-14 17:13:11,Cleveland Guardians vs Detroit Tigers,moneyline,home,,-110,-103,3.24;;;;;;;
2026-06-14 17:13:11,Cleveland Guardians vs Detroit Tigers,moneyline,away,,101,-105,2.87;;;;;;;
2026-06-14 17:13:11,Cleveland Guardians vs Detroit Tigers,spread,home,-1.5,194,204,3.4;;;;;;;
2026-06-14 17:13:11,Cleveland Guardians vs Detroit Tigers,spread,away,1.5,-220,-232,1.62;;;;;;;
2026-06-14 17:13:11,Cleveland Guardians vs Detroit Tigers,total,over,7.0,-117,-112,2.06;;;;;;;
2026-06-14 17:13:11,Cleveland Guardians vs Detroit Tigers,total,under,7.0,104,100,1.96;;;;;;;
2026-06-14 17:13:11,Los Angeles Angels vs Tampa Bay Rays,moneyline,home,,103,106,1.48;;;;;;;
2026-06-14 17:13:11,Los Angeles Angels vs Tampa Bay Rays,moneyline,away,,-112,-115,1.23;;;;;;;
2026-06-14 17:13:11,Los Angeles Angels vs Tampa Bay Rays,spread,home,1.5,-158,-154,1.01;;;;;;;
2026-06-14 17:13:11,Los Angeles Angels vs Tampa Bay Rays,spread,away,-1.5,142,139,1.24;;;;;;;
2026-06-14 17:13:11,Chicago White Sox vs Los Angeles Dodgers,moneyline,home,,163,171,3.04;;;;;;;
2026-06-14 17:13:11,Chicago White Sox vs Los Angeles Dodgers,moneyline,away,,-178,-188,1.91;;;;;;;
2026-06-14 17:13:11,Chicago White Sox vs Los Angeles Dodgers,spread,home,1.5,103,106,1.48;;;;;;;
2026-06-14 17:13:11,Chicago White Sox vs Los Angeles Dodgers,spread,away,-1.5,-114,-117,1.2;;;;;;;
2026-06-14 17:13:11,Chicago White Sox vs Los Angeles Dodgers,total,over,9.5,-114,-102,5.5;;;;;;;
2026-06-14 17:13:11,Chicago White Sox vs Los Angeles Dodgers,total,under,9.5,102,-111,5.9;;;;;;;
2026-06-14 17:13:11,Cincinnati Reds vs Arizona Diamondbacks,moneyline,home,,-103,-104,0.47;;;;;;;
2026-06-14 17:13:11,Cincinnati Reds vs Arizona Diamondbacks,moneyline,away,,-105,-104,0.47;;;;;;;
2026-06-14 17:13:11,Cincinnati Reds vs Arizona Diamondbacks,spread,home,1.5,-162,-163,0.23;;;;;;;
2026-06-14 17:13:11,Cincinnati Reds vs Arizona Diamondbacks,spread,away,-1.5,145,146,0.41;;;;;;;
2026-06-14T15:13:54.245362+00:00;Boston Red Sox vs Texas Rangers;spread;away;1.5;-204;-203;0.16
2026-06-14T15:13:54.277584+00:00;Cleveland Guardians vs Detroit Tigers;moneyline;home;;-110;-103;3.24
2026-06-14T15:13:54.278192+00:00;Cleveland Guardians vs Detroit Tigers;moneyline;away;;101;-105;2.87
2026-06-14T15:13:54.278765+00:00;Cleveland Guardians vs Detroit Tigers;spread;home;-1.5;194;204;3.4
2026-06-14T15:13:54.279325+00:00;Cleveland Guardians vs Detroit Tigers;spread;away;1.5;-220;-232;1.62
2026-06-14T15:13:54.279838+00:00;Cleveland Guardians vs Detroit Tigers;total;over;7.0;-117;-112;2.06
2026-06-14T15:13:54.280357+00:00;Cleveland Guardians vs Detroit Tigers;total;under;7.0;104;100;1.96
2026-06-14T15:13:54.310938+00:00;Pittsburgh Pirates vs Miami Marlins;moneyline;home;;-152;-149;0.8
2026-06-14T15:13:54.311570+00:00;Pittsburgh Pirates vs Miami Marlins;moneyline;away;;139;137;0.84
2026-06-14T15:13:54.312073+00:00;Pittsburgh Pirates vs Miami Marlins;total;over;7.0;-105;-119;5.74
2026-06-14T15:13:54.312586+00:00;Pittsburgh Pirates vs Miami Marlins;total;under;7.0;-107;106;6.48
2026-06-14T15:13:54.343509+00:00;Cincinnati Reds vs Arizona Diamondbacks;moneyline;home;;-103;-104;0.47
2026-06-14T15:13:54.344060+00:00;Cincinnati Reds vs Arizona Diamondbacks;moneyline;away;;-105;-104;0.47
2026-06-14T15:13:54.344549+00:00;Cincinnati Reds vs Arizona Diamondbacks;spread;home;1.5;-162;-163;0.23
2026-06-14T15:13:54.345067+00:00;Cincinnati Reds vs Arizona Diamondbacks;spread;away;-1.5;145;146;0.41
2026-06-14T15:13:54.401408+00:00;Athletics vs Colorado Rockies;moneyline;home;;-174;-187;2.54
2026-06-14T15:13:54.402003+00:00;Athletics vs Colorado Rockies;moneyline;away;;159;171;4.63
2026-06-14T15:13:54.402521+00:00;Athletics vs Colorado Rockies;spread;home;-1.5;104;-106;4.74
2026-06-14T15:13:54.403170+00:00;Athletics vs Colorado Rockies;spread;away;1.5;-115;-104;4.92
2026-06-14T15:13:54.403809+00:00;Athletics vs Colorado Rockies;total;over;14.0;-104;-106;0.92
2026-06-14T15:13:54.404308+00:00;Athletics vs Colorado Rockies;total;under;14.0;-108;-106;0.91
2026-06-14T15:13:54.434968+00:00;Baltimore Orioles vs San Diego Padres;moneyline;home;;-130;-134;1.3
2026-06-14T15:13:54.435575+00:00;Baltimore Orioles vs San Diego Padres;moneyline;away;;120;124;1.82
2026-06-14T15:13:54.436090+00:00;Baltimore Orioles vs San Diego Padres;spread;home;-1.5;151;147;1.59
2026-06-14T15:13:54.436666+00:00;Baltimore Orioles vs San Diego Padres;spread;away;1.5;-169;-164;1.13
2026-06-14T15:13:54.437342+00:00;Baltimore Orioles vs San Diego Padres;total;over;10.0;-102;-114;5.21
2026-06-14T15:13:54.437917+00:00;Baltimore Orioles vs San Diego Padres;total;under;10.0;-111;102;6.27
2026-06-14T15:13:54.467114+00:00;Minnesota Twins vs St. Louis Cardinals;moneyline;away;;-101;-102;0.49
2026-06-14T15:13:54.467694+00:00;Minnesota Twins vs St. Louis Cardinals;spread;home;-1.5;186;185;0.35
2026-06-14T15:13:54.468174+00:00;Minnesota Twins vs St. Louis Cardinals;spread;away;1.5;-210;-209;0.15
2026-06-14T15:13:54.496944+00:00;Chicago White Sox vs Los Angeles Dodgers;moneyline;home;;163;171;3.04
2026-06-14T15:13:54.497585+00:00;Chicago White Sox vs Los Angeles Dodgers;moneyline;away;;-178;-188;1.91
2026-06-14T15:13:54.498118+00:00;Chicago White Sox vs Los Angeles Dodgers;spread;home;1.5;103;106;1.48
2026-06-14T15:13:54.498624+00:00;Chicago White Sox vs Los Angeles Dodgers;spread;away;-1.5;-114;-117;1.2
2026-06-14T15:13:54.499147+00:00;Chicago White Sox vs Los Angeles Dodgers;total;over;9.5;-114;-102;5.5
2026-06-14T15:13:54.499649+00:00;Chicago White Sox vs Los Angeles Dodgers;total;under;9.5;102;-111;5.9
2026-06-14T15:13:54.529418+00:00;New York Mets vs Atlanta Braves;moneyline;home;;-113;-123;3.82
2026-06-14T15:13:54.529945+00:00;New York Mets vs Atlanta Braves;moneyline;away;;104;113;4.41
2026-06-14T15:13:54.530426+00:00;New York Mets vs Atlanta Braves;spread;home;-1.5;180;170;3.57
2026-06-14T15:13:54.530910+00:00;New York Mets vs Atlanta Braves;spread;away;1.5;-203;-190;2.26
2026-06-14T15:13:54.531448+00:00;New York Mets vs Atlanta Braves;total;over;8.5;-112;-110;0.86
2026-06-14T15:13:54.531963+00:00;New York Mets vs Atlanta Braves;total;under;8.5;-100;-102;0.98
2026-06-14T15:13:54.560730+00:00;Washington Nationals vs Seattle Mariners;moneyline;home;;121;119;0.9
2026-06-14T15:13:54.561298+00:00;Washington Nationals vs Seattle Mariners;moneyline;away;;-131;-129;0.67
2026-06-14T15:13:54.561828+00:00;Washington Nationals vs Seattle Mariners;spread;home;1.5;-129;-130;0.34
2026-06-14T15:13:54.562327+00:00;Washington Nationals vs Seattle Mariners;spread;away;-1.5;117;118;0.46
2026-06-14T15:13:54.597456+00:00;Kansas City Royals vs Houston Astros;moneyline;home;;-115;-117;0.8
2026-06-14T15:13:54.598041+00:00;Kansas City Royals vs Houston Astros;moneyline;away;;106;108;0.97
2026-06-14T15:13:54.598542+00:00;Kansas City Royals vs Houston Astros;spread;home;-1.5;173;171;0.73
2026-06-14T15:13:54.599068+00:00;Kansas City Royals vs Houston Astros;spread;away;1.5;-194;-192;0.35
2026-06-14T15:13:54.599594+00:00;Kansas City Royals vs Houston Astros;total;over;8.5;-116;-112;1.65
2026-06-14T15:13:54.600119+00:00;Kansas City Royals vs Houston Astros;total;under;8.5;103;-100;1.48
2026-06-14T15:13:54.659579+00:00;Toronto Blue Jays vs New York Yankees;moneyline;home;;112;117;2.36
2026-06-14T15:13:54.660158+00:00;Toronto Blue Jays vs New York Yankees;moneyline;away;;-121;-126;1.8
2026-06-14T15:13:54.660663+00:00;Toronto Blue Jays vs New York Yankees;spread;home;1.5;-151;-147;1.08
2026-06-14T15:13:54.661175+00:00;Toronto Blue Jays vs New York Yankees;spread;away;-1.5;136;132;1.69
2026-06-14T15:13:54.693118+00:00;Milwaukee Brewers vs Philadelphia Phillies;moneyline;home;;104;114;4.9
2026-06-14T15:13:54.693747+00:00;Milwaukee Brewers vs Philadelphia Phillies;moneyline;away;;-113;-124;4.16
2026-06-14T15:13:54.694241+00:00;Milwaukee Brewers vs Philadelphia Phillies;spread;home;1.5;-175;-164;2.44
2026-06-14T15:13:54.694755+00:00;Milwaukee Brewers vs Philadelphia Phillies;spread;away;-1.5;157;147;3.89
2026-06-14T15:13:54.726918+00:00;Los Angeles Angels vs Tampa Bay Rays;moneyline;home;;103;106;1.48
2026-06-14T15:13:54.727573+00:00;Los Angeles Angels vs Tampa Bay Rays;moneyline;away;;-112;-115;1.23
2026-06-14T15:13:54.728229+00:00;Los Angeles Angels vs Tampa Bay Rays;spread;home;1.5;-158;-154;1.01
2026-06-14T15:13:54.728861+00:00;Los Angeles Angels vs Tampa Bay Rays;spread;away;-1.5;142;139;1.24
2026-06-14T15:13:54.757729+00:00;San Francisco Giants vs Chicago Cubs;spread;home;-1.5;158;159;0.39
2026-06-14T15:13:54.758290+00:00;San Francisco Giants vs Chicago Cubs;spread;away;1.5;-177;-178;0.2
2026-06-14T15:13:54.758878+00:00;San Francisco Giants vs Chicago Cubs;total;over;8.0;-107;-102;2.37
2026-06-14T15:13:54.759391+00:00;San Francisco Giants vs Chicago Cubs;total;under;8.0;-105;-110;2.22
2026-06-14T15:14:34.791525+00:00;San Francisco Giants vs Chicago Cubs;moneyline;home;;-130;-125;1.74
2026-06-14T15:14:34.792429+00:00;San Francisco Giants vs Chicago Cubs;moneyline;away;;120;115;2.27
2026-06-14T15:14:34.793160+00:00;San Francisco Giants vs Chicago Cubs;spread;home;-1.5;159;164;1.93
2026-06-14T15:14:34.793794+00:00;San Francisco Giants vs Chicago Cubs;spread;away;1.5;-178;-183;0.98
2026-06-14T15:14:34.794383+00:00;San Francisco Giants vs Chicago Cubs;total;over;8.0;-102;101;1.5
2026-06-14T15:14:34.794961+00:00;San Francisco Giants vs Chicago Cubs;total;under;8.0;-110;-113;1.26
2026-06-14 17:15:12,San Francisco Giants vs Chicago Cubs,moneyline,home,,-130,-125,1.74;;;;;;;
2026-06-14 17:15:12,San Francisco Giants vs Chicago Cubs,moneyline,away,,120,115,2.27;;;;;;;
2026-06-14 17:15:12,San Francisco Giants vs Chicago Cubs,spread,home,-1.5,159,164,1.93;;;;;;;
2026-06-14 17:15:12,San Francisco Giants vs Chicago Cubs,spread,away,1.5,-178,-183,0.98;;;;;;;
2026-06-14 17:15:12,San Francisco Giants vs Chicago Cubs,total,over,8.0,-102,101,1.5;;;;;;;
2026-06-14 17:15:12,San Francisco Giants vs Chicago Cubs,total,under,8.0,-110,-113,1.26;;;;;;;
2026-06-14T15:15:55.323966+00:00;Toronto Blue Jays vs New York Yankees;moneyline;home;;117;119;0.92
2026-06-14T15:15:55.324668+00:00;Toronto Blue Jays vs New York Yankees;moneyline;away;;-126;-129;1.03
2026-06-14T15:15:55.325277+00:00;Toronto Blue Jays vs New York Yankees;spread;home;1.5;-147;-143;1.13
2026-06-14T15:15:55.325760+00:00;Toronto Blue Jays vs New York Yankees;spread;away;-1.5;132;129;1.29
2026-06-14T15:15:55.326240+00:00;Toronto Blue Jays vs New York Yankees;total;over;8.0;-109;-116;2.89
2026-06-14T15:15:55.326761+00:00;Toronto Blue Jays vs New York Yankees;total;under;8.0;-103;103;3.0
2026-06-14T15:15:55.439395+00:00;San Francisco Giants vs Chicago Cubs;moneyline;home;;-130;-125;1.74
2026-06-14T15:15:55.439981+00:00;San Francisco Giants vs Chicago Cubs;moneyline;away;;120;115;2.27
2026-06-14T15:15:55.440490+00:00;San Francisco Giants vs Chicago Cubs;spread;home;-1.5;159;164;1.93
2026-06-14T15:15:55.441010+00:00;San Francisco Giants vs Chicago Cubs;spread;away;1.5;-178;-183;0.98
2026-06-14T15:15:55.441606+00:00;San Francisco Giants vs Chicago Cubs;total;over;8.0;-102;101;1.5
2026-06-14T15:15:55.442193+00:00;San Francisco Giants vs Chicago Cubs;total;under;8.0;-110;-113;1.26
2026-06-14T15:16:31.100031+00:00;Boston Red Sox vs Texas Rangers;spread;away;1.5;-204;-203;0.16
2026-06-14T15:16:31.199925+00:00;Cleveland Guardians vs Detroit Tigers;moneyline;home;;-110;-103;3.24
2026-06-14T15:16:31.200522+00:00;Cleveland Guardians vs Detroit Tigers;moneyline;away;;101;-105;2.87
2026-06-14T15:16:31.201048+00:00;Cleveland Guardians vs Detroit Tigers;spread;home;-1.5;194;204;3.4
2026-06-14T15:16:31.201548+00:00;Cleveland Guardians vs Detroit Tigers;spread;away;1.5;-220;-232;1.62
2026-06-14T15:16:31.202044+00:00;Cleveland Guardians vs Detroit Tigers;total;over;7.0;-117;-112;2.06
2026-06-14T15:16:31.202600+00:00;Cleveland Guardians vs Detroit Tigers;total;under;7.0;104;100;1.96
2026-06-14T15:16:31.233938+00:00;Pittsburgh Pirates vs Miami Marlins;moneyline;home;;-152;-149;0.8
2026-06-14T15:16:31.234524+00:00;Pittsburgh Pirates vs Miami Marlins;moneyline;away;;139;137;0.84
2026-06-14T15:16:31.235062+00:00;Pittsburgh Pirates vs Miami Marlins;total;over;7.0;-107;-119;4.87
2026-06-14T15:16:31.235611+00:00;Pittsburgh Pirates vs Miami Marlins;total;under;7.0;-105;106;5.51
2026-06-14T15:16:31.266236+00:00;Cincinnati Reds vs Arizona Diamondbacks;moneyline;home;;-103;-104;0.47
2026-06-14T15:16:31.266839+00:00;Cincinnati Reds vs Arizona Diamondbacks;moneyline;away;;-105;-104;0.47
2026-06-14T15:16:31.267335+00:00;Cincinnati Reds vs Arizona Diamondbacks;spread;home;1.5;-162;-163;0.23
2026-06-14T15:16:31.267873+00:00;Cincinnati Reds vs Arizona Diamondbacks;spread;away;-1.5;145;146;0.41
2026-06-14T15:16:31.300587+00:00;Athletics vs Colorado Rockies;moneyline;home;;-174;-187;2.54
2026-06-14T15:16:31.301156+00:00;Athletics vs Colorado Rockies;moneyline;away;;159;171;4.63
2026-06-14T15:16:31.301722+00:00;Athletics vs Colorado Rockies;spread;home;-1.5;104;-106;4.74
2026-06-14T15:16:31.302231+00:00;Athletics vs Colorado Rockies;spread;away;1.5;-115;-104;4.92
2026-06-14T15:16:31.302774+00:00;Athletics vs Colorado Rockies;total;over;14.0;-104;-106;0.92
2026-06-14T15:16:31.303312+00:00;Athletics vs Colorado Rockies;total;under;14.0;-108;-106;0.91
2026-06-14T15:16:31.340383+00:00;Baltimore Orioles vs San Diego Padres;moneyline;home;;-130;-134;1.3
2026-06-14T15:16:31.340981+00:00;Baltimore Orioles vs San Diego Padres;moneyline;away;;120;124;1.82
2026-06-14T15:16:31.341513+00:00;Baltimore Orioles vs San Diego Padres;spread;home;-1.5;151;147;1.59
2026-06-14T15:16:31.342019+00:00;Baltimore Orioles vs San Diego Padres;spread;away;1.5;-169;-164;1.13
2026-06-14T15:16:31.342518+00:00;Baltimore Orioles vs San Diego Padres;total;over;10.0;-102;-114;5.21
2026-06-14T15:16:31.343050+00:00;Baltimore Orioles vs San Diego Padres;total;under;10.0;-111;102;6.27
2026-06-14T15:16:31.380166+00:00;Minnesota Twins vs St. Louis Cardinals;moneyline;away;;-101;-102;0.49
2026-06-14T15:16:31.380736+00:00;Minnesota Twins vs St. Louis Cardinals;spread;home;-1.5;186;185;0.35
2026-06-14T15:16:31.381218+00:00;Minnesota Twins vs St. Louis Cardinals;spread;away;1.5;-210;-209;0.15
2026-06-14T15:16:31.415757+00:00;Chicago White Sox vs Los Angeles Dodgers;moneyline;home;;163;171;3.04
2026-06-14T15:16:31.416312+00:00;Chicago White Sox vs Los Angeles Dodgers;moneyline;away;;-178;-188;1.91
2026-06-14T15:16:31.416837+00:00;Chicago White Sox vs Los Angeles Dodgers;spread;home;1.5;103;106;1.48
2026-06-14T15:16:31.417342+00:00;Chicago White Sox vs Los Angeles Dodgers;spread;away;-1.5;-114;-117;1.2
2026-06-14T15:16:31.417863+00:00;Chicago White Sox vs Los Angeles Dodgers;total;over;9.5;-114;-102;5.5
2026-06-14T15:16:31.418419+00:00;Chicago White Sox vs Los Angeles Dodgers;total;under;9.5;102;-111;5.9
2026-06-14T15:16:31.450351+00:00;New York Mets vs Atlanta Braves;moneyline;home;;-113;-123;3.82
2026-06-14T15:16:31.450979+00:00;New York Mets vs Atlanta Braves;moneyline;away;;104;113;4.41
2026-06-14T15:16:31.451602+00:00;New York Mets vs Atlanta Braves;spread;home;-1.5;180;170;3.57
2026-06-14T15:16:31.452125+00:00;New York Mets vs Atlanta Braves;spread;away;1.5;-203;-190;2.26
2026-06-14T15:16:31.452631+00:00;New York Mets vs Atlanta Braves;total;over;8.5;-112;-110;0.86
2026-06-14T15:16:31.453150+00:00;New York Mets vs Atlanta Braves;total;under;8.5;-100;-102;0.98
2026-06-14T15:16:31.484502+00:00;Washington Nationals vs Seattle Mariners;moneyline;home;;121;119;0.9
2026-06-14T15:16:31.485105+00:00;Washington Nationals vs Seattle Mariners;moneyline;away;;-131;-129;0.67
2026-06-14T15:16:31.485611+00:00;Washington Nationals vs Seattle Mariners;spread;home;1.5;-129;-130;0.34
2026-06-14T15:16:31.486143+00:00;Washington Nationals vs Seattle Mariners;spread;away;-1.5;117;118;0.46
2026-06-14T15:16:31.516976+00:00;Kansas City Royals vs Houston Astros;moneyline;home;;-115;-117;0.8
2026-06-14T15:16:31.517506+00:00;Kansas City Royals vs Houston Astros;moneyline;away;;106;108;0.97
2026-06-14T15:16:31.517994+00:00;Kansas City Royals vs Houston Astros;spread;home;-1.5;173;171;0.73
2026-06-14T15:16:31.518477+00:00;Kansas City Royals vs Houston Astros;spread;away;1.5;-194;-192;0.35
2026-06-14T15:16:31.519007+00:00;Kansas City Royals vs Houston Astros;total;over;8.5;-116;-112;1.65
2026-06-14T15:16:31.519551+00:00;Kansas City Royals vs Houston Astros;total;under;8.5;103;-100;1.48
2026-06-14T15:16:31.550915+00:00;Toronto Blue Jays vs New York Yankees;moneyline;home;;112;119;3.3
2026-06-14T15:16:31.551526+00:00;Toronto Blue Jays vs New York Yankees;moneyline;away;;-121;-129;2.81
2026-06-14T15:16:31.552044+00:00;Toronto Blue Jays vs New York Yankees;spread;home;1.5;-151;-143;2.23
2026-06-14T15:16:31.552544+00:00;Toronto Blue Jays vs New York Yankees;spread;away;-1.5;136;129;2.97
2026-06-14T15:16:31.586264+00:00;Milwaukee Brewers vs Philadelphia Phillies;moneyline;home;;105;114;4.39
2026-06-14T15:16:31.586845+00:00;Milwaukee Brewers vs Philadelphia Phillies;moneyline;away;;-114;-124;3.77
2026-06-14T15:16:31.587418+00:00;Milwaukee Brewers vs Philadelphia Phillies;spread;home;1.5;-172;-164;1.79
2026-06-14T15:16:31.587910+00:00;Milwaukee Brewers vs Philadelphia Phillies;spread;away;-1.5;155;147;3.14
2026-06-14T15:16:31.637154+00:00;Los Angeles Angels vs Tampa Bay Rays;moneyline;home;;103;106;1.48
2026-06-14T15:16:31.637792+00:00;Los Angeles Angels vs Tampa Bay Rays;moneyline;away;;-112;-115;1.23
2026-06-14T15:16:31.638316+00:00;Los Angeles Angels vs Tampa Bay Rays;spread;home;1.5;-158;-154;1.01
2026-06-14T15:16:31.638807+00:00;Los Angeles Angels vs Tampa Bay Rays;spread;away;-1.5;142;139;1.24
2026-06-14T15:16:31.670136+00:00;San Francisco Giants vs Chicago Cubs;moneyline;home;;-130;-125;1.74
2026-06-14T15:16:31.670709+00:00;San Francisco Giants vs Chicago Cubs;moneyline;away;;120;115;2.27
2026-06-14T15:16:31.671246+00:00;San Francisco Giants vs Chicago Cubs;spread;home;-1.5;158;164;2.33
2026-06-14T15:16:31.671821+00:00;San Francisco Giants vs Chicago Cubs;spread;away;1.5;-177;-183;1.18
2026-06-14T15:16:31.672328+00:00;San Francisco Giants vs Chicago Cubs;total;over;8.0;-107;101;3.9
2026-06-14T15:16:31.672862+00:00;San Francisco Giants vs Chicago Cubs;total;under;8.0;-105;-113;3.45
2026-06-14T15:16:35.398533+00:00;Toronto Blue Jays vs New York Yankees;moneyline;home;;117;119;0.92
2026-06-14T15:16:35.399330+00:00;Toronto Blue Jays vs New York Yankees;moneyline;away;;-126;-129;1.03
2026-06-14T15:16:35.399969+00:00;Toronto Blue Jays vs New York Yankees;spread;home;1.5;-147;-143;1.13
2026-06-14T15:16:35.400486+00:00;Toronto Blue Jays vs New York Yankees;spread;away;-1.5;132;129;1.29
2026-06-14T15:16:35.401113+00:00;Toronto Blue Jays vs New York Yankees;total;over;8.0;-109;-116;2.89
2026-06-14T15:16:35.401766+00:00;Toronto Blue Jays vs New York Yankees;total;under;8.0;-103;103;3.0
2026-06-15 10:32:49,Cincinnati Reds vs New York Mets,moneyline,away,,119,120,0.46;;;;;;;
2026-06-15 10:32:49,Cincinnati Reds vs New York Mets,spread,home,-1.5,158,157,0.39;;;;;;;
2026-06-15 10:32:49,Cincinnati Reds vs New York Mets,spread,away,1.5,-180,-179,0.2;;;;;;;
2026-06-15 10:32:49,Athletics vs Pittsburgh Pirates,moneyline,home,,-121,-126,1.8;;;;;;;
2026-06-15 10:32:49,Athletics vs Pittsburgh Pirates,moneyline,away,,110,114,1.9;;;;;;;
2026-06-15 10:32:49,Athletics vs Pittsburgh Pirates,spread,home,-1.5,157,152,1.95;;;;;;;
2026-06-15 10:32:49,Athletics vs Pittsburgh Pirates,spread,away,1.5,-179,-173,1.24;;;;;;;
2026-06-15 10:32:49,Arizona Diamondbacks vs Los Angeles Angels,moneyline,home,,-115,-125,3.72;;;;;;;
2026-06-15 10:32:49,Arizona Diamondbacks vs Los Angeles Angels,moneyline,away,,105,114,4.39;;;;;;;
2026-06-15 10:32:49,Arizona Diamondbacks vs Los Angeles Angels,spread,home,-1.5,171,161,3.69;;;;;;;
2026-06-15 10:32:49,Arizona Diamondbacks vs Los Angeles Angels,spread,away,1.5,-197,-184,2.38;;;;;;;
2026-06-15 10:32:49,Arizona Diamondbacks vs Los Angeles Angels,total,over,9.0,-111,-112,0.42;;;;;;;
2026-06-15 10:32:49,Arizona Diamondbacks vs Los Angeles Angels,total,under,9.0,-103,-102,0.48;;;;;;;
2026-06-15 10:32:49,Los Angeles Dodgers vs Tampa Bay Rays,moneyline,home,,-159,-158,0.24;;;;;;;
2026-06-15 10:32:49,Los Angeles Dodgers vs Tampa Bay Rays,moneyline,away,,143,142,0.41;;;;;;;
2026-06-15 10:32:49,Los Angeles Dodgers vs Tampa Bay Rays,spread,home,-1.5,129,130,0.44;;;;;;;
2026-06-15 10:32:49,Los Angeles Dodgers vs Tampa Bay Rays,spread,away,1.5,-146,-147,0.28;;;;;;;
2026-06-15 10:32:49,Los Angeles Dodgers vs Tampa Bay Rays,total,over,9.0,101,-101,0.99;;;;;;;
2026-06-15 10:32:49,Los Angeles Dodgers vs Tampa Bay Rays,total,under,9.0,-115,-114,0.41;;;;;;;
2026-06-15 10:32:49,Houston Astros vs Detroit Tigers,moneyline,home,,-131,-128,1.01;;;;;;;
2026-06-15 10:32:49,Houston Astros vs Detroit Tigers,moneyline,away,,118,116,0.92;;;;;;;
2026-06-15 10:32:49,Houston Astros vs Detroit Tigers,spread,home,-1.5,155,157,0.78;;;;;;;
2026-06-15 10:32:49,Houston Astros vs Detroit Tigers,spread,away,1.5,-176,-179,0.61;;;;;;;
2026-06-15 10:32:49,Philadelphia Phillies vs Miami Marlins,moneyline,home,,-202,-200,0.33;;;;;;;
2026-06-15 10:32:49,Philadelphia Phillies vs Miami Marlins,moneyline,away,,180,178,0.71;;;;;;;
2026-06-15 10:32:49,Philadelphia Phillies vs Miami Marlins,spread,home,-1.5,107,106,0.48;;;;;;;
2026-06-15 10:32:49,Philadelphia Phillies vs Miami Marlins,spread,away,1.5,-121,-119,0.76;;;;;;;
2026-06-15 10:32:49,Philadelphia Phillies vs Miami Marlins,total,over,7.5,-107,-108,0.45;;;;;;;
2026-06-15 10:32:49,Philadelphia Phillies vs Miami Marlins,total,under,7.5,-107,-106,0.46;;;;;;;
2026-06-15 10:32:49,Washington Nationals vs Kansas City Royals,moneyline,home,,-130,-142,3.67;;;;;;;
2026-06-15 10:32:49,Washington Nationals vs Kansas City Royals,moneyline,away,,118,128,4.59;;;;;;;
2026-06-15 10:32:49,Washington Nationals vs Kansas City Royals,spread,home,-1.5,153,144,3.56;;;;;;;
2026-06-15 10:32:49,Washington Nationals vs Kansas City Royals,spread,away,1.5,-175,-163,2.68;;;;;;;
2026-06-15 10:32:49,Washington Nationals vs Kansas City Royals,total,over,9.0,-111,-112,0.42;;;;;;;
2026-06-15T08:32:56.678470+00:00;Cincinnati Reds vs New York Mets;moneyline;home;;-130;-132;0.66
2026-06-15T08:32:56.681033+00:00;Cincinnati Reds vs New York Mets;moneyline;away;;118;120;0.92
2026-06-15T08:32:56.682688+00:00;Cincinnati Reds vs New York Mets;spread;home;-1.5;159;157;0.77
2026-06-15T08:32:56.684145+00:00;Cincinnati Reds vs New York Mets;spread;away;1.5;-182;-179;0.59
2026-06-15T08:32:56.685231+00:00;Cincinnati Reds vs New York Mets;total;over;8.0;-113;-112;0.42
2026-06-15T08:32:56.686136+00:00;Cincinnati Reds vs New York Mets;total;under;8.0;-101;-102;0.49
2026-06-15T08:32:56.754548+00:00;Arizona Diamondbacks vs Los Angeles Angels;moneyline;away;;113;114;0.47
2026-06-15T08:32:56.755424+00:00;Arizona Diamondbacks vs Los Angeles Angels;spread;home;-1.5;162;161;0.38
2026-06-15T08:32:56.756093+00:00;Arizona Diamondbacks vs Los Angeles Angels;spread;away;1.5;-185;-184;0.19
2026-06-15T08:32:56.830004+00:00;Houston Astros vs Detroit Tigers;total;under;9.0;-119;-120;0.38
2026-06-15T08:32:56.865902+00:00;Philadelphia Phillies vs Miami Marlins;spread;away;1.5;-120;-119;0.38
2026-06-15T08:32:56.866913+00:00;Philadelphia Phillies vs Miami Marlins;total;over;7.5;-109;-108;0.44
2026-06-15T08:32:56.867830+00:00;Philadelphia Phillies vs Miami Marlins;total;under;7.5;-105;-106;0.46
2026-06-15T08:32:56.904065+00:00;Washington Nationals vs Kansas City Royals;moneyline;home;;-133;-142;2.72
2026-06-15T08:32:56.904801+00:00;Washington Nationals vs Kansas City Royals;moneyline;away;;120;128;3.64
2026-06-15T08:32:56.905487+00:00;Washington Nationals vs Kansas City Royals;spread;home;-1.5;150;144;2.4
2026-06-15T08:32:56.906267+00:00;Washington Nationals vs Kansas City Royals;spread;away;1.5;-171;-163;1.81
2026-06-15T08:32:56.907168+00:00;Washington Nationals vs Kansas City Royals;total;over;9.0;-111;-112;0.42
2026-06-15T08:33:03.194922+00:00;Cincinnati Reds vs New York Mets;moneyline;away;;119;120;0.46
2026-06-15T08:33:03.196285+00:00;Cincinnati Reds vs New York Mets;spread;home;-1.5;158;157;0.39
2026-06-15T08:33:03.197173+00:00;Cincinnati Reds vs New York Mets;spread;away;1.5;-180;-179;0.2
2026-06-15T08:33:03.230124+00:00;Athletics vs Pittsburgh Pirates;moneyline;home;;-121;-126;1.8
2026-06-15T08:33:03.231110+00:00;Athletics vs Pittsburgh Pirates;moneyline;away;;110;114;1.9
2026-06-15T08:33:03.231873+00:00;Athletics vs Pittsburgh Pirates;spread;home;-1.5;157;152;1.95
2026-06-15T08:33:03.232546+00:00;Athletics vs Pittsburgh Pirates;spread;away;1.5;-179;-173;1.24
2026-06-15T08:33:03.265513+00:00;Arizona Diamondbacks vs Los Angeles Angels;moneyline;home;;-115;-125;3.72
2026-06-15T08:33:03.266470+00:00;Arizona Diamondbacks vs Los Angeles Angels;moneyline;away;;105;114;4.39
2026-06-15T08:33:03.267493+00:00;Arizona Diamondbacks vs Los Angeles Angels;spread;home;-1.5;171;161;3.69
2026-06-15T08:33:03.268301+00:00;Arizona Diamondbacks vs Los Angeles Angels;spread;away;1.5;-197;-184;2.38
2026-06-15T08:33:03.269156+00:00;Arizona Diamondbacks vs Los Angeles Angels;total;over;9.0;-111;-112;0.42
2026-06-15T08:33:03.270702+00:00;Arizona Diamondbacks vs Los Angeles Angels;total;under;9.0;-103;-102;0.48
2026-06-15T08:33:03.304700+00:00;Los Angeles Dodgers vs Tampa Bay Rays;moneyline;home;;-159;-158;0.24
2026-06-15T08:33:03.305373+00:00;Los Angeles Dodgers vs Tampa Bay Rays;moneyline;away;;143;142;0.41
2026-06-15T08:33:03.305967+00:00;Los Angeles Dodgers vs Tampa Bay Rays;spread;home;-1.5;129;130;0.44
2026-06-15T08:33:03.306551+00:00;Los Angeles Dodgers vs Tampa Bay Rays;spread;away;1.5;-146;-147;0.28
2026-06-15T08:33:03.307148+00:00;Los Angeles Dodgers vs Tampa Bay Rays;total;over;9.0;101;-101;0.99
2026-06-15T08:33:03.307778+00:00;Los Angeles Dodgers vs Tampa Bay Rays;total;under;9.0;-115;-114;0.41
2026-06-15T08:33:03.341942+00:00;Houston Astros vs Detroit Tigers;moneyline;home;;-131;-128;1.01
2026-06-15T08:33:03.342734+00:00;Houston Astros vs Detroit Tigers;moneyline;away;;118;116;0.92
2026-06-15T08:33:03.343482+00:00;Houston Astros vs Detroit Tigers;spread;home;-1.5;155;157;0.78
2026-06-15T08:33:03.344095+00:00;Houston Astros vs Detroit Tigers;spread;away;1.5;-176;-179;0.61
2026-06-15T08:33:03.378373+00:00;Philadelphia Phillies vs Miami Marlins;moneyline;home;;-202;-200;0.33
2026-06-15T08:33:03.379263+00:00;Philadelphia Phillies vs Miami Marlins;moneyline;away;;180;178;0.71
2026-06-15T08:33:03.380161+00:00;Philadelphia Phillies vs Miami Marlins;spread;home;-1.5;107;106;0.48
2026-06-15T08:33:03.380957+00:00;Philadelphia Phillies vs Miami Marlins;spread;away;1.5;-121;-119;0.76
2026-06-15T08:33:03.381635+00:00;Philadelphia Phillies vs Miami Marlins;total;over;7.5;-107;-108;0.45
2026-06-15T08:33:03.382273+00:00;Philadelphia Phillies vs Miami Marlins;total;under;7.5;-107;-106;0.46
2026-06-15T08:33:03.416362+00:00;Washington Nationals vs Kansas City Royals;moneyline;home;;-130;-142;3.67
2026-06-15T08:33:03.417033+00:00;Washington Nationals vs Kansas City Royals;moneyline;away;;118;128;4.59
2026-06-15T08:33:03.417750+00:00;Washington Nationals vs Kansas City Royals;spread;home;-1.5;153;144;3.56
2026-06-15T08:33:03.418387+00:00;Washington Nationals vs Kansas City Royals;spread;away;1.5;-175;-163;2.68
2026-06-15T08:33:03.419031+00:00;Washington Nationals vs Kansas City Royals;total;over;9.0;-111;-112;0.42
2026-06-15T08:33:04.136291+00:00;Cincinnati Reds vs New York Mets;moneyline;away;;119;120;0.46
2026-06-15T08:33:04.137599+00:00;Cincinnati Reds vs New York Mets;spread;home;-1.5;158;157;0.39
2026-06-15T08:33:04.139188+00:00;Cincinnati Reds vs New York Mets;spread;away;1.5;-180;-179;0.2
2026-06-15T08:33:04.168553+00:00;Athletics vs Pittsburgh Pirates;moneyline;home;;-121;-126;1.8
2026-06-15T08:33:04.169431+00:00;Athletics vs Pittsburgh Pirates;moneyline;away;;110;114;1.9
2026-06-15T08:33:04.170459+00:00;Athletics vs Pittsburgh Pirates;spread;home;-1.5;157;152;1.95
2026-06-15T08:33:04.171350+00:00;Athletics vs Pittsburgh Pirates;spread;away;1.5;-179;-173;1.24
2026-06-15T08:33:04.198657+00:00;Arizona Diamondbacks vs Los Angeles Angels;moneyline;home;;-115;-125;3.72
2026-06-15T08:33:04.199341+00:00;Arizona Diamondbacks vs Los Angeles Angels;moneyline;away;;105;114;4.39
2026-06-15T08:33:04.200058+00:00;Arizona Diamondbacks vs Los Angeles Angels;spread;home;-1.5;171;161;3.69
2026-06-15T08:33:04.200739+00:00;Arizona Diamondbacks vs Los Angeles Angels;spread;away;1.5;-197;-184;2.38
2026-06-15T08:33:04.201432+00:00;Arizona Diamondbacks vs Los Angeles Angels;total;over;9.0;-111;-112;0.42
2026-06-15T08:33:04.202040+00:00;Arizona Diamondbacks vs Los Angeles Angels;total;under;9.0;-103;-102;0.48
2026-06-15T08:33:04.230472+00:00;Los Angeles Dodgers vs Tampa Bay Rays;moneyline;home;;-159;-158;0.24
2026-06-15T08:33:04.231374+00:00;Los Angeles Dodgers vs Tampa Bay Rays;moneyline;away;;143;142;0.41
2026-06-15T08:33:04.232234+00:00;Los Angeles Dodgers vs Tampa Bay Rays;spread;home;-1.5;129;130;0.44
2026-06-15T08:33:04.233023+00:00;Los Angeles Dodgers vs Tampa Bay Rays;spread;away;1.5;-146;-147;0.28
2026-06-15T08:33:04.233836+00:00;Los Angeles Dodgers vs Tampa Bay Rays;total;over;9.0;101;-101;0.99
2026-06-15T08:33:04.234748+00:00;Los Angeles Dodgers vs Tampa Bay Rays;total;under;9.0;-115;-114;0.41
2026-06-15T08:33:04.262878+00:00;Houston Astros vs Detroit Tigers;moneyline;home;;-131;-128;1.01
2026-06-15T08:33:04.264159+00:00;Houston Astros vs Detroit Tigers;moneyline;away;;118;116;0.92
2026-06-15T08:33:04.266153+00:00;Houston Astros vs Detroit Tigers;spread;home;-1.5;155;157;0.78
2026-06-15T08:33:04.267178+00:00;Houston Astros vs Detroit Tigers;spread;away;1.5;-176;-179;0.61
2026-06-15T08:33:04.296620+00:00;Philadelphia Phillies vs Miami Marlins;moneyline;home;;-202;-200;0.33
2026-06-15T08:33:04.297803+00:00;Philadelphia Phillies vs Miami Marlins;moneyline;away;;180;178;0.71
2026-06-15T08:33:04.298921+00:00;Philadelphia Phillies vs Miami Marlins;spread;home;-1.5;107;106;0.48
2026-06-15T08:33:04.299822+00:00;Philadelphia Phillies vs Miami Marlins;spread;away;1.5;-121;-119;0.76
2026-06-15T08:33:04.300630+00:00;Philadelphia Phillies vs Miami Marlins;total;over;7.5;-107;-108;0.45
2026-06-15T08:33:04.301365+00:00;Philadelphia Phillies vs Miami Marlins;total;under;7.5;-107;-106;0.46
2026-06-15T08:33:04.327663+00:00;Washington Nationals vs Kansas City Royals;moneyline;home;;-130;-142;3.67
2026-06-15T08:33:04.328484+00:00;Washington Nationals vs Kansas City Royals;moneyline;away;;118;128;4.59
2026-06-15T08:33:04.329519+00:00;Washington Nationals vs Kansas City Royals;spread;home;-1.5;153;144;3.56
2026-06-15T08:33:04.330296+00:00;Washington Nationals vs Kansas City Royals;spread;away;1.5;-175;-163;2.68
2026-06-15T08:33:04.331079+00:00;Washington Nationals vs Kansas City Royals;total;over;9.0;-111;-112;0.42
2026-06-15T08:33:06.047815+00:00;Cincinnati Reds vs New York Mets;moneyline;away;;119;120;0.46
2026-06-15T08:33:06.049215+00:00;Cincinnati Reds vs New York Mets;spread;home;-1.5;158;157;0.39
2026-06-15T08:33:06.050466+00:00;Cincinnati Reds vs New York Mets;spread;away;1.5;-180;-179;0.2
2026-06-15T08:33:06.088802+00:00;Athletics vs Pittsburgh Pirates;moneyline;home;;-121;-126;1.8
2026-06-15T08:33:06.089611+00:00;Athletics vs Pittsburgh Pirates;moneyline;away;;110;114;1.9
2026-06-15T08:33:06.090464+00:00;Athletics vs Pittsburgh Pirates;spread;home;-1.5;157;152;1.95
2026-06-15T08:33:06.091278+00:00;Athletics vs Pittsburgh Pirates;spread;away;1.5;-179;-173;1.24
2026-06-15T08:33:06.123158+00:00;Arizona Diamondbacks vs Los Angeles Angels;moneyline;home;;-115;-125;3.72
2026-06-15T08:33:06.123980+00:00;Arizona Diamondbacks vs Los Angeles Angels;moneyline;away;;105;114;4.39
2026-06-15T08:33:06.124732+00:00;Arizona Diamondbacks vs Los Angeles Angels;spread;home;-1.5;171;161;3.69
2026-06-15T08:33:06.125420+00:00;Arizona Diamondbacks vs Los Angeles Angels;spread;away;1.5;-197;-184;2.38
2026-06-15T08:33:06.126143+00:00;Arizona Diamondbacks vs Los Angeles Angels;total;over;9.0;-111;-112;0.42
2026-06-15T08:33:06.126786+00:00;Arizona Diamondbacks vs Los Angeles Angels;total;under;9.0;-103;-102;0.48
2026-06-15T08:33:06.163049+00:00;Los Angeles Dodgers vs Tampa Bay Rays;moneyline;home;;-159;-158;0.24
2026-06-15T08:33:06.165760+00:00;Los Angeles Dodgers vs Tampa Bay Rays;moneyline;away;;143;142;0.41
2026-06-15T08:33:06.167232+00:00;Los Angeles Dodgers vs Tampa Bay Rays;spread;home;-1.5;129;130;0.44
2026-06-15T08:33:06.169364+00:00;Los Angeles Dodgers vs Tampa Bay Rays;spread;away;1.5;-146;-147;0.28
2026-06-15T08:33:06.173212+00:00;Los Angeles Dodgers vs Tampa Bay Rays;total;over;9.0;101;-101;0.99
2026-06-15T08:33:06.174266+00:00;Los Angeles Dodgers vs Tampa Bay Rays;total;under;9.0;-115;-114;0.41
2026-06-15T08:33:06.206522+00:00;Houston Astros vs Detroit Tigers;moneyline;home;;-131;-128;1.01
2026-06-15T08:33:06.207284+00:00;Houston Astros vs Detroit Tigers;moneyline;away;;118;116;0.92
2026-06-15T08:33:06.207982+00:00;Houston Astros vs Detroit Tigers;spread;home;-1.5;155;157;0.78
2026-06-15T08:33:06.208605+00:00;Houston Astros vs Detroit Tigers;spread;away;1.5;-176;-179;0.61
2026-06-15T08:33:06.237264+00:00;Philadelphia Phillies vs Miami Marlins;moneyline;home;;-202;-200;0.33
2026-06-15T08:33:06.238504+00:00;Philadelphia Phillies vs Miami Marlins;moneyline;away;;180;178;0.71
2026-06-15T08:33:06.239639+00:00;Philadelphia Phillies vs Miami Marlins;spread;home;-1.5;107;106;0.48
2026-06-15T08:33:06.240839+00:00;Philadelphia Phillies vs Miami Marlins;spread;away;1.5;-121;-119;0.76
2026-06-15T08:33:06.242096+00:00;Philadelphia Phillies vs Miami Marlins;total;over;7.5;-107;-108;0.45
2026-06-15T08:33:06.243714+00:00;Philadelphia Phillies vs Miami Marlins;total;under;7.5;-107;-106;0.46
2026-06-15T08:33:06.276987+00:00;Washington Nationals vs Kansas City Royals;moneyline;home;;-130;-142;3.67
2026-06-15T08:33:06.280307+00:00;Washington Nationals vs Kansas City Royals;moneyline;away;;118;128;4.59
2026-06-15T08:33:06.282944+00:00;Washington Nationals vs Kansas City Royals;spread;home;-1.5;153;144;3.56
2026-06-15T08:33:06.284825+00:00;Washington Nationals vs Kansas City Royals;spread;away;1.5;-175;-163;2.68
2026-06-15T08:33:06.286545+00:00;Washington Nationals vs Kansas City Royals;total;over;9.0;-111;-112;0.42
2026-06-15T08:38:25.439301+00:00;Cincinnati Reds vs New York Mets;moneyline;away;;119;120;0.46
2026-06-15T08:38:25.439996+00:00;Cincinnati Reds vs New York Mets;spread;home;-1.5;158;157;0.39
2026-06-15T08:38:25.440530+00:00;Cincinnati Reds vs New York Mets;spread;away;1.5;-180;-179;0.2
2026-06-15T08:38:25.482348+00:00;Athletics vs Pittsburgh Pirates;moneyline;home;;-121;-126;1.8
2026-06-15T08:38:25.483043+00:00;Athletics vs Pittsburgh Pirates;moneyline;away;;110;114;1.9
2026-06-15T08:38:25.483593+00:00;Athletics vs Pittsburgh Pirates;spread;home;-1.5;157;152;1.95
2026-06-15T08:38:25.484109+00:00;Athletics vs Pittsburgh Pirates;spread;away;1.5;-179;-173;1.24
2026-06-15T08:38:25.527056+00:00;Arizona Diamondbacks vs Los Angeles Angels;moneyline;home;;-115;-125;3.72
2026-06-15T08:38:25.527862+00:00;Arizona Diamondbacks vs Los Angeles Angels;moneyline;away;;105;114;4.39
2026-06-15T08:38:25.528591+00:00;Arizona Diamondbacks vs Los Angeles Angels;spread;home;-1.5;171;161;3.69
2026-06-15T08:38:25.529236+00:00;Arizona Diamondbacks vs Los Angeles Angels;spread;away;1.5;-197;-184;2.38
2026-06-15T08:38:25.529922+00:00;Arizona Diamondbacks vs Los Angeles Angels;total;over;9.0;-111;-112;0.42
2026-06-15T08:38:25.530432+00:00;Arizona Diamondbacks vs Los Angeles Angels;total;under;9.0;-103;-102;0.48
2026-06-15T08:38:25.570885+00:00;Los Angeles Dodgers vs Tampa Bay Rays;moneyline;home;;-159;-158;0.24
2026-06-15T08:38:25.571525+00:00;Los Angeles Dodgers vs Tampa Bay Rays;moneyline;away;;143;142;0.41
2026-06-15T08:38:25.572106+00:00;Los Angeles Dodgers vs Tampa Bay Rays;spread;home;-1.5;129;130;0.44
2026-06-15T08:38:25.572664+00:00;Los Angeles Dodgers vs Tampa Bay Rays;spread;away;1.5;-146;-147;0.28
2026-06-15T08:38:25.573203+00:00;Los Angeles Dodgers vs Tampa Bay Rays;total;over;9.0;101;-101;0.99
2026-06-15T08:38:25.573718+00:00;Los Angeles Dodgers vs Tampa Bay Rays;total;under;9.0;-115;-114;0.41
2026-06-15T08:38:25.612452+00:00;Houston Astros vs Detroit Tigers;moneyline;home;;-131;-128;1.01
2026-06-15T08:38:25.613128+00:00;Houston Astros vs Detroit Tigers;moneyline;away;;118;116;0.92
2026-06-15T08:38:25.613774+00:00;Houston Astros vs Detroit Tigers;spread;home;-1.5;155;157;0.78
2026-06-15T08:38:25.614356+00:00;Houston Astros vs Detroit Tigers;spread;away;1.5;-176;-179;0.61
2026-06-15T08:38:25.654911+00:00;Philadelphia Phillies vs Miami Marlins;moneyline;home;;-202;-200;0.33
2026-06-15T08:38:25.655616+00:00;Philadelphia Phillies vs Miami Marlins;moneyline;away;;180;178;0.71
2026-06-15T08:38:25.656184+00:00;Philadelphia Phillies vs Miami Marlins;spread;home;-1.5;107;106;0.48
2026-06-15T08:38:25.656786+00:00;Philadelphia Phillies vs Miami Marlins;spread;away;1.5;-121;-119;0.76
2026-06-15T08:38:25.657432+00:00;Philadelphia Phillies vs Miami Marlins;total;over;7.5;-107;-108;0.45
2026-06-15T08:38:25.658074+00:00;Philadelphia Phillies vs Miami Marlins;total;under;7.5;-107;-106;0.46
2026-06-15T08:38:25.704388+00:00;Washington Nationals vs Kansas City Royals;moneyline;home;;-130;-142;3.67
2026-06-15T08:38:25.705087+00:00;Washington Nationals vs Kansas City Royals;moneyline;away;;118;128;4.59
2026-06-15T08:38:25.705672+00:00;Washington Nationals vs Kansas City Royals;spread;home;-1.5;153;144;3.56
2026-06-15T08:38:25.706207+00:00;Washington Nationals vs Kansas City Royals;spread;away;1.5;-175;-163;2.68
2026-06-15T08:38:25.706824+00:00;Washington Nationals vs Kansas City Royals;total;over;9.0;-111;-112;0.42
2026-06-15T08:38:30.380565+00:00;Cincinnati Reds vs New York Mets;moneyline;away;;119;120;0.46
2026-06-15T08:38:30.381525+00:00;Cincinnati Reds vs New York Mets;spread;home;-1.5;158;157;0.39
2026-06-15T08:38:30.382216+00:00;Cincinnati Reds vs New York Mets;spread;away;1.5;-180;-179;0.2
2026-06-15T08:38:30.413522+00:00;Athletics vs Pittsburgh Pirates;moneyline;home;;-121;-126;1.8
2026-06-15T08:38:30.414101+00:00;Athletics vs Pittsburgh Pirates;moneyline;away;;110;114;1.9
2026-06-15T08:38:30.414753+00:00;Athletics vs Pittsburgh Pirates;spread;home;-1.5;157;152;1.95
2026-06-15T08:38:30.415401+00:00;Athletics vs Pittsburgh Pirates;spread;away;1.5;-179;-173;1.24
2026-06-15T08:38:30.446846+00:00;Arizona Diamondbacks vs Los Angeles Angels;moneyline;home;;-115;-125;3.72
2026-06-15T08:38:30.447518+00:00;Arizona Diamondbacks vs Los Angeles Angels;moneyline;away;;105;114;4.39
2026-06-15T08:38:30.448246+00:00;Arizona Diamondbacks vs Los Angeles Angels;spread;home;-1.5;171;161;3.69
2026-06-15T08:38:30.448786+00:00;Arizona Diamondbacks vs Los Angeles Angels;spread;away;1.5;-197;-184;2.38
2026-06-15T08:38:30.449334+00:00;Arizona Diamondbacks vs Los Angeles Angels;total;over;9.0;-111;-112;0.42
2026-06-15T08:38:30.449915+00:00;Arizona Diamondbacks vs Los Angeles Angels;total;under;9.0;-103;-102;0.48
2026-06-15T08:38:30.481122+00:00;Los Angeles Dodgers vs Tampa Bay Rays;moneyline;home;;-159;-158;0.24
2026-06-15T08:38:30.481830+00:00;Los Angeles Dodgers vs Tampa Bay Rays;moneyline;away;;143;142;0.41
2026-06-15T08:38:30.482501+00:00;Los Angeles Dodgers vs Tampa Bay Rays;spread;home;-1.5;129;130;0.44
2026-06-15T08:38:30.483192+00:00;Los Angeles Dodgers vs Tampa Bay Rays;spread;away;1.5;-146;-147;0.28
2026-06-15T08:38:30.483801+00:00;Los Angeles Dodgers vs Tampa Bay Rays;total;over;9.0;101;-101;0.99
2026-06-15T08:38:30.484388+00:00;Los Angeles Dodgers vs Tampa Bay Rays;total;under;9.0;-115;-114;0.41
2026-06-15T08:38:30.513636+00:00;Houston Astros vs Detroit Tigers;moneyline;home;;-131;-128;1.01
2026-06-15T08:38:30.514451+00:00;Houston Astros vs Detroit Tigers;moneyline;away;;118;116;0.92
2026-06-15T08:38:30.515434+00:00;Houston Astros vs Detroit Tigers;spread;home;-1.5;155;157;0.78
2026-06-15T08:38:30.516024+00:00;Houston Astros vs Detroit Tigers;spread;away;1.5;-176;-179;0.61
2026-06-15T08:38:30.547042+00:00;Philadelphia Phillies vs Miami Marlins;moneyline;home;;-202;-200;0.33
2026-06-15T08:38:30.547664+00:00;Philadelphia Phillies vs Miami Marlins;moneyline;away;;180;178;0.71
2026-06-15T08:38:30.548263+00:00;Philadelphia Phillies vs Miami Marlins;spread;home;-1.5;107;106;0.48
2026-06-15T08:38:30.548769+00:00;Philadelphia Phillies vs Miami Marlins;spread;away;1.5;-121;-119;0.76
2026-06-15T08:38:30.549368+00:00;Philadelphia Phillies vs Miami Marlins;total;over;7.5;-107;-108;0.45
2026-06-15T08:38:30.549995+00:00;Philadelphia Phillies vs Miami Marlins;total;under;7.5;-107;-106;0.46
2026-06-15T08:38:30.581115+00:00;Washington Nationals vs Kansas City Royals;moneyline;home;;-130;-142;3.67
2026-06-15T08:38:30.581726+00:00;Washington Nationals vs Kansas City Royals;moneyline;away;;118;128;4.59
2026-06-15T08:38:30.582355+00:00;Washington Nationals vs Kansas City Royals;spread;home;-1.5;153;144;3.56
2026-06-15T08:38:30.582967+00:00;Washington Nationals vs Kansas City Royals;spread;away;1.5;-175;-163;2.68
2026-06-15T08:38:30.583529+00:00;Washington Nationals vs Kansas City Royals;total;over;9.0;-111;-112;0.42
2026-06-15T08:42:26.330516+00:00;Cincinnati Reds vs New York Mets;moneyline;home;;-132;-133;0.32
2026-06-15T08:42:30.981516+00:00;Cincinnati Reds vs New York Mets;moneyline;home;;-132;-133;0.32
2026-06-15 10:42:50,Cincinnati Reds vs New York Mets,moneyline,home,,-132,-133,0.32;;;;;;;
2026-06-15T08:42:58.477286+00:00;Cincinnati Reds vs New York Mets;moneyline;home;;-132;-133;0.32
2026-06-15T08:42:58.545210+00:00;Athletics vs Pittsburgh Pirates;moneyline;home;;-126;-121;1.83
2026-06-15T08:42:58.545921+00:00;Athletics vs Pittsburgh Pirates;moneyline;away;;114;109;2.34
2026-06-15T08:42:58.546584+00:00;Athletics vs Pittsburgh Pirates;spread;home;-1.5;152;156;1.59
2026-06-15T08:42:58.547259+00:00;Athletics vs Pittsburgh Pirates;spread;away;1.5;-173;-179;1.23
2026-06-15T08:43:05.244433+00:00;Cincinnati Reds vs New York Mets;moneyline;home;;-132;-133;0.32
2026-06-15T08:43:05.278092+00:00;Athletics vs Pittsburgh Pirates;moneyline;home;;-126;-121;1.83
2026-06-15T08:43:05.279001+00:00;Athletics vs Pittsburgh Pirates;moneyline;away;;114;109;2.34
2026-06-15T08:43:05.279693+00:00;Athletics vs Pittsburgh Pirates;spread;home;-1.5;152;156;1.59
2026-06-15T08:43:05.280377+00:00;Athletics vs Pittsburgh Pirates;spread;away;1.5;-173;-179;1.23
2026-06-15T08:43:05.280990+00:00;Athletics vs Pittsburgh Pirates;total;over;11.0;101;103;1.0
2026-06-15T08:43:05.281620+00:00;Athletics vs Pittsburgh Pirates;total;under;11.0;-116;-118;0.78
2026-06-15T08:43:05.465546+00:00;Cincinnati Reds vs New York Mets;moneyline;home;;-132;-133;0.32
2026-06-15T08:43:05.491961+00:00;Athletics vs Pittsburgh Pirates;moneyline;home;;-126;-121;1.83
2026-06-15T08:43:05.492576+00:00;Athletics vs Pittsburgh Pirates;moneyline;away;;114;109;2.34
2026-06-15T08:43:05.493118+00:00;Athletics vs Pittsburgh Pirates;spread;home;-1.5;152;156;1.59
2026-06-15T08:43:05.493673+00:00;Athletics vs Pittsburgh Pirates;spread;away;1.5;-173;-179;1.23
2026-06-15T08:43:05.494226+00:00;Athletics vs Pittsburgh Pirates;total;over;11.0;101;103;1.0
2026-06-15T08:43:05.494774+00:00;Athletics vs Pittsburgh Pirates;total;under;11.0;-116;-118;0.78
2026-06-15T08:43:07.853739+00:00;Cincinnati Reds vs New York Mets;moneyline;home;;-132;-133;0.32
2026-06-15T08:43:07.901710+00:00;Athletics vs Pittsburgh Pirates;moneyline;home;;-126;-121;1.83
2026-06-15T08:43:07.902325+00:00;Athletics vs Pittsburgh Pirates;moneyline;away;;114;109;2.34
2026-06-15T08:43:07.902916+00:00;Athletics vs Pittsburgh Pirates;spread;home;-1.5;152;156;1.59
2026-06-15T08:43:07.903467+00:00;Athletics vs Pittsburgh Pirates;spread;away;1.5;-173;-179;1.23
2026-06-15T08:43:07.904012+00:00;Athletics vs Pittsburgh Pirates;total;over;11.0;101;103;1.0
2026-06-15T08:43:07.904598+00:00;Athletics vs Pittsburgh Pirates;total;under;11.0;-116;-118;0.78
2026-06-15T08:44:26.756257+00:00;Athletics vs Pittsburgh Pirates;moneyline;home;;-126;-121;1.83
2026-06-15T08:44:26.756867+00:00;Athletics vs Pittsburgh Pirates;moneyline;away;;114;109;2.34
2026-06-15T08:44:26.757501+00:00;Athletics vs Pittsburgh Pirates;spread;home;-1.5;152;156;1.59
2026-06-15T08:44:26.758093+00:00;Athletics vs Pittsburgh Pirates;spread;away;1.5;-173;-179;1.23
2026-06-15T08:44:26.758615+00:00;Athletics vs Pittsburgh Pirates;total;over;11.0;101;103;1.0
2026-06-15T08:44:26.759171+00:00;Athletics vs Pittsburgh Pirates;total;under;11.0;-116;-118;0.78
2026-06-15T08:44:31.287159+00:00;Athletics vs Pittsburgh Pirates;moneyline;home;;-126;-121;1.83
2026-06-15T08:44:31.287819+00:00;Athletics vs Pittsburgh Pirates;moneyline;away;;114;109;2.34
2026-06-15T08:44:31.288377+00:00;Athletics vs Pittsburgh Pirates;spread;home;-1.5;152;156;1.59
2026-06-15T08:44:31.288934+00:00;Athletics vs Pittsburgh Pirates;spread;away;1.5;-173;-179;1.23
2026-06-15T08:44:31.289576+00:00;Athletics vs Pittsburgh Pirates;total;over;11.0;101;103;1.0
2026-06-15T08:44:31.299178+00:00;Athletics vs Pittsburgh Pirates;total;under;11.0;-116;-118;0.78
2026-06-15 10:44:51,Athletics vs Pittsburgh Pirates,moneyline,home,,-126,-121,1.83;;;;;;;
2026-06-15 10:44:51,Athletics vs Pittsburgh Pirates,moneyline,away,,114,109,2.34;;;;;;;
2026-06-15 10:44:51,Athletics vs Pittsburgh Pirates,spread,home,-1.5,152,156,1.59;;;;;;;
2026-06-15 10:44:51,Athletics vs Pittsburgh Pirates,spread,away,1.5,-173,-179,1.23;;;;;;;
2026-06-15 10:44:51,Athletics vs Pittsburgh Pirates,total,over,11.0,101,103,1.0;;;;;;;
2026-06-15 10:44:51,Athletics vs Pittsburgh Pirates,total,under,11.0,-116,-118,0.78;;;;;;;
2026-06-15T09:00:30.202455+00:00;Los Angeles Dodgers vs Tampa Bay Rays;moneyline;home;;-158;-152;1.53
2026-06-15T09:00:30.203246+00:00;Los Angeles Dodgers vs Tampa Bay Rays;moneyline;away;;142;137;2.07
2026-06-15T09:00:30.203913+00:00;Los Angeles Dodgers vs Tampa Bay Rays;spread;home;-1.5;130;133;1.3
2026-06-15T09:00:30.204444+00:00;Los Angeles Dodgers vs Tampa Bay Rays;spread;away;1.5;-147;-151;1.07
2026-06-15T09:00:30.280524+00:00;Washington Nationals vs Kansas City Royals;spread;home;-1.5;144;143;0.41
2026-06-15T09:00:30.281127+00:00;Washington Nationals vs Kansas City Royals;total;under;9.0;-103;-102;0.48
2026-06-15T09:00:33.915922+00:00;Los Angeles Dodgers vs Tampa Bay Rays;moneyline;home;;-158;-152;1.53
2026-06-15T09:00:33.916573+00:00;Los Angeles Dodgers vs Tampa Bay Rays;moneyline;away;;142;137;2.07
2026-06-15T09:00:33.917128+00:00;Los Angeles Dodgers vs Tampa Bay Rays;spread;home;-1.5;130;133;1.3
2026-06-15T09:00:33.917684+00:00;Los Angeles Dodgers vs Tampa Bay Rays;spread;away;1.5;-147;-151;1.07
2026-06-15T09:00:34.038225+00:00;Washington Nationals vs Kansas City Royals;spread;home;-1.5;144;143;0.41
2026-06-15T09:00:34.038807+00:00;Washington Nationals vs Kansas City Royals;total;under;9.0;-103;-102;0.48
2026-06-15T09:01:02.663924+00:00;Los Angeles Dodgers vs Tampa Bay Rays;moneyline;home;;-158;-152;1.53
2026-06-15T09:01:02.664535+00:00;Los Angeles Dodgers vs Tampa Bay Rays;moneyline;away;;142;137;2.07
2026-06-15T09:01:02.665061+00:00;Los Angeles Dodgers vs Tampa Bay Rays;spread;home;-1.5;130;133;1.3
2026-06-15T09:01:02.665552+00:00;Los Angeles Dodgers vs Tampa Bay Rays;spread;away;1.5;-147;-151;1.07
2026-06-15T09:01:02.731994+00:00;Washington Nationals vs Kansas City Royals;spread;home;-1.5;144;143;0.41
2026-06-15T09:01:02.732577+00:00;Washington Nationals vs Kansas City Royals;total;under;9.0;-103;-102;0.48
2026-06-15T09:01:08.384858+00:00;Los Angeles Dodgers vs Tampa Bay Rays;moneyline;home;;-158;-152;1.53
2026-06-15T09:01:08.385506+00:00;Los Angeles Dodgers vs Tampa Bay Rays;moneyline;away;;142;137;2.07
2026-06-15T09:01:08.386058+00:00;Los Angeles Dodgers vs Tampa Bay Rays;spread;home;-1.5;130;133;1.3
2026-06-15T09:01:08.386573+00:00;Los Angeles Dodgers vs Tampa Bay Rays;spread;away;1.5;-147;-151;1.07
2026-06-15T09:01:08.413779+00:00;Washington Nationals vs Kansas City Royals;spread;home;-1.5;144;143;0.41
2026-06-15T09:01:08.414596+00:00;Washington Nationals vs Kansas City Royals;total;under;9.0;-103;-102;0.48
2026-06-15T09:01:09.222016+00:00;Los Angeles Dodgers vs Tampa Bay Rays;moneyline;home;;-158;-152;1.53
2026-06-15T09:01:09.222985+00:00;Los Angeles Dodgers vs Tampa Bay Rays;moneyline;away;;142;137;2.07
2026-06-15T09:01:09.223775+00:00;Los Angeles Dodgers vs Tampa Bay Rays;spread;home;-1.5;130;133;1.3
2026-06-15T09:01:09.224464+00:00;Los Angeles Dodgers vs Tampa Bay Rays;spread;away;1.5;-147;-151;1.07
2026-06-15T09:01:09.258048+00:00;Washington Nationals vs Kansas City Royals;spread;home;-1.5;144;143;0.41
2026-06-15T09:01:09.258803+00:00;Washington Nationals vs Kansas City Royals;total;under;9.0;-103;-102;0.48
2026-06-15T09:01:11.564216+00:00;Los Angeles Dodgers vs Tampa Bay Rays;moneyline;home;;-158;-152;1.53
2026-06-15T09:01:11.564874+00:00;Los Angeles Dodgers vs Tampa Bay Rays;moneyline;away;;142;137;2.07
2026-06-15T09:01:11.565388+00:00;Los Angeles Dodgers vs Tampa Bay Rays;spread;home;-1.5;130;133;1.3
2026-06-15T09:01:11.565929+00:00;Los Angeles Dodgers vs Tampa Bay Rays;spread;away;1.5;-147;-151;1.07
2026-06-15T09:01:11.596519+00:00;Washington Nationals vs Kansas City Royals;spread;home;-1.5;144;143;0.41
2026-06-15T09:01:11.597163+00:00;Washington Nationals vs Kansas City Royals;total;under;9.0;-103;-102;0.48
2026-06-15T09:01:44.429032+00:00;Los Angeles Dodgers vs Tampa Bay Rays;moneyline;home;;-158;-152;1.53
2026-06-15T09:01:44.429832+00:00;Los Angeles Dodgers vs Tampa Bay Rays;moneyline;away;;142;137;2.07
2026-06-15T09:01:44.430455+00:00;Los Angeles Dodgers vs Tampa Bay Rays;spread;home;-1.5;130;133;1.3
2026-06-15T09:01:44.431025+00:00;Los Angeles Dodgers vs Tampa Bay Rays;spread;away;1.5;-147;-151;1.07
2026-06-15T09:01:44.472174+00:00;Washington Nationals vs Kansas City Royals;spread;home;-1.5;144;143;0.41
2026-06-15T09:01:44.472752+00:00;Washington Nationals vs Kansas City Royals;total;under;9.0;-103;-102;0.48
2026-06-15 11:01:54,Los Angeles Dodgers vs Tampa Bay Rays,moneyline,home,,-158,-152,1.53;;;;;;;
2026-06-15 11:01:54,Los Angeles Dodgers vs Tampa Bay Rays,moneyline,away,,142,137,2.07;;;;;;;
2026-06-15 11:01:54,Los Angeles Dodgers vs Tampa Bay Rays,spread,home,-1.5,130,133,1.3;;;;;;;
2026-06-15 11:01:54,Los Angeles Dodgers vs Tampa Bay Rays,spread,away,1.5,-147,-151,1.07;;;;;;;
2026-06-15 11:01:54,Washington Nationals vs Kansas City Royals,spread,home,-1.5,144,143,0.41;;;;;;;
2026-06-15 11:01:54,Washington Nationals vs Kansas City Royals,total,under,9.0,-103,-102,0.48;;;;;;;
2026-06-15T09:02:04.381750+00:00;Los Angeles Dodgers vs Tampa Bay Rays;moneyline;home;;-158;-152;1.53
2026-06-15T09:02:04.382524+00:00;Los Angeles Dodgers vs Tampa Bay Rays;moneyline;away;;142;137;2.07
2026-06-15T09:02:04.383100+00:00;Los Angeles Dodgers vs Tampa Bay Rays;spread;home;-1.5;130;133;1.3
2026-06-15T09:02:04.383655+00:00;Los Angeles Dodgers vs Tampa Bay Rays;spread;away;1.5;-147;-151;1.07
2026-06-15T09:02:04.414987+00:00;Washington Nationals vs Kansas City Royals;spread;home;-1.5;144;143;0.41
2026-06-15T09:02:04.415603+00:00;Washington Nationals vs Kansas City Royals;total;under;9.0;-103;-102;0.48
2026-06-15T09:27:09.275737+00:00;Cincinnati Reds vs New York Mets;spread;home;-1.5;157;156;0.39
2026-06-15T09:27:09.276556+00:00;Cincinnati Reds vs New York Mets;spread;away;1.5;-179;-178;0.2
2026-06-15T09:27:12.488289+00:00;Cincinnati Reds vs New York Mets;spread;home;-1.5;157;156;0.39
2026-06-15T09:27:12.488989+00:00;Cincinnati Reds vs New York Mets;spread;away;1.5;-179;-178;0.2
2026-06-15T09:27:13.895032+00:00;Cincinnati Reds vs New York Mets;spread;home;-1.5;157;156;0.39
2026-06-15T09:27:13.895622+00:00;Cincinnati Reds vs New York Mets;spread;away;1.5;-179;-178;0.2
2026-06-15T09:27:15.658881+00:00;Cincinnati Reds vs New York Mets;spread;home;-1.5;157;156;0.39
2026-06-15T09:27:15.659793+00:00;Cincinnati Reds vs New York Mets;spread;away;1.5;-179;-178;0.2
2026-06-15 11:27:58,Cincinnati Reds vs New York Mets,spread,home,-1.5,157,156,0.39;;;;;;;
2026-06-15 11:27:58,Cincinnati Reds vs New York Mets,spread,away,1.5,-179,-178,0.2;;;;;;;
2026-06-15T09:28:08.621011+00:00;Cincinnati Reds vs New York Mets;spread;home;-1.5;157;156;0.39
2026-06-15T09:28:08.621757+00:00;Cincinnati Reds vs New York Mets;spread;away;1.5;-179;-178;0.2
2026-06-15T09:28:35.840859+00:00;Cincinnati Reds vs New York Mets;spread;home;-1.5;157;156;0.39
2026-06-15T09:28:35.841642+00:00;Cincinnati Reds vs New York Mets;spread;away;1.5;-179;-178;0.2
2026-06-15T09:28:39.252030+00:00;Cincinnati Reds vs New York Mets;spread;home;-1.5;157;156;0.39
2026-06-15T09:28:39.252765+00:00;Cincinnati Reds vs New York Mets;spread;away;1.5;-179;-178;0.2
2026-06-15T09:28:47.870995+00:00;Cincinnati Reds vs New York Mets;spread;home;-1.5;157;156;0.39
2026-06-15T09:28:47.871658+00:00;Cincinnati Reds vs New York Mets;spread;away;1.5;-179;-178;0.2
2026-06-15T09:30:39.706495+00:00;Washington Nationals vs Kansas City Royals;moneyline;home;;-142;-143;0.29
2026-06-15T09:30:39.707142+00:00;Washington Nationals vs Kansas City Royals;moneyline;away;;128;129;0.44
2026-06-15T09:30:39.707664+00:00;Washington Nationals vs Kansas City Royals;spread;away;1.5;-163;-162;0.23
2026-06-15T09:30:48.167850+00:00;Washington Nationals vs Kansas City Royals;moneyline;home;;-142;-143;0.29
2026-06-15T09:30:48.168778+00:00;Washington Nationals vs Kansas City Royals;moneyline;away;;128;129;0.44
2026-06-15T09:30:48.169613+00:00;Washington Nationals vs Kansas City Royals;spread;away;1.5;-163;-162;0.23
2026-06-15T09:31:10.121062+00:00;Washington Nationals vs Kansas City Royals;moneyline;home;;-142;-143;0.29
2026-06-15T09:31:10.121613+00:00;Washington Nationals vs Kansas City Royals;moneyline;away;;128;129;0.44
2026-06-15T09:31:10.122151+00:00;Washington Nationals vs Kansas City Royals;spread;away;1.5;-163;-162;0.23
2026-06-15T09:31:13.085681+00:00;Washington Nationals vs Kansas City Royals;moneyline;home;;-142;-143;0.29
2026-06-15T09:31:13.086456+00:00;Washington Nationals vs Kansas City Royals;moneyline;away;;128;129;0.44
2026-06-15T09:31:13.087001+00:00;Washington Nationals vs Kansas City Royals;spread;away;1.5;-163;-162;0.23
2026-06-15T09:31:14.751720+00:00;Washington Nationals vs Kansas City Royals;moneyline;home;;-142;-143;0.29
2026-06-15T09:31:14.752504+00:00;Washington Nationals vs Kansas City Royals;moneyline;away;;128;129;0.44
2026-06-15T09:31:14.753356+00:00;Washington Nationals vs Kansas City Royals;spread;away;1.5;-163;-162;0.23
2026-06-15T09:31:16.297831+00:00;Washington Nationals vs Kansas City Royals;moneyline;home;;-142;-143;0.29
2026-06-15T09:31:16.298488+00:00;Washington Nationals vs Kansas City Royals;moneyline;away;;128;129;0.44
2026-06-15T09:31:16.299001+00:00;Washington Nationals vs Kansas City Royals;spread;away;1.5;-163;-162;0.23
2026-06-15 11:31:59,Washington Nationals vs Kansas City Royals,moneyline,home,,-142,-143,0.29;;;;;;;
2026-06-15 11:31:59,Washington Nationals vs Kansas City Royals,moneyline,away,,128,129,0.44;;;;;;;
2026-06-15 11:31:59,Washington Nationals vs Kansas City Royals,spread,away,1.5,-163,-162,0.23;;;;;;;
2026-06-15T09:32:09.269462+00:00;Washington Nationals vs Kansas City Royals;moneyline;home;;-142;-143;0.29
2026-06-15T09:32:09.270264+00:00;Washington Nationals vs Kansas City Royals;moneyline;away;;128;129;0.44
2026-06-15T09:32:09.270920+00:00;Washington Nationals vs Kansas City Royals;spread;away;1.5;-163;-162;0.23
2026-06-15T09:32:36.776807+00:00;Washington Nationals vs Kansas City Royals;moneyline;home;;-142;-143;0.29
2026-06-15T09:32:36.777426+00:00;Washington Nationals vs Kansas City Royals;moneyline;away;;128;129;0.44
2026-06-15T09:32:36.777995+00:00;Washington Nationals vs Kansas City Royals;spread;away;1.5;-163;-162;0.23
2026-06-15T09:39:11.765376+00:00;Philadelphia Phillies vs Miami Marlins;moneyline;home;;-200;-201;0.17
2026-06-15T09:39:11.766071+00:00;Philadelphia Phillies vs Miami Marlins;moneyline;away;;178;179;0.36
2026-06-15T09:39:11.766682+00:00;Philadelphia Phillies vs Miami Marlins;spread;home;-1.5;106;105;0.49
2026-06-15 11:40:01,Philadelphia Phillies vs Miami Marlins,moneyline,home,,-200,-201,0.17;;;;;;;
2026-06-15 11:40:01,Philadelphia Phillies vs Miami Marlins,moneyline,away,,178,179,0.36;;;;;;;
2026-06-15 11:40:01,Philadelphia Phillies vs Miami Marlins,spread,home,-1.5,106,105,0.49;;;;;;;
2026-06-15T09:40:10.807722+00:00;Philadelphia Phillies vs Miami Marlins;moneyline;home;;-200;-201;0.17
2026-06-15T09:40:10.808364+00:00;Philadelphia Phillies vs Miami Marlins;moneyline;away;;178;179;0.36
2026-06-15T09:40:10.808928+00:00;Philadelphia Phillies vs Miami Marlins;spread;home;-1.5;106;105;0.49
2026-06-15T09:40:14.167846+00:00;Philadelphia Phillies vs Miami Marlins;moneyline;home;;-200;-201;0.17
2026-06-15T09:40:14.168515+00:00;Philadelphia Phillies vs Miami Marlins;moneyline;away;;178;179;0.36
2026-06-15T09:40:14.169121+00:00;Philadelphia Phillies vs Miami Marlins;spread;home;-1.5;106;105;0.49
2026-06-15T09:40:15.706883+00:00;Philadelphia Phillies vs Miami Marlins;moneyline;home;;-200;-201;0.17
2026-06-15T09:40:15.707598+00:00;Philadelphia Phillies vs Miami Marlins;moneyline;away;;178;179;0.36
2026-06-15T09:40:15.708219+00:00;Philadelphia Phillies vs Miami Marlins;spread;home;-1.5;106;105;0.49
2026-06-15T09:40:17.332744+00:00;Philadelphia Phillies vs Miami Marlins;moneyline;home;;-200;-201;0.17
2026-06-15T09:40:17.333417+00:00;Philadelphia Phillies vs Miami Marlins;moneyline;away;;178;179;0.36
2026-06-15T09:40:17.333965+00:00;Philadelphia Phillies vs Miami Marlins;spread;home;-1.5;106;105;0.49
2026-06-15T09:40:38.667502+00:00;Philadelphia Phillies vs Miami Marlins;moneyline;home;;-200;-201;0.17
2026-06-15T09:40:38.668163+00:00;Philadelphia Phillies vs Miami Marlins;moneyline;away;;178;179;0.36
2026-06-15T09:40:38.668724+00:00;Philadelphia Phillies vs Miami Marlins;spread;home;-1.5;106;105;0.49
2026-06-15T09:40:41.599608+00:00;Philadelphia Phillies vs Miami Marlins;moneyline;home;;-200;-201;0.17
2026-06-15T09:40:41.600284+00:00;Philadelphia Phillies vs Miami Marlins;moneyline;away;;178;179;0.36
2026-06-15T09:40:41.600808+00:00;Philadelphia Phillies vs Miami Marlins;spread;home;-1.5;106;105;0.49
2026-06-15T09:40:49.531587+00:00;Philadelphia Phillies vs Miami Marlins;moneyline;home;;-200;-201;0.17
2026-06-15T09:40:49.532259+00:00;Philadelphia Phillies vs Miami Marlins;moneyline;away;;178;179;0.36
2026-06-15T09:40:49.532793+00:00;Philadelphia Phillies vs Miami Marlins;spread;home;-1.5;106;105;0.49
2026-06-15 11:44:02,Athletics vs Pittsburgh Pirates,moneyline,home,,-121,-120,0.38;;;;;;;
2026-06-15 11:44:02,Athletics vs Pittsburgh Pirates,spread,home,-1.5,156,157,0.39;;;;;;;
2026-06-15 11:44:02,Athletics vs Pittsburgh Pirates,spread,away,1.5,-179,-180,0.2;;;;;;;
2026-06-15T09:44:11.355495+00:00;Athletics vs Pittsburgh Pirates;moneyline;home;;-121;-120;0.38
2026-06-15T09:44:11.356413+00:00;Athletics vs Pittsburgh Pirates;spread;home;-1.5;156;157;0.39
2026-06-15T09:44:11.357277+00:00;Athletics vs Pittsburgh Pirates;spread;away;1.5;-179;-180;0.2
2026-06-15T09:44:14.887559+00:00;Athletics vs Pittsburgh Pirates;moneyline;home;;-121;-120;0.38
2026-06-15T09:44:14.888571+00:00;Athletics vs Pittsburgh Pirates;spread;home;-1.5;156;157;0.39
2026-06-15T09:44:14.889363+00:00;Athletics vs Pittsburgh Pirates;spread;away;1.5;-179;-180;0.2
2026-06-15T09:44:16.299428+00:00;Athletics vs Pittsburgh Pirates;moneyline;home;;-121;-120;0.38
2026-06-15T09:44:16.300141+00:00;Athletics vs Pittsburgh Pirates;spread;home;-1.5;156;157;0.39
2026-06-15T09:44:16.300638+00:00;Athletics vs Pittsburgh Pirates;spread;away;1.5;-179;-180;0.2
2026-06-15T09:44:18.144798+00:00;Athletics vs Pittsburgh Pirates;moneyline;home;;-121;-120;0.38
2026-06-15T09:44:18.145683+00:00;Athletics vs Pittsburgh Pirates;spread;home;-1.5;156;157;0.39
2026-06-15T09:44:18.146437+00:00;Athletics vs Pittsburgh Pirates;spread;away;1.5;-179;-180;0.2
2026-06-15T09:44:39.474692+00:00;Athletics vs Pittsburgh Pirates;moneyline;home;;-121;-120;0.38
2026-06-15T09:44:39.475354+00:00;Athletics vs Pittsburgh Pirates;spread;home;-1.5;156;157;0.39
2026-06-15T09:44:39.475866+00:00;Athletics vs Pittsburgh Pirates;spread;away;1.5;-179;-180;0.2
2026-06-15T09:44:42.588436+00:00;Athletics vs Pittsburgh Pirates;moneyline;home;;-121;-120;0.38
2026-06-15T09:44:42.589197+00:00;Athletics vs Pittsburgh Pirates;spread;home;-1.5;156;157;0.39
2026-06-15T09:44:42.589783+00:00;Athletics vs Pittsburgh Pirates;spread;away;1.5;-179;-180;0.2
2026-06-15T09:44:50.056439+00:00;Athletics vs Pittsburgh Pirates;moneyline;home;;-121;-120;0.38
2026-06-15T09:44:50.057077+00:00;Athletics vs Pittsburgh Pirates;spread;home;-1.5;156;157;0.39
2026-06-15T09:44:50.057607+00:00;Athletics vs Pittsburgh Pirates;spread;away;1.5;-179;-180;0.2
2026-06-15T09:45:12.893069+00:00;Athletics vs Pittsburgh Pirates;moneyline;home;;-121;-120;0.38
2026-06-15T09:45:12.893809+00:00;Athletics vs Pittsburgh Pirates;spread;home;-1.5;156;157;0.39
2026-06-15T09:45:12.894398+00:00;Athletics vs Pittsburgh Pirates;spread;away;1.5;-179;-180;0.2
2026-06-15 11:46:02,Los Angeles Dodgers vs Tampa Bay Rays,total,over,9.0,-101,-102,0.49;;;;;;;
2026-06-15 11:46:02,Los Angeles Dodgers vs Tampa Bay Rays,total,under,9.0,-114,-112,0.83;;;;;;;
2026-06-15 11:46:02,Washington Nationals vs Kansas City Royals,total,over,9.0,-112,-114,0.83;;;;;;;
2026-06-15 11:46:02,Washington Nationals vs Kansas City Royals,total,under,9.0,-102,-101,0.49;;;;;;;
2026-06-15T09:46:11.751896+00:00;Los Angeles Dodgers vs Tampa Bay Rays;total;over;9.0;-101;-102;0.49
2026-06-15T09:46:11.752553+00:00;Los Angeles Dodgers vs Tampa Bay Rays;total;under;9.0;-114;-112;0.83
2026-06-15T09:46:11.779680+00:00;Washington Nationals vs Kansas City Royals;total;over;9.0;-112;-114;0.83
2026-06-15T09:46:11.780551+00:00;Washington Nationals vs Kansas City Royals;total;under;9.0;-102;-101;0.49
2026-06-15T09:46:15.352812+00:00;Los Angeles Dodgers vs Tampa Bay Rays;total;over;9.0;-101;-102;0.49
2026-06-15T09:46:15.353602+00:00;Los Angeles Dodgers vs Tampa Bay Rays;total;under;9.0;-114;-112;0.83
2026-06-15T09:46:15.438182+00:00;Washington Nationals vs Kansas City Royals;total;over;9.0;-112;-114;0.83
2026-06-15T09:46:15.438878+00:00;Washington Nationals vs Kansas City Royals;total;under;9.0;-102;-101;0.49
2026-06-15T09:46:16.732811+00:00;Los Angeles Dodgers vs Tampa Bay Rays;total;over;9.0;-101;-102;0.49
2026-06-15T09:46:16.733503+00:00;Los Angeles Dodgers vs Tampa Bay Rays;total;under;9.0;-114;-112;0.83
2026-06-15T09:46:16.765749+00:00;Washington Nationals vs Kansas City Royals;total;over;9.0;-112;-114;0.83
2026-06-15T09:46:16.766325+00:00;Washington Nationals vs Kansas City Royals;total;under;9.0;-102;-101;0.49
2026-06-15T09:46:18.513420+00:00;Los Angeles Dodgers vs Tampa Bay Rays;total;over;9.0;-101;-102;0.49
2026-06-15T09:46:18.514245+00:00;Los Angeles Dodgers vs Tampa Bay Rays;total;under;9.0;-114;-112;0.83
2026-06-15T09:46:18.558283+00:00;Washington Nationals vs Kansas City Royals;total;over;9.0;-112;-114;0.83
2026-06-15T09:46:18.559222+00:00;Washington Nationals vs Kansas City Royals;total;under;9.0;-102;-101;0.49
2026-06-15T09:46:40.094043+00:00;Los Angeles Dodgers vs Tampa Bay Rays;total;over;9.0;-101;-102;0.49
2026-06-15T09:46:40.094818+00:00;Los Angeles Dodgers vs Tampa Bay Rays;total;under;9.0;-114;-112;0.83
2026-06-15T09:46:40.140577+00:00;Washington Nationals vs Kansas City Royals;total;over;9.0;-112;-114;0.83
2026-06-15T09:46:40.141097+00:00;Washington Nationals vs Kansas City Royals;total;under;9.0;-102;-101;0.49
2026-06-15T09:46:43.101282+00:00;Los Angeles Dodgers vs Tampa Bay Rays;total;over;9.0;-101;-102;0.49
2026-06-15T09:46:43.101937+00:00;Los Angeles Dodgers vs Tampa Bay Rays;total;under;9.0;-114;-112;0.83
2026-06-15T09:46:43.132773+00:00;Washington Nationals vs Kansas City Royals;total;over;9.0;-112;-114;0.83
2026-06-15T09:46:43.133353+00:00;Washington Nationals vs Kansas City Royals;total;under;9.0;-102;-101;0.49
2026-06-15T09:46:50.442298+00:00;Los Angeles Dodgers vs Tampa Bay Rays;total;over;9.0;-101;-102;0.49
2026-06-15T09:46:50.442937+00:00;Los Angeles Dodgers vs Tampa Bay Rays;total;under;9.0;-114;-112;0.83
2026-06-15T09:46:50.468054+00:00;Washington Nationals vs Kansas City Royals;total;over;9.0;-112;-114;0.83
2026-06-15T09:46:50.468721+00:00;Washington Nationals vs Kansas City Royals;total;under;9.0;-102;-101;0.49
2026-06-15T09:47:13.374802+00:00;Los Angeles Dodgers vs Tampa Bay Rays;total;over;9.0;-101;-102;0.49
2026-06-15T09:47:13.375503+00:00;Los Angeles Dodgers vs Tampa Bay Rays;total;under;9.0;-114;-112;0.83
2026-06-15T09:47:13.410046+00:00;Washington Nationals vs Kansas City Royals;total;over;9.0;-112;-114;0.83
2026-06-15T09:47:13.410658+00:00;Washington Nationals vs Kansas City Royals;total;under;9.0;-102;-101;0.49
2026-06-15T09:55:43.916681+00:00;Houston Astros vs Detroit Tigers;moneyline;home;;-128;-127;0.35
2026-06-15T09:55:43.917335+00:00;Houston Astros vs Detroit Tigers;moneyline;away;;116;115;0.46
2026-06-15T09:55:43.917900+00:00;Houston Astros vs Detroit Tigers;spread;home;-1.5;157;158;0.39
2026-06-15T09:55:43.918469+00:00;Houston Astros vs Detroit Tigers;spread;away;1.5;-179;-181;0.4
2026-06-15T09:55:43.919089+00:00;Houston Astros vs Detroit Tigers;total;over;9.0;104;103;0.49
2026-06-15T09:55:43.919636+00:00;Houston Astros vs Detroit Tigers;total;under;9.0;-120;-118;0.77
2026-06-15T09:55:51.278373+00:00;Houston Astros vs Detroit Tigers;moneyline;home;;-128;-127;0.35
2026-06-15T09:55:51.279038+00:00;Houston Astros vs Detroit Tigers;moneyline;away;;116;115;0.46
2026-06-15T09:55:51.279610+00:00;Houston Astros vs Detroit Tigers;spread;home;-1.5;157;158;0.39
2026-06-15T09:55:51.280109+00:00;Houston Astros vs Detroit Tigers;spread;away;1.5;-179;-181;0.4
2026-06-15T09:55:51.280654+00:00;Houston Astros vs Detroit Tigers;total;over;9.0;104;103;0.49
2026-06-15T09:55:51.281234+00:00;Houston Astros vs Detroit Tigers;total;under;9.0;-120;-118;0.77
2026-06-15 11:56:04,Houston Astros vs Detroit Tigers,moneyline,home,,-128,-127,0.35;;;;;;;
2026-06-15 11:56:04,Houston Astros vs Detroit Tigers,moneyline,away,,116,115,0.46;;;;;;;
2026-06-15 11:56:04,Houston Astros vs Detroit Tigers,spread,home,-1.5,157,158,0.39;;;;;;;
2026-06-15 11:56:04,Houston Astros vs Detroit Tigers,spread,away,1.5,-179,-181,0.4;;;;;;;
2026-06-15 11:56:04,Houston Astros vs Detroit Tigers,total,over,9.0,104,103,0.49;;;;;;;
2026-06-15 11:56:04,Houston Astros vs Detroit Tigers,total,under,9.0,-120,-118,0.77;;;;;;;
2026-06-15T09:56:13.077396+00:00;Houston Astros vs Detroit Tigers;moneyline;home;;-128;-127;0.35
2026-06-15T09:56:13.078148+00:00;Houston Astros vs Detroit Tigers;moneyline;away;;116;115;0.46
2026-06-15T09:56:13.078762+00:00;Houston Astros vs Detroit Tigers;spread;home;-1.5;157;158;0.39
2026-06-15T09:56:13.079459+00:00;Houston Astros vs Detroit Tigers;spread;away;1.5;-179;-181;0.4
2026-06-15T09:56:13.080004+00:00;Houston Astros vs Detroit Tigers;total;over;9.0;104;103;0.49
2026-06-15T09:56:13.080568+00:00;Houston Astros vs Detroit Tigers;total;under;9.0;-120;-118;0.77
2026-06-15T09:56:17.312589+00:00;Houston Astros vs Detroit Tigers;moneyline;home;;-128;-127;0.35
2026-06-15T09:56:17.313232+00:00;Houston Astros vs Detroit Tigers;moneyline;away;;116;115;0.46
2026-06-15T09:56:17.313747+00:00;Houston Astros vs Detroit Tigers;spread;home;-1.5;157;158;0.39
2026-06-15T09:56:17.314226+00:00;Houston Astros vs Detroit Tigers;spread;away;1.5;-179;-181;0.4
2026-06-15T09:56:17.314711+00:00;Houston Astros vs Detroit Tigers;total;over;9.0;104;103;0.49
2026-06-15T09:56:17.315277+00:00;Houston Astros vs Detroit Tigers;total;under;9.0;-120;-118;0.77
2026-06-15T09:56:18.132836+00:00;Houston Astros vs Detroit Tigers;moneyline;home;;-128;-127;0.35
2026-06-15T09:56:18.133419+00:00;Houston Astros vs Detroit Tigers;moneyline;away;;116;115;0.46
2026-06-15T09:56:18.134070+00:00;Houston Astros vs Detroit Tigers;spread;home;-1.5;157;158;0.39
2026-06-15T09:56:18.134671+00:00;Houston Astros vs Detroit Tigers;spread;away;1.5;-179;-181;0.4
2026-06-15T09:56:18.135308+00:00;Houston Astros vs Detroit Tigers;total;over;9.0;104;103;0.49
2026-06-15T09:56:18.135845+00:00;Houston Astros vs Detroit Tigers;total;under;9.0;-120;-118;0.77
2026-06-15T09:56:19.846588+00:00;Houston Astros vs Detroit Tigers;moneyline;home;;-128;-127;0.35
2026-06-15T09:56:19.847342+00:00;Houston Astros vs Detroit Tigers;moneyline;away;;116;115;0.46
2026-06-15T09:56:19.848125+00:00;Houston Astros vs Detroit Tigers;spread;home;-1.5;157;158;0.39
2026-06-15T09:56:19.848806+00:00;Houston Astros vs Detroit Tigers;spread;away;1.5;-179;-181;0.4
2026-06-15T09:56:19.849521+00:00;Houston Astros vs Detroit Tigers;total;over;9.0;104;103;0.49
2026-06-15T09:56:19.850210+00:00;Houston Astros vs Detroit Tigers;total;under;9.0;-120;-118;0.77
2026-06-15T09:56:41.961398+00:00;Houston Astros vs Detroit Tigers;moneyline;home;;-128;-127;0.35
2026-06-15T09:56:41.962130+00:00;Houston Astros vs Detroit Tigers;moneyline;away;;116;115;0.46
2026-06-15T09:56:41.962651+00:00;Houston Astros vs Detroit Tigers;spread;home;-1.5;157;158;0.39
2026-06-15T09:56:41.963169+00:00;Houston Astros vs Detroit Tigers;spread;away;1.5;-179;-181;0.4
2026-06-15T09:56:41.963726+00:00;Houston Astros vs Detroit Tigers;total;over;9.0;104;103;0.49
2026-06-15T09:56:41.964253+00:00;Houston Astros vs Detroit Tigers;total;under;9.0;-120;-118;0.77
2026-06-15T09:57:15.402471+00:00;Houston Astros vs Detroit Tigers;moneyline;home;;-128;-127;0.35
2026-06-15T09:57:15.403120+00:00;Houston Astros vs Detroit Tigers;moneyline;away;;116;115;0.46
2026-06-15T09:57:15.403708+00:00;Houston Astros vs Detroit Tigers;spread;home;-1.5;157;158;0.39
2026-06-15T09:57:15.404234+00:00;Houston Astros vs Detroit Tigers;spread;away;1.5;-179;-181;0.4
2026-06-15T09:57:15.404800+00:00;Houston Astros vs Detroit Tigers;total;over;9.0;104;103;0.49
2026-06-15T09:57:15.405330+00:00;Houston Astros vs Detroit Tigers;total;under;9.0;-120;-118;0.77
2026-06-15T09:57:15.489085+00:00;Cincinnati Reds vs New York Mets;total;over;8.0;-112;-113;0.42
2026-06-15T09:57:15.489633+00:00;Cincinnati Reds vs New York Mets;total;under;8.0;-102;-101;0.49
2026-06-15T09:57:44.202673+00:00;Cincinnati Reds vs New York Mets;total;over;8.0;-112;-113;0.42
2026-06-15T09:57:44.203294+00:00;Cincinnati Reds vs New York Mets;total;under;8.0;-102;-101;0.49
2026-06-15T09:57:51.840233+00:00;Cincinnati Reds vs New York Mets;total;over;8.0;-112;-113;0.42
2026-06-15T09:57:51.840887+00:00;Cincinnati Reds vs New York Mets;total;under;8.0;-102;-101;0.49
2026-06-15 11:58:05,Cincinnati Reds vs New York Mets,total,over,8.0,-112,-113,0.42;;;;;;;
2026-06-15 11:58:05,Cincinnati Reds vs New York Mets,total,under,8.0,-102,-101,0.49;;;;;;;
2026-06-15T09:58:13.373428+00:00;Cincinnati Reds vs New York Mets;total;over;8.0;-112;-113;0.42
2026-06-15T09:58:13.374062+00:00;Cincinnati Reds vs New York Mets;total;under;8.0;-102;-101;0.49
2026-06-15T09:58:17.718662+00:00;Cincinnati Reds vs New York Mets;total;over;8.0;-112;-113;0.42
2026-06-15T09:58:17.719578+00:00;Cincinnati Reds vs New York Mets;total;under;8.0;-102;-101;0.49
2026-06-15T09:58:18.452569+00:00;Cincinnati Reds vs New York Mets;total;over;8.0;-112;-113;0.42
2026-06-15T09:58:18.453186+00:00;Cincinnati Reds vs New York Mets;total;under;8.0;-102;-101;0.49
2026-06-15T09:58:20.134080+00:00;Cincinnati Reds vs New York Mets;total;over;8.0;-112;-113;0.42
2026-06-15T09:58:20.134811+00:00;Cincinnati Reds vs New York Mets;total;under;8.0;-102;-101;0.49
2026-06-15T09:58:42.275443+00:00;Arizona Diamondbacks vs Los Angeles Angels;moneyline;away;;114;113;0.47
2026-06-15T09:58:42.276098+00:00;Arizona Diamondbacks vs Los Angeles Angels;spread;away;1.5;-184;-185;0.19
2026-06-15T09:58:42.486419+00:00;Cincinnati Reds vs New York Mets;total;over;8.0;-112;-113;0.42
2026-06-15T09:58:42.486997+00:00;Cincinnati Reds vs New York Mets;total;under;8.0;-102;-101;0.49
2026-06-15T09:59:15.706204+00:00;Arizona Diamondbacks vs Los Angeles Angels;moneyline;away;;114;113;0.47
2026-06-15T09:59:15.707094+00:00;Arizona Diamondbacks vs Los Angeles Angels;spread;away;1.5;-184;-185;0.19
2026-06-15T09:59:44.355771+00:00;Arizona Diamondbacks vs Los Angeles Angels;moneyline;away;;114;113;0.47
2026-06-15T09:59:44.356446+00:00;Arizona Diamondbacks vs Los Angeles Angels;spread;away;1.5;-184;-185;0.19
2026-06-15T09:59:51.991242+00:00;Arizona Diamondbacks vs Los Angeles Angels;moneyline;away;;114;113;0.47
2026-06-15T09:59:51.991910+00:00;Arizona Diamondbacks vs Los Angeles Angels;spread;away;1.5;-184;-185;0.19
2026-06-15 12:00:05,Arizona Diamondbacks vs Los Angeles Angels,moneyline,away,,114,113,0.47;;;;;;;
2026-06-15 12:00:05,Arizona Diamondbacks vs Los Angeles Angels,spread,away,1.5,-184,-185,0.19;;;;;;;
2026-06-15T10:00:13.520360+00:00;Arizona Diamondbacks vs Los Angeles Angels;moneyline;away;;114;113;0.47
2026-06-15T10:00:13.521071+00:00;Arizona Diamondbacks vs Los Angeles Angels;spread;away;1.5;-184;-185;0.19
2026-06-15T10:00:17.910697+00:00;Arizona Diamondbacks vs Los Angeles Angels;moneyline;away;;114;113;0.47
2026-06-15T10:00:17.911522+00:00;Arizona Diamondbacks vs Los Angeles Angels;spread;away;1.5;-184;-185;0.19
2026-06-15T10:00:18.672796+00:00;Arizona Diamondbacks vs Los Angeles Angels;moneyline;away;;114;113;0.47
2026-06-15T10:00:18.673446+00:00;Arizona Diamondbacks vs Los Angeles Angels;spread;away;1.5;-184;-185;0.19
2026-06-15T10:00:20.276693+00:00;Arizona Diamondbacks vs Los Angeles Angels;moneyline;away;;114;113;0.47
2026-06-15T10:00:20.277345+00:00;Arizona Diamondbacks vs Los Angeles Angels;spread;away;1.5;-184;-185;0.19
2026-06-15 12:10:07,Philadelphia Phillies vs Miami Marlins,moneyline,home,,-201,-202,0.16;;;;;;;
2026-06-15 12:10:07,Philadelphia Phillies vs Miami Marlins,spread,away,1.5,-119,-118,0.39;;;;;;;
2026-06-15 12:10:07,Philadelphia Phillies vs Miami Marlins,total,over,7.5,-108,-109,0.44;;;;;;;
2026-06-15T10:11:14.846153+00:00;Philadelphia Phillies vs Miami Marlins;moneyline;home;;-201;-202;0.16
2026-06-15T10:11:14.847286+00:00;Philadelphia Phillies vs Miami Marlins;spread;away;1.5;-119;-118;0.39
2026-06-15T10:11:14.849171+00:00;Philadelphia Phillies vs Miami Marlins;total;over;7.5;-108;-109;0.44
2026-06-15T10:11:18.327721+00:00;Philadelphia Phillies vs Miami Marlins;moneyline;home;;-201;-202;0.16
2026-06-15T10:11:18.329501+00:00;Philadelphia Phillies vs Miami Marlins;spread;away;1.5;-119;-118;0.39
2026-06-15T10:11:18.330706+00:00;Philadelphia Phillies vs Miami Marlins;total;over;7.5;-108;-109;0.44
2026-06-15T10:11:19.572893+00:00;Philadelphia Phillies vs Miami Marlins;moneyline;home;;-201;-202;0.16
2026-06-15T10:11:19.573785+00:00;Philadelphia Phillies vs Miami Marlins;spread;away;1.5;-119;-118;0.39
2026-06-15T10:11:19.574451+00:00;Philadelphia Phillies vs Miami Marlins;total;over;7.5;-108;-109;0.44
2026-06-15T10:11:20.113368+00:00;Philadelphia Phillies vs Miami Marlins;moneyline;home;;-201;-202;0.16
2026-06-15T10:11:20.114068+00:00;Philadelphia Phillies vs Miami Marlins;spread;away;1.5;-119;-118;0.39
2026-06-15T10:11:20.114787+00:00;Philadelphia Phillies vs Miami Marlins;total;over;7.5;-108;-109;0.44
2026-06-15T10:11:21.829987+00:00;Philadelphia Phillies vs Miami Marlins;moneyline;home;;-201;-202;0.16
2026-06-15T10:11:21.830790+00:00;Philadelphia Phillies vs Miami Marlins;spread;away;1.5;-119;-118;0.39
2026-06-15T10:11:21.831514+00:00;Philadelphia Phillies vs Miami Marlins;total;over;7.5;-108;-109;0.44
2026-06-15T10:11:44.393692+00:00;Philadelphia Phillies vs Miami Marlins;moneyline;home;;-201;-202;0.16
2026-06-15T10:11:44.394456+00:00;Philadelphia Phillies vs Miami Marlins;spread;away;1.5;-119;-118;0.39
2026-06-15T10:11:44.395101+00:00;Philadelphia Phillies vs Miami Marlins;total;over;7.5;-108;-109;0.44
2026-06-15T10:11:46.339516+00:00;Philadelphia Phillies vs Miami Marlins;moneyline;home;;-201;-202;0.16
2026-06-15T10:11:46.340272+00:00;Philadelphia Phillies vs Miami Marlins;spread;away;1.5;-119;-118;0.39
2026-06-15T10:11:46.340930+00:00;Philadelphia Phillies vs Miami Marlins;total;over;7.5;-108;-109;0.44
2026-06-15T10:11:54.601619+00:00;Philadelphia Phillies vs Miami Marlins;moneyline;home;;-201;-202;0.16
2026-06-15T10:11:54.602339+00:00;Philadelphia Phillies vs Miami Marlins;spread;away;1.5;-119;-118;0.39
2026-06-15T10:11:54.602954+00:00;Philadelphia Phillies vs Miami Marlins;total;over;7.5;-108;-109;0.44
2026-06-15T10:13:44.748406+00:00;Arizona Diamondbacks vs Los Angeles Angels;total;over;9.0;-112;-113;0.42
2026-06-15T10:13:44.749135+00:00;Arizona Diamondbacks vs Los Angeles Angels;total;under;9.0;-102;-101;0.49
2026-06-15T10:13:46.594231+00:00;Arizona Diamondbacks vs Los Angeles Angels;total;over;9.0;-112;-113;0.42
2026-06-15T10:13:46.595101+00:00;Arizona Diamondbacks vs Los Angeles Angels;total;under;9.0;-102;-101;0.49
2026-06-15T10:13:54.865609+00:00;Arizona Diamondbacks vs Los Angeles Angels;total;over;9.0;-112;-113;0.42
2026-06-15T10:13:54.866348+00:00;Arizona Diamondbacks vs Los Angeles Angels;total;under;9.0;-102;-101;0.49
2026-06-15 12:14:08,Arizona Diamondbacks vs Los Angeles Angels,total,over,9.0,-112,-113,0.42;;;;;;;
2026-06-15 12:14:08,Arizona Diamondbacks vs Los Angeles Angels,total,under,9.0,-102,-101,0.49;;;;;;;
2026-06-15T10:15:15.403823+00:00;Arizona Diamondbacks vs Los Angeles Angels;total;over;9.0;-112;-113;0.42
2026-06-15T10:15:15.404534+00:00;Arizona Diamondbacks vs Los Angeles Angels;total;under;9.0;-102;-101;0.49
2026-06-15T10:15:19.077754+00:00;Arizona Diamondbacks vs Los Angeles Angels;total;over;9.0;-112;-113;0.42
2026-06-15T10:15:19.078964+00:00;Arizona Diamondbacks vs Los Angeles Angels;total;under;9.0;-102;-101;0.49
2026-06-15T10:15:20.148585+00:00;Arizona Diamondbacks vs Los Angeles Angels;total;over;9.0;-112;-113;0.42
2026-06-15T10:15:20.149159+00:00;Arizona Diamondbacks vs Los Angeles Angels;total;under;9.0;-102;-101;0.49
2026-06-15T10:15:20.637388+00:00;Arizona Diamondbacks vs Los Angeles Angels;total;over;9.0;-112;-113;0.42
2026-06-15T10:15:20.637948+00:00;Arizona Diamondbacks vs Los Angeles Angels;total;under;9.0;-102;-101;0.49
2026-06-15T10:15:22.390572+00:00;Arizona Diamondbacks vs Los Angeles Angels;total;over;9.0;-112;-113;0.42
2026-06-15T10:15:22.391453+00:00;Arizona Diamondbacks vs Los Angeles Angels;total;under;9.0;-102;-101;0.49
2026-06-15T10:25:29.400359+00:00;Philadelphia Phillies vs Miami Marlins;moneyline;away;;179;180;0.36
2026-06-15T10:25:29.402036+00:00;Philadelphia Phillies vs Miami Marlins;total;under;7.5;-106;-105;0.46
2026-06-15T10:29:29.950509+00:00;Cincinnati Reds vs New York Mets;total;over;8.0;-113;-115;0.82
2026-06-15T10:29:29.951287+00:00;Cincinnati Reds vs New York Mets;total;under;8.0;-101;100;0.5
2026-06-15T10:31:30.774790+00:00;Washington Nationals vs Kansas City Royals;moneyline;home;;-143;-142;0.29
2026-06-15T10:31:30.784118+00:00;Washington Nationals vs Kansas City Royals;moneyline;away;;129;128;0.44
2026-06-15T10:31:30.786049+00:00;Washington Nationals vs Kansas City Royals;spread;away;1.5;-162;-163;0.23
2026-06-15T10:42:32.162025+00:00;Philadelphia Phillies vs Miami Marlins;moneyline;home;;-202;-203;0.16
2026-06-15T10:42:32.163982+00:00;Philadelphia Phillies vs Miami Marlins;spread;home;-1.5;105;104;0.49
2026-06-15T10:42:32.164713+00:00;Philadelphia Phillies vs Miami Marlins;spread;away;1.5;-118;-117;0.39
2026-06-15T10:42:32.318073+00:00;Cincinnati Reds vs New York Mets;moneyline;away;;120;121;0.45
2026-06-15T10:42:32.388858+00:00;Houston Astros vs Detroit Tigers;moneyline;home;;-127;-126;0.35
2026-06-15T10:42:32.389498+00:00;Houston Astros vs Detroit Tigers;moneyline;away;;115;114;0.47
2026-06-15T10:42:32.390161+00:00;Houston Astros vs Detroit Tigers;spread;home;-1.5;158;159;0.39
2026-06-15T10:42:32.390792+00:00;Houston Astros vs Detroit Tigers;spread;away;1.5;-181;-182;0.2
2026-06-15T10:46:33.055723+00:00;Washington Nationals vs Kansas City Royals;moneyline;home;;-142;-143;0.29
2026-06-15T10:46:33.058270+00:00;Washington Nationals vs Kansas City Royals;moneyline;away;;128;129;0.44
2026-06-15T10:46:33.059914+00:00;Washington Nationals vs Kansas City Royals;spread;away;1.5;-163;-162;0.23
2026-06-15T10:46:33.060752+00:00;Washington Nationals vs Kansas City Royals;total;over;9.0;-114;-116;0.81
2026-06-15T10:46:33.061602+00:00;Washington Nationals vs Kansas City Royals;total;under;9.0;-101;101;1.0
2026-06-15T10:46:33.188943+00:00;Los Angeles Dodgers vs Tampa Bay Rays;total;over;9.0;-102;-104;0.95
2026-06-15T10:46:33.190004+00:00;Los Angeles Dodgers vs Tampa Bay Rays;total;under;9.0;-112;-110;0.86
2026-06-15T11:00:35.775798+00:00;Athletics vs Pittsburgh Pirates;moneyline;away;;109;108;0.48
2026-06-15T11:02:36.373364+00:00;Washington Nationals vs Kansas City Royals;moneyline;home;;-143;-142;0.29
2026-06-15T11:02:36.374005+00:00;Washington Nationals vs Kansas City Royals;moneyline;away;;129;128;0.44
2026-06-15T11:02:36.374672+00:00;Washington Nationals vs Kansas City Royals;total;under;9.0;101;102;0.5
2026-06-15T11:13:37.756006+00:00;Cincinnati Reds vs New York Mets;moneyline;away;;121;120;0.45
2026-06-15T11:13:37.842088+00:00;Philadelphia Phillies vs Miami Marlins;moneyline;home;;-203;-199;0.66
2026-06-15T11:13:37.842665+00:00;Philadelphia Phillies vs Miami Marlins;moneyline;away;;180;177;1.07
2026-06-15T11:13:37.843306+00:00;Philadelphia Phillies vs Miami Marlins;spread;home;-1.5;104;106;0.98
2026-06-15T11:13:37.843883+00:00;Philadelphia Phillies vs Miami Marlins;spread;away;1.5;-117;-119;0.77
2026-06-15T11:15:38.073342+00:00;Arizona Diamondbacks vs Los Angeles Angels;moneyline;home;;-125;-124;0.36
2026-06-15T11:15:38.074083+00:00;Arizona Diamondbacks vs Los Angeles Angels;moneyline;away;;113;112;0.47
2026-06-15T11:15:38.074737+00:00;Arizona Diamondbacks vs Los Angeles Angels;spread;home;-1.5;161;162;0.38
2026-06-15T11:15:38.137516+00:00;Athletics vs Pittsburgh Pirates;moneyline;home;;-120;-121;0.38
2026-06-15T11:15:38.138153+00:00;Athletics vs Pittsburgh Pirates;moneyline;away;;108;109;0.48
2026-06-15T11:15:38.138727+00:00;Athletics vs Pittsburgh Pirates;spread;home;-1.5;157;156;0.39
2026-06-15T11:15:38.141108+00:00;Athletics vs Pittsburgh Pirates;spread;away;1.5;-180;-179;0.2
2026-06-15T11:15:38.142550+00:00;Athletics vs Pittsburgh Pirates;total;over;11.0;103;101;0.99
2026-06-15T11:15:38.143394+00:00;Athletics vs Pittsburgh Pirates;total;under;11.0;-118;-115;1.2
2026-06-15T11:17:38.564658+00:00;Los Angeles Dodgers vs Tampa Bay Rays;moneyline;home;;-152;-150;0.53
2026-06-15T11:17:38.566518+00:00;Los Angeles Dodgers vs Tampa Bay Rays;moneyline;away;;137;136;0.42
2026-06-15T11:17:38.567115+00:00;Los Angeles Dodgers vs Tampa Bay Rays;spread;home;-1.5;133;134;0.43
2026-06-15T11:17:38.567697+00:00;Los Angeles Dodgers vs Tampa Bay Rays;spread;away;1.5;-151;-152;0.26
2026-06-15T11:17:38.675264+00:00;Washington Nationals vs Kansas City Royals;moneyline;home;;-142;-144;0.57
2026-06-15T11:17:38.675876+00:00;Washington Nationals vs Kansas City Royals;moneyline;away;;128;130;0.88
2026-06-15T11:17:38.676455+00:00;Washington Nationals vs Kansas City Royals;spread;home;-1.5;143;141;0.82
2026-06-15T11:17:38.680148+00:00;Washington Nationals vs Kansas City Royals;spread;away;1.5;-162;-160;0.48
2026-06-15T11:29:40.541139+00:00;Arizona Diamondbacks vs Los Angeles Angels;moneyline;home;;-124;-123;0.36
2026-06-15T11:29:40.542026+00:00;Arizona Diamondbacks vs Los Angeles Angels;moneyline;away;;112;111;0.47
2026-06-15T11:29:40.542663+00:00;Arizona Diamondbacks vs Los Angeles Angels;spread;home;-1.5;162;163;0.38
2026-06-15T11:29:40.543324+00:00;Arizona Diamondbacks vs Los Angeles Angels;spread;away;1.5;-185;-187;0.38
2026-06-15T11:29:40.544007+00:00;Arizona Diamondbacks vs Los Angeles Angels;total;over;9.0;-113;-114;0.41
2026-06-15T11:31:40.968510+00:00;Los Angeles Dodgers vs Tampa Bay Rays;moneyline;home;;-150;-149;0.27
2026-06-15T11:31:40.977790+00:00;Los Angeles Dodgers vs Tampa Bay Rays;moneyline;away;;136;134;0.85
2026-06-15T11:31:40.978582+00:00;Los Angeles Dodgers vs Tampa Bay Rays;spread;home;-1.5;134;135;0.43
2026-06-15T11:31:40.979373+00:00;Los Angeles Dodgers vs Tampa Bay Rays;spread;away;1.5;-152;-153;0.26
2026-06-15T11:44:42.405499+00:00;Arizona Diamondbacks vs Los Angeles Angels;total;over;9.0;-114;-113;0.41
2026-06-15T11:44:42.465574+00:00;Cincinnati Reds vs New York Mets;moneyline;home;;-133;-134;0.32
2026-06-15T11:44:42.466169+00:00;Cincinnati Reds vs New York Mets;moneyline;away;;120;121;0.45
2026-06-15T11:44:42.466739+00:00;Cincinnati Reds vs New York Mets;spread;home;-1.5;156;155;0.39
2026-06-15T11:44:42.467423+00:00;Cincinnati Reds vs New York Mets;spread;away;1.5;-178;-177;0.2
2026-06-15T11:44:42.555770+00:00;Philadelphia Phillies vs Miami Marlins;moneyline;home;;-199;-201;0.33
2026-06-15T11:44:42.556427+00:00;Philadelphia Phillies vs Miami Marlins;moneyline;away;;177;178;0.36
2026-06-15T11:44:42.556988+00:00;Philadelphia Phillies vs Miami Marlins;spread;home;-1.5;106;105;0.49
2026-06-15T11:44:42.557571+00:00;Philadelphia Phillies vs Miami Marlins;spread;away;1.5;-119;-118;0.39
2026-06-15T11:44:42.622162+00:00;Houston Astros vs Detroit Tigers;moneyline;home;;-126;-125;0.35
2026-06-15T11:44:42.622717+00:00;Houston Astros vs Detroit Tigers;moneyline;away;;114;113;0.47
2026-06-15T11:46:42.945129+00:00;Los Angeles Dodgers vs Tampa Bay Rays;total;over;9.0;-104;-105;0.47
2026-06-15T11:46:42.945776+00:00;Los Angeles Dodgers vs Tampa Bay Rays;total;under;9.0;-110;-109;0.44
2026-06-15T11:46:43.065912+00:00;Washington Nationals vs Kansas City Royals;spread;away;1.5;-160;-161;0.24
2026-06-15T11:46:43.066719+00:00;Washington Nationals vs Kansas City Royals;total;over;9.0;-116;-117;0.4
2026-06-15T12:00:46.051559+00:00;Athletics vs Pittsburgh Pirates;moneyline;home;;-121;-120;0.38
2026-06-15T12:00:46.052209+00:00;Athletics vs Pittsburgh Pirates;spread;home;-1.5;156;157;0.39
2026-06-15T12:00:46.052833+00:00;Athletics vs Pittsburgh Pirates;total;under;11.0;-115;-116;0.4
2026-06-15T12:06:47.149644+00:00;Texas Rangers vs Minnesota Twins;moneyline;home;;-162;-161;0.24
2026-06-15T12:06:47.151658+00:00;Texas Rangers vs Minnesota Twins;moneyline;away;;146;145;0.41
2026-06-15T12:06:47.152289+00:00;Texas Rangers vs Minnesota Twins;spread;away;1.5;-149;-150;0.27
2026-06-15T12:06:47.431625+00:00;Chicago Cubs vs Colorado Rockies;moneyline;home;;-203;-202;0.16
2026-06-15T12:06:47.432269+00:00;Chicago Cubs vs Colorado Rockies;moneyline;away;;181;179;0.71
2026-06-15T12:06:47.432855+00:00;Chicago Cubs vs Colorado Rockies;spread;home;-1.5;101;102;0.5
2026-06-15T12:15:48.304902+00:00;Houston Astros vs Detroit Tigers;moneyline;home;;-125;-123;0.72
2026-06-15T12:15:48.305607+00:00;Houston Astros vs Detroit Tigers;spread;home;-1.5;159;163;1.54
2026-06-15T12:15:48.314074+00:00;Houston Astros vs Detroit Tigers;total;over;9.0;103;104;0.49
2026-06-15T12:15:48.315158+00:00;Houston Astros vs Detroit Tigers;total;under;9.0;-118;-117;0.39
2026-06-15T12:15:48.458752+00:00;Cincinnati Reds vs New York Mets;moneyline;home;;-134;-133;0.32
2026-06-15T12:15:48.459435+00:00;Cincinnati Reds vs New York Mets;moneyline;away;;121;122;0.45
2026-06-15T12:15:48.460109+00:00;Cincinnati Reds vs New York Mets;spread;home;-1.5;155;157;0.78
2026-06-15T12:15:48.460647+00:00;Cincinnati Reds vs New York Mets;spread;away;1.5;-177;-175;0.41
2026-06-15T12:15:48.461165+00:00;Cincinnati Reds vs New York Mets;total;over;8.0;-115;-114;0.41
2026-06-15T12:15:48.461685+00:00;Cincinnati Reds vs New York Mets;total;under;8.0;100;101;0.5
2026-06-15T12:15:48.526798+00:00;Athletics vs Pittsburgh Pirates;moneyline;home;;-120;-117;1.17
2026-06-15T12:15:48.527394+00:00;Athletics vs Pittsburgh Pirates;moneyline;away;;109;108;0.48
2026-06-15T12:15:48.527907+00:00;Athletics vs Pittsburgh Pirates;spread;home;-1.5;157;161;1.56
2026-06-15T12:15:48.528410+00:00;Athletics vs Pittsburgh Pirates;spread;away;1.5;-179;-180;0.2
2026-06-15T12:15:48.528976+00:00;Athletics vs Pittsburgh Pirates;total;over;11.0;101;102;0.5
2026-06-15T12:15:48.529515+00:00;Athletics vs Pittsburgh Pirates;total;under;11.0;-116;-115;0.4
2026-06-15T12:15:48.704036+00:00;Arizona Diamondbacks vs Los Angeles Angels;moneyline;home;;-123;-122;0.37
2026-06-15T12:15:48.704641+00:00;Arizona Diamondbacks vs Los Angeles Angels;moneyline;away;;111;113;0.95
2026-06-15T12:15:48.705208+00:00;Arizona Diamondbacks vs Los Angeles Angels;spread;home;-1.5;163;164;0.38
2026-06-15T12:15:48.705740+00:00;Arizona Diamondbacks vs Los Angeles Angels;spread;away;1.5;-187;-184;0.57
2026-06-15T12:15:48.706329+00:00;Arizona Diamondbacks vs Los Angeles Angels;total;over;9.0;-113;-112;0.42
2026-06-15T12:15:48.706876+00:00;Arizona Diamondbacks vs Los Angeles Angels;total;under;9.0;-101;-100;0.5
2026-06-15T12:15:48.812277+00:00;Philadelphia Phillies vs Miami Marlins;moneyline;home;;-201;-194;1.2
2026-06-15T12:15:48.813201+00:00;Philadelphia Phillies vs Miami Marlins;moneyline;away;;178;176;0.72
2026-06-15T12:15:48.813932+00:00;Philadelphia Phillies vs Miami Marlins;spread;home;-1.5;105;107;0.98
2026-06-15T12:15:48.814529+00:00;Philadelphia Phillies vs Miami Marlins;total;over;7.5;-109;-106;1.35
2026-06-15T12:15:48.815146+00:00;Philadelphia Phillies vs Miami Marlins;total;under;7.5;-105;-106;0.46
2026-06-15T12:17:49.020607+00:00;Los Angeles Dodgers vs Tampa Bay Rays;moneyline;home;;-149;-148;0.27
2026-06-15T12:17:49.021683+00:00;Los Angeles Dodgers vs Tampa Bay Rays;moneyline;away;;134;136;0.85
2026-06-15T12:17:49.022645+00:00;Los Angeles Dodgers vs Tampa Bay Rays;spread;home;-1.5;135;136;0.43
2026-06-15T12:17:49.023711+00:00;Los Angeles Dodgers vs Tampa Bay Rays;spread;away;1.5;-153;-150;0.79
2026-06-15T12:17:49.024775+00:00;Los Angeles Dodgers vs Tampa Bay Rays;total;under;9.0;-109;-107;0.89
2026-06-15T12:17:49.222266+00:00;Washington Nationals vs Kansas City Royals;moneyline;home;;-144;-142;0.58
2026-06-15T12:17:49.223028+00:00;Washington Nationals vs Kansas City Royals;moneyline;away;;130;131;0.43
2026-06-15T12:17:49.223604+00:00;Washington Nationals vs Kansas City Royals;spread;home;-1.5;141;143;0.83
2026-06-15T12:17:49.224213+00:00;Washington Nationals vs Kansas City Royals;spread;away;1.5;-161;-159;0.48
2026-06-15T12:17:49.225699+00:00;Washington Nationals vs Kansas City Royals;total;under;9.0;102;104;0.99
2026-06-15T12:21:50.387003+00:00;Texas Rangers vs Minnesota Twins;total;over;8.0;-106;-104;0.93
2026-06-15T12:21:50.387688+00:00;Texas Rangers vs Minnesota Twins;total;under;8.0;-108;-110;0.87
2026-06-15T12:25:51.393835+00:00;Philadelphia Phillies vs Miami Marlins;spread;home;-1.5;107;106;0.48
2026-06-15T12:25:51.394551+00:00;Philadelphia Phillies vs Miami Marlins;spread;away;1.5;-118;-116;0.79
2026-06-15T12:27:51.725625+00:00;Houston Astros vs Detroit Tigers;spread;home;-1.5;163;162;0.38
2026-06-15T12:27:51.823181+00:00;St. Louis Cardinals vs San Diego Padres;moneyline;home;;-141;-140;0.3
2026-06-15T12:27:51.823917+00:00;St. Louis Cardinals vs San Diego Padres;spread;home;-1.5;146;147;0.41
2026-06-15T12:27:51.824575+00:00;St. Louis Cardinals vs San Diego Padres;spread;away;1.5;-166;-167;0.23
2026-06-15T12:29:52.479692+00:00;Cincinnati Reds vs New York Mets;moneyline;home;;-133;-132;0.33
2026-06-15T12:29:52.480721+00:00;Cincinnati Reds vs New York Mets;spread;away;1.5;-175;-176;0.21
2026-06-15T12:29:52.481558+00:00;Cincinnati Reds vs New York Mets;total;under;8.0;101;102;0.5
2026-06-15T12:31:53.016260+00:00;Washington Nationals vs Kansas City Royals;moneyline;home;;-142;-141;0.29
2026-06-15T12:31:53.016884+00:00;Washington Nationals vs Kansas City Royals;moneyline;away;;131;130;0.43
2026-06-15T12:31:53.017489+00:00;Washington Nationals vs Kansas City Royals;spread;home;-1.5;143;145;0.82
2026-06-15T12:31:53.021920+00:00;Washington Nationals vs Kansas City Royals;spread;away;1.5;-159;-161;0.48
2026-06-15T12:31:53.312375+00:00;Los Angeles Dodgers vs Tampa Bay Rays;moneyline;home;;-148;-150;0.54
2026-06-15T12:31:53.312980+00:00;Los Angeles Dodgers vs Tampa Bay Rays;moneyline;away;;136;138;0.85
2026-06-15T12:31:53.320388+00:00;Los Angeles Dodgers vs Tampa Bay Rays;spread;home;-1.5;136;134;0.85
2026-06-15T12:31:53.320929+00:00;Los Angeles Dodgers vs Tampa Bay Rays;spread;away;1.5;-150;-148;0.54
2026-06-15T12:35:53.972887+00:00;Chicago Cubs vs Colorado Rockies;moneyline;home;;-202;-203;0.16
2026-06-15T12:35:53.973610+00:00;Chicago Cubs vs Colorado Rockies;moneyline;away;;179;181;0.72
2026-06-15T12:35:53.974240+00:00;Chicago Cubs vs Colorado Rockies;spread;home;-1.5;102;101;0.5
2026-06-15T12:35:53.974827+00:00;Chicago Cubs vs Colorado Rockies;spread;away;1.5;-114;-113;0.41
2026-06-15T12:35:53.975361+00:00;Chicago Cubs vs Colorado Rockies;total;over;9.5;101;100;0.5
2026-06-15T12:35:53.975937+00:00;Chicago Cubs vs Colorado Rockies;total;under;9.5;-116;-115;0.4
2026-06-15T12:41:55.878604+00:00;Houston Astros vs Detroit Tigers;spread;home;-1.5;162;163;0.38
2026-06-15T12:41:55.879339+00:00;Houston Astros vs Detroit Tigers;total;over;9.0;104;103;0.49
2026-06-15T12:41:55.879972+00:00;Houston Astros vs Detroit Tigers;total;under;9.0;-117;-116;0.4
2026-06-15T12:41:55.987530+00:00;St. Louis Cardinals vs San Diego Padres;moneyline;home;;-140;-150;2.78
2026-06-15T12:41:55.988116+00:00;St. Louis Cardinals vs San Diego Padres;moneyline;away;;127;135;3.52
2026-06-15T12:41:55.989193+00:00;St. Louis Cardinals vs San Diego Padres;spread;home;-1.5;147;140;2.83
2026-06-15T12:41:55.989734+00:00;St. Louis Cardinals vs San Diego Padres;spread;away;1.5;-167;-159;1.88
2026-06-15T12:41:56.064098+00:00;Philadelphia Phillies vs Miami Marlins;moneyline;home;;-194;-191;0.53
2026-06-15T12:41:56.064786+00:00;Philadelphia Phillies vs Miami Marlins;moneyline;away;;176;174;0.72
2026-06-15T12:41:56.065416+00:00;Philadelphia Phillies vs Miami Marlins;spread;home;-1.5;106;107;0.49
2026-06-15T12:41:56.065999+00:00;Philadelphia Phillies vs Miami Marlins;spread;away;1.5;-116;-118;0.78
2026-06-15T12:41:56.066541+00:00;Philadelphia Phillies vs Miami Marlins;total;under;8.0;-112;-113;0.42
2026-06-15T12:43:56.281591+00:00;Cincinnati Reds vs New York Mets;moneyline;home;;-132;-133;0.32
2026-06-15T12:43:56.282234+00:00;Cincinnati Reds vs New York Mets;moneyline;away;;122;123;0.45
2026-06-15T12:43:56.282871+00:00;Cincinnati Reds vs New York Mets;spread;away;1.5;-176;-175;0.21
2026-06-15T12:45:57.300554+00:00;Athletics vs Pittsburgh Pirates;spread;home;-1.5;161;160;0.38
2026-06-15T12:45:57.301344+00:00;Athletics vs Pittsburgh Pirates;spread;away;1.5;-180;-179;0.2
2026-06-15T12:45:57.394543+00:00;Arizona Diamondbacks vs Los Angeles Angels;moneyline;home;;-122;-128;2.11
2026-06-15T12:45:57.395114+00:00;Arizona Diamondbacks vs Los Angeles Angels;moneyline;away;;113;118;2.35
2026-06-15T12:45:57.401825+00:00;Arizona Diamondbacks vs Los Angeles Angels;spread;home;-1.5;164;159;1.89
2026-06-15T12:45:57.402692+00:00;Arizona Diamondbacks vs Los Angeles Angels;spread;away;1.5;-184;-178;1.19
2026-06-15T12:47:58.066229+00:00;Washington Nationals vs Kansas City Royals;moneyline;home;;-141;-133;2.5
2026-06-15T12:47:58.066961+00:00;Washington Nationals vs Kansas City Royals;moneyline;away;;130;123;3.04
2026-06-15T12:47:58.068047+00:00;Washington Nationals vs Kansas City Royals;spread;home;-1.5;145;150;2.04
2026-06-15T12:47:58.068623+00:00;Washington Nationals vs Kansas City Royals;spread;away;1.5;-161;-167;1.38
2026-06-15T12:47:58.069206+00:00;Washington Nationals vs Kansas City Royals;total;over;9.0;-117;-118;0.39
2026-06-15T12:47:58.073258+00:00;Washington Nationals vs Kansas City Royals;total;under;9.0;104;105;0.49
2026-06-15T12:51:59.369751+00:00;Chicago Cubs vs Colorado Rockies;moneyline;away;;181;180;0.36
2026-06-15T12:56:00.223135+00:00;Philadelphia Phillies vs Miami Marlins;moneyline;home;;-191;-192;0.18
2026-06-15T12:56:00.223756+00:00;Philadelphia Phillies vs Miami Marlins;moneyline;away;;174;175;0.36
2026-06-15T12:56:00.224339+00:00;Philadelphia Phillies vs Miami Marlins;spread;home;-1.5;107;106;0.48
2026-06-15T12:56:00.224883+00:00;Philadelphia Phillies vs Miami Marlins;spread;away;1.5;-118;-117;0.39
2026-06-15T12:56:00.225574+00:00;Philadelphia Phillies vs Miami Marlins;total;under;8.0;-113;-112;0.42
2026-06-15T12:58:00.639401+00:00;St. Louis Cardinals vs San Diego Padres;moneyline;home;;-150;-149;0.27
2026-06-15T12:58:00.640496+00:00;St. Louis Cardinals vs San Diego Padres;moneyline;away;;135;134;0.43
2026-06-15T12:58:00.641102+00:00;St. Louis Cardinals vs San Diego Padres;spread;home;-1.5;140;141;0.42
2026-06-15T12:58:00.641727+00:00;St. Louis Cardinals vs San Diego Padres;spread;away;1.5;-159;-160;0.24
2026-06-15T12:58:00.711647+00:00;Houston Astros vs Detroit Tigers;moneyline;home;;-123;-120;1.12
2026-06-15T12:58:00.712281+00:00;Houston Astros vs Detroit Tigers;moneyline;away;;113;111;0.94
2026-06-15T12:58:00.712788+00:00;Houston Astros vs Detroit Tigers;spread;home;-1.5;163;165;0.76
2026-06-15T12:58:00.714736+00:00;Houston Astros vs Detroit Tigers;spread;away;1.5;-182;-185;0.58
2026-06-15T13:00:00.919324+00:00;Cincinnati Reds vs New York Mets;moneyline;home;;-133;-132;0.33
2026-06-15T13:00:00.919866+00:00;Cincinnati Reds vs New York Mets;moneyline;away;;123;122;0.45
2026-06-15T13:00:00.921473+00:00;Cincinnati Reds vs New York Mets;total;over;8.0;-114;-115;0.41
2026-06-15T13:00:01.054319+00:00;Arizona Diamondbacks vs Los Angeles Angels;moneyline;home;;-128;-127;0.35
2026-06-15T13:00:01.055031+00:00;Arizona Diamondbacks vs Los Angeles Angels;spread;home;-1.5;159;160;0.39
2026-06-15T13:00:01.055554+00:00;Arizona Diamondbacks vs Los Angeles Angels;spread;away;1.5;-178;-179;0.2
2026-06-15T13:00:01.146261+00:00;Athletics vs Pittsburgh Pirates;spread;home;-1.5;160;161;0.38
2026-06-15T13:00:01.147045+00:00;Athletics vs Pittsburgh Pirates;spread;away;1.5;-179;-180;0.2
2026-06-15T13:02:01.508179+00:00;Washington Nationals vs Kansas City Royals;moneyline;away;;123;122;0.45
2026-06-15T13:02:01.508930+00:00;Washington Nationals vs Kansas City Royals;spread;away;1.5;-167;-168;0.22
2026-06-15T13:08:02.845562+00:00;Chicago Cubs vs Colorado Rockies;spread;away;1.5;-113;-114;0.41
2026-06-15T13:12:03.792890+00:00;Philadelphia Phillies vs Miami Marlins;moneyline;home;;-192;-191;0.18
2026-06-15T13:12:03.793569+00:00;Philadelphia Phillies vs Miami Marlins;moneyline;away;;175;174;0.36
2026-06-15T13:12:03.794141+00:00;Philadelphia Phillies vs Miami Marlins;spread;home;-1.5;106;104;0.97
2026-06-15T13:12:03.794662+00:00;Philadelphia Phillies vs Miami Marlins;spread;away;1.5;-117;-115;0.8
2026-06-15T13:12:03.795222+00:00;Philadelphia Phillies vs Miami Marlins;total;over;8.0;100;-100;0.0
2026-06-15T13:14:04.006798+00:00;Cincinnati Reds vs New York Mets;moneyline;home;;-132;-133;0.32
2026-06-15T13:16:04.546249+00:00;Arizona Diamondbacks vs Los Angeles Angels;moneyline;home;;-127;-128;0.34
2026-06-15T13:16:04.547025+00:00;Arizona Diamondbacks vs Los Angeles Angels;spread;home;-1.5;160;159;0.38
2026-06-15T13:16:04.547716+00:00;Arizona Diamondbacks vs Los Angeles Angels;spread;away;1.5;-179;-178;0.2
2026-06-15T13:18:04.988876+00:00;Los Angeles Dodgers vs Tampa Bay Rays;spread;away;1.5;-148;-149;0.27
2026-06-15T13:18:04.989601+00:00;Los Angeles Dodgers vs Tampa Bay Rays;total;over;9.0;-105;-106;0.46
2026-06-15T13:18:04.990173+00:00;Los Angeles Dodgers vs Tampa Bay Rays;total;under;9.0;-107;-106;0.46
2026-06-15T13:18:05.200620+00:00;Washington Nationals vs Kansas City Royals;moneyline;home;;-133;-134;0.32
2026-06-15T13:18:05.201334+00:00;Washington Nationals vs Kansas City Royals;moneyline;away;;122;124;0.9
2026-06-15T13:18:05.201854+00:00;Washington Nationals vs Kansas City Royals;spread;home;-1.5;150;149;0.4
2026-06-15T13:18:05.202405+00:00;Washington Nationals vs Kansas City Royals;spread;away;1.5;-168;-166;0.45
2026-06-15T13:22:05.953787+00:00;Chicago Cubs vs Colorado Rockies;moneyline;home;;-203;-204;0.16
2026-06-15T13:22:05.954562+00:00;Chicago Cubs vs Colorado Rockies;moneyline;away;;180;181;0.36
2026-06-15T13:22:05.955167+00:00;Chicago Cubs vs Colorado Rockies;spread;away;1.5;-114;-113;0.41
2026-06-15T13:24:06.272854+00:00;Texas Rangers vs Minnesota Twins;total;over;8.0;-104;-105;0.47
2026-06-15T13:24:06.273593+00:00;Texas Rangers vs Minnesota Twins;total;under;8.0;-110;-109;0.44
2026-06-15T13:26:07.030520+00:00;Philadelphia Phillies vs Miami Marlins;moneyline;home;;-191;-192;0.18
2026-06-15T13:26:07.031305+00:00;Philadelphia Phillies vs Miami Marlins;moneyline;away;;174;175;0.36
2026-06-15T13:28:07.577008+00:00;St. Louis Cardinals vs San Diego Padres;total;over;8.5;-107;-106;0.46
2026-06-15T13:28:07.577899+00:00;St. Louis Cardinals vs San Diego Padres;total;under;8.5;-107;-108;0.45
2026-06-15T13:30:07.851571+00:00;Athletics vs Pittsburgh Pirates;moneyline;home;;-117;-118;0.39
2026-06-15T13:30:07.852319+00:00;Athletics vs Pittsburgh Pirates;moneyline;away;;108;109;0.48
2026-06-15T13:30:07.852909+00:00;Athletics vs Pittsburgh Pirates;spread;away;1.5;-180;-179;0.2
2026-06-15T13:30:07.947590+00:00;Cincinnati Reds vs New York Mets;moneyline;away;;122;123;0.45
2026-06-15T13:30:07.948188+00:00;Cincinnati Reds vs New York Mets;spread;home;-1.5;157;156;0.39
2026-06-15T13:30:07.948749+00:00;Cincinnati Reds vs New York Mets;spread;away;1.5;-175;-174;0.21
2026-06-15T13:38:09.784268+00:00;Texas Rangers vs Minnesota Twins;spread;away;1.5;-150;-149;0.27
2026-06-15T13:38:09.932367+00:00;Chicago Cubs vs Colorado Rockies;moneyline;home;;-204;-206;0.32
2026-06-15T13:38:09.933082+00:00;Chicago Cubs vs Colorado Rockies;moneyline;away;;181;183;0.71
2026-06-15T13:38:09.935068+00:00;Chicago Cubs vs Colorado Rockies;spread;home;-1.5;101;-100;0.5
2026-06-15T13:38:09.935702+00:00;Chicago Cubs vs Colorado Rockies;spread;away;1.5;-113;-112;0.42
2026-06-15T13:44:11.754085+00:00;Cincinnati Reds vs New York Mets;moneyline;away;;123;122;0.45
2026-06-15T13:44:11.754751+00:00;Cincinnati Reds vs New York Mets;spread;away;1.5;-174;-175;0.21
2026-06-15T13:46:12.024687+00:00;Athletics vs Pittsburgh Pirates;spread;home;-1.5;161;160;0.38
2026-06-15T13:46:12.025385+00:00;Athletics vs Pittsburgh Pirates;total;over;10.5;-101;-100;0.5
2026-06-15T13:46:12.116811+00:00;Arizona Diamondbacks vs Los Angeles Angels;moneyline;home;;-128;-126;0.7
2026-06-15T13:46:12.117515+00:00;Arizona Diamondbacks vs Los Angeles Angels;moneyline;away;;118;116;0.92
2026-06-15T13:46:12.118100+00:00;Arizona Diamondbacks vs Los Angeles Angels;spread;home;-1.5;159;162;1.16
2026-06-15T13:46:12.118750+00:00;Arizona Diamondbacks vs Los Angeles Angels;spread;away;1.5;-178;-181;0.6
2026-06-15T13:46:12.119478+00:00;Arizona Diamondbacks vs Los Angeles Angels;total;over;9.0;-112;-113;0.42
2026-06-15T13:46:12.120059+00:00;Arizona Diamondbacks vs Los Angeles Angels;total;under;9.0;-100;101;0.5
2026-06-15T13:48:12.605649+00:00;Los Angeles Dodgers vs Tampa Bay Rays;moneyline;home;;-150;-153;0.78
2026-06-15T13:48:12.606352+00:00;Los Angeles Dodgers vs Tampa Bay Rays;moneyline;away;;138;140;0.84
2026-06-15T13:48:12.607029+00:00;Los Angeles Dodgers vs Tampa Bay Rays;spread;home;-1.5;134;131;1.28
2026-06-15T13:48:12.607600+00:00;Los Angeles Dodgers vs Tampa Bay Rays;spread;away;1.5;-149;-145;1.11
2026-06-15T13:48:12.608214+00:00;Los Angeles Dodgers vs Tampa Bay Rays;total;over;9.0;-106;-109;1.34
2026-06-15T13:48:12.608845+00:00;Los Angeles Dodgers vs Tampa Bay Rays;total;under;9.0;-106;-103;1.41
2026-06-15T13:52:13.524034+00:00;Chicago Cubs vs Colorado Rockies;spread;home;-1.5;-100;-101;0.5
2026-06-15T13:54:13.882739+00:00;Texas Rangers vs Minnesota Twins;moneyline;home;;-161;-160;0.24
2026-06-15T13:54:13.883330+00:00;Texas Rangers vs Minnesota Twins;moneyline;away;;145;144;0.41
2026-06-15T13:54:13.883912+00:00;Texas Rangers vs Minnesota Twins;spread;home;-1.5;132;133;0.43
2026-06-15T13:54:13.884437+00:00;Texas Rangers vs Minnesota Twins;spread;away;1.5;-149;-150;0.27
2026-06-15T13:56:14.749655+00:00;Philadelphia Phillies vs Miami Marlins;moneyline;home;;-192;-190;0.36
2026-06-15T13:56:14.750367+00:00;Philadelphia Phillies vs Miami Marlins;moneyline;away;;175;173;0.73
2026-06-15T13:56:14.751071+00:00;Philadelphia Phillies vs Miami Marlins;spread;home;-1.5;104;105;0.49
2026-06-15T13:58:15.327467+00:00;St. Louis Cardinals vs San Diego Padres;moneyline;home;;-149;-148;0.27
2026-06-15T13:58:15.328100+00:00;St. Louis Cardinals vs San Diego Padres;moneyline;away;;134;135;0.43
2026-06-15T13:58:15.328678+00:00;St. Louis Cardinals vs San Diego Padres;spread;home;-1.5;141;142;0.41
2026-06-15T13:58:15.329270+00:00;St. Louis Cardinals vs San Diego Padres;spread;away;1.5;-160;-158;0.49
2026-06-15T13:58:15.329790+00:00;St. Louis Cardinals vs San Diego Padres;total;over;8.5;-106;-105;0.46
2026-06-15T13:58:15.330338+00:00;St. Louis Cardinals vs San Diego Padres;total;under;8.5;-108;-107;0.45
2026-06-15T14:00:15.581593+00:00;Athletics vs Pittsburgh Pirates;moneyline;home;;-118;-113;2.03
2026-06-15T14:00:15.582487+00:00;Athletics vs Pittsburgh Pirates;moneyline;away;;109;104;2.39
2026-06-15T14:00:15.593724+00:00;Athletics vs Pittsburgh Pirates;spread;home;-1.5;160;165;1.92
2026-06-15T14:00:15.595373+00:00;Athletics vs Pittsburgh Pirates;spread;away;1.5;-179;-185;1.16
2026-06-15T14:00:15.595957+00:00;Athletics vs Pittsburgh Pirates;total;over;10.5;-100;-101;0.5
2026-06-15T14:00:15.693817+00:00;Cincinnati Reds vs New York Mets;moneyline;away;;122;123;0.45
2026-06-15T14:00:15.694401+00:00;Cincinnati Reds vs New York Mets;spread;away;1.5;-175;-174;0.21
2026-06-15T14:02:16.163531+00:00;Los Angeles Dodgers vs Tampa Bay Rays;moneyline;away;;140;141;0.42
2026-06-15T14:08:17.393904+00:00;Texas Rangers vs Minnesota Twins;moneyline;home;;-160;-159;0.24
2026-06-15T14:08:17.394475+00:00;Texas Rangers vs Minnesota Twins;moneyline;away;;144;146;0.82
2026-06-15T14:08:17.395099+00:00;Texas Rangers vs Minnesota Twins;spread;home;-1.5;133;134;0.43
2026-06-15T14:08:17.395678+00:00;Texas Rangers vs Minnesota Twins;spread;away;1.5;-150;-148;0.54
2026-06-15T14:08:17.396186+00:00;Texas Rangers vs Minnesota Twins;total;over;8.0;-105;-104;0.47
2026-06-15T14:08:17.396754+00:00;Texas Rangers vs Minnesota Twins;total;under;8.0;-109;-108;0.44
2026-06-15T14:08:17.458652+00:00;Chicago Cubs vs Colorado Rockies;moneyline;home;;-206;-203;0.48
2026-06-15T14:08:17.459267+00:00;Chicago Cubs vs Colorado Rockies;moneyline;away;;183;185;0.71
2026-06-15T14:08:17.459846+00:00;Chicago Cubs vs Colorado Rockies;spread;home;-1.5;-101;101;1.0
2026-06-15T14:08:17.460344+00:00;Chicago Cubs vs Colorado Rockies;spread;away;1.5;-112;-111;0.42
2026-06-15T14:08:17.460907+00:00;Chicago Cubs vs Colorado Rockies;total;over;9.5;100;101;0.5
2026-06-15T14:08:17.461473+00:00;Chicago Cubs vs Colorado Rockies;total;under;9.5;-115;-114;0.41
2026-06-15T14:12:18.278200+00:00;Philadelphia Phillies vs Miami Marlins;spread;home;-1.5;105;104;0.49
2026-06-15T14:14:18.866781+00:00;St. Louis Cardinals vs San Diego Padres;moneyline;home;;-148;-147;0.27
2026-06-15T14:14:19.053192+00:00;Cincinnati Reds vs New York Mets;moneyline;home;;-133;-135;0.64
2026-06-15T14:14:19.053805+00:00;Cincinnati Reds vs New York Mets;moneyline;away;;123;124;0.45
2026-06-15T14:14:19.054329+00:00;Cincinnati Reds vs New York Mets;spread;home;-1.5;156;155;0.39
2026-06-15T14:14:19.054888+00:00;Cincinnati Reds vs New York Mets;spread;away;1.5;-174;-173;0.21
2026-06-15T14:16:19.271254+00:00;Athletics vs Pittsburgh Pirates;moneyline;away;;104;105;0.49
2026-06-15T14:18:19.927284+00:00;Los Angeles Dodgers vs Tampa Bay Rays;moneyline;home;;-153;-162;2.2
2026-06-15T14:18:19.928042+00:00;Los Angeles Dodgers vs Tampa Bay Rays;moneyline;away;;141;149;3.32
2026-06-15T14:18:19.929120+00:00;Los Angeles Dodgers vs Tampa Bay Rays;spread;home;-1.5;131;123;3.46
2026-06-15T14:18:19.930037+00:00;Los Angeles Dodgers vs Tampa Bay Rays;spread;away;1.5;-145;-136;2.7
2026-06-15T14:18:19.992346+00:00;Washington Nationals vs Kansas City Royals;moneyline;home;;-134;-135;0.32
2026-06-15T14:18:19.992976+00:00;Washington Nationals vs Kansas City Royals;spread;away;1.5;-166;-165;0.23
2026-06-15T14:24:21.380048+00:00;Texas Rangers vs Minnesota Twins;total;over;8.0;-104;-106;0.92
2026-06-15T14:24:21.380934+00:00;Texas Rangers vs Minnesota Twins;total;under;8.0;-108;-106;0.91
2026-06-15T14:26:21.848670+00:00;Philadelphia Phillies vs Miami Marlins;moneyline;home;;-190;-191;0.18
2026-06-15T14:26:21.849976+00:00;Philadelphia Phillies vs Miami Marlins;moneyline;away;;173;174;0.37
2026-06-15T14:26:21.850632+00:00;Philadelphia Phillies vs Miami Marlins;spread;away;1.5;-115;-114;0.41
2026-06-15T14:26:21.851149+00:00;Philadelphia Phillies vs Miami Marlins;total;over;8.0;-100;-101;0.5
2026-06-15T14:35:23.145271+00:00;Cincinnati Reds vs New York Mets;moneyline;home;;-135;-134;0.32
2026-06-15T14:35:23.145882+00:00;Cincinnati Reds vs New York Mets;spread;home;-1.5;155;156;0.39
2026-06-15T14:35:23.156764+00:00;Cincinnati Reds vs New York Mets;spread;away;1.5;-173;-174;0.21
2026-06-15T14:35:23.408230+00:00;St. Louis Cardinals vs San Diego Padres;moneyline;away;;135;136;0.43
2026-06-15T14:35:23.476456+00:00;Arizona Diamondbacks vs Los Angeles Angels;moneyline;home;;-126;-125;0.35
2026-06-15T14:37:23.822185+00:00;Chicago Cubs vs Colorado Rockies;moneyline;home;;-203;-204;0.16
2026-06-15T14:37:23.822886+00:00;Chicago Cubs vs Colorado Rockies;spread;home;-1.5;101;100;0.5
2026-06-15T14:41:25.620296+00:00;Philadelphia Phillies vs Miami Marlins;moneyline;home;;-191;-192;0.18
2026-06-15T14:41:25.621044+00:00;Philadelphia Phillies vs Miami Marlins;moneyline;away;;174;175;0.36
2026-06-15T14:41:25.621775+00:00;Philadelphia Phillies vs Miami Marlins;spread;home;-1.5;104;103;0.49
2026-06-15T14:43:25.821365+00:00;St. Louis Cardinals vs San Diego Padres;moneyline;away;;136;135;0.42
2026-06-15T14:45:26.605500+00:00;Cincinnati Reds vs New York Mets;spread;home;-1.5;156;155;0.39
2026-06-15T14:45:26.606151+00:00;Cincinnati Reds vs New York Mets;spread;away;1.5;-174;-173;0.21
2026-06-15T14:45:26.606659+00:00;Cincinnati Reds vs New York Mets;total;over;8.5;102;101;0.5
2026-06-15T14:45:26.607206+00:00;Cincinnati Reds vs New York Mets;total;under;8.5;-115;-113;0.82
2026-06-15T14:49:27.578750+00:00;Washington Nationals vs Kansas City Royals;moneyline;home;;-135;-124;3.77
2026-06-15T14:49:27.580436+00:00;Washington Nationals vs Kansas City Royals;moneyline;away;;124;114;4.46
2026-06-15T14:49:27.589457+00:00;Washington Nationals vs Kansas City Royals;spread;home;-1.5;149;162;5.22
2026-06-15T14:49:27.590778+00:00;Washington Nationals vs Kansas City Royals;spread;away;1.5;-165;-181;3.34
2026-06-15T14:53:28.327413+00:00;Texas Rangers vs Minnesota Twins;spread;home;-1.5;134;133;0.43
2026-06-15T14:53:28.328140+00:00;Texas Rangers vs Minnesota Twins;total;over;8.0;-106;-112;2.6
2026-06-15T14:53:28.328848+00:00;Texas Rangers vs Minnesota Twins;total;under;8.0;-106;-101;2.4
2026-06-15T14:53:28.525998+00:00;Chicago Cubs vs Colorado Rockies;total;under;9.5;-114;-113;0.41
2026-06-15T14:57:29.297591+00:00;Philadelphia Phillies vs Miami Marlins;total;over;8.0;-101;-102;0.49
2026-06-15T14:57:29.298198+00:00;Philadelphia Phillies vs Miami Marlins;total;under;8.0;-112;-110;0.86
2026-06-15T14:57:29.520536+00:00;Houston Astros vs Detroit Tigers;moneyline;home;;-120;-119;0.38
2026-06-15T14:57:29.521160+00:00;Houston Astros vs Detroit Tigers;moneyline;away;;111;110;0.47
2026-06-15T14:57:29.521877+00:00;Houston Astros vs Detroit Tigers;spread;home;-1.5;165;166;0.38
2026-06-15T14:57:29.522417+00:00;Houston Astros vs Detroit Tigers;spread;away;1.5;-185;-186;0.19
2026-06-15T15:06:30.423187+00:00;Washington Nationals vs Kansas City Royals;moneyline;home;;-124;-123;0.36
2026-06-15T15:06:30.423800+00:00;Washington Nationals vs Kansas City Royals;spread;away;1.5;-181;-182;0.2
2026-06-15T15:06:30.562136+00:00;Arizona Diamondbacks vs Los Angeles Angels;moneyline;home;;-125;-124;0.36
2026-06-15T15:06:30.562783+00:00;Arizona Diamondbacks vs Los Angeles Angels;moneyline;away;;116;115;0.46
2026-06-15T15:06:30.563386+00:00;Arizona Diamondbacks vs Los Angeles Angels;spread;home;-1.5;162;163;0.38
2026-06-15T15:06:30.563910+00:00;Arizona Diamondbacks vs Los Angeles Angels;spread;away;1.5;-181;-182;0.2
2026-06-15T15:06:30.627842+00:00;Los Angeles Dodgers vs Tampa Bay Rays;total;over;9.0;-109;-116;2.89
2026-06-15T15:06:30.628608+00:00;Los Angeles Dodgers vs Tampa Bay Rays;total;under;9.0;-103;103;3.0
2026-06-15T15:06:30.976866+00:00;St. Louis Cardinals vs San Diego Padres;moneyline;home;;-147;-154;1.84
2026-06-15T15:06:30.977551+00:00;St. Louis Cardinals vs San Diego Padres;moneyline;away;;135;142;2.98
2026-06-15T15:06:30.978174+00:00;St. Louis Cardinals vs San Diego Padres;spread;home;-1.5;142;138;1.65
2026-06-15T15:06:30.978949+00:00;St. Louis Cardinals vs San Diego Padres;spread;away;1.5;-158;-153;1.27
2026-06-15T15:06:31.074355+00:00;Cincinnati Reds vs New York Mets;moneyline;home;;-134;-135;0.32
2026-06-15T15:06:31.075004+00:00;Cincinnati Reds vs New York Mets;spread;away;1.5;-173;-172;0.21
2026-06-15T15:06:31.173979+00:00;Athletics vs Pittsburgh Pirates;moneyline;home;;-113;-114;0.41
2026-06-15T15:06:31.174554+00:00;Athletics vs Pittsburgh Pirates;spread;away;1.5;-185;-184;0.19
2026-06-15T15:06:31.175071+00:00;Athletics vs Pittsburgh Pirates;total;over;10.5;-101;-102;0.49
2026-06-15T15:06:31.175616+00:00;Athletics vs Pittsburgh Pirates;total;under;10.5;-112;-111;0.42
2026-06-15T15:08:31.491138+00:00;Chicago Cubs vs Colorado Rockies;spread;away;1.5;-111;-110;0.43
2026-06-15T15:08:31.764009+00:00;Texas Rangers vs Minnesota Twins;moneyline;home;;-159;-157;0.49
2026-06-15T15:08:31.764720+00:00;Texas Rangers vs Minnesota Twins;moneyline;away;;146;144;0.81
2026-06-15T15:08:31.765376+00:00;Texas Rangers vs Minnesota Twins;spread;home;-1.5;133;134;0.43
2026-06-15T15:08:31.766002+00:00;Texas Rangers vs Minnesota Twins;spread;away;1.5;-148;-149;0.27
2026-06-15T15:12:33.060314+00:00;Philadelphia Phillies vs Miami Marlins;total;under;8.0;-110;-111;0.43
2026-06-15T15:14:33.340594+00:00;Cincinnati Reds vs New York Mets;spread;home;-1.5;155;154;0.39
2026-06-15T15:18:34.288969+00:00;Los Angeles Dodgers vs Tampa Bay Rays;moneyline;away;;149;148;0.4
2026-06-15T15:18:34.464430+00:00;Washington Nationals vs Kansas City Royals;moneyline;home;;-123;-124;0.36
2026-06-15T15:18:34.465074+00:00;Washington Nationals vs Kansas City Royals;spread;away;1.5;-182;-181;0.2
2026-06-15T15:26:36.371553+00:00;Philadelphia Phillies vs Miami Marlins;moneyline;home;;-192;-187;0.92
2026-06-15T15:26:36.372341+00:00;Philadelphia Phillies vs Miami Marlins;moneyline;away;;175;171;1.45
2026-06-15T15:26:36.373034+00:00;Philadelphia Phillies vs Miami Marlins;spread;home;-1.5;103;105;0.99
2026-06-15T15:26:36.373650+00:00;Philadelphia Phillies vs Miami Marlins;spread;away;1.5;-114;-116;0.81
2026-06-15T15:28:36.870786+00:00;St. Louis Cardinals vs San Diego Padres;total;over;8.5;-105;-104;0.47
2026-06-15T15:28:36.871408+00:00;St. Louis Cardinals vs San Diego Padres;total;under;8.5;-107;-108;0.45
2026-06-15T15:37:37.753735+00:00;Cincinnati Reds vs New York Mets;moneyline;home;;-135;-131;1.3
2026-06-15T15:37:37.754381+00:00;Cincinnati Reds vs New York Mets;moneyline;away;;124;121;1.34
2026-06-15T15:37:37.754943+00:00;Cincinnati Reds vs New York Mets;spread;home;-1.5;154;158;1.57
2026-06-15T15:37:37.755460+00:00;Cincinnati Reds vs New York Mets;spread;away;1.5;-172;-176;0.84
2026-06-15T15:37:38.293624+00:00;Los Angeles Dodgers vs Tampa Bay Rays;moneyline;away;;148;149;0.4
2026-06-15T15:37:38.294257+00:00;Los Angeles Dodgers vs Tampa Bay Rays;spread;home;-1.5;123;122;0.45
2026-06-15T15:37:38.294764+00:00;Los Angeles Dodgers vs Tampa Bay Rays;spread;away;1.5;-136;-135;0.31
2026-06-15T15:39:39.426738+00:00;Texas Rangers vs Minnesota Twins;moneyline;home;;-157;-155;0.5
2026-06-15T15:39:39.427284+00:00;Texas Rangers vs Minnesota Twins;moneyline;away;;144;143;0.41
2026-06-15T15:39:39.427847+00:00;Texas Rangers vs Minnesota Twins;spread;home;-1.5;134;135;0.43
2026-06-15T15:39:39.428414+00:00;Texas Rangers vs Minnesota Twins;spread;away;1.5;-149;-150;0.27
2026-06-15T15:39:39.429008+00:00;Texas Rangers vs Minnesota Twins;total;over;8.0;-112;-111;0.42
2026-06-15T15:41:39.995260+00:00;Philadelphia Phillies vs Miami Marlins;moneyline;home;;-187;-184;0.57
2026-06-15T15:41:39.995980+00:00;Philadelphia Phillies vs Miami Marlins;moneyline;away;;171;168;1.11
2026-06-15T15:41:39.996628+00:00;Philadelphia Phillies vs Miami Marlins;spread;home;-1.5;105;106;0.49
2026-06-15T15:41:39.997235+00:00;Philadelphia Phillies vs Miami Marlins;spread;away;1.5;-116;-117;0.4
2026-06-15T15:43:40.300103+00:00;St. Louis Cardinals vs San Diego Padres;moneyline;home;;-154;-153;0.26
2026-06-15T15:43:40.300769+00:00;St. Louis Cardinals vs San Diego Padres;moneyline;away;;142;141;0.41
2026-06-15T15:43:40.301404+00:00;St. Louis Cardinals vs San Diego Padres;spread;home;-1.5;138;139;0.42
2026-06-15T15:43:40.301968+00:00;St. Louis Cardinals vs San Diego Padres;spread;away;1.5;-153;-154;0.26
2026-06-15T15:43:40.428339+00:00;Houston Astros vs Detroit Tigers;moneyline;home;;-119;-118;0.39
2026-06-15T15:43:40.429119+00:00;Houston Astros vs Detroit Tigers;moneyline;away;;110;109;0.48
2026-06-15T15:43:40.429823+00:00;Houston Astros vs Detroit Tigers;spread;home;-1.5;166;167;0.38
2026-06-15T15:43:40.430586+00:00;Houston Astros vs Detroit Tigers;spread;away;1.5;-186;-187;0.19
2026-06-15T15:45:40.841059+00:00;Cincinnati Reds vs New York Mets;moneyline;home;;-131;-132;0.33
2026-06-15T15:45:40.841864+00:00;Cincinnati Reds vs New York Mets;moneyline;away;;121;122;0.45
2026-06-15T15:45:40.842512+00:00;Cincinnati Reds vs New York Mets;spread;home;-1.5;158;156;0.78
2026-06-15T15:45:40.843186+00:00;Cincinnati Reds vs New York Mets;spread;away;1.5;-176;-175;0.21
2026-06-15T15:45:41.011021+00:00;Athletics vs Pittsburgh Pirates;moneyline;away;;105;106;0.49
2026-06-15T15:45:41.011648+00:00;Athletics vs Pittsburgh Pirates;spread;home;-1.5;165;164;0.38
2026-06-15T15:45:41.012183+00:00;Athletics vs Pittsburgh Pirates;spread;away;1.5;-184;-183;0.19
2026-06-15T15:47:41.492809+00:00;Los Angeles Dodgers vs Tampa Bay Rays;moneyline;home;;-162;-161;0.24
2026-06-15T15:47:41.493465+00:00;Los Angeles Dodgers vs Tampa Bay Rays;moneyline;away;;149;147;0.8
2026-06-15T15:47:41.494104+00:00;Los Angeles Dodgers vs Tampa Bay Rays;spread;home;-1.5;122;123;0.45
2026-06-15T15:47:41.494676+00:00;Los Angeles Dodgers vs Tampa Bay Rays;spread;away;1.5;-135;-136;0.31
2026-06-15T15:53:42.708633+00:00;Chicago Cubs vs Colorado Rockies;moneyline;away;;185;186;0.35
2026-06-15T15:53:42.709518+00:00;Chicago Cubs vs Colorado Rockies;spread;home;-1.5;100;-100;0.0
2026-06-15T15:53:42.710273+00:00;Chicago Cubs vs Colorado Rockies;total;over;9.5;101;100;0.5
2026-06-15T15:53:42.910864+00:00;Texas Rangers vs Minnesota Twins;total;over;8.0;-111;-112;0.42
2026-06-15T15:57:43.830992+00:00;Philadelphia Phillies vs Miami Marlins;moneyline;home;;-184;-188;0.75
2026-06-15T15:57:43.831622+00:00;Philadelphia Phillies vs Miami Marlins;moneyline;away;;168;171;1.12
2026-06-15T15:57:43.832241+00:00;Philadelphia Phillies vs Miami Marlins;spread;home;-1.5;106;104;0.97
2026-06-15T15:57:43.832802+00:00;Philadelphia Phillies vs Miami Marlins;spread;away;1.5;-117;-115;0.8
2026-06-15T15:57:43.833334+00:00;Philadelphia Phillies vs Miami Marlins;total;under;8.0;-111;-110;0.43
2026-06-15T15:59:44.220101+00:00;St. Louis Cardinals vs San Diego Padres;moneyline;away;;141;140;0.41
2026-06-15T16:01:44.611773+00:00;Athletics vs Pittsburgh Pirates;moneyline;home;;-114;-115;0.41
2026-06-15T16:01:44.612422+00:00;Athletics vs Pittsburgh Pirates;spread;home;-1.5;164;163;0.38
2026-06-15T16:01:44.727881+00:00;Arizona Diamondbacks vs Los Angeles Angels;moneyline;away;;115;114;0.47
2026-06-15T16:01:44.728497+00:00;Arizona Diamondbacks vs Los Angeles Angels;spread;away;1.5;-182;-183;0.19
2026-06-15T16:03:45.142755+00:00;Washington Nationals vs Kansas City Royals;moneyline;home;;-124;-126;0.71
2026-06-15T16:03:45.143385+00:00;Washington Nationals vs Kansas City Royals;moneyline;away;;114;116;0.93
2026-06-15T16:03:45.144143+00:00;Washington Nationals vs Kansas City Royals;spread;home;-1.5;162;160;0.76
2026-06-15T16:03:45.144779+00:00;Washington Nationals vs Kansas City Royals;spread;away;1.5;-181;-179;0.4
2026-06-15T16:09:46.288364+00:00;Texas Rangers vs Minnesota Twins;moneyline;away;;143;142;0.41
2026-06-15T16:11:47.392182+00:00;Philadelphia Phillies vs Miami Marlins;moneyline;home;;-188;-185;0.56
2026-06-15T16:11:47.392899+00:00;Philadelphia Phillies vs Miami Marlins;moneyline;away;;171;169;0.74
2026-06-15T16:11:47.393573+00:00;Philadelphia Phillies vs Miami Marlins;spread;home;-1.5;104;105;0.49
2026-06-15T16:11:47.394158+00:00;Philadelphia Phillies vs Miami Marlins;spread;away;1.5;-115;-116;0.4
2026-06-15T16:13:47.716926+00:00;St. Louis Cardinals vs San Diego Padres;moneyline;home;;-153;-152;0.26
2026-06-15T16:15:48.270685+00:00;Cincinnati Reds vs New York Mets;spread;away;1.5;-175;-174;0.21
2026-06-15T16:15:48.458543+00:00;Athletics vs Pittsburgh Pirates;total;under;10.5;-111;-110;0.43
2026-06-15T16:29:52.993054+00:00;Cincinnati Reds vs New York Mets;moneyline;home;;-132;-133;0.32
2026-06-15T16:29:52.993704+00:00;Cincinnati Reds vs New York Mets;moneyline;away;;122;123;0.45
2026-06-15T16:29:52.994428+00:00;Cincinnati Reds vs New York Mets;total;under;8.5;-113;-114;0.41
2026-06-15T16:29:53.126833+00:00;St. Louis Cardinals vs San Diego Padres;spread;away;1.5;-154;-155;0.25
2026-06-15T16:29:53.185495+00:00;Houston Astros vs Detroit Tigers;total;over;9.0;103;101;0.99
2026-06-15T16:29:53.186129+00:00;Houston Astros vs Detroit Tigers;total;under;9.0;-116;-114;0.81
2026-06-15T16:31:53.474472+00:00;Arizona Diamondbacks vs Los Angeles Angels;moneyline;home;;-124;-125;0.36
2026-06-15T16:31:53.475169+00:00;Arizona Diamondbacks vs Los Angeles Angels;moneyline;away;;114;115;0.47
2026-06-15T16:31:53.475838+00:00;Arizona Diamondbacks vs Los Angeles Angels;spread;away;1.5;-183;-182;0.19
2026-06-15T16:33:54.101640+00:00;Los Angeles Dodgers vs Tampa Bay Rays;moneyline;away;;147;148;0.4
2026-06-15T16:39:55.492318+00:00;Texas Rangers vs Minnesota Twins;total;under;8.0;-101;-100;0.5
2026-06-15T16:43:56.387396+00:00;St. Louis Cardinals vs San Diego Padres;spread;away;1.5;-155;-154;0.25
2026-06-15T16:43:56.617519+00:00;Houston Astros vs Detroit Tigers;moneyline;home;;-118;-117;0.39
2026-06-15T16:43:56.618226+00:00;Houston Astros vs Detroit Tigers;moneyline;away;;109;108;0.48
2026-06-15T16:43:56.618864+00:00;Houston Astros vs Detroit Tigers;spread;home;-1.5;167;168;0.37
2026-06-15T16:43:56.619538+00:00;Houston Astros vs Detroit Tigers;spread;away;1.5;-187;-188;0.19
2026-06-15T16:43:56.620244+00:00;Houston Astros vs Detroit Tigers;total;under;9.0;-114;-113;0.41
2026-06-15T16:54:58.265089+00:00;Athletics vs Pittsburgh Pirates;moneyline;home;;-115;-116;0.4
2026-06-15T16:54:58.266337+00:00;Athletics vs Pittsburgh Pirates;moneyline;away;;106;107;0.49
2026-06-15T16:54:58.266974+00:00;Athletics vs Pittsburgh Pirates;spread;home;-1.5;163;162;0.38
2026-06-15T16:54:58.267531+00:00;Athletics vs Pittsburgh Pirates;spread;away;1.5;-183;-182;0.19
2026-06-15T16:56:58.671720+00:00;Philadelphia Phillies vs Miami Marlins;moneyline;home;;-185;-181;0.78
2026-06-15T16:56:58.672444+00:00;Philadelphia Phillies vs Miami Marlins;moneyline;away;;169;166;1.12
2026-06-15T16:56:58.673015+00:00;Philadelphia Phillies vs Miami Marlins;spread;home;-1.5;105;106;0.49
2026-06-15T16:56:58.673548+00:00;Philadelphia Phillies vs Miami Marlins;spread;away;1.5;-116;-117;0.4
2026-06-15T16:58:59.325073+00:00;Houston Astros vs Detroit Tigers;spread;away;1.5;-188;-189;0.18
2026-06-15T17:00:59.676048+00:00;Cincinnati Reds vs New York Mets;spread;home;-1.5;156;155;0.39
2026-06-15T17:00:59.676810+00:00;Cincinnati Reds vs New York Mets;spread;away;1.5;-174;-173;0.21
2026-06-15T17:09:01.885013+00:00;Texas Rangers vs Minnesota Twins;total;under;8.0;-100;-101;0.5
2026-06-15T17:13:02.817682+00:00;Philadelphia Phillies vs Miami Marlins;moneyline;home;;-181;-182;0.2
2026-06-15T17:13:02.818356+00:00;Philadelphia Phillies vs Miami Marlins;total;over;8.0;-102;-103;0.48
2026-06-15T17:17:04.274621+00:00;Athletics vs Pittsburgh Pirates;moneyline;home;;-116;-115;0.4
2026-06-15T17:17:04.275280+00:00;Athletics vs Pittsburgh Pirates;spread;home;-1.5;162;163;0.38
2026-06-15T17:23:05.354343+00:00;Chicago Cubs vs Colorado Rockies;moneyline;home;;-204;-205;0.16
2026-06-15T17:27:06.873138+00:00;Philadelphia Phillies vs Miami Marlins;total;over;8.0;-103;-101;0.98
2026-06-15T17:27:06.873827+00:00;Philadelphia Phillies vs Miami Marlins;total;under;8.0;-110;-111;0.43
2026-06-15T17:29:07.470252+00:00;Houston Astros vs Detroit Tigers;moneyline;home;;-117;-116;0.4
2026-06-15T17:29:07.471032+00:00;Houston Astros vs Detroit Tigers;spread;home;-1.5;168;169;0.37
2026-06-15T17:29:07.471610+00:00;Houston Astros vs Detroit Tigers;total;over;9.0;101;-100;0.5
2026-06-15T17:29:07.472153+00:00;Houston Astros vs Detroit Tigers;total;under;9.0;-113;-112;0.42
2026-06-15T17:33:08.403787+00:00;Athletics vs Pittsburgh Pirates;moneyline;away;;107;106;0.48
2026-06-15T17:33:08.404548+00:00;Athletics vs Pittsburgh Pirates;total;over;10.5;-102;-103;0.48
2026-06-15T17:33:08.405170+00:00;Athletics vs Pittsburgh Pirates;total;under;10.5;-110;-109;0.44
2026-06-15T17:33:08.581681+00:00;Arizona Diamondbacks vs Los Angeles Angels;spread;home;-1.5;163;162;0.38
2026-06-15T17:33:08.582277+00:00;Arizona Diamondbacks vs Los Angeles Angels;spread;away;1.5;-182;-181;0.2
2026-06-15T17:35:09.046044+00:00;Los Angeles Dodgers vs Tampa Bay Rays;moneyline;home;;-161;-173;2.66
2026-06-15T17:35:09.046638+00:00;Los Angeles Dodgers vs Tampa Bay Rays;moneyline;away;;148;158;4.03
2026-06-15T17:35:09.055747+00:00;Los Angeles Dodgers vs Tampa Bay Rays;spread;home;-1.5;123;117;2.69
2026-06-15T17:35:09.056801+00:00;Los Angeles Dodgers vs Tampa Bay Rays;spread;away;1.5;-136;-130;1.96
2026-06-15T17:35:09.145813+00:00;Washington Nationals vs Kansas City Royals;moneyline;home;;-126;-125;0.35
2026-06-15T17:35:09.146606+00:00;Washington Nationals vs Kansas City Royals;spread;home;-1.5;160;161;0.38
2026-06-15T17:35:09.147282+00:00;Washington Nationals vs Kansas City Royals;spread;away;1.5;-179;-180;0.2
2026-06-15T17:39:09.724233+00:00;Texas Rangers vs Minnesota Twins;total;over;8.0;-112;-110;0.86
2026-06-15T17:39:09.724855+00:00;Texas Rangers vs Minnesota Twins;total;under;8.0;-101;-102;0.49
2026-06-15T17:39:09.816239+00:00;Chicago Cubs vs Colorado Rockies;total;over;9.5;100;102;1.0
2026-06-15T17:39:09.816953+00:00;Chicago Cubs vs Colorado Rockies;total;under;9.5;-113;-114;0.41
2026-06-15T17:47:11.872147+00:00;Arizona Diamondbacks vs Los Angeles Angels;moneyline;away;;115;116;0.47
2026-06-15T17:47:11.961155+00:00;Athletics vs Pittsburgh Pirates;moneyline;away;;106;107;0.49
2026-06-15T17:49:12.276520+00:00;Washington Nationals vs Kansas City Royals;moneyline;home;;-125;-126;0.35
2026-06-15T17:49:12.277169+00:00;Washington Nationals vs Kansas City Royals;total;under;9.5;-119;-118;0.39
2026-06-15T17:49:12.366203+00:00;Los Angeles Dodgers vs Tampa Bay Rays;spread;away;1.5;-130;-129;0.34
2026-06-15T17:49:12.366816+00:00;Los Angeles Dodgers vs Tampa Bay Rays;total;over;9.5;103;102;0.49
2026-06-15T17:49:12.367400+00:00;Los Angeles Dodgers vs Tampa Bay Rays;total;under;9.5;-116;-115;0.4
2026-06-15T17:57:14.383186+00:00;Philadelphia Phillies vs Miami Marlins;moneyline;home;;-182;-183;0.19
2026-06-15T17:57:14.383828+00:00;Philadelphia Phillies vs Miami Marlins;moneyline;away;;166;167;0.38
2026-06-15T17:57:14.384480+00:00;Philadelphia Phillies vs Miami Marlins;spread;home;-1.5;106;105;0.49
2026-06-15T17:57:14.385026+00:00;Philadelphia Phillies vs Miami Marlins;spread;away;1.5;-117;-116;0.4
2026-06-15T17:59:14.784988+00:00;Houston Astros vs Detroit Tigers;moneyline;home;;-116;-117;0.4
2026-06-15T18:03:16.141946+00:00;Arizona Diamondbacks vs Los Angeles Angels;moneyline;home;;-125;-124;0.36
2026-06-15T18:03:16.142572+00:00;Arizona Diamondbacks vs Los Angeles Angels;moneyline;away;;116;114;0.93
2026-06-15T18:03:16.143157+00:00;Arizona Diamondbacks vs Los Angeles Angels;spread;home;-1.5;162;163;0.38
2026-06-15T18:03:16.143729+00:00;Arizona Diamondbacks vs Los Angeles Angels;spread;away;1.5;-181;-183;0.39
2026-06-15T18:05:16.439144+00:00;Washington Nationals vs Kansas City Royals;spread;home;-1.5;161;160;0.38
2026-06-15T18:05:16.439923+00:00;Washington Nationals vs Kansas City Royals;spread;away;1.5;-180;-179;0.2
2026-06-15T18:15:18.554140+00:00;Cincinnati Reds vs New York Mets;moneyline;home;;-133;-130;0.99
2026-06-15T18:15:18.554721+00:00;Cincinnati Reds vs New York Mets;moneyline;away;;123;120;1.35
2026-06-15T18:15:18.555331+00:00;Cincinnati Reds vs New York Mets;spread;home;-1.5;155;160;1.96
2026-06-15T18:15:18.555930+00:00;Cincinnati Reds vs New York Mets;spread;away;1.5;-173;-179;1.23
2026-06-15T18:15:18.838422+00:00;Houston Astros vs Detroit Tigers;moneyline;home;;-117;-116;0.4
2026-06-15T18:15:18.839094+00:00;Houston Astros vs Detroit Tigers;moneyline;away;;108;107;0.48
2026-06-15T18:15:18.839690+00:00;Houston Astros vs Detroit Tigers;spread;away;1.5;-189;-190;0.18
2026-06-15T18:19:19.603937+00:00;Los Angeles Dodgers vs Tampa Bay Rays;spread;away;1.5;-129;-130;0.34
2026-06-15T18:25:20.842992+00:00;Texas Rangers vs Minnesota Twins;moneyline;home;;-155;-153;0.51
2026-06-15T18:25:20.843645+00:00;Texas Rangers vs Minnesota Twins;moneyline;away;;142;141;0.41
2026-06-15T18:25:20.844306+00:00;Texas Rangers vs Minnesota Twins;spread;home;-1.5;135;136;0.43
2026-06-15T18:25:20.844829+00:00;Texas Rangers vs Minnesota Twins;spread;away;1.5;-150;-151;0.26
2026-06-15T18:27:21.565979+00:00;Philadelphia Phillies vs Miami Marlins;moneyline;home;;-183;-180;0.59
2026-06-15T18:27:21.566651+00:00;Philadelphia Phillies vs Miami Marlins;moneyline;away;;167;164;1.12
2026-06-15T18:27:21.567328+00:00;Philadelphia Phillies vs Miami Marlins;spread;home;-1.5;105;108;1.46
2026-06-15T18:27:21.567983+00:00;Philadelphia Phillies vs Miami Marlins;spread;away;1.5;-116;-119;1.17
2026-06-15T18:27:21.568628+00:00;Philadelphia Phillies vs Miami Marlins;total;over;8.0;-101;-102;0.49
2026-06-15T18:29:21.863008+00:00;Houston Astros vs Detroit Tigers;spread;home;-1.5;169;170;0.37
2026-06-15T18:29:21.952972+00:00;St. Louis Cardinals vs San Diego Padres;spread;away;1.5;-154;-155;0.25
2026-06-15T18:33:22.901202+00:00;Arizona Diamondbacks vs Los Angeles Angels;moneyline;home;;-124;-126;0.71
2026-06-15T18:33:22.901840+00:00;Arizona Diamondbacks vs Los Angeles Angels;moneyline;away;;114;116;0.93
2026-06-15T18:33:22.902513+00:00;Arizona Diamondbacks vs Los Angeles Angels;spread;home;-1.5;163;162;0.38
2026-06-15T18:33:22.903111+00:00;Arizona Diamondbacks vs Los Angeles Angels;spread;away;1.5;-183;-181;0.39
2026-06-15T18:35:23.698518+00:00;Los Angeles Dodgers vs Tampa Bay Rays;total;over;9.5;102;103;0.5
2026-06-15T18:39:24.265279+00:00;Chicago Cubs vs Colorado Rockies;total;over;9.5;102;101;0.5
2026-06-15T18:39:24.420483+00:00;Texas Rangers vs Minnesota Twins;moneyline;home;;-153;-148;1.34
2026-06-15T18:39:24.421233+00:00;Texas Rangers vs Minnesota Twins;moneyline;away;;141;136;2.07
2026-06-15T18:39:24.421779+00:00;Texas Rangers vs Minnesota Twins;spread;home;-1.5;136;140;1.69
2026-06-15T18:39:24.422315+00:00;Texas Rangers vs Minnesota Twins;spread;away;1.5;-151;-155;1.03
2026-06-15T18:43:25.347644+00:00;Philadelphia Phillies vs Miami Marlins;moneyline;away;;164;165;0.38
2026-06-15T18:43:25.348291+00:00;Philadelphia Phillies vs Miami Marlins;total;under;8.0;-111;-110;0.43
2026-06-15T18:45:25.540259+00:00;Houston Astros vs Detroit Tigers;moneyline;home;;-116;-115;0.4
2026-06-15T18:45:25.541229+00:00;Houston Astros vs Detroit Tigers;spread;away;1.5;-190;-191;0.18
2026-06-15T18:53:27.693918+00:00;Chicago Cubs vs Colorado Rockies;total;over;9.5;101;102;0.5
2026-06-15T18:59:28.844895+00:00;St. Louis Cardinals vs San Diego Padres;moneyline;away;;140;139;0.42
2026-06-15T18:59:29.001440+00:00;Houston Astros vs Detroit Tigers;moneyline;away;;107;106;0.48
2026-06-15T19:01:29.460130+00:00;Cincinnati Reds vs New York Mets;moneyline;home;;-130;-131;0.33
2026-06-15T19:01:29.460747+00:00;Cincinnati Reds vs New York Mets;moneyline;away;;120;121;0.45
2026-06-15T19:03:29.693549+00:00;Arizona Diamondbacks vs Los Angeles Angels;moneyline;home;;-126;-125;0.35
2026-06-15T19:03:29.837711+00:00;Athletics vs Pittsburgh Pirates;moneyline;home;;-115;-116;0.4
2026-06-15T19:03:29.838262+00:00;Athletics vs Pittsburgh Pirates;spread;home;-1.5;163;162;0.38
2026-06-15T19:05:30.358561+00:00;Washington Nationals vs Kansas City Royals;total;over;9.5;105;104;0.49
2026-06-15T19:05:30.359189+00:00;Washington Nationals vs Kansas City Royals;total;under;9.5;-118;-117;0.39
2026-06-15T19:19:33.508786+00:00;Los Angeles Dodgers vs Tampa Bay Rays;moneyline;home;;-173;-172;0.21
2026-06-15T19:19:33.509639+00:00;Los Angeles Dodgers vs Tampa Bay Rays;total;over;9.5;103;102;0.49
2026-06-15T19:29:35.881393+00:00;Philadelphia Phillies vs Miami Marlins;moneyline;home;;-180;-182;0.39
2026-06-15T19:29:35.882149+00:00;Philadelphia Phillies vs Miami Marlins;moneyline;away;;165;166;0.38
2026-06-15T19:29:35.882742+00:00;Philadelphia Phillies vs Miami Marlins;spread;home;-1.5;108;107;0.48
2026-06-15T19:29:35.883314+00:00;Philadelphia Phillies vs Miami Marlins;spread;away;1.5;-119;-118;0.39
2026-06-15T19:35:37.366405+00:00;Washington Nationals vs Kansas City Royals;moneyline;home;;-126;-127;0.35
2026-06-15T19:35:37.367001+00:00;Washington Nationals vs Kansas City Royals;moneyline;away;;116;117;0.46
2026-06-15T19:35:37.367573+00:00;Washington Nationals vs Kansas City Royals;spread;home;-1.5;160;159;0.38
2026-06-15T19:35:37.368131+00:00;Washington Nationals vs Kansas City Royals;spread;away;1.5;-179;-178;0.2
2026-06-15T19:45:40.833929+00:00;St. Louis Cardinals vs San Diego Padres;moneyline;home;;-152;-151;0.26
2026-06-15T19:45:40.834590+00:00;St. Louis Cardinals vs San Diego Padres;spread;home;-1.5;139;140;0.42
2026-06-15T19:47:41.120479+00:00;Arizona Diamondbacks vs Los Angeles Angels;total;over;9.0;-113;-114;0.41
2026-06-15T19:49:41.872255+00:00;Washington Nationals vs Kansas City Royals;spread;home;-1.5;159;158;0.39
2026-06-15T19:49:41.872981+00:00;Washington Nationals vs Kansas City Royals;spread;away;1.5;-178;-177;0.2
2026-06-15T19:49:41.873656+00:00;Washington Nationals vs Kansas City Royals;total;under;9.5;-117;-116;0.4
2026-06-15T19:53:42.618561+00:00;Chicago Cubs vs Colorado Rockies;moneyline;home;;-205;-204;0.16
2026-06-15T20:01:44.385517+00:00;Cincinnati Reds vs New York Mets;moneyline;home;;-131;-132;0.33
2026-06-15T20:01:44.386234+00:00;Cincinnati Reds vs New York Mets;moneyline;away;;121;122;0.45
2026-06-15T20:01:44.386792+00:00;Cincinnati Reds vs New York Mets;spread;home;-1.5;160;159;0.38
2026-06-15T20:01:44.387288+00:00;Cincinnati Reds vs New York Mets;spread;away;1.5;-179;-178;0.2
2026-06-15T20:03:44.970717+00:00;Arizona Diamondbacks vs Los Angeles Angels;moneyline;home;;-125;-126;0.35
2026-06-15T20:03:44.971552+00:00;Arizona Diamondbacks vs Los Angeles Angels;total;over;9.0;-114;-105;4.01
2026-06-15T20:03:44.972698+00:00;Arizona Diamondbacks vs Los Angeles Angels;total;under;9.0;101;-107;3.75
2026-06-15T20:05:45.227937+00:00;Los Angeles Dodgers vs Tampa Bay Rays;total;over;9.5;102;103;0.5
2026-06-15T20:05:45.385311+00:00;Washington Nationals vs Kansas City Royals;moneyline;home;;-127;-126;0.35
2026-06-15T20:05:45.385911+00:00;Washington Nationals vs Kansas City Royals;moneyline;away;;117;116;0.46
2026-06-15T20:05:45.386436+00:00;Washington Nationals vs Kansas City Royals;spread;home;-1.5;158;160;0.78
2026-06-15T20:05:45.386942+00:00;Washington Nationals vs Kansas City Royals;spread;away;1.5;-177;-179;0.4
2026-06-15T20:05:45.387464+00:00;Washington Nationals vs Kansas City Royals;total;over;9.5;104;103;0.49
2026-06-15T20:09:46.176001+00:00;Chicago Cubs vs Colorado Rockies;total;over;9.5;102;101;0.5
2026-06-15T20:17:48.075310+00:00;Athletics vs Pittsburgh Pirates;spread;away;1.5;-182;-181;0.2
2026-06-15T20:17:48.177517+00:00;Cincinnati Reds vs New York Mets;moneyline;away;;122;121;0.45
2026-06-15T20:17:48.178134+00:00;Cincinnati Reds vs New York Mets;spread;away;1.5;-178;-177;0.2
2026-06-15T20:17:48.178815+00:00;Cincinnati Reds vs New York Mets;total;over;8.5;101;-101;0.99
2026-06-15T20:17:48.179447+00:00;Cincinnati Reds vs New York Mets;total;under;8.5;-114;-111;1.26
2026-06-15T20:32:50.590217+00:00;Cincinnati Reds vs New York Mets;moneyline;home;;-132;-131;0.33
2026-06-15T20:32:50.590836+00:00;Cincinnati Reds vs New York Mets;spread;away;1.5;-177;-178;0.2
2026-06-15T20:32:50.738299+00:00;Texas Rangers vs Minnesota Twins;moneyline;home;;-148;-150;0.54
2026-06-15T20:32:50.739041+00:00;Texas Rangers vs Minnesota Twins;moneyline;away;;136;138;0.85
2026-06-15T20:32:50.739629+00:00;Texas Rangers vs Minnesota Twins;spread;home;-1.5;140;138;0.83
2026-06-15T20:32:50.740259+00:00;Texas Rangers vs Minnesota Twins;spread;away;1.5;-155;-153;0.51
2026-06-15T20:32:50.938093+00:00;Philadelphia Phillies vs Miami Marlins;moneyline;home;;-182;-185;0.58
2026-06-15T20:32:50.938866+00:00;Philadelphia Phillies vs Miami Marlins;moneyline;away;;166;169;1.13
2026-06-15T20:32:50.939663+00:00;Philadelphia Phillies vs Miami Marlins;spread;home;-1.5;107;105;0.97
2026-06-15T20:32:50.940384+00:00;Philadelphia Phillies vs Miami Marlins;spread;away;1.5;-118;-116;0.79
2026-06-15T20:32:50.941056+00:00;Philadelphia Phillies vs Miami Marlins;total;over;8.0;-102;-104;0.95
2026-06-15T20:32:50.941727+00:00;Philadelphia Phillies vs Miami Marlins;total;under;8.0;-110;-108;0.88
2026-06-15T20:34:51.529328+00:00;Los Angeles Dodgers vs Tampa Bay Rays;spread;home;-1.5;117;118;0.46
2026-06-15T20:34:51.530048+00:00;Los Angeles Dodgers vs Tampa Bay Rays;total;under;9.5;-115;-116;0.4
2026-06-15T20:34:51.681675+00:00;Washington Nationals vs Kansas City Royals;moneyline;away;;116;117;0.46
2026-06-15T20:34:51.682403+00:00;Washington Nationals vs Kansas City Royals;spread;home;-1.5;160;159;0.38
2026-06-15T20:34:51.682979+00:00;Washington Nationals vs Kansas City Royals;spread;away;1.5;-179;-178;0.2
2026-06-15T20:34:51.683514+00:00;Washington Nationals vs Kansas City Royals;total;over;9.5;103;104;0.49
2026-06-15T20:44:54.544048+00:00;Philadelphia Phillies vs Miami Marlins;spread;home;-1.5;105;108;1.46
2026-06-15T20:44:54.544753+00:00;Philadelphia Phillies vs Miami Marlins;spread;away;1.5;-116;-119;1.17
2026-06-15T20:44:54.614119+00:00;St. Louis Cardinals vs San Diego Padres;moneyline;home;;-151;-160;2.24
2026-06-15T20:44:54.614726+00:00;St. Louis Cardinals vs San Diego Padres;moneyline;away;;139;147;3.35
2026-06-15T20:44:54.615651+00:00;St. Louis Cardinals vs San Diego Padres;spread;home;-1.5;140;127;5.42
2026-06-15T20:44:54.616843+00:00;St. Louis Cardinals vs San Diego Padres;spread;away;1.5;-155;-141;3.89
2026-06-15T20:48:55.587483+00:00;Arizona Diamondbacks vs Los Angeles Angels;moneyline;home;;-126;-125;0.35
2026-06-15T20:48:55.588154+00:00;Arizona Diamondbacks vs Los Angeles Angels;spread;away;1.5;-181;-182;0.2
2026-06-15T20:50:56.113735+00:00;Washington Nationals vs Kansas City Royals;moneyline;home;;-126;-127;0.35
2026-06-15T20:50:56.114407+00:00;Washington Nationals vs Kansas City Royals;spread;away;1.5;-178;-177;0.2
2026-06-15T20:50:56.115053+00:00;Washington Nationals vs Kansas City Royals;total;over;9.5;104;103;0.49
2026-06-15T20:50:56.219404+00:00;Los Angeles Dodgers vs Tampa Bay Rays;total;over;9.5;103;102;0.49
2026-06-15T20:50:56.219974+00:00;Los Angeles Dodgers vs Tampa Bay Rays;total;under;9.5;-116;-115;0.4
2026-06-15T21:03:58.500330+00:00;Houston Astros vs Detroit Tigers;moneyline;home;;-115;-114;0.41
2026-06-15T21:03:58.501318+00:00;Houston Astros vs Detroit Tigers;spread;home;-1.5;170;171;0.37
2026-06-15T21:03:58.502050+00:00;Houston Astros vs Detroit Tigers;spread;away;1.5;-191;-192;0.18
2026-06-15T21:03:58.502593+00:00;Houston Astros vs Detroit Tigers;total;over;9.0;-100;100;0.0
2026-06-15T21:03:58.536895+00:00;Cincinnati Reds vs New York Mets;spread;home;-1.5;159;156;1.16
2026-06-15T21:03:58.537992+00:00;Cincinnati Reds vs New York Mets;spread;away;1.5;-178;-174;0.83
2026-06-15T21:05:59.192342+00:00;Washington Nationals vs Kansas City Royals;spread;home;-1.5;159;158;0.39
2026-06-15T21:05:59.192982+00:00;Washington Nationals vs Kansas City Royals;total;over;9.5;103;102;0.49
2026-06-15T21:05:59.193525+00:00;Washington Nationals vs Kansas City Royals;total;under;9.5;-116;-115;0.4
2026-06-15T21:19:01.014693+00:00;Cincinnati Reds vs New York Mets;total;over;8.5;-101;-119;7.53
2026-06-15T21:19:01.015750+00:00;Cincinnati Reds vs New York Mets;total;under;8.5;-111;106;8.37
2026-06-15T21:19:01.138584+00:00;Arizona Diamondbacks vs Los Angeles Angels;moneyline;away;;116;115;0.46
2026-06-15T21:19:01.139131+00:00;Arizona Diamondbacks vs Los Angeles Angels;spread;home;-1.5;162;163;0.38
2026-06-15T21:19:01.331040+00:00;St. Louis Cardinals vs San Diego Padres;moneyline;home;;-160;-159;0.24
2026-06-15T21:19:01.331730+00:00;St. Louis Cardinals vs San Diego Padres;moneyline;away;;147;146;0.4
2026-06-15T21:19:01.332261+00:00;St. Louis Cardinals vs San Diego Padres;spread;home;-1.5;127;128;0.44
2026-06-15T21:19:01.332861+00:00;St. Louis Cardinals vs San Diego Padres;spread;away;1.5;-141;-142;0.29
2026-06-15T21:21:01.703963+00:00;Washington Nationals vs Kansas City Royals;total;over;9.5;102;101;0.5
2026-06-15T21:21:01.704634+00:00;Washington Nationals vs Kansas City Royals;total;under;9.5;-115;-113;0.82
2026-06-15T21:21:01.794061+00:00;Los Angeles Dodgers vs Tampa Bay Rays;spread;home;-1.5;118;117;0.46
2026-06-15T21:25:02.843957+00:00;Chicago Cubs vs Colorado Rockies;moneyline;home;;-204;-205;0.16
2026-06-15T21:25:02.844829+00:00;Chicago Cubs vs Colorado Rockies;spread;home;-1.5;-100;-101;0.5
2026-06-15T21:29:03.900351+00:00;Philadelphia Phillies vs Miami Marlins;spread;home;-1.5;108;109;0.48
2026-06-15T21:29:03.900938+00:00;Philadelphia Phillies vs Miami Marlins;spread;away;1.5;-119;-120;0.38
2026-06-15T21:33:04.621263+00:00;Athletics vs Pittsburgh Pirates;spread;away;1.5;-181;-182;0.2
2026-06-15T21:33:04.727207+00:00;Arizona Diamondbacks vs Los Angeles Angels;moneyline;away;;115;116;0.47
2026-06-15T21:33:04.895272+00:00;Cincinnati Reds vs New York Mets;total;over;8.5;-119;-117;0.78
2026-06-15T21:33:04.895887+00:00;Cincinnati Reds vs New York Mets;total;under;8.5;106;104;0.97
2026-06-15T21:37:05.839797+00:00;Washington Nationals vs Kansas City Royals;moneyline;away;;117;118;0.46
2026-06-15T21:37:05.840424+00:00;Washington Nationals vs Kansas City Royals;spread;away;1.5;-177;-176;0.21
2026-06-15T21:41:06.473922+00:00;Chicago Cubs vs Colorado Rockies;moneyline;home;;-205;-207;0.32
2026-06-15T21:41:06.474635+00:00;Chicago Cubs vs Colorado Rockies;moneyline;away;;186;188;0.7
2026-06-15T21:41:06.475222+00:00;Chicago Cubs vs Colorado Rockies;spread;home;-1.5;-101;-104;1.44
2026-06-15T21:41:06.475789+00:00;Chicago Cubs vs Colorado Rockies;spread;away;1.5;-110;-106;1.8
2026-06-15T21:41:06.476332+00:00;Chicago Cubs vs Colorado Rockies;total;over;9.5;101;100;0.5
2026-06-15T21:41:06.476869+00:00;Chicago Cubs vs Colorado Rockies;total;under;9.5;-114;-113;0.41
2026-06-15T21:50:08.115809+00:00;Cincinnati Reds vs New York Mets;spread;home;-1.5;156;155;0.39
2026-06-15T21:50:08.244643+00:00;Philadelphia Phillies vs Miami Marlins;moneyline;home;;-185;-186;0.19
2026-06-15T21:50:08.245264+00:00;Philadelphia Phillies vs Miami Marlins;moneyline;away;;169;170;0.37
2026-06-15T21:52:08.812495+00:00;Washington Nationals vs Kansas City Royals;moneyline;home;;-127;-128;0.34
2026-06-15T21:52:08.813225+00:00;Washington Nationals vs Kansas City Royals;total;over;9.5;101;100;0.5
2026-06-15T22:00:10.564968+00:00;Houston Astros vs Detroit Tigers;moneyline;away;;106;105;0.49
2026-06-15T22:00:10.688890+00:00;Philadelphia Phillies vs Miami Marlins;total;over;8.0;-104;100;1.96
2026-06-15T22:00:10.689489+00:00;Philadelphia Phillies vs Miami Marlins;total;under;8.0;-108;-113;2.13
2026-06-15T22:02:10.903772+00:00;Cincinnati Reds vs New York Mets;total;over;8.5;-117;-118;0.39
2026-06-15T22:02:10.904541+00:00;Cincinnati Reds vs New York Mets;total;under;8.5;104;105;0.49
2026-06-15T22:06:12.430603+00:00;Washington Nationals vs Kansas City Royals;moneyline;home;;-128;-127;0.35
2026-06-15T22:06:12.431392+00:00;Washington Nationals vs Kansas City Royals;moneyline;away;;118;117;0.46
2026-06-15T22:06:12.432040+00:00;Washington Nationals vs Kansas City Royals;spread;away;1.5;-176;-177;0.2
2026-06-15T22:06:12.432713+00:00;Washington Nationals vs Kansas City Royals;total;under;9.5;-113;-112;0.42
2026-06-15T22:10:13.172845+00:00;Chicago Cubs vs Colorado Rockies;moneyline;home;;-207;-208;0.16
2026-06-15T22:10:13.173567+00:00;Chicago Cubs vs Colorado Rockies;spread;home;-1.5;-104;-105;0.47
2026-06-15T22:10:13.174077+00:00;Chicago Cubs vs Colorado Rockies;spread;away;1.5;-106;-105;0.46
2026-06-15T22:21:14.732695+00:00;Washington Nationals vs Kansas City Royals;moneyline;home;;-127;-128;0.34
2026-06-15T22:21:14.733415+00:00;Washington Nationals vs Kansas City Royals;moneyline;away;;117;118;0.46
2026-06-15T22:21:14.733971+00:00;Washington Nationals vs Kansas City Royals;spread;away;1.5;-177;-176;0.21
2026-06-15T22:21:14.734486+00:00;Washington Nationals vs Kansas City Royals;total;over;9.5;100;-100;0.0
2026-06-15T22:21:14.791297+00:00;Arizona Diamondbacks vs Los Angeles Angels;moneyline;home;;-125;-135;3.29
2026-06-15T22:21:14.792347+00:00;Arizona Diamondbacks vs Los Angeles Angels;moneyline;away;;116;124;3.7
2026-06-15T22:21:14.793354+00:00;Arizona Diamondbacks vs Los Angeles Angels;spread;home;-1.5;163;155;3.04
2026-06-15T22:21:14.794320+00:00;Arizona Diamondbacks vs Los Angeles Angels;spread;away;1.5;-182;-173;1.84
2026-06-15T22:21:14.794862+00:00;Arizona Diamondbacks vs Los Angeles Angels;total;over;9.0;-105;-104;0.47
2026-06-15T22:21:14.795470+00:00;Arizona Diamondbacks vs Los Angeles Angels;total;under;9.0;-107;-108;0.45
2026-06-15T22:21:14.859453+00:00;Los Angeles Dodgers vs Tampa Bay Rays;moneyline;home;;-172;-174;0.42
2026-06-15T22:21:14.860094+00:00;Los Angeles Dodgers vs Tampa Bay Rays;moneyline;away;;158;159;0.39
2026-06-15T22:21:14.860710+00:00;Los Angeles Dodgers vs Tampa Bay Rays;spread;away;1.5;-130;-129;0.34
2026-06-15T22:21:14.861321+00:00;Los Angeles Dodgers vs Tampa Bay Rays;total;over;9.5;102;103;0.5
2026-06-15T22:21:14.929559+00:00;Athletics vs Pittsburgh Pirates;spread;away;1.5;-182;-181;0.2
2026-06-15T22:21:14.989664+00:00;Philadelphia Phillies vs Miami Marlins;moneyline;away;;170;169;0.37
2026-06-15T22:21:14.990367+00:00;Philadelphia Phillies vs Miami Marlins;spread;away;1.5;-120;-121;0.38
2026-06-15T22:21:15.119626+00:00;Houston Astros vs Detroit Tigers;moneyline;home;;-114;-120;2.34
2026-06-15T22:21:15.120219+00:00;Houston Astros vs Detroit Tigers;moneyline;away;;105;111;2.93
2026-06-15T22:21:15.120740+00:00;Houston Astros vs Detroit Tigers;spread;home;-1.5;171;164;2.58
2026-06-15T22:21:15.121303+00:00;Houston Astros vs Detroit Tigers;spread;away;1.5;-192;-183;1.68
2026-06-15T22:21:15.121918+00:00;Houston Astros vs Detroit Tigers;total;over;9.0;100;-107;3.27
2026-06-15T22:21:15.122854+00:00;Houston Astros vs Detroit Tigers;total;under;9.0;-112;-105;3.14
2026-06-15T22:27:16.538373+00:00;Texas Rangers vs Minnesota Twins;moneyline;home;;-150;-149;0.27
2026-06-15T22:27:16.539075+00:00;Texas Rangers vs Minnesota Twins;moneyline;away;;138;137;0.42
2026-06-15T22:29:16.837327+00:00;Philadelphia Phillies vs Miami Marlins;moneyline;home;;-186;-187;0.19
2026-06-15T22:29:16.838028+00:00;Philadelphia Phillies vs Miami Marlins;moneyline;away;;169;171;0.74
2026-06-15T22:29:16.838660+00:00;Philadelphia Phillies vs Miami Marlins;spread;away;1.5;-121;-120;0.38
2026-06-15T22:29:16.839214+00:00;Philadelphia Phillies vs Miami Marlins;total;over;8.0;100;-101;0.5
2026-06-15T22:29:16.839746+00:00;Philadelphia Phillies vs Miami Marlins;total;under;8.0;-113;-111;0.85
2026-06-15T22:51:33.464531+00:00;Texas Rangers vs Minnesota Twins;moneyline;home;;-149;-144;1.39
2026-06-15T22:51:33.465371+00:00;Texas Rangers vs Minnesota Twins;moneyline;away;;137;133;1.69
2026-06-15T22:51:33.466075+00:00;Texas Rangers vs Minnesota Twins;spread;home;-1.5;138;142;1.68
2026-06-15T22:51:33.466723+00:00;Texas Rangers vs Minnesota Twins;spread;away;1.5;-153;-157;1.01
2026-06-15T22:51:33.530696+00:00;Arizona Diamondbacks vs Los Angeles Angels;moneyline;home;;-135;-134;0.32
2026-06-15T22:51:33.531597+00:00;Arizona Diamondbacks vs Los Angeles Angels;spread;home;-1.5;155;151;1.57
2026-06-15T22:51:33.532222+00:00;Arizona Diamondbacks vs Los Angeles Angels;spread;away;1.5;-173;-169;0.87
2026-06-15T22:51:33.653804+00:00;Houston Astros vs Detroit Tigers;moneyline;home;;-120;-119;0.38
2026-06-15T22:51:33.654521+00:00;Houston Astros vs Detroit Tigers;moneyline;away;;111;110;0.47
2026-06-15T22:51:33.655183+00:00;Houston Astros vs Detroit Tigers;spread;home;-1.5;164;165;0.38
2026-06-15T22:51:33.655971+00:00;Houston Astros vs Detroit Tigers;spread;away;1.5;-183;-184;0.19
2026-06-15T22:51:33.719155+00:00;Cincinnati Reds vs New York Mets;moneyline;home;;-131;-132;0.33
2026-06-15T22:51:33.719860+00:00;Cincinnati Reds vs New York Mets;moneyline;away;;121;122;0.45
2026-06-15T22:51:33.720464+00:00;Cincinnati Reds vs New York Mets;spread;away;1.5;-174;-173;0.21
2026-06-15T22:51:33.721076+00:00;Cincinnati Reds vs New York Mets;total;over;8.5;-118;-119;0.39
2026-06-15T22:51:33.721657+00:00;Cincinnati Reds vs New York Mets;total;under;8.5;105;106;0.49
2026-06-15T22:51:33.784743+00:00;Los Angeles Dodgers vs Tampa Bay Rays;spread;home;-1.5;117;116;0.46
2026-06-15T22:51:33.785450+00:00;Los Angeles Dodgers vs Tampa Bay Rays;total;over;9.5;103;102;0.49
2026-06-15T22:51:33.849598+00:00;Philadelphia Phillies vs Miami Marlins;moneyline;home;;-187;-193;1.08
2026-06-15T22:51:33.850480+00:00;Philadelphia Phillies vs Miami Marlins;moneyline;away;;171;176;1.85
2026-06-15T22:51:33.851196+00:00;Philadelphia Phillies vs Miami Marlins;spread;home;-1.5;109;104;2.39
2026-06-15T22:51:33.851823+00:00;Philadelphia Phillies vs Miami Marlins;spread;away;1.5;-120;-115;1.98
2026-06-15T22:51:33.852403+00:00;Philadelphia Phillies vs Miami Marlins;total;over;8.0;-101;-105;1.9
2026-06-15T22:51:33.853046+00:00;Philadelphia Phillies vs Miami Marlins;total;under;8.0;-111;-107;1.77
2026-06-15T22:51:33.853744+00:00;Philadelphia Phillies vs Miami Marlins;moneyline;home;;-193;-174;3.73
2026-06-15T22:51:33.854883+00:00;Philadelphia Phillies vs Miami Marlins;moneyline;away;;176;143;11.96
2026-06-15T22:51:33.921833+00:00;Washington Nationals vs Kansas City Royals;moneyline;home;;-128;-135;2.27
2026-06-15T22:51:33.922482+00:00;Washington Nationals vs Kansas City Royals;moneyline;away;;118;124;2.75
2026-06-15T22:51:33.923171+00:00;Washington Nationals vs Kansas City Royals;spread;home;-1.5;158;153;1.94
2026-06-15T22:51:33.923869+00:00;Washington Nationals vs Kansas City Royals;spread;away;1.5;-176;-170;1.28
2026-06-15T22:51:33.924619+00:00;Washington Nationals vs Kansas City Royals;total;over;9.5;-100;-101;0.5
2026-06-15T22:51:33.925426+00:00;Washington Nationals vs Kansas City Royals;moneyline;home;;-135;-160;6.65
2026-06-15T22:51:33.926607+00:00;Washington Nationals vs Kansas City Royals;moneyline;away;;124;132;3.57
2026-06-15T22:51:33.928191+00:00;Washington Nationals vs Kansas City Royals;total;under;9.0;105;-107;5.63
2026-06-15T22:51:33.992202+00:00;Chicago Cubs vs Colorado Rockies;moneyline;away;;188;189;0.35
2026-06-15T22:53:34.379397+00:00;Philadelphia Phillies vs Miami Marlins;moneyline;home;;-174;-193;3.59
2026-06-15T22:53:34.380546+00:00;Philadelphia Phillies vs Miami Marlins;moneyline;away;;143;176;13.58
2026-06-15T22:53:34.381776+00:00;Philadelphia Phillies vs Miami Marlins;moneyline;home;;-193;-174;3.73
2026-06-15T22:53:34.382850+00:00;Philadelphia Phillies vs Miami Marlins;moneyline;away;;176;143;11.96
2026-06-15T22:53:34.416683+00:00;Washington Nationals vs Kansas City Royals;moneyline;home;;-160;-135;7.12
2026-06-15T22:53:34.417794+00:00;Washington Nationals vs Kansas City Royals;moneyline;away;;132;124;3.45
2026-06-15T22:53:34.418980+00:00;Washington Nationals vs Kansas City Royals;moneyline;home;;-135;-160;6.65
2026-06-15T22:53:34.420067+00:00;Washington Nationals vs Kansas City Royals;moneyline;away;;124;132;3.57
2026-06-15T22:55:34.853121+00:00;Philadelphia Phillies vs Miami Marlins;moneyline;home;;-174;-193;3.59
2026-06-15T22:55:34.854291+00:00;Philadelphia Phillies vs Miami Marlins;moneyline;away;;143;176;13.58
2026-06-15T22:55:34.855499+00:00;Philadelphia Phillies vs Miami Marlins;moneyline;home;;-193;-174;3.73
2026-06-15T22:55:34.856571+00:00;Philadelphia Phillies vs Miami Marlins;moneyline;away;;176;143;11.96
2026-06-15T22:55:34.915081+00:00;Washington Nationals vs Kansas City Royals;moneyline;home;;-160;-135;7.12
2026-06-15T22:55:34.916275+00:00;Washington Nationals vs Kansas City Royals;moneyline;away;;132;124;3.45
2026-06-15T22:55:34.917446+00:00;Washington Nationals vs Kansas City Royals;moneyline;home;;-135;-160;6.65
2026-06-15T22:55:34.918559+00:00;Washington Nationals vs Kansas City Royals;moneyline;away;;124;132;3.57
2026-06-15T22:55:34.986094+00:00;Chicago Cubs vs Colorado Rockies;moneyline;home;;-208;-209;0.16
2026-06-15T22:55:34.986866+00:00;Chicago Cubs vs Colorado Rockies;moneyline;away;;189;190;0.35
2026-06-15T22:55:34.987573+00:00;Chicago Cubs vs Colorado Rockies;total;under;9.5;-113;-112;0.42
2026-06-15T23:01:36.093322+00:00;St. Louis Cardinals vs San Diego Padres;moneyline;home;;-159;-158;0.24
2026-06-15T23:01:36.093979+00:00;St. Louis Cardinals vs San Diego Padres;moneyline;away;;146;145;0.41
2026-06-15T23:03:36.402797+00:00;Arizona Diamondbacks vs Los Angeles Angels;spread;home;-1.5;151;152;0.4
2026-06-15T23:03:36.467194+00:00;Cincinnati Reds vs New York Mets;moneyline;home;;-132;-128;1.35
2026-06-15T23:03:36.467873+00:00;Cincinnati Reds vs New York Mets;moneyline;away;;122;118;1.8
2026-06-15T23:03:36.468522+00:00;Cincinnati Reds vs New York Mets;spread;home;-1.5;155;162;2.75
2026-06-15T23:03:36.469155+00:00;Cincinnati Reds vs New York Mets;spread;away;1.5;-173;-181;1.62
2026-06-15T23:03:36.469791+00:00;Cincinnati Reds vs New York Mets;total;over;8.5;-119;-118;0.39
2026-06-15T23:03:36.470413+00:00;Cincinnati Reds vs New York Mets;total;under;8.5;106;105;0.49
2026-06-15T23:03:36.658929+00:00;Athletics vs Pittsburgh Pirates;total;over;10.5;-103;102;2.49
2026-06-15T23:03:36.659689+00:00;Athletics vs Pittsburgh Pirates;total;under;10.5;-109;-115;2.5
2026-06-15T23:11:38.105099+00:00;Texas Rangers vs Minnesota Twins;moneyline;home;;-144;-142;0.58
2026-06-15T23:11:38.106149+00:00;Texas Rangers vs Minnesota Twins;moneyline;away;;133;131;0.86
2026-06-15T23:11:38.106896+00:00;Texas Rangers vs Minnesota Twins;spread;away;1.5;-157;-158;0.25
2026-06-15T23:11:38.107544+00:00;Texas Rangers vs Minnesota Twins;total;over;8.5;102;-108;4.66
2026-06-15T23:11:38.108834+00:00;Texas Rangers vs Minnesota Twins;total;under;8.5;-115;-104;4.92
2026-06-15T23:17:39.436647+00:00;Cincinnati Reds vs New York Mets;total;over;8.5;-118;-117;0.39
2026-06-15T23:17:39.437446+00:00;Cincinnati Reds vs New York Mets;total;under;8.5;105;104;0.49
2026-06-15T23:17:39.438229+00:00;Cincinnati Reds vs New York Mets;moneyline;home;;-128;-119;3.32
2026-06-15T23:17:39.439300+00:00;Cincinnati Reds vs New York Mets;moneyline;away;;118;-102;9.16
2026-06-15T23:17:39.440430+00:00;Cincinnati Reds vs New York Mets;total;over;9.0;106;-111;7.72
2026-06-15T23:17:39.441469+00:00;Cincinnati Reds vs New York Mets;total;under;9.0;-119;-113;2.42
2026-06-15T23:17:39.617459+00:00;St. Louis Cardinals vs San Diego Padres;moneyline;home;;-158;-154;1.01
2026-06-15T23:17:39.618113+00:00;St. Louis Cardinals vs San Diego Padres;moneyline;away;;145;142;1.22
2026-06-15T23:17:39.618711+00:00;St. Louis Cardinals vs San Diego Padres;spread;home;-1.5;128;131;1.32
2026-06-15T23:17:39.619286+00:00;St. Louis Cardinals vs San Diego Padres;spread;away;1.5;-142;-145;0.85
2026-06-15T23:19:39.820018+00:00;Cincinnati Reds vs New York Mets;moneyline;home;;-119;-128;3.21
2026-06-15T23:19:39.821177+00:00;Cincinnati Reds vs New York Mets;moneyline;away;;-102;118;10.08
2026-06-15T23:19:39.822416+00:00;Cincinnati Reds vs New York Mets;moneyline;home;;-128;-119;3.32
2026-06-15T23:19:39.823514+00:00;Cincinnati Reds vs New York Mets;moneyline;away;;118;-102;9.16
2026-06-15T23:19:39.919473+00:00;Arizona Diamondbacks vs Los Angeles Angels;moneyline;away;;124;123;0.45
2026-06-15T23:21:40.255232+00:00;Cincinnati Reds vs New York Mets;moneyline;home;;-119;-128;3.21
2026-06-15T23:21:40.256569+00:00;Cincinnati Reds vs New York Mets;moneyline;away;;-102;118;10.08
2026-06-15T23:21:40.257821+00:00;Cincinnati Reds vs New York Mets;moneyline;home;;-128;-119;3.32
2026-06-15T23:21:40.258898+00:00;Cincinnati Reds vs New York Mets;moneyline;away;;118;-102;9.16
2026-06-15T23:23:40.670216+00:00;Cincinnati Reds vs New York Mets;moneyline;home;;-119;-128;3.21
2026-06-15T23:23:40.671438+00:00;Cincinnati Reds vs New York Mets;moneyline;away;;-102;118;10.08
2026-06-15T23:23:40.672631+00:00;Cincinnati Reds vs New York Mets;moneyline;home;;-128;-119;3.32
2026-06-15T23:23:40.673742+00:00;Cincinnati Reds vs New York Mets;moneyline;away;;118;-102;9.16
2026-06-15T23:25:40.999854+00:00;Cincinnati Reds vs New York Mets;moneyline;home;;-119;-128;3.21
2026-06-15T23:25:41.001142+00:00;Cincinnati Reds vs New York Mets;moneyline;away;;-102;118;10.08
2026-06-15T23:25:41.002430+00:00;Cincinnati Reds vs New York Mets;moneyline;home;;-128;-119;3.32
2026-06-15T23:25:41.003609+00:00;Cincinnati Reds vs New York Mets;moneyline;away;;118;-102;9.16
2026-06-15T23:25:41.067526+00:00;Chicago Cubs vs Colorado Rockies;moneyline;home;;-209;-210;0.15
2026-06-15T23:25:41.068293+00:00;Chicago Cubs vs Colorado Rockies;total;over;9.5;100;-100;0.0
2026-06-15T23:31:42.077818+00:00;St. Louis Cardinals vs San Diego Padres;moneyline;home;;-154;-150;1.05
2026-06-15T23:31:42.078831+00:00;St. Louis Cardinals vs San Diego Padres;moneyline;away;;142;138;1.65
2026-06-15T23:31:42.079510+00:00;St. Louis Cardinals vs San Diego Padres;spread;home;-1.5;131;136;2.16
2026-06-15T23:31:42.080086+00:00;St. Louis Cardinals vs San Diego Padres;spread;away;1.5;-145;-151;1.62
2026-06-15T23:31:42.235329+00:00;Houston Astros vs Detroit Tigers;spread;away;1.5;-184;-185;0.19
2026-06-15T23:33:42.426317+00:00;Athletics vs Pittsburgh Pirates;moneyline;home;;-116;-120;1.54
2026-06-15T23:33:42.427101+00:00;Athletics vs Pittsburgh Pirates;moneyline;away;;107;111;1.93
2026-06-15T23:33:42.427943+00:00;Athletics vs Pittsburgh Pirates;spread;home;-1.5;162;158;1.53
2026-06-15T23:33:42.428619+00:00;Athletics vs Pittsburgh Pirates;spread;away;1.5;-181;-176;1.01
2026-06-15T23:33:42.429285+00:00;Athletics vs Pittsburgh Pirates;total;over;10.5;102;103;0.5
2026-06-15T23:33:42.494737+00:00;Arizona Diamondbacks vs Los Angeles Angels;moneyline;home;;-134;-133;0.32
2026-06-15T23:33:42.495549+00:00;Arizona Diamondbacks vs Los Angeles Angels;spread;away;1.5;-169;-170;0.22
2026-06-15T23:41:44.116847+00:00;Chicago Cubs vs Colorado Rockies;moneyline;home;;-210;-211;0.15
2026-06-15T23:41:44.117599+00:00;Chicago Cubs vs Colorado Rockies;moneyline;away;;190;191;0.34
2026-06-15T23:41:44.118286+00:00;Chicago Cubs vs Colorado Rockies;spread;home;-1.5;-105;-106;0.46
2026-06-15T23:41:44.118923+00:00;Chicago Cubs vs Colorado Rockies;spread;away;1.5;-105;-104;0.47
2026-06-15T23:43:44.330735+00:00;Texas Rangers vs Minnesota Twins;total;over;8.5;-108;-109;0.44
2026-06-15T23:43:44.331598+00:00;Texas Rangers vs Minnesota Twins;total;under;8.5;-104;-103;0.48
2026-06-15T23:45:44.862361+00:00;Houston Astros vs Detroit Tigers;moneyline;home;;-119;-117;0.78
2026-06-15T23:45:44.863191+00:00;Houston Astros vs Detroit Tigers;moneyline;away;;110;108;0.95
2026-06-15T23:45:44.863849+00:00;Houston Astros vs Detroit Tigers;spread;home;-1.5;165;166;0.38
2026-06-15T23:45:44.864444+00:00;Houston Astros vs Detroit Tigers;spread;away;1.5;-185;-186;0.19
2026-06-15T23:45:44.865019+00:00;Houston Astros vs Detroit Tigers;total;over;9.0;-107;-111;1.74
2026-06-15T23:45:44.865605+00:00;Houston Astros vs Detroit Tigers;total;under;9.0;-105;-101;1.93
2026-06-15T23:47:45.194396+00:00;St. Louis Cardinals vs San Diego Padres;moneyline;home;;-150;-151;0.26
2026-06-15T23:47:45.195104+00:00;St. Louis Cardinals vs San Diego Padres;moneyline;away;;138;139;0.42
2026-06-15T23:47:45.195738+00:00;St. Louis Cardinals vs San Diego Padres;spread;home;-1.5;136;135;0.42
2026-06-15T23:47:45.196339+00:00;St. Louis Cardinals vs San Diego Padres;spread;away;1.5;-151;-150;0.27
2026-06-15T23:47:45.197013+00:00;St. Louis Cardinals vs San Diego Padres;total;over;8.5;-104;-110;2.67
2026-06-15T23:47:45.197802+00:00;St. Louis Cardinals vs San Diego Padres;total;under;8.5;-108;-102;2.83
2026-06-15T23:47:45.198505+00:00;St. Louis Cardinals vs San Diego Padres;moneyline;home;;-151;-159;2.0
2026-06-15T23:47:45.199155+00:00;St. Louis Cardinals vs San Diego Padres;moneyline;away;;139;130;3.77
2026-06-15T23:47:45.200330+00:00;St. Louis Cardinals vs San Diego Padres;total;over;8.5;-110;-114;1.67
2026-06-15T23:47:45.200954+00:00;St. Louis Cardinals vs San Diego Padres;total;under;8.5;-102;-106;1.87
2026-06-15T23:49:45.493340+00:00;Arizona Diamondbacks vs Los Angeles Angels;total;over;9.0;-104;-105;0.47
2026-06-15T23:49:45.494109+00:00;Arizona Diamondbacks vs Los Angeles Angels;total;under;9.0;-108;-107;0.45
2026-06-15T23:49:45.555093+00:00;St. Louis Cardinals vs San Diego Padres;moneyline;home;;-159;-151;2.05
2026-06-15T23:49:45.555756+00:00;St. Louis Cardinals vs San Diego Padres;moneyline;away;;130;139;3.91
2026-06-15T23:49:45.556929+00:00;St. Louis Cardinals vs San Diego Padres;total;over;8.5;-114;-110;1.7
2026-06-15T23:49:45.557533+00:00;St. Louis Cardinals vs San Diego Padres;total;under;8.5;-106;-102;1.9
2026-06-15T23:49:45.558132+00:00;St. Louis Cardinals vs San Diego Padres;moneyline;home;;-151;-159;2.0
2026-06-15T23:49:45.558718+00:00;St. Louis Cardinals vs San Diego Padres;moneyline;away;;139;130;3.77
2026-06-15T23:49:45.559783+00:00;St. Louis Cardinals vs San Diego Padres;total;over;8.5;-110;-114;1.67
2026-06-15T23:49:45.560385+00:00;St. Louis Cardinals vs San Diego Padres;total;under;8.5;-102;-106;1.87
2026-06-15T23:51:46.070236+00:00;Los Angeles Dodgers vs Tampa Bay Rays;spread;home;-1.5;116;117;0.46
2026-06-15T23:51:46.143370+00:00;St. Louis Cardinals vs San Diego Padres;moneyline;home;;-159;-151;2.05
2026-06-15T23:51:46.144194+00:00;St. Louis Cardinals vs San Diego Padres;moneyline;away;;130;139;3.91
2026-06-15T23:51:46.145485+00:00;St. Louis Cardinals vs San Diego Padres;total;over;8.5;-114;-110;1.7
2026-06-15T23:51:46.146183+00:00;St. Louis Cardinals vs San Diego Padres;total;under;8.5;-106;-102;1.9
2026-06-15T23:51:46.147058+00:00;St. Louis Cardinals vs San Diego Padres;moneyline;home;;-151;-159;2.0
2026-06-15T23:51:46.147693+00:00;St. Louis Cardinals vs San Diego Padres;moneyline;away;;139;130;3.77
2026-06-15T23:51:46.148845+00:00;St. Louis Cardinals vs San Diego Padres;total;over;8.5;-110;-114;1.67
2026-06-15T23:51:46.149446+00:00;St. Louis Cardinals vs San Diego Padres;total;under;8.5;-102;-106;1.87
2026-06-15T23:53:46.547920+00:00;St. Louis Cardinals vs San Diego Padres;moneyline;home;;-159;-151;2.05
2026-06-15T23:53:46.548637+00:00;St. Louis Cardinals vs San Diego Padres;moneyline;away;;130;139;3.91
2026-06-15T23:53:46.549764+00:00;St. Louis Cardinals vs San Diego Padres;total;over;8.5;-114;-110;1.7
2026-06-15T23:53:46.550388+00:00;St. Louis Cardinals vs San Diego Padres;total;under;8.5;-106;-102;1.9
2026-06-15T23:53:46.551113+00:00;St. Louis Cardinals vs San Diego Padres;moneyline;home;;-151;-159;2.0
2026-06-15T23:53:46.551800+00:00;St. Louis Cardinals vs San Diego Padres;moneyline;away;;139;130;3.77
2026-06-15T23:53:46.552903+00:00;St. Louis Cardinals vs San Diego Padres;total;over;8.5;-110;-114;1.67
2026-06-15T23:53:46.553619+00:00;St. Louis Cardinals vs San Diego Padres;total;under;8.5;-102;-106;1.87
2026-06-15T23:55:46.841547+00:00;St. Louis Cardinals vs San Diego Padres;moneyline;home;;-159;-151;2.05
2026-06-15T23:55:46.842521+00:00;St. Louis Cardinals vs San Diego Padres;moneyline;away;;130;139;3.91
2026-06-15T23:55:46.843967+00:00;St. Louis Cardinals vs San Diego Padres;total;over;8.5;-114;-110;1.7
2026-06-15T23:55:46.844889+00:00;St. Louis Cardinals vs San Diego Padres;total;under;8.5;-106;-102;1.9
2026-06-15T23:55:46.845618+00:00;St. Louis Cardinals vs San Diego Padres;moneyline;home;;-151;-159;2.0
2026-06-15T23:55:46.846259+00:00;St. Louis Cardinals vs San Diego Padres;moneyline;away;;139;130;3.77
2026-06-15T23:55:46.847537+00:00;St. Louis Cardinals vs San Diego Padres;total;over;8.5;-110;-114;1.67
2026-06-15T23:55:46.848175+00:00;St. Louis Cardinals vs San Diego Padres;total;under;8.5;-102;-106;1.87
2026-06-15T23:55:46.911120+00:00;Chicago Cubs vs Colorado Rockies;moneyline;home;;-211;-210;0.15
2026-06-15T23:55:46.911747+00:00;Chicago Cubs vs Colorado Rockies;moneyline;away;;191;190;0.34
2026-06-15T23:55:46.912387+00:00;Chicago Cubs vs Colorado Rockies;total;over;9.5;-100;-101;0.5
2026-06-15T23:55:46.913077+00:00;Chicago Cubs vs Colorado Rockies;total;under;9.5;-112;-111;0.42
2026-06-15T23:57:47.468627+00:00;Texas Rangers vs Minnesota Twins;moneyline;home;;-142;-143;0.29
2026-06-15T23:57:47.469506+00:00;Texas Rangers vs Minnesota Twins;moneyline;away;;131;132;0.43
2026-06-15T23:57:47.470247+00:00;Texas Rangers vs Minnesota Twins;spread;away;1.5;-158;-157;0.25
2026-06-16T00:01:48.176874+00:00;Houston Astros vs Detroit Tigers;moneyline;home;;-117;-116;0.4
2026-06-16T00:01:48.177742+00:00;Houston Astros vs Detroit Tigers;moneyline;away;;108;107;0.48
2026-06-16T00:01:48.178465+00:00;Houston Astros vs Detroit Tigers;spread;home;-1.5;166;168;0.75
2026-06-16T00:01:48.179172+00:00;Houston Astros vs Detroit Tigers;spread;away;1.5;-186;-188;0.37
2026-06-16T00:05:49.430374+00:00;Los Angeles Dodgers vs Tampa Bay Rays;moneyline;home;;-174;-178;0.82
2026-06-16T00:05:49.431124+00:00;Los Angeles Dodgers vs Tampa Bay Rays;moneyline;away;;159;163;1.54
2026-06-16T00:05:49.431736+00:00;Los Angeles Dodgers vs Tampa Bay Rays;spread;home;-1.5;117;113;1.84
2026-06-16T00:05:49.432378+00:00;Los Angeles Dodgers vs Tampa Bay Rays;spread;away;1.5;-129;-125;1.4
2026-06-16T00:05:49.433031+00:00;Los Angeles Dodgers vs Tampa Bay Rays;total;over;9.5;102;101;0.5
2026-06-16T00:05:49.433618+00:00;Los Angeles Dodgers vs Tampa Bay Rays;total;under;9.5;-115;-114;0.41
2026-06-16T00:19:52.214069+00:00;Arizona Diamondbacks vs Los Angeles Angels;total;over;9.0;-105;-103;0.95
2026-06-16T00:19:52.214780+00:00;Arizona Diamondbacks vs Los Angeles Angels;total;under;9.0;-107;-109;0.89
2026-06-16T00:21:52.388440+00:00;St. Louis Cardinals vs San Diego Padres;spread;home;-1.5;187;186;0.35
2026-06-16T00:21:52.389287+00:00;St. Louis Cardinals vs San Diego Padres;total;over;8.0;-105;-107;0.91
2026-06-16T00:21:52.389941+00:00;St. Louis Cardinals vs San Diego Padres;total;under;8.0;-110;-107;1.34
2026-06-16T00:21:52.444414+00:00;Los Angeles Dodgers vs Tampa Bay Rays;moneyline;away;;163;162;0.38
2026-06-16T00:21:52.445198+00:00;Los Angeles Dodgers vs Tampa Bay Rays;spread;away;1.5;-125;-124;0.36
2026-06-16T00:21:52.445987+00:00;Los Angeles Dodgers vs Tampa Bay Rays;total;over;9.5;101;-103;1.95
2026-06-16T00:21:52.446615+00:00;Los Angeles Dodgers vs Tampa Bay Rays;total;under;9.5;-114;-109;2.14
2026-06-16T00:33:55.983819+00:00;Arizona Diamondbacks vs Los Angeles Angels;moneyline;home;;-133;-134;0.32
2026-06-16T00:33:55.984575+00:00;Arizona Diamondbacks vs Los Angeles Angels;spread;home;-1.5;152;149;1.19
2026-06-16T00:33:55.985240+00:00;Arizona Diamondbacks vs Los Angeles Angels;spread;away;1.5;-170;-167;0.67
2026-06-16T00:33:55.985857+00:00;Arizona Diamondbacks vs Los Angeles Angels;total;over;9.0;-103;-104;0.47
2026-06-16T00:33:56.328389+00:00;Athletics vs Pittsburgh Pirates;moneyline;home;;-120;-119;0.38
2026-06-16T00:33:56.329072+00:00;Athletics vs Pittsburgh Pirates;moneyline;away;;111;110;0.47
2026-06-16T00:33:56.329734+00:00;Athletics vs Pittsburgh Pirates;spread;away;1.5;-176;-177;0.2
2026-06-16T00:35:56.966970+00:00;Arizona Diamondbacks vs Los Angeles Angels;moneyline;home;;-109;-107;0.89
2026-06-16T00:35:56.967676+00:00;Arizona Diamondbacks vs Los Angeles Angels;moneyline;away;;-101;-103;0.97
2026-06-16T00:35:56.968318+00:00;Arizona Diamondbacks vs Los Angeles Angels;spread;home;-1.5;183;186;1.06
2026-06-16T00:35:56.968916+00:00;Arizona Diamondbacks vs Los Angeles Angels;spread;away;1.5;-212;-215;0.45
2026-06-16T00:35:57.028134+00:00;Athletics vs Pittsburgh Pirates;total;over;10.5;-113;-116;1.21
2026-06-16T00:35:57.028807+00:00;Athletics vs Pittsburgh Pirates;total;under;10.5;-101;101;1.0
2026-06-16T00:50:02.588474+00:00;Arizona Diamondbacks vs Los Angeles Angels;moneyline;home;;-134;-135;0.32
2026-06-16T00:50:02.589155+00:00;Arizona Diamondbacks vs Los Angeles Angels;moneyline;away;;123;124;0.45
2026-06-16T00:50:02.589778+00:00;Arizona Diamondbacks vs Los Angeles Angels;spread;home;-1.5;149;148;0.4
2026-06-16T00:50:02.590387+00:00;Arizona Diamondbacks vs Los Angeles Angels;spread;away;1.5;-167;-165;0.45
2026-06-16T00:50:02.591040+00:00;Arizona Diamondbacks vs Los Angeles Angels;total;over;9.0;-104;-103;0.48
2026-06-16T00:58:05.130431+00:00;Houston Astros vs Detroit Tigers;moneyline;home;;-142;-144;0.57
2026-06-16T00:58:05.131180+00:00;Houston Astros vs Detroit Tigers;moneyline;away;;128;130;0.88
2026-06-16T00:58:05.131865+00:00;Houston Astros vs Detroit Tigers;spread;home;-1.5;150;148;0.8
2026-06-16T00:58:05.132440+00:00;Houston Astros vs Detroit Tigers;spread;away;1.5;-171;-169;0.44
2026-06-16T01:04:07.171266+00:00;Athletics vs Pittsburgh Pirates;moneyline;home;;-119;-121;0.75
2026-06-16T01:04:07.171994+00:00;Athletics vs Pittsburgh Pirates;moneyline;away;;110;112;0.95
2026-06-16T01:04:07.172624+00:00;Athletics vs Pittsburgh Pirates;spread;home;-1.5;158;157;0.39
2026-06-16T01:04:07.173217+00:00;Athletics vs Pittsburgh Pirates;spread;away;1.5;-177;-175;0.41
2026-06-16T01:04:07.430833+00:00;Arizona Diamondbacks vs Los Angeles Angels;moneyline;home;;-135;-138;0.93
2026-06-16T01:04:07.431515+00:00;Arizona Diamondbacks vs Los Angeles Angels;moneyline;away;;124;127;1.34
2026-06-16T01:04:07.432131+00:00;Arizona Diamondbacks vs Los Angeles Angels;spread;home;-1.5;148;146;0.81
2026-06-16T01:04:07.432738+00:00;Arizona Diamondbacks vs Los Angeles Angels;spread;away;1.5;-165;-163;0.46
2026-06-16T01:06:08.203730+00:00;Los Angeles Dodgers vs Tampa Bay Rays;moneyline;away;;162;163;0.38
2026-06-16T01:06:08.204484+00:00;Los Angeles Dodgers vs Tampa Bay Rays;spread;home;-1.5;113;112;0.47
2026-06-16T01:20:12.096265+00:00;Arizona Diamondbacks vs Los Angeles Angels;moneyline;away;;127;128;0.44
2026-06-16T01:20:12.096955+00:00;Arizona Diamondbacks vs Los Angeles Angels;spread;away;1.5;-163;-162;0.23
2026-06-16T01:26:14.877411+00:00;New York Yankees vs Chicago White Sox;moneyline;away;;124;123;0.45
2026-06-16T01:26:14.878157+00:00;New York Yankees vs Chicago White Sox;spread;home;-1.5;156;155;0.39
2026-06-16T01:26:14.878774+00:00;New York Yankees vs Chicago White Sox;spread;away;1.5;-178;-177;0.2
2026-06-16T01:26:14.879398+00:00;New York Yankees vs Chicago White Sox;total;over;7.5;-110;-116;2.46
2026-06-16T01:26:14.880010+00:00;New York Yankees vs Chicago White Sox;total;under;7.5;-104;102;2.98
2026-06-16T01:34:17.295815+00:00;Arizona Diamondbacks vs Los Angeles Angels;moneyline;home;;-138;-137;0.31
2026-06-16T01:34:17.296580+00:00;Arizona Diamondbacks vs Los Angeles Angels;moneyline;away;;128;126;0.88
2026-06-16T01:34:17.297252+00:00;Arizona Diamondbacks vs Los Angeles Angels;spread;home;-1.5;146;147;0.41
2026-06-16T01:34:17.297898+00:00;Arizona Diamondbacks vs Los Angeles Angels;spread;away;1.5;-162;-164;0.47
2026-06-16T01:34:17.430584+00:00;Athletics vs Pittsburgh Pirates;moneyline;away;;112;111;0.47
2026-06-16T01:34:17.431287+00:00;Athletics vs Pittsburgh Pirates;spread;away;1.5;-175;-176;0.21
2026-06-16T01:36:17.704937+00:00;Los Angeles Dodgers vs Tampa Bay Rays;moneyline;home;;-178;-176;0.41
2026-06-16T01:36:17.705657+00:00;Los Angeles Dodgers vs Tampa Bay Rays;moneyline;away;;163;161;0.76
2026-06-16T01:36:17.706304+00:00;Los Angeles Dodgers vs Tampa Bay Rays;spread;home;-1.5;112;115;1.42
2026-06-16T01:36:17.706969+00:00;Los Angeles Dodgers vs Tampa Bay Rays;spread;away;1.5;-124;-127;1.05
2026-06-16T01:36:17.707602+00:00;Los Angeles Dodgers vs Tampa Bay Rays;total;over;9.5;-103;104;3.51
2026-06-16T01:36:17.708695+00:00;Los Angeles Dodgers vs Tampa Bay Rays;total;under;9.5;-109;-117;3.27
2026-06-16T01:48:21.463328+00:00;Milwaukee Brewers vs Cleveland Guardians;total;over;8.5;-105;-104;0.47
2026-06-16T01:48:21.464231+00:00;Milwaukee Brewers vs Cleveland Guardians;total;under;8.5;-109;-110;0.43
2026-06-16T01:52:22.880902+00:00;Los Angeles Dodgers vs Tampa Bay Rays;spread;home;-1.5;115;112;1.4
2026-06-16T01:52:22.881625+00:00;Los Angeles Dodgers vs Tampa Bay Rays;spread;away;1.5;-127;-124;1.07
2026-06-16T01:52:22.882264+00:00;Los Angeles Dodgers vs Tampa Bay Rays;total;over;9.5;104;103;0.49
2026-06-16T01:52:22.882919+00:00;Los Angeles Dodgers vs Tampa Bay Rays;total;under;9.5;-117;-116;0.4
2026-06-16T02:06:27.026694+00:00;Los Angeles Dodgers vs Tampa Bay Rays;moneyline;home;;-176;-169;1.5
2026-06-16T02:06:27.027402+00:00;Los Angeles Dodgers vs Tampa Bay Rays;moneyline;away;;161;155;2.3
2026-06-16T02:06:27.028080+00:00;Los Angeles Dodgers vs Tampa Bay Rays;spread;home;-1.5;112;115;1.42
2026-06-16T02:06:27.028671+00:00;Los Angeles Dodgers vs Tampa Bay Rays;spread;away;1.5;-124;-127;1.05
2026-06-16T02:20:31.389942+00:00;Athletics vs Pittsburgh Pirates;moneyline;home;;-120;-125;1.82
2026-06-16T02:20:31.390826+00:00;Athletics vs Pittsburgh Pirates;moneyline;away;;109;113;1.91
2026-06-16T02:20:31.391591+00:00;Athletics vs Pittsburgh Pirates;spread;home;-1.5;159;155;1.54
2026-06-16T02:20:31.392295+00:00;Athletics vs Pittsburgh Pirates;spread;away;1.5;-181;-176;1.01
2026-06-16T02:22:31.874773+00:00;Philadelphia Phillies vs Miami Marlins;moneyline;home;;-163;-164;0.23
2026-06-16T02:22:31.875539+00:00;Philadelphia Phillies vs Miami Marlins;spread;home;-1.5;131;130;0.43
2026-06-16T02:22:31.876137+00:00;Philadelphia Phillies vs Miami Marlins;spread;away;1.5;-148;-147;0.27
2026-06-16T02:22:31.876774+00:00;Philadelphia Phillies vs Miami Marlins;total;over;8.0;-106;-105;0.46
2026-06-16T02:26:32.813824+00:00;Texas Rangers vs Minnesota Twins;spread;away;1.5;-173;-174;0.21
2026-06-16T02:32:34.281998+00:00;Washington Nationals vs Kansas City Royals;total;over;8.5;-109;-113;1.69
2026-06-16T02:32:34.282797+00:00;Washington Nationals vs Kansas City Royals;total;under;8.5;-105;-101;1.93
2026-06-16T02:36:35.570542+00:00;Atlanta Braves vs San Francisco Giants;moneyline;home;;-150;-148;0.54
2026-06-16T02:36:35.571209+00:00;Atlanta Braves vs San Francisco Giants;moneyline;away;;136;133;1.27
2026-06-16T02:36:35.571888+00:00;Atlanta Braves vs San Francisco Giants;spread;home;-1.5;135;136;0.43
2026-06-16T02:36:35.572498+00:00;Atlanta Braves vs San Francisco Giants;spread;away;1.5;-152;-154;0.52
2026-06-16T02:48:38.976614+00:00;Washington Nationals vs Kansas City Royals;moneyline;home;;-121;-122;0.37
2026-06-16T02:48:38.977448+00:00;Washington Nationals vs Kansas City Royals;moneyline;away;;109;111;0.96
2026-06-16T02:48:38.978210+00:00;Washington Nationals vs Kansas City Royals;spread;home;-1.5;168;166;0.75
2026-06-16T02:48:38.978886+00:00;Washington Nationals vs Kansas City Royals;spread;away;1.5;-193;-191;0.36
2026-06-16T03:06:43.775768+00:00;Arizona Diamondbacks vs Los Angeles Angels;spread;home;-1.5;186;185;0.35
2026-06-16T03:06:43.776477+00:00;Arizona Diamondbacks vs Los Angeles Angels;spread;away;1.5;-215;-214;0.15
2026-06-16T03:18:47.330350+00:00;Washington Nationals vs Kansas City Royals;total;over;8.5;-113;-114;0.41
2026-06-16T03:18:47.331141+00:00;Washington Nationals vs Kansas City Royals;total;under;8.5;-101;-100;0.5
2026-06-16T03:34:51.664797+00:00;Milwaukee Brewers vs Cleveland Guardians;moneyline;home;;-145;-146;0.28
2026-06-16T03:34:51.665621+00:00;Milwaukee Brewers vs Cleveland Guardians;moneyline;away;;131;132;0.43
2026-06-16T03:34:51.666310+00:00;Milwaukee Brewers vs Cleveland Guardians;spread;home;-1.5;143;142;0.41
2026-06-16T03:34:51.666942+00:00;Milwaukee Brewers vs Cleveland Guardians;spread;away;1.5;-162;-161;0.24
2026-06-16T03:52:56.700077+00:00;St. Louis Cardinals vs San Diego Padres;spread;away;1.5;-216;-215;0.15
2026-06-16T04:02:59.110937+00:00;Seattle Mariners vs Baltimore Orioles;moneyline;home;;-145;-146;0.28
2026-06-16T04:02:59.111640+00:00;Seattle Mariners vs Baltimore Orioles;moneyline;away;;131;132;0.43
2026-06-16T04:02:59.112344+00:00;Seattle Mariners vs Baltimore Orioles;total;over;8.0;101;102;0.5
2026-06-16T04:09:00.801548+00:00;Philadelphia Phillies vs Miami Marlins;moneyline;home;;-164;-165;0.23
2026-06-16T04:09:00.802359+00:00;Philadelphia Phillies vs Miami Marlins;moneyline;away;;147;148;0.4
2026-06-16T04:13:01.690685+00:00;New York Yankees vs Chicago White Sox;moneyline;away;;123;124;0.45
2026-06-16T04:19:03.436495+00:00;Washington Nationals vs Kansas City Royals;moneyline;home;;-122;-123;0.37
2026-06-16T04:19:03.437293+00:00;Washington Nationals vs Kansas City Royals;spread;away;1.5;-191;-190;0.18
2026-06-16T04:19:03.437982+00:00;Washington Nationals vs Kansas City Royals;total;over;8.5;-114;-115;0.41
2026-06-16T04:19:03.438648+00:00;Washington Nationals vs Kansas City Royals;total;under;8.5;-100;101;0.5
2026-06-16T04:23:04.629615+00:00;Atlanta Braves vs San Francisco Giants;moneyline;away;;133;134;0.43
2026-06-16T04:31:06.872592+00:00;Cincinnati Reds vs New York Mets;moneyline;home;;109;110;0.48
2026-06-16T04:31:06.873391+00:00;Cincinnati Reds vs New York Mets;spread;home;1.5;-145;-144;0.28
2026-06-16T04:31:06.874070+00:00;Cincinnati Reds vs New York Mets;total;over;9.5;-104;-107;1.37
2026-06-16T04:31:06.874705+00:00;Cincinnati Reds vs New York Mets;total;under;9.5;-110;-107;1.34
2026-06-16T04:31:07.045394+00:00;Houston Astros vs Detroit Tigers;total;over;7.5;-112;-113;0.42
2026-06-16T04:31:07.046129+00:00;Houston Astros vs Detroit Tigers;total;under;7.5;-102;-101;0.49
2026-06-16T04:49:11.580255+00:00;Milwaukee Brewers vs Cleveland Guardians;total;under;8.5;-110;-111;0.43
2026-06-16T04:51:12.411714+00:00;Athletics vs Pittsburgh Pirates;spread;home;-1.5;155;154;0.39
2026-06-16T04:53:12.695347+00:00;Philadelphia Phillies vs Miami Marlins;moneyline;home;;-165;-166;0.23
2026-06-16T04:53:12.696119+00:00;Philadelphia Phillies vs Miami Marlins;moneyline;away;;148;149;0.4
2026-06-16T04:53:12.696772+00:00;Philadelphia Phillies vs Miami Marlins;spread;home;-1.5;130;129;0.43
2026-06-16T04:53:12.697385+00:00;Philadelphia Phillies vs Miami Marlins;spread;away;1.5;-147;-146;0.28
2026-06-16T04:53:13.093460+00:00;Atlanta Braves vs San Francisco Giants;moneyline;home;;-148;-149;0.27
2026-06-16T04:53:13.094125+00:00;Atlanta Braves vs San Francisco Giants;spread;home;-1.5;136;135;0.42
2026-06-16T04:53:13.094705+00:00;Atlanta Braves vs San Francisco Giants;spread;away;1.5;-154;-153;0.26
2026-06-16T04:53:13.095384+00:00;Atlanta Braves vs San Francisco Giants;total;over;9.0;-110;-109;0.44
2026-06-16T04:53:13.095975+00:00;Atlanta Braves vs San Francisco Giants;total;under;9.0;-104;-105;0.47
2026-06-16T04:55:13.525366+00:00;Los Angeles Dodgers vs Tampa Bay Rays;total;over;8.5;-101;-102;0.49
2026-06-16T04:55:13.526203+00:00;Los Angeles Dodgers vs Tampa Bay Rays;total;under;8.5;-114;-113;0.41
2026-06-16T04:59:14.610887+00:00;Texas Rangers vs Minnesota Twins;spread;away;1.5;-174;-173;0.21
2026-06-16T05:01:15.251225+00:00;Houston Astros vs Detroit Tigers;total;over;7.5;-113;-114;0.41
2026-06-16T05:01:15.251958+00:00;Houston Astros vs Detroit Tigers;total;under;7.5;-101;-100;0.5
2026-06-16T05:01:15.435368+00:00;Cincinnati Reds vs New York Mets;moneyline;away;;-121;-122;0.37
2026-06-16T05:01:15.436090+00:00;Cincinnati Reds vs New York Mets;spread;away;-1.5;128;127;0.44
2026-06-16T05:01:15.436737+00:00;Cincinnati Reds vs New York Mets;total;over;9.5;-107;-108;0.45
2026-06-16T05:01:15.437338+00:00;Cincinnati Reds vs New York Mets;total;under;9.5;-107;-106;0.46
2026-06-16T05:03:15.901017+00:00;Seattle Mariners vs Baltimore Orioles;total;over;7.5;-115;-114;0.41
2026-06-16T05:03:15.901827+00:00;Seattle Mariners vs Baltimore Orioles;total;under;7.5;100;-100;0.0
2026-06-16T05:05:16.133616+00:00;Washington Nationals vs Kansas City Royals;moneyline;home;;-123;-122;0.37
2026-06-16T05:05:16.134783+00:00;Washington Nationals vs Kansas City Royals;total;over;8.5;-115;-116;0.4
2026-06-16T05:05:16.135966+00:00;Washington Nationals vs Kansas City Royals;total;under;8.5;101;102;0.5
2026-06-16T05:07:16.793341+00:00;Athletics vs Pittsburgh Pirates;moneyline;home;;-125;-130;1.71
2026-06-16T05:07:16.794079+00:00;Athletics vs Pittsburgh Pirates;moneyline;away;;113;117;1.88
2026-06-16T05:07:16.794718+00:00;Athletics vs Pittsburgh Pirates;spread;home;-1.5;154;150;1.57
2026-06-16T05:07:16.795332+00:00;Athletics vs Pittsburgh Pirates;spread;away;1.5;-176;-171;1.06
2026-06-16T05:15:19.293559+00:00;Houston Astros vs Detroit Tigers;moneyline;home;;-144;-146;0.56
2026-06-16T05:15:19.294447+00:00;Houston Astros vs Detroit Tigers;moneyline;away;;130;131;0.43
2026-06-16T05:15:19.295383+00:00;Houston Astros vs Detroit Tigers;spread;home;-1.5;148;147;0.4
2026-06-16T05:15:19.296045+00:00;Houston Astros vs Detroit Tigers;spread;away;1.5;-169;-167;0.45
2026-06-16T05:19:20.236023+00:00;Milwaukee Brewers vs Cleveland Guardians;total;over;8.5;-104;-101;1.46
2026-06-16T05:19:20.236754+00:00;Milwaukee Brewers vs Cleveland Guardians;total;under;8.5;-111;-113;0.84
2026-06-16T05:23:21.487290+00:00;Philadelphia Phillies vs Miami Marlins;moneyline;home;;-166;-165;0.23
2026-06-16T05:23:21.488024+00:00;Philadelphia Phillies vs Miami Marlins;moneyline;away;;149;148;0.4
2026-06-16T05:23:21.488792+00:00;Philadelphia Phillies vs Miami Marlins;spread;home;-1.5;129;130;0.44
2026-06-16T05:23:21.489557+00:00;Philadelphia Phillies vs Miami Marlins;spread;away;1.5;-146;-147;0.28
2026-06-16T05:36:24.010664+00:00;Washington Nationals vs Kansas City Royals;moneyline;home;;-122;-123;0.37
2026-06-16T05:36:24.011432+00:00;Washington Nationals vs Kansas City Royals;total;over;8.5;-116;-117;0.4
2026-06-16T05:38:24.650851+00:00;Atlanta Braves vs San Francisco Giants;moneyline;home;;-149;-150;0.27
2026-06-16T05:38:24.651634+00:00;Atlanta Braves vs San Francisco Giants;moneyline;away;;134;135;0.43
2026-06-16T05:38:24.652527+00:00;Atlanta Braves vs San Francisco Giants;total;over;9.0;-109;-108;0.44
2026-06-16T05:38:24.653207+00:00;Atlanta Braves vs San Francisco Giants;total;under;9.0;-105;-106;0.46
2026-06-16T05:40:25.155441+00:00;Philadelphia Phillies vs Miami Marlins;moneyline;away;;148;149;0.4
2026-06-16T05:40:25.156198+00:00;Philadelphia Phillies vs Miami Marlins;spread;home;-1.5;130;129;0.43
2026-06-16T05:40:25.156885+00:00;Philadelphia Phillies vs Miami Marlins;spread;away;1.5;-147;-146;0.28
2026-06-16T06:10:35.392420+00:00;Los Angeles Dodgers vs Tampa Bay Rays;moneyline;home;;-144;-142;0.58
2026-06-16T06:10:35.393251+00:00;Los Angeles Dodgers vs Tampa Bay Rays;moneyline;away;;130;128;0.87
2026-06-16T06:10:35.393908+00:00;Los Angeles Dodgers vs Tampa Bay Rays;spread;home;-1.5;144;146;0.82
2026-06-16T06:10:35.394528+00:00;Los Angeles Dodgers vs Tampa Bay Rays;spread;away;1.5;-164;-166;0.46
2026-06-16T06:10:35.395167+00:00;Los Angeles Dodgers vs Tampa Bay Rays;total;over;8.5;-102;-101;0.49
2026-06-16T06:10:35.395801+00:00;Los Angeles Dodgers vs Tampa Bay Rays;total;under;8.5;-113;-114;0.41
2026-06-16T06:18:38.095203+00:00;Seattle Mariners vs Baltimore Orioles;moneyline;away;;132;131;0.43
2026-06-16T06:20:38.347821+00:00;Washington Nationals vs Kansas City Royals;moneyline;home;;-123;-122;0.37
2026-06-16T06:24:39.813439+00:00;Atlanta Braves vs San Francisco Giants;moneyline;away;;135;136;0.43
2026-06-16T06:24:39.814351+00:00;Atlanta Braves vs San Francisco Giants;spread;home;-1.5;135;134;0.43
2026-06-16T06:24:39.814975+00:00;Atlanta Braves vs San Francisco Giants;spread;away;1.5;-153;-152;0.26
2026-06-16T06:24:39.917099+00:00;Philadelphia Phillies vs Miami Marlins;moneyline;away;;149;148;0.4
2026-06-16T06:24:39.917840+00:00;Philadelphia Phillies vs Miami Marlins;spread;home;-1.5;129;130;0.44
2026-06-16T06:24:39.918479+00:00;Philadelphia Phillies vs Miami Marlins;spread;away;1.5;-146;-147;0.28
2026-06-16T06:28:41.162764+00:00;New York Yankees vs Chicago White Sox;spread;away;1.5;-177;-176;0.21
2026-06-16T06:28:41.163607+00:00;New York Yankees vs Chicago White Sox;total;over;7.5;-116;-117;0.4
2026-06-16T06:32:42.409472+00:00;Cincinnati Reds vs New York Mets;spread;home;1.5;-144;-143;0.29
2026-06-16T06:34:43.331841+00:00;Washington Nationals vs Kansas City Royals;moneyline;home;;-122;-123;0.37
2026-06-16T06:34:43.332531+00:00;Washington Nationals vs Kansas City Royals;moneyline;away;;111;112;0.47
2026-06-16T06:34:43.333199+00:00;Washington Nationals vs Kansas City Royals;spread;home;-1.5;166;165;0.38
2026-06-16T06:34:43.333835+00:00;Washington Nationals vs Kansas City Royals;spread;away;1.5;-190;-189;0.18
2026-06-16T06:42:46.220344+00:00;New York Yankees vs Chicago White Sox;moneyline;home;;-137;-138;0.31
2026-06-16T06:42:46.221009+00:00;New York Yankees vs Chicago White Sox;moneyline;away;;124;125;0.45
2026-06-16T06:42:46.221620+00:00;New York Yankees vs Chicago White Sox;spread;home;-1.5;155;153;0.78
2026-06-16T06:42:46.222242+00:00;New York Yankees vs Chicago White Sox;spread;away;1.5;-176;-175;0.21
2026-06-16T06:46:47.651791+00:00;Cincinnati Reds vs New York Mets;moneyline;away;;-122;-121;0.37
2026-06-16T06:46:47.652609+00:00;Cincinnati Reds vs New York Mets;spread;home;1.5;-143;-144;0.29
2026-06-16T06:50:48.740905+00:00;Washington Nationals vs Kansas City Royals;moneyline;home;;-123;-125;0.72
2026-06-16T06:50:48.741563+00:00;Washington Nationals vs Kansas City Royals;moneyline;away;;112;113;0.47
2026-06-16T06:50:48.742230+00:00;Washington Nationals vs Kansas City Royals;spread;home;-1.5;165;162;1.13
2026-06-16T06:50:48.742839+00:00;Washington Nationals vs Kansas City Royals;spread;away;1.5;-189;-185;0.75
2026-06-16T06:50:48.743459+00:00;Washington Nationals vs Kansas City Royals;total;over;8.5;-117;-119;0.77
2026-06-16T06:50:48.744034+00:00;Washington Nationals vs Kansas City Royals;total;under;8.5;102;104;0.99
2026-06-16T06:54:49.889571+00:00;Philadelphia Phillies vs Miami Marlins;moneyline;home;;-165;-166;0.23
2026-06-16T06:54:49.890351+00:00;Philadelphia Phillies vs Miami Marlins;moneyline;away;;148;149;0.4
2026-06-16T06:54:49.891018+00:00;Philadelphia Phillies vs Miami Marlins;spread;home;-1.5;130;129;0.43
2026-06-16T06:54:49.891648+00:00;Philadelphia Phillies vs Miami Marlins;spread;away;1.5;-147;-146;0.28
2026-06-16T06:54:49.892246+00:00;Philadelphia Phillies vs Miami Marlins;total;over;8.0;-105;-106;0.46
2026-06-16T06:54:49.892814+00:00;Philadelphia Phillies vs Miami Marlins;total;under;8.0;-109;-108;0.44
2026-06-16T06:54:50.322254+00:00;Atlanta Braves vs San Francisco Giants;moneyline;home;;-150;-151;0.26
2026-06-16T07:14:56.859036+00:00;Texas Rangers vs Minnesota Twins;spread;away;1.5;-173;-174;0.21
2026-06-16T07:14:56.859677+00:00;Texas Rangers vs Minnesota Twins;total;over;8.0;-116;-113;1.23
2026-06-16T07:14:56.860247+00:00;Texas Rangers vs Minnesota Twins;total;under;8.0;101;-101;0.99
2026-06-16T07:39:05.213985+00:00;Atlanta Braves vs San Francisco Giants;moneyline;home;;-151;-152;0.26
2026-06-16T07:39:05.214654+00:00;Atlanta Braves vs San Francisco Giants;moneyline;away;;136;137;0.42
2026-06-16T07:39:05.215244+00:00;Atlanta Braves vs San Francisco Giants;spread;away;1.5;-152;-151;0.26
2026-06-16T07:43:07.375873+00:00;New York Yankees vs Chicago White Sox;moneyline;home;;-138;-140;0.6
2026-06-16T07:43:07.376511+00:00;New York Yankees vs Chicago White Sox;moneyline;away;;125;126;0.44
2026-06-16T07:43:07.377111+00:00;New York Yankees vs Chicago White Sox;spread;home;-1.5;153;151;0.79
2026-06-16T07:43:07.377670+00:00;New York Yankees vs Chicago White Sox;spread;away;1.5;-175;-172;0.63
2026-06-16T07:47:08.699309+00:00;Cincinnati Reds vs New York Mets;moneyline;home;;110;106;1.9
2026-06-16T07:47:08.699943+00:00;Cincinnati Reds vs New York Mets;moneyline;away;;-121;-117;1.55
2026-06-16T07:47:08.700527+00:00;Cincinnati Reds vs New York Mets;spread;home;1.5;-144;-149;1.38
2026-06-16T07:47:08.701092+00:00;Cincinnati Reds vs New York Mets;spread;away;-1.5;127;131;1.76
2026-06-16T07:47:08.701713+00:00;Cincinnati Reds vs New York Mets;total;over;9.5;-108;-107;0.45
2026-06-16T07:47:08.702205+00:00;Cincinnati Reds vs New York Mets;total;under;9.5;-106;-107;0.45
2026-06-16T07:56:09.780230+00:00;Atlanta Braves vs San Francisco Giants;moneyline;home;;-152;-154;0.52
2026-06-16T07:56:09.780928+00:00;Atlanta Braves vs San Francisco Giants;moneyline;away;;137;139;0.84
2026-06-16T07:56:09.781559+00:00;Atlanta Braves vs San Francisco Giants;spread;home;-1.5;134;132;0.85
2026-06-16T07:56:09.782230+00:00;Atlanta Braves vs San Francisco Giants;spread;away;1.5;-151;-149;0.53
2026-06-16T07:56:09.839915+00:00;Chicago Cubs vs Colorado Rockies;moneyline;home;;-189;-175;2.77
2026-06-16T07:56:09.840561+00:00;Chicago Cubs vs Colorado Rockies;moneyline;away;;169;157;4.46
2026-06-16T07:56:09.959014+00:00;Washington Nationals vs Kansas City Royals;moneyline;away;;113;114;0.47
2026-06-16T07:56:09.959656+00:00;Washington Nationals vs Kansas City Royals;spread;home;-1.5;162;161;0.38
2026-06-16T07:56:09.960274+00:00;Washington Nationals vs Kansas City Royals;spread;away;1.5;-185;-184;0.19
2026-06-16T08:10:14.710164+00:00;Atlanta Braves vs San Francisco Giants;moneyline;home;;-154;-155;0.25
2026-06-16T08:10:14.710854+00:00;Atlanta Braves vs San Francisco Giants;moneyline;away;;139;140;0.42
2026-06-16T08:10:14.711549+00:00;Atlanta Braves vs San Francisco Giants;spread;home;-1.5;132;131;0.43
2026-06-16T08:10:14.712244+00:00;Atlanta Braves vs San Francisco Giants;spread;away;1.5;-149;-148;0.27
2026-06-16T08:27:18.349601+00:00;Washington Nationals vs Kansas City Royals;moneyline;home;;-125;-126;0.35
2026-06-16T08:27:18.350305+00:00;Washington Nationals vs Kansas City Royals;spread;home;-1.5;161;160;0.38
2026-06-16T08:27:18.350934+00:00;Washington Nationals vs Kansas City Royals;spread;away;1.5;-184;-183;0.19
2026-06-16T08:35:21.043098+00:00;Seattle Mariners vs Baltimore Orioles;moneyline;away;;131;132;0.43
2026-06-16T08:35:21.043792+00:00;Seattle Mariners vs Baltimore Orioles;total;under;7.5;-100;-101;0.5
2026-06-16T08:39:22.301102+00:00;Atlanta Braves vs San Francisco Giants;moneyline;home;;-155;-156;0.25
2026-06-16T08:39:22.301909+00:00;Atlanta Braves vs San Francisco Giants;spread;home;-1.5;131;130;0.43
2026-06-16T08:39:22.302742+00:00;Atlanta Braves vs San Francisco Giants;spread;away;1.5;-148;-147;0.27
2026-06-16T08:53:26.930602+00:00;Athletics vs Pittsburgh Pirates;moneyline;away;;117;118;0.46
2026-06-16T08:53:26.931322+00:00;Athletics vs Pittsburgh Pirates;spread;away;1.5;-171;-170;0.22
2026-06-16T08:53:26.931909+00:00;Athletics vs Pittsburgh Pirates;total;over;10.5;-116;-117;0.4
2026-06-16T08:53:26.932530+00:00;Athletics vs Pittsburgh Pirates;total;under;10.5;101;102;0.5
2026-06-16T08:55:27.808892+00:00;Atlanta Braves vs San Francisco Giants;moneyline;home;;-156;-157;0.25
2026-06-16T08:55:27.810112+00:00;Atlanta Braves vs San Francisco Giants;moneyline;away;;140;141;0.42
2026-06-16T08:55:27.810892+00:00;Atlanta Braves vs San Francisco Giants;spread;home;-1.5;130;129;0.43
2026-06-16T08:55:27.811636+00:00;Atlanta Braves vs San Francisco Giants;spread;away;1.5;-147;-146;0.28
2026-06-16T08:55:27.904556+00:00;Philadelphia Phillies vs Miami Marlins;moneyline;home;;-166;-165;0.23
2026-06-16T08:55:27.905443+00:00;Philadelphia Phillies vs Miami Marlins;moneyline;away;;149;148;0.4
2026-06-16T09:01:29.633670+00:00;Houston Astros vs Detroit Tigers;moneyline;home;;-146;-147;0.28
2026-06-16T09:01:29.634352+00:00;Houston Astros vs Detroit Tigers;moneyline;away;;131;132;0.43
2026-06-16T09:01:29.635023+00:00;Houston Astros vs Detroit Tigers;spread;home;-1.5;147;146;0.4
2026-06-16T09:01:29.635677+00:00;Houston Astros vs Detroit Tigers;spread;away;1.5;-167;-166;0.23
2026-06-16T09:01:29.636272+00:00;Houston Astros vs Detroit Tigers;total;over;7.5;-114;-115;0.41
2026-06-16T09:01:29.636882+00:00;Houston Astros vs Detroit Tigers;total;under;7.5;-100;100;0.0
2026-06-16T09:09:32.032413+00:00;St. Louis Cardinals vs San Diego Padres;moneyline;home;;-111;-112;0.42
2026-06-16T09:09:32.033208+00:00;St. Louis Cardinals vs San Diego Padres;spread;home;-1.5;186;185;0.35
2026-06-16T09:09:32.033985+00:00;St. Louis Cardinals vs San Diego Padres;spread;away;1.5;-215;-214;0.15
2026-06-16T09:29:38.173643+00:00;New York Yankees vs Chicago White Sox;moneyline;away;;126;127;0.44
2026-06-16T09:29:38.174568+00:00;New York Yankees vs Chicago White Sox;total;over;8.0;101;102;0.5
2026-06-16T09:33:39.515058+00:00;Cincinnati Reds vs New York Mets;spread;home;1.5;-149;-148;0.27
2026-06-16T09:33:39.515833+00:00;Cincinnati Reds vs New York Mets;total;over;9.5;-107;-113;2.57
2026-06-16T09:33:39.516430+00:00;Cincinnati Reds vs New York Mets;total;under;9.5;-107;-102;2.37
2026-06-16T09:35:40.296565+00:00;Washington Nationals vs Kansas City Royals;moneyline;away;;114;115;0.47
2026-06-16T09:35:40.297621+00:00;Washington Nationals vs Kansas City Royals;spread;away;1.5;-183;-182;0.19
2026-06-16T09:35:40.504805+00:00;Seattle Mariners vs Baltimore Orioles;total;over;7.5;-114;-113;0.41
2026-06-16T09:41:41.907819+00:00;Philadelphia Phillies vs Miami Marlins;moneyline;home;;-165;-164;0.23
2026-06-16T09:41:41.908523+00:00;Philadelphia Phillies vs Miami Marlins;moneyline;away;;148;147;0.4
2026-06-16T09:41:41.909218+00:00;Philadelphia Phillies vs Miami Marlins;spread;home;-1.5;129;130;0.44
2026-06-16T09:41:41.909799+00:00;Philadelphia Phillies vs Miami Marlins;spread;away;1.5;-146;-147;0.28
2026-06-16T09:43:42.822950+00:00;New York Yankees vs Chicago White Sox;moneyline;away;;127;126;0.44
2026-06-16T09:43:42.823721+00:00;New York Yankees vs Chicago White Sox;total;over;8.0;102;101;0.5
2026-06-16T09:45:43.283839+00:00;Texas Rangers vs Minnesota Twins;moneyline;home;;-136;-137;0.31
2026-06-16T09:45:43.284588+00:00;Texas Rangers vs Minnesota Twins;moneyline;away;;123;124;0.45
2026-06-16T09:45:43.285275+00:00;Texas Rangers vs Minnesota Twins;spread;away;1.5;-174;-173;0.21
2026-06-16T09:51:45.443720+00:00;Milwaukee Brewers vs Cleveland Guardians;moneyline;home;;-146;-144;0.56
2026-06-16T09:51:45.444439+00:00;Milwaukee Brewers vs Cleveland Guardians;moneyline;away;;132;130;0.86
2026-06-16T09:51:45.445149+00:00;Milwaukee Brewers vs Cleveland Guardians;spread;home;-1.5;142;144;0.83
2026-06-16T09:51:45.445772+00:00;Milwaukee Brewers vs Cleveland Guardians;spread;away;1.5;-161;-163;0.47
2026-06-16T10:00:46.865518+00:00;Los Angeles Dodgers vs Tampa Bay Rays;total;over;8.5;-101;101;1.0
2026-06-16T10:00:46.866263+00:00;Los Angeles Dodgers vs Tampa Bay Rays;total;under;8.5;-114;-116;0.81
2026-06-16T10:00:47.307700+00:00;Arizona Diamondbacks vs Los Angeles Angels;moneyline;away;;-103;-104;0.47
2026-06-16T10:00:47.308422+00:00;Arizona Diamondbacks vs Los Angeles Angels;spread;home;-1.5;185;186;0.35
2026-06-16T10:00:47.309058+00:00;Arizona Diamondbacks vs Los Angeles Angels;spread;away;1.5;-214;-215;0.15
2026-06-16T10:02:48.166320+00:00;Houston Astros vs Detroit Tigers;total;over;7.5;-115;-114;0.41
2026-06-16T10:02:48.167349+00:00;Houston Astros vs Detroit Tigers;total;under;7.5;100;-100;0.0
2026-06-16T10:10:50.843658+00:00;Atlanta Braves vs San Francisco Giants;spread;away;1.5;-146;-145;0.28
2026-06-16T10:14:52.105454+00:00;New York Yankees vs Chicago White Sox;moneyline;home;;-140;-141;0.3
2026-06-16T10:14:52.106262+00:00;New York Yankees vs Chicago White Sox;moneyline;away;;126;128;0.88
2026-06-16T10:14:52.106965+00:00;New York Yankees vs Chicago White Sox;spread;home;-1.5;151;149;0.8
2026-06-16T10:14:52.107620+00:00;New York Yankees vs Chicago White Sox;spread;away;1.5;-172;-170;0.43
2026-06-16T10:20:54.357026+00:00;Seattle Mariners vs Baltimore Orioles;moneyline;away;;132;131;0.43
2026-06-16T10:36:59.743486+00:00;Washington Nationals vs Kansas City Royals;moneyline;home;;-126;-127;0.35
2026-06-16T10:36:59.744580+00:00;Washington Nationals vs Kansas City Royals;spread;home;-1.5;160;159;0.38
2026-06-16T10:48:01.903648+00:00;Atlanta Braves vs San Francisco Giants;moneyline;away;;141;142;0.41
2026-06-16T10:48:01.904366+00:00;Atlanta Braves vs San Francisco Giants;spread;home;-1.5;129;128;0.44
2026-06-16T10:48:02.594188+00:00;New York Yankees vs Chicago White Sox;total;over;8.0;101;100;0.5
2026-06-16T10:48:02.594991+00:00;New York Yankees vs Chicago White Sox;total;under;8.0;-116;-115;0.4
2026-06-16T10:48:02.692833+00:00;St. Louis Cardinals vs San Diego Padres;spread;home;-1.5;185;186;0.35
2026-06-16T10:48:02.693501+00:00;St. Louis Cardinals vs San Diego Padres;spread;away;1.5;-214;-215;0.15
2026-06-16T10:54:04.482316+00:00;Athletics vs Pittsburgh Pirates;moneyline;away;;118;117;0.46
2026-06-16T10:54:04.483207+00:00;Athletics vs Pittsburgh Pirates;spread;away;1.5;-170;-171;0.22
2026-06-16T11:07:06.910642+00:00;Milwaukee Brewers vs Cleveland Guardians;total;over;8.5;-101;-100;0.5
2026-06-16T11:07:06.911366+00:00;Milwaukee Brewers vs Cleveland Guardians;total;under;8.5;-113;-115;0.82
2026-06-16T11:11:08.067174+00:00;Philadelphia Phillies vs Miami Marlins;moneyline;away;;147;148;0.4
2026-06-16T11:15:09.572292+00:00;New York Yankees vs Chicago White Sox;total;over;8.0;100;101;0.5
2026-06-16T11:15:09.573022+00:00;New York Yankees vs Chicago White Sox;total;under;8.0;-115;-116;0.4
2026-06-16T11:19:10.752651+00:00;Cincinnati Reds vs New York Mets;total;over;9.5;-113;-114;0.41
2026-06-16T11:19:10.753405+00:00;Cincinnati Reds vs New York Mets;total;under;9.5;-102;-101;0.49
2026-06-16T11:25:12.174515+00:00;Atlanta Braves vs San Francisco Giants;moneyline;home;;-157;-160;0.73
2026-06-16T11:25:12.175163+00:00;Atlanta Braves vs San Francisco Giants;moneyline;away;;142;144;0.83
2026-06-16T11:25:12.175837+00:00;Atlanta Braves vs San Francisco Giants;spread;home;-1.5;128;126;0.88
2026-06-16T11:25:12.176496+00:00;Atlanta Braves vs San Francisco Giants;spread;away;1.5;-145;-143;0.57
2026-06-16T11:27:12.651497+00:00;Philadelphia Phillies vs Miami Marlins;moneyline;home;;-164;-165;0.23
2026-06-16T11:27:12.652253+00:00;Philadelphia Phillies vs Miami Marlins;spread;home;-1.5;130;129;0.43
2026-06-16T11:27:12.652855+00:00;Philadelphia Phillies vs Miami Marlins;spread;away;1.5;-147;-146;0.28
2026-06-16T11:27:13.093034+00:00;Chicago Cubs vs Colorado Rockies;moneyline;home;;-175;-182;1.4
2026-06-16T11:27:13.093905+00:00;Chicago Cubs vs Colorado Rockies;moneyline;away;;157;163;2.33
2026-06-16T11:29:14.405208+00:00;New York Yankees vs Chicago White Sox;moneyline;away;;128;127;0.44
2026-06-16T11:33:15.101798+00:00;Cincinnati Reds vs New York Mets;total;under;9.5;-101;-100;0.5
2026-06-16T11:33:15.162460+00:00;Houston Astros vs Detroit Tigers;total;over;7.5;-114;-115;0.41
2026-06-16T11:33:15.163236+00:00;Houston Astros vs Detroit Tigers;total;under;7.5;-100;100;0.0
2026-06-16T11:37:16.536342+00:00;Washington Nationals vs Kansas City Royals;total;over;9.0;105;103;0.98
2026-06-16T11:37:16.537107+00:00;Washington Nationals vs Kansas City Royals;total;under;9.0;-120;-118;0.77
2026-06-16T11:41:17.654942+00:00;Arizona Diamondbacks vs Los Angeles Angels;moneyline;away;;-104;-103;0.48
2026-06-16T11:41:17.981046+00:00;Atlanta Braves vs San Francisco Giants;spread;away;1.5;-143;-142;0.29
2026-06-16T11:47:19.516814+00:00;Houston Astros vs Detroit Tigers;moneyline;home;;-147;-146;0.28
2026-06-16T11:47:19.517822+00:00;Houston Astros vs Detroit Tigers;total;over;7.5;-115;-116;0.4
2026-06-16T11:47:19.518471+00:00;Houston Astros vs Detroit Tigers;total;under;7.5;100;101;0.5
2026-06-16T11:53:20.927808+00:00;Milwaukee Brewers vs Cleveland Guardians;moneyline;home;;-144;-145;0.28
2026-06-16T11:53:20.928486+00:00;Milwaukee Brewers vs Cleveland Guardians;moneyline;away;;130;131;0.43
2026-06-16T11:53:20.929135+00:00;Milwaukee Brewers vs Cleveland Guardians;spread;home;-1.5;144;143;0.41
2026-06-16T11:53:20.929757+00:00;Milwaukee Brewers vs Cleveland Guardians;spread;away;1.5;-163;-162;0.23
2026-06-16T11:53:20.930338+00:00;Milwaukee Brewers vs Cleveland Guardians;total;over;8.5;-100;100;0.0
2026-06-16T11:55:21.554234+00:00;Arizona Diamondbacks vs Los Angeles Angels;moneyline;home;;-107;-106;0.46
2026-06-16T11:55:21.554933+00:00;Arizona Diamondbacks vs Los Angeles Angels;moneyline;away;;-103;-104;0.47
2026-06-16T11:55:21.555770+00:00;Arizona Diamondbacks vs Los Angeles Angels;spread;home;-1.5;186;187;0.35
2026-06-16T11:55:21.556392+00:00;Arizona Diamondbacks vs Los Angeles Angels;spread;away;1.5;-215;-217;0.29
2026-06-16T11:57:22.648743+00:00;Los Angeles Dodgers vs Tampa Bay Rays;total;under;8.5;-116;-115;0.4
2026-06-16T11:59:23.932758+00:00;New York Yankees vs Chicago White Sox;moneyline;home;;-141;-140;0.3
2026-06-16T11:59:23.933628+00:00;New York Yankees vs Chicago White Sox;moneyline;away;;127;126;0.44
2026-06-16T11:59:23.934523+00:00;New York Yankees vs Chicago White Sox;spread;home;-1.5;149;150;0.4
2026-06-16T11:59:23.935294+00:00;New York Yankees vs Chicago White Sox;spread;away;1.5;-170;-171;0.22
2026-06-16T12:01:24.277493+00:00;Texas Rangers vs Minnesota Twins;spread;home;-1.5;152;151;0.4
2026-06-16T12:01:24.278217+00:00;Texas Rangers vs Minnesota Twins;spread;away;1.5;-173;-172;0.21
2026-06-16T12:03:24.922973+00:00;Houston Astros vs Detroit Tigers;moneyline;home;;-146;-145;0.28
2026-06-16T12:03:24.923721+00:00;Houston Astros vs Detroit Tigers;moneyline;away;;132;133;0.43
2026-06-16T12:03:24.924340+00:00;Houston Astros vs Detroit Tigers;spread;home;-1.5;146;148;0.81
2026-06-16T12:03:24.925006+00:00;Houston Astros vs Detroit Tigers;spread;away;1.5;-166;-164;0.46
2026-06-16T12:03:24.925621+00:00;Houston Astros vs Detroit Tigers;total;over;7.5;-116;-115;0.4
2026-06-16T12:03:24.926267+00:00;Houston Astros vs Detroit Tigers;total;under;7.5;101;102;0.5
2026-06-16T12:03:25.169035+00:00;Cincinnati Reds vs New York Mets;moneyline;home;;106;107;0.49
2026-06-16T12:03:25.169714+00:00;Cincinnati Reds vs New York Mets;moneyline;away;;-117;-116;0.4
2026-06-16T12:03:25.170437+00:00;Cincinnati Reds vs New York Mets;spread;home;1.5;-148;-146;0.55
2026-06-16T12:03:25.171013+00:00;Cincinnati Reds vs New York Mets;spread;away;-1.5;131;132;0.43
2026-06-16T12:03:25.171660+00:00;Cincinnati Reds vs New York Mets;total;over;9.5;-114;-113;0.41
2026-06-16T12:03:25.172271+00:00;Cincinnati Reds vs New York Mets;total;under;9.5;-100;101;0.5
2026-06-16T12:05:25.928996+00:00;Seattle Mariners vs Baltimore Orioles;moneyline;home;;-146;-145;0.28
2026-06-16T12:05:25.929763+00:00;Seattle Mariners vs Baltimore Orioles;moneyline;away;;131;132;0.43
2026-06-16T12:05:25.930367+00:00;Seattle Mariners vs Baltimore Orioles;spread;home;-1.5;146;148;0.81
2026-06-16T12:05:25.930967+00:00;Seattle Mariners vs Baltimore Orioles;spread;away;1.5;-166;-164;0.46
2026-06-16T12:05:25.931579+00:00;Seattle Mariners vs Baltimore Orioles;total;over;7.5;-113;-111;0.85
2026-06-16T12:07:26.301653+00:00;Milwaukee Brewers vs Cleveland Guardians;moneyline;home;;-145;-144;0.28
2026-06-16T12:07:26.302440+00:00;Milwaukee Brewers vs Cleveland Guardians;moneyline;away;;131;132;0.43
2026-06-16T12:07:26.303097+00:00;Milwaukee Brewers vs Cleveland Guardians;spread;home;-1.5;143;145;0.82
2026-06-16T12:07:26.303694+00:00;Milwaukee Brewers vs Cleveland Guardians;spread;away;1.5;-162;-160;0.48
2026-06-16T12:07:26.304403+00:00;Milwaukee Brewers vs Cleveland Guardians;total;over;8.5;100;101;0.5
2026-06-16T12:07:26.305092+00:00;Milwaukee Brewers vs Cleveland Guardians;total;under;8.5;-115;-114;0.41
2026-06-16T12:07:26.626793+00:00;Washington Nationals vs Kansas City Royals;moneyline;home;;-127;-129;0.68
2026-06-16T12:07:26.627444+00:00;Washington Nationals vs Kansas City Royals;moneyline;away;;115;119;1.86
2026-06-16T12:07:26.628098+00:00;Washington Nationals vs Kansas City Royals;spread;home;-1.5;159;158;0.39
2026-06-16T12:07:26.628745+00:00;Washington Nationals vs Kansas City Royals;spread;away;1.5;-182;-177;1.0
2026-06-16T12:07:26.629355+00:00;Washington Nationals vs Kansas City Royals;total;over;9.0;103;104;0.49
2026-06-16T12:07:26.629968+00:00;Washington Nationals vs Kansas City Royals;total;under;9.0;-118;-117;0.39
2026-06-16T12:09:27.148580+00:00;Athletics vs Pittsburgh Pirates;moneyline;home;;-130;-129;0.34
2026-06-16T12:09:27.149355+00:00;Athletics vs Pittsburgh Pirates;moneyline;away;;117;118;0.46
2026-06-16T12:09:27.150058+00:00;Athletics vs Pittsburgh Pirates;spread;home;-1.5;150;152;0.8
2026-06-16T12:09:27.150712+00:00;Athletics vs Pittsburgh Pirates;spread;away;1.5;-171;-169;0.44
2026-06-16T12:09:27.151325+00:00;Athletics vs Pittsburgh Pirates;total;over;11.0;102;103;0.5
2026-06-16T12:09:27.151927+00:00;Athletics vs Pittsburgh Pirates;total;under;11.0;-117;-116;0.4
2026-06-16T12:11:27.548240+00:00;Atlanta Braves vs San Francisco Giants;moneyline;away;;144;147;1.23
2026-06-16T12:11:27.549225+00:00;Atlanta Braves vs San Francisco Giants;spread;away;1.5;-142;-139;0.89
2026-06-16T12:11:27.549942+00:00;Atlanta Braves vs San Francisco Giants;total;over;9.0;-108;-107;0.45
2026-06-16T12:11:27.550584+00:00;Atlanta Braves vs San Francisco Giants;total;under;9.0;-106;-105;0.46
2026-06-16T12:11:27.578216+00:00;Arizona Diamondbacks vs Los Angeles Angels;moneyline;home;;-106;-105;0.46
2026-06-16T12:11:27.578857+00:00;Arizona Diamondbacks vs Los Angeles Angels;moneyline;away;;-104;-103;0.48
2026-06-16T12:11:27.579531+00:00;Arizona Diamondbacks vs Los Angeles Angels;spread;home;-1.5;187;189;0.7
2026-06-16T12:11:27.580171+00:00;Arizona Diamondbacks vs Los Angeles Angels;spread;away;1.5;-217;-215;0.29
2026-06-16T12:11:27.580807+00:00;Arizona Diamondbacks vs Los Angeles Angels;total;over;8.5;-116;-115;0.4
2026-06-16T12:11:27.581445+00:00;Arizona Diamondbacks vs Los Angeles Angels;total;under;8.5;101;102;0.5
2026-06-16T12:11:27.667565+00:00;Chicago Cubs vs Colorado Rockies;moneyline;away;;163;166;1.14
2026-06-16T12:11:27.880191+00:00;Philadelphia Phillies vs Miami Marlins;moneyline;home;;-165;-163;0.46
2026-06-16T12:11:27.880893+00:00;Philadelphia Phillies vs Miami Marlins;moneyline;away;;148;150;0.81
2026-06-16T12:11:27.881557+00:00;Philadelphia Phillies vs Miami Marlins;spread;home;-1.5;129;130;0.44
2026-06-16T12:11:27.882332+00:00;Philadelphia Phillies vs Miami Marlins;spread;away;1.5;-146;-145;0.28
2026-06-16T12:11:27.883150+00:00;Philadelphia Phillies vs Miami Marlins;total;over;8.0;-106;-105;0.46
2026-06-16T12:11:27.883841+00:00;Philadelphia Phillies vs Miami Marlins;total;under;8.0;-108;-107;0.45
2026-06-16T12:11:27.948932+00:00;Los Angeles Dodgers vs Tampa Bay Rays;moneyline;home;;-142;-141;0.29
2026-06-16T12:11:27.949614+00:00;Los Angeles Dodgers vs Tampa Bay Rays;moneyline;away;;128;129;0.44
2026-06-16T12:11:27.950250+00:00;Los Angeles Dodgers vs Tampa Bay Rays;spread;home;-1.5;146;148;0.81
2026-06-16T12:11:27.950854+00:00;Los Angeles Dodgers vs Tampa Bay Rays;spread;away;1.5;-166;-164;0.46
2026-06-16T12:11:27.951460+00:00;Los Angeles Dodgers vs Tampa Bay Rays;total;over;8.5;101;102;0.5
2026-06-16T12:11:27.952055+00:00;Los Angeles Dodgers vs Tampa Bay Rays;total;under;8.5;-115;-114;0.41
2026-06-16T12:11:28.012950+00:00;St. Louis Cardinals vs San Diego Padres;moneyline;home;;-112;-111;0.42
2026-06-16T12:11:28.013758+00:00;St. Louis Cardinals vs San Diego Padres;moneyline;away;;101;102;0.5
2026-06-16T12:11:28.014507+00:00;St. Louis Cardinals vs San Diego Padres;spread;home;-1.5;186;188;0.7
2026-06-16T12:11:28.015417+00:00;St. Louis Cardinals vs San Diego Padres;spread;away;1.5;-215;-213;0.3
2026-06-16T12:11:28.016440+00:00;St. Louis Cardinals vs San Diego Padres;total;over;8.0;-107;-106;0.46
2026-06-16T12:11:28.017323+00:00;St. Louis Cardinals vs San Diego Padres;total;under;8.0;-107;-106;0.46
2026-06-16T12:15:28.740751+00:00;Texas Rangers vs Minnesota Twins;moneyline;home;;-137;-136;0.31
2026-06-16T12:15:28.741453+00:00;Texas Rangers vs Minnesota Twins;moneyline;away;;124;125;0.45
2026-06-16T12:15:28.742093+00:00;Texas Rangers vs Minnesota Twins;spread;home;-1.5;151;153;0.8
2026-06-16T12:15:28.743050+00:00;Texas Rangers vs Minnesota Twins;spread;away;1.5;-172;-170;0.43
2026-06-16T12:15:28.743932+00:00;Texas Rangers vs Minnesota Twins;total;over;8.0;-113;-112;0.42
2026-06-16T12:15:28.744855+00:00;Texas Rangers vs Minnesota Twins;total;under;8.0;-101;-100;0.5
2026-06-16T12:15:28.999446+00:00;New York Yankees vs Chicago White Sox;moneyline;home;;-140;-139;0.3
2026-06-16T12:15:29.000236+00:00;New York Yankees vs Chicago White Sox;moneyline;away;;126;127;0.44
2026-06-16T12:15:29.000855+00:00;New York Yankees vs Chicago White Sox;spread;home;-1.5;150;152;0.8
2026-06-16T12:15:29.001498+00:00;New York Yankees vs Chicago White Sox;spread;away;1.5;-171;-169;0.44
2026-06-16T12:15:29.002183+00:00;New York Yankees vs Chicago White Sox;total;over;8.0;101;102;0.5
2026-06-16T12:15:29.002853+00:00;New York Yankees vs Chicago White Sox;total;under;8.0;-116;-115;0.4
2026-06-16T12:19:30.017060+00:00;Cincinnati Reds vs New York Mets;spread;home;1.5;-146;-145;0.28
2026-06-16T12:19:30.017842+00:00;Cincinnati Reds vs New York Mets;spread;away;-1.5;132;131;0.43
2026-06-16T12:21:30.677084+00:00;Washington Nationals vs Kansas City Royals;moneyline;home;;-129;-131;0.67
2026-06-16T12:21:30.678361+00:00;Washington Nationals vs Kansas City Royals;moneyline;away;;119;120;0.46
2026-06-16T12:21:30.679241+00:00;Washington Nationals vs Kansas City Royals;spread;home;-1.5;158;157;0.39
2026-06-16T12:21:30.680132+00:00;Washington Nationals vs Kansas City Royals;spread;away;1.5;-177;-175;0.41
2026-06-16T12:21:30.790932+00:00;Seattle Mariners vs Baltimore Orioles;moneyline;home;;-145;-144;0.28
2026-06-16T12:21:30.791585+00:00;Seattle Mariners vs Baltimore Orioles;moneyline;away;;132;133;0.43
2026-06-16T12:21:30.792245+00:00;Seattle Mariners vs Baltimore Orioles;spread;home;-1.5;148;149;0.4
2026-06-16T12:21:30.793148+00:00;Seattle Mariners vs Baltimore Orioles;spread;away;1.5;-164;-166;0.46
2026-06-16T12:21:30.793851+00:00;Seattle Mariners vs Baltimore Orioles;total;over;7.5;-111;-100;5.21
2026-06-16T12:21:30.796351+00:00;Seattle Mariners vs Baltimore Orioles;total;under;7.5;-101;-112;4.89
2026-06-16T12:23:31.034165+00:00;Milwaukee Brewers vs Cleveland Guardians;moneyline;home;;-144;-143;0.29
2026-06-16T12:23:31.035249+00:00;Milwaukee Brewers vs Cleveland Guardians;spread;home;-1.5;145;144;0.41
2026-06-16T12:23:31.036340+00:00;Milwaukee Brewers vs Cleveland Guardians;spread;away;1.5;-160;-161;0.24
2026-06-16T12:23:31.037032+00:00;Milwaukee Brewers vs Cleveland Guardians;total;under;8.5;-114;-113;0.41
2026-06-16T12:25:31.668325+00:00;Arizona Diamondbacks vs Los Angeles Angels;spread;home;-1.5;189;188;0.35
2026-06-16T12:25:31.669103+00:00;Arizona Diamondbacks vs Los Angeles Angels;spread;away;1.5;-215;-213;0.3
2026-06-16T12:25:31.802322+00:00;Athletics vs Pittsburgh Pirates;moneyline;home;;-129;-134;1.63
2026-06-16T12:25:31.803067+00:00;Athletics vs Pittsburgh Pirates;moneyline;away;;118;124;2.75
2026-06-16T12:25:31.803798+00:00;Athletics vs Pittsburgh Pirates;spread;home;-1.5;152;147;1.98
2026-06-16T12:25:31.804395+00:00;Athletics vs Pittsburgh Pirates;spread;away;1.5;-169;-163;1.37
2026-06-16T12:25:32.046054+00:00;Atlanta Braves vs San Francisco Giants;moneyline;home;;-160;-161;0.24
2026-06-16T12:25:32.046683+00:00;Atlanta Braves vs San Francisco Giants;moneyline;away;;147;148;0.4
2026-06-16T12:25:32.047322+00:00;Atlanta Braves vs San Francisco Giants;spread;home;-1.5;126;125;0.44
2026-06-16T12:25:32.048023+00:00;Atlanta Braves vs San Francisco Giants;spread;away;1.5;-139;-138;0.3
2026-06-16T12:27:32.231520+00:00;Chicago Cubs vs Colorado Rockies;moneyline;home;;-182;-183;0.19
2026-06-16T12:27:32.232263+00:00;Chicago Cubs vs Colorado Rockies;moneyline;away;;166;167;0.38
2026-06-16T12:27:32.232911+00:00;Chicago Cubs vs Colorado Rockies;spread;home;-1.5;112;111;0.47
2026-06-16T12:27:32.233511+00:00;Chicago Cubs vs Colorado Rockies;spread;away;1.5;-123;-122;0.37
2026-06-16T12:27:32.456701+00:00;Philadelphia Phillies vs Miami Marlins;moneyline;home;;-163;-167;0.91
2026-06-16T12:27:32.457374+00:00;Philadelphia Phillies vs Miami Marlins;moneyline;away;;150;153;1.2
2026-06-16T12:27:32.458054+00:00;Philadelphia Phillies vs Miami Marlins;spread;home;-1.5;130;126;1.74
2026-06-16T12:27:32.458738+00:00;Philadelphia Phillies vs Miami Marlins;spread;away;1.5;-145;-140;1.46
2026-06-16T12:27:32.596950+00:00;St. Louis Cardinals vs San Diego Padres;moneyline;away;;102;103;0.5
2026-06-16T12:27:32.597668+00:00;St. Louis Cardinals vs San Diego Padres;spread;away;1.5;-213;-212;0.15
2026-06-16T12:27:32.698561+00:00;Los Angeles Dodgers vs Tampa Bay Rays;moneyline;away;;129;130;0.44
2026-06-16T12:27:32.699310+00:00;Los Angeles Dodgers vs Tampa Bay Rays;spread;away;1.5;-164;-165;0.23
2026-06-16T12:29:33.159976+00:00;Boston Red Sox vs Toronto Blue Jays;spread;home;1.5;-162;-165;0.69
2026-06-16T12:29:33.160734+00:00;Boston Red Sox vs Toronto Blue Jays;spread;away;-1.5;143;145;0.82
2026-06-16T12:29:33.161406+00:00;Boston Red Sox vs Toronto Blue Jays;total;over;7.5;-112;-102;4.62
2026-06-16T12:29:33.162491+00:00;Boston Red Sox vs Toronto Blue Jays;total;under;7.5;-102;-112;4.42
2026-06-16T12:29:33.484455+00:00;New York Yankees vs Chicago White Sox;moneyline;home;;-139;-138;0.3
2026-06-16T12:29:33.485596+00:00;New York Yankees vs Chicago White Sox;spread;away;1.5;-169;-170;0.22
2026-06-16T12:29:33.486404+00:00;New York Yankees vs Chicago White Sox;total;over;7.5;-117;-115;0.8
2026-06-16T12:31:33.722003+00:00;Texas Rangers vs Minnesota Twins;spread;home;-1.5;153;152;0.4
2026-06-16T12:31:33.722718+00:00;Texas Rangers vs Minnesota Twins;total;over;8.5;101;-102;1.47
2026-06-16T12:31:33.723332+00:00;Texas Rangers vs Minnesota Twins;total;under;8.5;-116;-111;2.09
2026-06-16T12:33:34.454672+00:00;Cincinnati Reds vs New York Mets;moneyline;home;;107;108;0.48
2026-06-16T12:33:34.644213+00:00;Houston Astros vs Detroit Tigers;spread;home;-1.5;148;147;0.4
2026-06-16T12:33:34.645265+00:00;Houston Astros vs Detroit Tigers;spread;away;1.5;-164;-163;0.23
2026-06-16T12:35:35.170697+00:00;Seattle Mariners vs Baltimore Orioles;moneyline;home;;-144;-147;0.84
2026-06-16T12:35:35.171473+00:00;Seattle Mariners vs Baltimore Orioles;moneyline;away;;133;135;0.86
2026-06-16T12:35:35.172147+00:00;Seattle Mariners vs Baltimore Orioles;spread;home;-1.5;149;148;0.4
2026-06-16T12:35:35.172773+00:00;Seattle Mariners vs Baltimore Orioles;spread;away;1.5;-166;-164;0.46
2026-06-16T12:35:35.173379+00:00;Seattle Mariners vs Baltimore Orioles;total;over;7.5;-100;101;0.5
2026-06-16T12:35:35.174019+00:00;Seattle Mariners vs Baltimore Orioles;total;under;7.5;-112;-114;0.83
2026-06-16T12:37:35.443807+00:00;Washington Nationals vs Kansas City Royals;moneyline;away;;120;121;0.45
2026-06-16T12:37:35.444595+00:00;Washington Nationals vs Kansas City Royals;spread;home;-1.5;157;156;0.39
2026-06-16T12:37:35.445286+00:00;Washington Nationals vs Kansas City Royals;spread;away;1.5;-175;-174;0.21
2026-06-16T12:37:36.008116+00:00;Milwaukee Brewers vs Cleveland Guardians;moneyline;home;;-143;-148;1.39
2026-06-16T12:37:36.008786+00:00;Milwaukee Brewers vs Cleveland Guardians;moneyline;away;;132;136;1.72
2026-06-16T12:37:36.009420+00:00;Milwaukee Brewers vs Cleveland Guardians;spread;home;-1.5;144;141;1.23
2026-06-16T12:37:36.010063+00:00;Milwaukee Brewers vs Cleveland Guardians;spread;away;1.5;-161;-157;0.98
2026-06-16T12:37:36.010733+00:00;Milwaukee Brewers vs Cleveland Guardians;total;over;8.5;101;100;0.5
2026-06-16T12:39:36.348321+00:00;Athletics vs Pittsburgh Pirates;moneyline;away;;124;123;0.45
2026-06-16T12:39:36.349074+00:00;Athletics vs Pittsburgh Pirates;spread;away;1.5;-163;-164;0.23
2026-06-16T12:41:37.000094+00:00;St. Louis Cardinals vs San Diego Padres;moneyline;home;;-111;-109;0.87
2026-06-16T12:41:37.000924+00:00;St. Louis Cardinals vs San Diego Padres;moneyline;away;;103;100;1.48
2026-06-16T12:41:37.001679+00:00;St. Louis Cardinals vs San Diego Padres;spread;home;-1.5;188;190;0.69
2026-06-16T12:41:37.002380+00:00;St. Louis Cardinals vs San Diego Padres;spread;away;1.5;-212;-215;0.45
2026-06-16T12:41:37.086676+00:00;Arizona Diamondbacks vs Los Angeles Angels;spread;home;-1.5;188;189;0.35
2026-06-16T12:41:37.149030+00:00;Atlanta Braves vs San Francisco Giants;moneyline;home;;-161;-159;0.48
2026-06-16T12:41:37.149682+00:00;Atlanta Braves vs San Francisco Giants;moneyline;away;;148;146;0.81
2026-06-16T12:41:37.150298+00:00;Atlanta Braves vs San Francisco Giants;spread;home;-1.5;125;126;0.44
2026-06-16T12:41:37.150930+00:00;Atlanta Braves vs San Francisco Giants;spread;away;1.5;-138;-140;0.6
2026-06-16T12:41:37.151586+00:00;Atlanta Braves vs San Francisco Giants;total;over;9.0;-107;-106;0.46
2026-06-16T12:41:37.152215+00:00;Atlanta Braves vs San Francisco Giants;total;under;9.0;-105;-106;0.46
2026-06-16T12:41:37.257494+00:00;Philadelphia Phillies vs Miami Marlins;moneyline;home;;-167;-163;0.92
2026-06-16T12:41:37.258128+00:00;Philadelphia Phillies vs Miami Marlins;moneyline;away;;153;150;1.19
2026-06-16T12:41:37.258786+00:00;Philadelphia Phillies vs Miami Marlins;spread;home;-1.5;126;128;0.88
2026-06-16T12:41:37.259437+00:00;Philadelphia Phillies vs Miami Marlins;spread;away;1.5;-140;-142;0.59
2026-06-16T12:41:37.260152+00:00;Philadelphia Phillies vs Miami Marlins;total;over;8.0;-105;-106;0.46
2026-06-16T12:41:37.260730+00:00;Philadelphia Phillies vs Miami Marlins;total;under;8.0;-107;-106;0.46
2026-06-16T12:41:37.347434+00:00;Los Angeles Dodgers vs Tampa Bay Rays;moneyline;home;;-141;-138;0.9
2026-06-16T12:41:37.348063+00:00;Los Angeles Dodgers vs Tampa Bay Rays;moneyline;away;;130;127;1.3
2026-06-16T12:41:37.348657+00:00;Los Angeles Dodgers vs Tampa Bay Rays;spread;home;-1.5;148;149;0.4
2026-06-16T12:41:37.349248+00:00;Los Angeles Dodgers vs Tampa Bay Rays;spread;away;1.5;-165;-166;0.23
2026-06-16T12:41:37.433024+00:00;Chicago Cubs vs Colorado Rockies;spread;home;-1.5;111;110;0.47
2026-06-16T12:41:37.433738+00:00;Chicago Cubs vs Colorado Rockies;total;over;9.5;-107;-108;0.45
2026-06-16T12:41:37.434395+00:00;Chicago Cubs vs Colorado Rockies;total;under;9.5;-105;-104;0.47
2026-06-16T12:43:37.766629+00:00;Boston Red Sox vs Toronto Blue Jays;moneyline;home;;105;108;1.46
2026-06-16T12:43:37.767393+00:00;Boston Red Sox vs Toronto Blue Jays;moneyline;away;;-116;-119;1.17
2026-06-16T12:43:37.768045+00:00;Boston Red Sox vs Toronto Blue Jays;spread;home;1.5;-165;-161;0.94
2026-06-16T12:43:37.768810+00:00;Boston Red Sox vs Toronto Blue Jays;spread;away;-1.5;145;142;1.22
2026-06-16T12:45:38.832610+00:00;Texas Rangers vs Minnesota Twins;moneyline;home;;-136;-127;3.0
2026-06-16T12:45:38.833740+00:00;Texas Rangers vs Minnesota Twins;moneyline;away;;125;118;3.11
2026-06-16T12:45:38.834865+00:00;Texas Rangers vs Minnesota Twins;spread;home;-1.5;152;159;2.78
2026-06-16T12:45:38.835464+00:00;Texas Rangers vs Minnesota Twins;spread;away;1.5;-170;-178;1.66
2026-06-16T12:45:38.836107+00:00;Texas Rangers vs Minnesota Twins;total;under;8.5;-111;-110;0.43
2026-06-16T12:45:38.899644+00:00;New York Yankees vs Chicago White Sox;moneyline;home;;-138;-137;0.31
2026-06-16T12:45:38.900311+00:00;New York Yankees vs Chicago White Sox;moneyline;away;;127;126;0.44
2026-06-16T12:45:38.900951+00:00;New York Yankees vs Chicago White Sox;spread;home;-1.5;152;153;0.4
2026-06-16T12:45:38.901579+00:00;New York Yankees vs Chicago White Sox;spread;away;1.5;-170;-171;0.22
2026-06-16T12:51:41.333939+00:00;Seattle Mariners vs Baltimore Orioles;moneyline;home;;-147;-149;0.54
2026-06-16T12:51:41.334657+00:00;Seattle Mariners vs Baltimore Orioles;moneyline;away;;135;137;0.85
2026-06-16T12:51:41.335323+00:00;Seattle Mariners vs Baltimore Orioles;spread;home;-1.5;148;146;0.81
2026-06-16T12:51:41.335953+00:00;Seattle Mariners vs Baltimore Orioles;spread;away;1.5;-164;-163;0.23
2026-06-16T12:55:42.388311+00:00;Atlanta Braves vs San Francisco Giants;spread;away;1.5;-140;-139;0.3
2026-06-16T12:55:42.389053+00:00;Atlanta Braves vs San Francisco Giants;total;over;9.0;-106;-107;0.45
2026-06-16T12:55:42.389725+00:00;Atlanta Braves vs San Francisco Giants;total;under;9.0;-106;-105;0.46
2026-06-16T12:57:43.557364+00:00;Los Angeles Dodgers vs Tampa Bay Rays;moneyline;home;;-138;-139;0.3
2026-06-16T12:57:43.558145+00:00;Los Angeles Dodgers vs Tampa Bay Rays;moneyline;away;;127;128;0.44
2026-06-16T13:01:44.972836+00:00;Texas Rangers vs Minnesota Twins;moneyline;away;;118;117;0.46
2026-06-16T13:07:47.491741+00:00;Washington Nationals vs Kansas City Royals;spread;home;-1.5;156;155;0.39
2026-06-16T13:07:47.492548+00:00;Washington Nationals vs Kansas City Royals;spread;away;1.5;-174;-173;0.21
2026-06-16T13:09:48.495016+00:00;Athletics vs Pittsburgh Pirates;moneyline;home;;-134;-133;0.32
2026-06-16T13:09:48.495794+00:00;Athletics vs Pittsburgh Pirates;total;under;11.0;-116;-115;0.4
2026-06-16T13:11:49.002370+00:00;Los Angeles Dodgers vs Tampa Bay Rays;moneyline;home;;-139;-138;0.3
2026-06-16T13:11:49.003113+00:00;Los Angeles Dodgers vs Tampa Bay Rays;moneyline;away;;128;127;0.44
2026-06-16T13:11:49.099987+00:00;Arizona Diamondbacks vs Los Angeles Angels;moneyline;home;;-105;-106;0.46
2026-06-16T13:11:49.100639+00:00;Arizona Diamondbacks vs Los Angeles Angels;moneyline;away;;-103;-102;0.48
2026-06-16T13:11:49.101313+00:00;Arizona Diamondbacks vs Los Angeles Angels;spread;home;-1.5;189;188;0.35
2026-06-16T13:11:49.202639+00:00;Chicago Cubs vs Colorado Rockies;moneyline;home;;-183;-184;0.19
2026-06-16T13:11:49.203308+00:00;Chicago Cubs vs Colorado Rockies;moneyline;away;;167;168;0.37
2026-06-16T13:11:49.271166+00:00;Philadelphia Phillies vs Miami Marlins;moneyline;home;;-163;-162;0.23
2026-06-16T13:11:49.271870+00:00;Philadelphia Phillies vs Miami Marlins;moneyline;away;;150;149;0.4
2026-06-16T13:11:49.272604+00:00;Philadelphia Phillies vs Miami Marlins;spread;home;-1.5;128;129;0.44
2026-06-16T13:13:50.102444+00:00;Boston Red Sox vs Toronto Blue Jays;moneyline;home;;108;107;0.48
2026-06-16T13:13:50.103269+00:00;Boston Red Sox vs Toronto Blue Jays;moneyline;away;;-119;-118;0.39
2026-06-16T13:13:50.103976+00:00;Boston Red Sox vs Toronto Blue Jays;spread;home;1.5;-161;-162;0.24
2026-06-16T13:13:50.104650+00:00;Boston Red Sox vs Toronto Blue Jays;spread;away;-1.5;142;143;0.41
2026-06-16T13:17:51.338381+00:00;Houston Astros vs Detroit Tigers;spread;away;1.5;-163;-164;0.23
2026-06-16T13:19:52.420868+00:00;Cincinnati Reds vs New York Mets;moneyline;away;;-116;-117;0.4
2026-06-16T13:19:52.421957+00:00;Cincinnati Reds vs New York Mets;spread;home;1.5;-145;-144;0.28
2026-06-16T13:19:52.422607+00:00;Cincinnati Reds vs New York Mets;spread;away;-1.5;131;130;0.43
2026-06-16T13:21:52.911507+00:00;Washington Nationals vs Kansas City Royals;moneyline;home;;-131;-132;0.33
2026-06-16T13:21:52.912263+00:00;Washington Nationals vs Kansas City Royals;moneyline;away;;121;122;0.45
2026-06-16T13:21:52.912945+00:00;Washington Nationals vs Kansas City Royals;spread;home;-1.5;155;154;0.39
2026-06-16T13:21:52.913541+00:00;Washington Nationals vs Kansas City Royals;spread;away;1.5;-173;-172;0.21
2026-06-16T13:25:54.277511+00:00;Athletics vs Pittsburgh Pirates;spread;home;-1.5;147;148;0.4
2026-06-16T13:25:54.495759+00:00;Arizona Diamondbacks vs Los Angeles Angels;spread;away;1.5;-213;-212;0.15
2026-06-16T13:27:55.008283+00:00;Philadelphia Phillies vs Miami Marlins;moneyline;home;;-162;-163;0.23
2026-06-16T13:27:55.009070+00:00;Philadelphia Phillies vs Miami Marlins;moneyline;away;;149;150;0.4
2026-06-16T13:27:55.009813+00:00;Philadelphia Phillies vs Miami Marlins;spread;home;-1.5;129;128;0.44
2026-06-16T13:27:55.531984+00:00;Los Angeles Dodgers vs Tampa Bay Rays;moneyline;home;;-138;-149;3.1
2026-06-16T13:27:55.533121+00:00;Los Angeles Dodgers vs Tampa Bay Rays;moneyline;away;;127;137;4.41
2026-06-16T13:27:55.534205+00:00;Los Angeles Dodgers vs Tampa Bay Rays;spread;home;-1.5;149;142;2.81
2026-06-16T13:27:55.534767+00:00;Los Angeles Dodgers vs Tampa Bay Rays;spread;away;1.5;-166;-158;1.9
2026-06-16T13:29:56.447367+00:00;Boston Red Sox vs Toronto Blue Jays;moneyline;away;;-118;-116;0.79
2026-06-16T13:29:56.448127+00:00;Boston Red Sox vs Toronto Blue Jays;spread;home;1.5;-162;-161;0.24
2026-06-16T13:29:56.448759+00:00;Boston Red Sox vs Toronto Blue Jays;spread;away;-1.5;143;145;0.82
2026-06-16T13:29:56.449409+00:00;Boston Red Sox vs Toronto Blue Jays;total;over;7.5;-102;-101;0.49
2026-06-16T13:29:56.449988+00:00;Boston Red Sox vs Toronto Blue Jays;total;under;7.5;-112;-111;0.42
2026-06-16T13:33:57.532046+00:00;Houston Astros vs Detroit Tigers;moneyline;home;;-145;-144;0.28
2026-06-16T13:33:57.532794+00:00;Houston Astros vs Detroit Tigers;spread;home;-1.5;147;146;0.4
2026-06-16T13:33:57.533488+00:00;Houston Astros vs Detroit Tigers;spread;away;1.5;-164;-163;0.23
2026-06-16T13:33:57.534109+00:00;Houston Astros vs Detroit Tigers;total;over;8.0;-105;-113;3.45
2026-06-16T13:33:57.535305+00:00;Houston Astros vs Detroit Tigers;total;under;8.0;-107;101;3.9
2026-06-16T13:42:00.469671+00:00;Philadelphia Phillies vs Miami Marlins;moneyline;home;;-163;-164;0.23
2026-06-16T13:42:00.470374+00:00;Philadelphia Phillies vs Miami Marlins;total;over;8.0;-106;-105;0.46
2026-06-16T13:42:00.470996+00:00;Philadelphia Phillies vs Miami Marlins;total;under;8.0;-106;-107;0.45
2026-06-16T13:42:00.905981+00:00;Los Angeles Dodgers vs Tampa Bay Rays;moneyline;home;;-149;-148;0.27
2026-06-16T13:42:00.906594+00:00;Los Angeles Dodgers vs Tampa Bay Rays;moneyline;away;;137;136;0.42
2026-06-16T13:42:00.907228+00:00;Los Angeles Dodgers vs Tampa Bay Rays;spread;home;-1.5;142;143;0.41
2026-06-16T13:42:01.013627+00:00;Chicago Cubs vs Colorado Rockies;spread;away;1.5;-122;-121;0.37
2026-06-16T13:42:01.122302+00:00;Arizona Diamondbacks vs Los Angeles Angels;spread;home;-1.5;188;187;0.35
2026-06-16T13:44:01.795492+00:00;Boston Red Sox vs Toronto Blue Jays;moneyline;home;;107;108;0.48
2026-06-16T13:44:01.796199+00:00;Boston Red Sox vs Toronto Blue Jays;moneyline;away;;-116;-117;0.4
2026-06-16T13:44:01.796943+00:00;Boston Red Sox vs Toronto Blue Jays;spread;home;1.5;-161;-160;0.24
2026-06-16T13:44:01.797572+00:00;Boston Red Sox vs Toronto Blue Jays;spread;away;-1.5;145;144;0.41
2026-06-16T13:46:02.528810+00:00;Texas Rangers vs Minnesota Twins;moneyline;home;;-127;-129;0.68
2026-06-16T13:46:02.529489+00:00;Texas Rangers vs Minnesota Twins;moneyline;away;;117;119;0.92
2026-06-16T13:46:02.530041+00:00;Texas Rangers vs Minnesota Twins;spread;home;-1.5;159;158;0.39
2026-06-16T13:46:02.530577+00:00;Texas Rangers vs Minnesota Twins;spread;away;1.5;-178;-177;0.2
2026-06-16T13:48:03.154684+00:00;Houston Astros vs Detroit Tigers;moneyline;home;;-144;-151;1.9
2026-06-16T13:48:03.155446+00:00;Houston Astros vs Detroit Tigers;moneyline;away;;133;139;2.58
2026-06-16T13:48:03.156086+00:00;Houston Astros vs Detroit Tigers;spread;home;-1.5;146;142;1.63
2026-06-16T13:48:03.156658+00:00;Houston Astros vs Detroit Tigers;spread;away;1.5;-163;-158;1.2
2026-06-16T13:52:04.640956+00:00;Washington Nationals vs Kansas City Royals;moneyline;home;;-132;-135;0.96
2026-06-16T13:52:04.641559+00:00;Washington Nationals vs Kansas City Royals;moneyline;away;;122;124;0.9
2026-06-16T13:52:04.642240+00:00;Washington Nationals vs Kansas City Royals;spread;home;-1.5;154;151;1.18
2026-06-16T13:52:04.642804+00:00;Washington Nationals vs Kansas City Royals;spread;away;1.5;-172;-169;0.65
2026-06-16T13:52:04.897185+00:00;Seattle Mariners vs Baltimore Orioles;spread;home;-1.5;146;147;0.41
2026-06-16T13:54:05.133869+00:00;Milwaukee Brewers vs Cleveland Guardians;moneyline;home;;-148;-146;0.55
2026-06-16T13:54:05.134469+00:00;Milwaukee Brewers vs Cleveland Guardians;moneyline;away;;136;135;0.42
2026-06-16T13:54:05.135084+00:00;Milwaukee Brewers vs Cleveland Guardians;spread;home;-1.5;141;143;0.83
2026-06-16T13:54:05.135679+00:00;Milwaukee Brewers vs Cleveland Guardians;spread;away;1.5;-157;-159;0.49
2026-06-16T13:56:06.258029+00:00;Athletics vs Pittsburgh Pirates;total;over;11.0;103;102;0.49
2026-06-16T13:56:06.258671+00:00;Athletics vs Pittsburgh Pirates;total;under;11.0;-115;-114;0.41
2026-06-16T13:58:06.494770+00:00;St. Louis Cardinals vs San Diego Padres;moneyline;away;;100;101;0.5
2026-06-16T13:58:06.935482+00:00;Philadelphia Phillies vs Miami Marlins;moneyline;home;;-164;-163;0.23
2026-06-16T13:58:06.936123+00:00;Philadelphia Phillies vs Miami Marlins;moneyline;away;;150;149;0.4
2026-06-16T14:00:07.328719+00:00;New York Yankees vs Chicago White Sox;total;under;7.5;102;103;0.5
2026-06-16T14:02:08.359029+00:00;Texas Rangers vs Minnesota Twins;spread;away;1.5;-177;-176;0.21
2026-06-16T14:04:09.064094+00:00;Houston Astros vs Detroit Tigers;moneyline;home;;-151;-153;0.52
2026-06-16T14:04:09.064730+00:00;Houston Astros vs Detroit Tigers;moneyline;away;;139;140;0.42
2026-06-16T14:04:09.065315+00:00;Houston Astros vs Detroit Tigers;spread;home;-1.5;142;140;0.83
2026-06-16T14:04:09.065904+00:00;Houston Astros vs Detroit Tigers;spread;away;1.5;-158;-156;0.5
2026-06-16T14:04:09.243208+00:00;Cincinnati Reds vs New York Mets;spread;home;1.5;-144;-145;0.28
2026-06-16T14:04:09.243846+00:00;Cincinnati Reds vs New York Mets;spread;away;-1.5;130;131;0.43
2026-06-16T14:04:09.244494+00:00;Cincinnati Reds vs New York Mets;total;over;10.0;-101;102;1.5
2026-06-16T14:04:09.244996+00:00;Cincinnati Reds vs New York Mets;total;under;10.0;-111;-114;1.25
2026-06-16T14:08:10.530479+00:00;Washington Nationals vs Kansas City Royals;moneyline;home;;-135;-136;0.31
2026-06-16T14:08:10.531161+00:00;Washington Nationals vs Kansas City Royals;moneyline;away;;124;125;0.45
2026-06-16T14:08:10.531866+00:00;Washington Nationals vs Kansas City Royals;spread;home;-1.5;151;150;0.4
2026-06-16T14:08:10.532486+00:00;Washington Nationals vs Kansas City Royals;spread;away;1.5;-169;-168;0.22
2026-06-16T14:12:11.784771+00:00;Philadelphia Phillies vs Miami Marlins;moneyline;away;;149;150;0.4
2026-06-16T14:12:11.968795+00:00;Atlanta Braves vs San Francisco Giants;moneyline;home;;-159;-160;0.24
2026-06-16T14:12:11.969429+00:00;Atlanta Braves vs San Francisco Giants;moneyline;away;;146;147;0.41
2026-06-16T14:12:11.969984+00:00;Atlanta Braves vs San Francisco Giants;spread;home;-1.5;126;125;0.44
2026-06-16T14:12:11.970514+00:00;Atlanta Braves vs San Francisco Giants;spread;away;1.5;-139;-138;0.3
2026-06-16T14:12:12.112541+00:00;Arizona Diamondbacks vs Los Angeles Angels;moneyline;home;;-106;-107;0.45
2026-06-16T14:12:12.113118+00:00;Arizona Diamondbacks vs Los Angeles Angels;moneyline;away;;-102;-101;0.49
2026-06-16T14:12:12.113656+00:00;Arizona Diamondbacks vs Los Angeles Angels;spread;away;1.5;-212;-211;0.15
2026-06-16T14:12:12.407171+00:00;Los Angeles Dodgers vs Tampa Bay Rays;spread;home;-1.5;143;142;0.41
2026-06-16T14:14:13.184615+00:00;Boston Red Sox vs Toronto Blue Jays;moneyline;home;;108;107;0.48
2026-06-16T14:14:13.185278+00:00;Boston Red Sox vs Toronto Blue Jays;moneyline;away;;-117;-116;0.4
2026-06-16T14:14:13.185858+00:00;Boston Red Sox vs Toronto Blue Jays;spread;home;1.5;-160;-161;0.24
2026-06-16T14:14:13.186360+00:00;Boston Red Sox vs Toronto Blue Jays;spread;away;-1.5;144;145;0.41
2026-06-16T14:14:13.186918+00:00;Boston Red Sox vs Toronto Blue Jays;total;over;7.5;-101;-102;0.49
2026-06-16T14:14:13.187507+00:00;Boston Red Sox vs Toronto Blue Jays;total;under;7.5;-111;-110;0.43
2026-06-16T14:16:13.520167+00:00;Texas Rangers vs Minnesota Twins;moneyline;home;;-129;-130;0.34
2026-06-16T14:16:13.520792+00:00;Texas Rangers vs Minnesota Twins;moneyline;away;;119;120;0.46
2026-06-16T14:16:13.521449+00:00;Texas Rangers vs Minnesota Twins;spread;home;-1.5;158;157;0.39
2026-06-16T14:16:13.522018+00:00;Texas Rangers vs Minnesota Twins;spread;away;1.5;-176;-175;0.21
2026-06-16T14:18:15.261072+00:00;Houston Astros vs Detroit Tigers;moneyline;home;;-153;-163;2.42
2026-06-16T14:18:15.261622+00:00;Houston Astros vs Detroit Tigers;moneyline;away;;140;149;3.75
2026-06-16T14:18:15.262589+00:00;Houston Astros vs Detroit Tigers;spread;home;-1.5;140;134;2.5
2026-06-16T14:18:15.263117+00:00;Houston Astros vs Detroit Tigers;spread;away;1.5;-156;-149;1.84
2026-06-16T14:22:16.152599+00:00;Washington Nationals vs Kansas City Royals;moneyline;home;;-136;-135;0.31
2026-06-16T14:22:16.153537+00:00;Washington Nationals vs Kansas City Royals;moneyline;away;;125;124;0.44
2026-06-16T14:22:16.154252+00:00;Washington Nationals vs Kansas City Royals;spread;home;-1.5;150;151;0.4
2026-06-16T14:22:16.510566+00:00;Seattle Mariners vs Baltimore Orioles;spread;home;-1.5;147;146;0.4
2026-06-16T14:22:16.511170+00:00;Seattle Mariners vs Baltimore Orioles;total;over;7.5;101;100;0.5
2026-06-16T14:22:16.511682+00:00;Seattle Mariners vs Baltimore Orioles;total;under;7.5;-114;-113;0.41
2026-06-16T14:24:17.026062+00:00;Milwaukee Brewers vs Cleveland Guardians;total;under;8.0;103;102;0.49
2026-06-16T14:26:17.773528+00:00;Atlanta Braves vs San Francisco Giants;moneyline;home;;-160;-161;0.24
2026-06-16T14:26:17.774223+00:00;Atlanta Braves vs San Francisco Giants;spread;home;-1.5;125;124;0.44
2026-06-16T14:26:17.987894+00:00;Athletics vs Pittsburgh Pirates;spread;away;1.5;-164;-165;0.23
2026-06-16T14:26:17.988517+00:00;Athletics vs Pittsburgh Pirates;total;under;11.0;-114;-115;0.41
2026-06-16T14:28:18.666800+00:00;St. Louis Cardinals vs San Diego Padres;moneyline;home;;-109;-110;0.43
2026-06-16T14:28:18.667358+00:00;St. Louis Cardinals vs San Diego Padres;moneyline;away;;101;102;0.5
2026-06-16T14:28:18.667941+00:00;St. Louis Cardinals vs San Diego Padres;spread;home;-1.5;190;189;0.34
2026-06-16T14:28:18.668589+00:00;St. Louis Cardinals vs San Diego Padres;spread;away;1.5;-215;-213;0.3
2026-06-16T14:34:20.867127+00:00;Houston Astros vs Detroit Tigers;total;over;8.0;-113;-114;0.41
2026-06-16T14:36:21.884257+00:00;Seattle Mariners vs Baltimore Orioles;moneyline;home;;-149;-148;0.27
2026-06-16T14:36:21.884908+00:00;Seattle Mariners vs Baltimore Orioles;moneyline;away;;137;136;0.42
2026-06-16T14:36:21.885446+00:00;Seattle Mariners vs Baltimore Orioles;spread;home;-1.5;146;145;0.41
2026-06-16T14:36:21.885975+00:00;Seattle Mariners vs Baltimore Orioles;spread;away;1.5;-163;-161;0.47
2026-06-16T14:36:21.886565+00:00;Seattle Mariners vs Baltimore Orioles;total;over;7.5;100;-115;6.52
2026-06-16T14:36:21.887500+00:00;Seattle Mariners vs Baltimore Orioles;total;under;7.5;-113;102;7.16
2026-06-16T14:38:22.319833+00:00;Washington Nationals vs Kansas City Royals;total;over;8.5;-119;-115;1.59
2026-06-16T14:38:22.320483+00:00;Washington Nationals vs Kansas City Royals;total;under;8.5;104;102;0.98
2026-06-16T14:42:23.884518+00:00;Los Angeles Dodgers vs Tampa Bay Rays;spread;home;-1.5;142;143;0.41
2026-06-16T14:42:23.885195+00:00;Los Angeles Dodgers vs Tampa Bay Rays;spread;away;1.5;-158;-159;0.24
2026-06-16T14:42:24.372221+00:00;Philadelphia Phillies vs Miami Marlins;moneyline;home;;-163;-164;0.23
2026-06-16T14:42:24.372877+00:00;Philadelphia Phillies vs Miami Marlins;spread;away;1.5;-142;-141;0.29
2026-06-16T14:42:24.948449+00:00;Chicago Cubs vs Colorado Rockies;moneyline;home;;-184;-185;0.19
2026-06-16T14:42:24.949152+00:00;Chicago Cubs vs Colorado Rockies;moneyline;away;;168;169;0.37
2026-06-16T14:42:24.949835+00:00;Chicago Cubs vs Colorado Rockies;spread;home;-1.5;110;109;0.48
2026-06-16T14:42:24.950413+00:00;Chicago Cubs vs Colorado Rockies;spread;away;1.5;-121;-120;0.38
2026-06-16T14:50:28.248128+00:00;Cincinnati Reds vs New York Mets;moneyline;away;;-117;-116;0.4
2026-06-16T14:52:28.887175+00:00;Seattle Mariners vs Baltimore Orioles;spread;home;-1.5;145;144;0.41
2026-06-16T14:52:28.887850+00:00;Seattle Mariners vs Baltimore Orioles;spread;away;1.5;-161;-160;0.24
2026-06-16T14:56:29.879110+00:00;Atlanta Braves vs San Francisco Giants;moneyline;away;;147;148;0.4
2026-06-16T14:56:29.880156+00:00;Atlanta Braves vs San Francisco Giants;spread;away;1.5;-138;-137;0.31
2026-06-16T14:56:30.294263+00:00;Arizona Diamondbacks vs Los Angeles Angels;moneyline;home;;-107;-106;0.46
2026-06-16T14:56:30.295185+00:00;Arizona Diamondbacks vs Los Angeles Angels;moneyline;away;;-101;-102;0.49
2026-06-16T14:58:30.681308+00:00;St. Louis Cardinals vs San Diego Padres;spread;home;-1.5;189;188;0.35
2026-06-16T14:58:30.682166+00:00;St. Louis Cardinals vs San Diego Padres;spread;away;1.5;-213;-212;0.15
2026-06-16T14:58:30.854694+00:00;Philadelphia Phillies vs Miami Marlins;moneyline;home;;-164;-166;0.46
2026-06-16T14:58:30.855451+00:00;Philadelphia Phillies vs Miami Marlins;moneyline;away;;150;152;0.8
2026-06-16T14:58:30.855972+00:00;Philadelphia Phillies vs Miami Marlins;spread;home;-1.5;128;127;0.44
2026-06-16T14:58:30.856468+00:00;Philadelphia Phillies vs Miami Marlins;spread;away;1.5;-141;-140;0.3
2026-06-16T14:58:30.963089+00:00;Chicago Cubs vs Colorado Rockies;total;over;9.5;-108;-109;0.44
2026-06-16T14:58:30.963809+00:00;Chicago Cubs vs Colorado Rockies;total;under;9.5;-104;-103;0.48
2026-06-16T15:00:31.600188+00:00;New York Yankees vs Chicago White Sox;total;over;8.0;102;103;0.5
2026-06-16T15:04:32.962632+00:00;Cincinnati Reds vs New York Mets;total;over;10.0;102;101;0.5
2026-06-16T15:04:32.963419+00:00;Cincinnati Reds vs New York Mets;total;under;10.0;-114;-113;0.41
2026-06-16T15:04:33.138986+00:00;Houston Astros vs Detroit Tigers;moneyline;home;;-163;-162;0.23
2026-06-16T15:06:34.246545+00:00;Seattle Mariners vs Baltimore Orioles;spread;away;1.5;-160;-161;0.24
2026-06-16T15:06:34.247215+00:00;Seattle Mariners vs Baltimore Orioles;total;over;7.5;-115;-114;0.41
2026-06-16T15:08:34.930562+00:00;Washington Nationals vs Kansas City Royals;moneyline;away;;124;125;0.45
2026-06-16T15:10:35.597635+00:00;Athletics vs Pittsburgh Pirates;spread;home;-1.5;148;147;0.4
2026-06-16T15:10:35.598371+00:00;Athletics vs Pittsburgh Pirates;spread;away;1.5;-165;-164;0.23
2026-06-16T15:12:36.557291+00:00;St. Louis Cardinals vs San Diego Padres;moneyline;home;;-110;-111;0.43
2026-06-16T15:14:37.019778+00:00;Boston Red Sox vs Toronto Blue Jays;spread;home;1.5;-161;-162;0.24
2026-06-16T15:16:37.918020+00:00;Texas Rangers vs Minnesota Twins;moneyline;home;;-130;-129;0.34
2026-06-16T15:16:37.918706+00:00;Texas Rangers vs Minnesota Twins;moneyline;away;;120;119;0.45
2026-06-16T15:16:37.919252+00:00;Texas Rangers vs Minnesota Twins;spread;away;1.5;-175;-176;0.21
2026-06-16T15:16:38.638503+00:00;New York Yankees vs Chicago White Sox;total;over;8.0;103;102;0.49
2026-06-16T15:20:40.091371+00:00;Cincinnati Reds vs New York Mets;total;over;10.0;101;100;0.5
2026-06-16T15:22:40.543982+00:00;Washington Nationals vs Kansas City Royals;moneyline;home;;-135;-137;0.62
2026-06-16T15:22:40.544730+00:00;Washington Nationals vs Kansas City Royals;moneyline;away;;125;127;0.89
2026-06-16T15:22:40.545437+00:00;Washington Nationals vs Kansas City Royals;spread;home;-1.5;151;148;1.2
2026-06-16T15:22:40.546095+00:00;Washington Nationals vs Kansas City Royals;spread;away;1.5;-168;-165;0.68
2026-06-16T15:22:40.546710+00:00;Washington Nationals vs Kansas City Royals;total;under;8.5;102;103;0.5
2026-06-16T15:22:40.890145+00:00;Seattle Mariners vs Baltimore Orioles;total;over;7.5;-114;-115;0.41
2026-06-16T15:26:42.041407+00:00;Arizona Diamondbacks vs Los Angeles Angels;moneyline;home;;-106;-107;0.45
2026-06-16T15:26:42.188126+00:00;Atlanta Braves vs San Francisco Giants;moneyline;home;;-161;-163;0.47
2026-06-16T15:26:42.188817+00:00;Atlanta Braves vs San Francisco Giants;moneyline;away;;148;149;0.4
2026-06-16T15:26:42.189537+00:00;Atlanta Braves vs San Francisco Giants;spread;home;-1.5;124;123;0.45
2026-06-16T15:26:42.190126+00:00;Atlanta Braves vs San Francisco Giants;spread;away;1.5;-137;-136;0.31
2026-06-16T15:28:42.795683+00:00;St. Louis Cardinals vs San Diego Padres;moneyline;home;;-111;-112;0.42
2026-06-16T15:28:42.796350+00:00;St. Louis Cardinals vs San Diego Padres;moneyline;away;;102;104;0.99
2026-06-16T15:28:42.796997+00:00;St. Louis Cardinals vs San Diego Padres;spread;home;-1.5;188;186;0.69
2026-06-16T15:28:42.797869+00:00;St. Louis Cardinals vs San Diego Padres;spread;away;1.5;-212;-210;0.31
2026-06-16T15:28:42.836784+00:00;Los Angeles Dodgers vs Tampa Bay Rays;moneyline;home;;-148;-147;0.27
2026-06-16T15:28:43.105543+00:00;Philadelphia Phillies vs Miami Marlins;moneyline;home;;-166;-165;0.23
2026-06-16T15:28:43.106226+00:00;Philadelphia Phillies vs Miami Marlins;moneyline;away;;152;151;0.4
2026-06-16T15:28:43.179274+00:00;Chicago Cubs vs Colorado Rockies;total;over;9.5;-109;-110;0.43
2026-06-16T15:28:43.179977+00:00;Chicago Cubs vs Colorado Rockies;total;under;9.5;-103;-102;0.48
2026-06-16T15:30:43.437237+00:00;Boston Red Sox vs Toronto Blue Jays;moneyline;home;;107;105;0.97
2026-06-16T15:30:43.438790+00:00;Boston Red Sox vs Toronto Blue Jays;moneyline;away;;-116;-114;0.81
2026-06-16T15:30:43.439552+00:00;Boston Red Sox vs Toronto Blue Jays;spread;home;1.5;-162;-164;0.47
2026-06-16T15:30:43.440408+00:00;Boston Red Sox vs Toronto Blue Jays;spread;away;-1.5;145;147;0.82
2026-06-16T15:30:43.441366+00:00;Boston Red Sox vs Toronto Blue Jays;total;over;7.5;-102;-103;0.48
2026-06-16T15:34:44.969389+00:00;Cincinnati Reds vs New York Mets;moneyline;away;;-116;-117;0.4
2026-06-16T15:36:45.888238+00:00;Seattle Mariners vs Baltimore Orioles;spread;home;-1.5;144;145;0.41
2026-06-16T15:38:46.301619+00:00;Washington Nationals vs Kansas City Royals;moneyline;home;;-137;-136;0.31
2026-06-16T15:38:46.302335+00:00;Washington Nationals vs Kansas City Royals;moneyline;away;;127;126;0.44
2026-06-16T15:38:46.302930+00:00;Washington Nationals vs Kansas City Royals;spread;home;-1.5;148;149;0.4
2026-06-16T15:38:46.303489+00:00;Washington Nationals vs Kansas City Royals;spread;away;1.5;-165;-166;0.23
2026-06-16T15:38:46.304040+00:00;Washington Nationals vs Kansas City Royals;total;over;8.5;-115;-117;0.8
2026-06-16T15:38:46.304585+00:00;Washington Nationals vs Kansas City Royals;total;under;8.5;103;104;0.49
2026-06-16T15:40:47.390593+00:00;Athletics vs Pittsburgh Pirates;spread;home;-1.5;147;148;0.4
2026-06-16T15:40:47.391288+00:00;Athletics vs Pittsburgh Pirates;spread;away;1.5;-164;-165;0.23
2026-06-16T15:42:47.707392+00:00;Philadelphia Phillies vs Miami Marlins;moneyline;home;;-165;-164;0.23
2026-06-16T15:42:47.708116+00:00;Philadelphia Phillies vs Miami Marlins;spread;home;-1.5;127;128;0.44
2026-06-16T15:42:47.708666+00:00;Philadelphia Phillies vs Miami Marlins;spread;away;1.5;-140;-141;0.3
2026-06-16T15:42:47.933833+00:00;Los Angeles Dodgers vs Tampa Bay Rays;moneyline;away;;136;135;0.42
2026-06-16T15:42:48.082359+00:00;Atlanta Braves vs San Francisco Giants;moneyline;home;;-163;-162;0.23
2026-06-16T15:42:48.082996+00:00;Atlanta Braves vs San Francisco Giants;moneyline;away;;149;148;0.4
2026-06-16T15:42:48.083697+00:00;Atlanta Braves vs San Francisco Giants;total;over;9.0;-107;-109;0.89
2026-06-16T15:42:48.084275+00:00;Atlanta Braves vs San Francisco Giants;total;under;9.0;-105;-103;0.95
2026-06-16T15:42:48.155086+00:00;St. Louis Cardinals vs San Diego Padres;total;over;8.0;-106;-104;0.93
2026-06-16T15:42:48.155631+00:00;St. Louis Cardinals vs San Diego Padres;total;under;8.0;-106;-108;0.9
2026-06-16T15:46:49.390098+00:00;New York Yankees vs Chicago White Sox;total;under;7.5;103;102;0.49
2026-06-16T15:48:50.477325+00:00;Houston Astros vs Detroit Tigers;moneyline;home;;-162;-176;3.04
2026-06-16T15:48:50.479462+00:00;Houston Astros vs Detroit Tigers;moneyline;away;;149;161;4.82
2026-06-16T15:48:50.480482+00:00;Houston Astros vs Detroit Tigers;spread;home;-1.5;134;127;2.99
2026-06-16T15:48:50.481073+00:00;Houston Astros vs Detroit Tigers;spread;away;1.5;-149;-141;2.28
2026-06-16T15:48:50.481672+00:00;Houston Astros vs Detroit Tigers;total;under;8.5;-113;-114;0.41
2026-06-16T15:50:50.934395+00:00;Cincinnati Reds vs New York Mets;moneyline;home;;108;107;0.48
2026-06-16T15:50:50.935167+00:00;Cincinnati Reds vs New York Mets;moneyline;away;;-117;-115;0.8
2026-06-16T15:50:50.935758+00:00;Cincinnati Reds vs New York Mets;spread;home;1.5;-145;-146;0.28
2026-06-16T15:50:50.936335+00:00;Cincinnati Reds vs New York Mets;spread;away;-1.5;131;132;0.43
2026-06-16T15:50:50.936903+00:00;Cincinnati Reds vs New York Mets;total;over;10.0;100;-101;0.5
2026-06-16T15:50:50.937470+00:00;Cincinnati Reds vs New York Mets;total;under;10.0;-113;-111;0.85
2026-06-16T15:52:51.498595+00:00;Washington Nationals vs Kansas City Royals;total;over;8.5;-117;-118;0.39
2026-06-16T15:52:51.499276+00:00;Washington Nationals vs Kansas City Royals;total;under;8.5;104;105;0.49
2026-06-16T15:52:52.143786+00:00;Seattle Mariners vs Baltimore Orioles;moneyline;home;;-148;-150;0.54
2026-06-16T15:52:52.144581+00:00;Seattle Mariners vs Baltimore Orioles;moneyline;away;;136;138;0.85
2026-06-16T15:52:52.145127+00:00;Seattle Mariners vs Baltimore Orioles;spread;home;-1.5;145;143;0.82
2026-06-16T15:52:52.145631+00:00;Seattle Mariners vs Baltimore Orioles;spread;away;1.5;-161;-159;0.48
2026-06-16T15:54:52.654154+00:00;Milwaukee Brewers vs Cleveland Guardians;moneyline;home;;-146;-149;0.82
2026-06-16T15:54:52.655150+00:00;Milwaukee Brewers vs Cleveland Guardians;moneyline;away;;135;137;0.85
2026-06-16T15:54:52.656075+00:00;Milwaukee Brewers vs Cleveland Guardians;spread;home;-1.5;143;142;0.41
2026-06-16T15:54:52.656820+00:00;Milwaukee Brewers vs Cleveland Guardians;spread;away;1.5;-159;-157;0.49
2026-06-16T15:56:53.842696+00:00;Atlanta Braves vs San Francisco Giants;total;over;9.0;-109;-108;0.44
2026-06-16T15:56:53.843412+00:00;Atlanta Braves vs San Francisco Giants;total;under;9.0;-103;-104;0.47
2026-06-16T15:56:53.951782+00:00;Arizona Diamondbacks vs Los Angeles Angels;moneyline;away;;-102;-101;0.49
2026-06-16T15:56:53.952425+00:00;Arizona Diamondbacks vs Los Angeles Angels;total;over;8.5;-115;-114;0.41
2026-06-16T15:56:53.953024+00:00;Arizona Diamondbacks vs Los Angeles Angels;total;under;8.5;102;101;0.5
2026-06-16T15:56:54.060683+00:00;Athletics vs Pittsburgh Pirates;moneyline;home;;-133;-137;1.25
2026-06-16T15:56:54.061317+00:00;Athletics vs Pittsburgh Pirates;moneyline;away;;123;126;1.35
2026-06-16T15:56:54.061999+00:00;Athletics vs Pittsburgh Pirates;spread;home;-1.5;148;145;1.21
2026-06-16T15:56:54.062677+00:00;Athletics vs Pittsburgh Pirates;spread;away;1.5;-165;-161;0.94
2026-06-16T15:56:54.063267+00:00;Athletics vs Pittsburgh Pirates;total;over;11.0;102;101;0.5
2026-06-16T15:56:54.063824+00:00;Athletics vs Pittsburgh Pirates;total;under;11.0;-115;-114;0.41
2026-06-16T15:58:54.482256+00:00;Los Angeles Dodgers vs Tampa Bay Rays;moneyline;home;;-147;-146;0.28
2026-06-16T15:58:54.552984+00:00;Chicago Cubs vs Colorado Rockies;total;over;9.5;-110;-107;1.34
2026-06-16T15:58:54.553536+00:00;Chicago Cubs vs Colorado Rockies;total;under;9.5;-102;-105;1.41
2026-06-16T16:00:55.278595+00:00;New York Yankees vs Chicago White Sox;total;over;7.5;-115;-114;0.41
2026-06-16T16:00:55.279520+00:00;New York Yankees vs Chicago White Sox;total;under;7.5;102;101;0.5
2026-06-16T16:00:55.633589+00:00;Boston Red Sox vs Toronto Blue Jays;total;under;7.5;-110;-109;0.44
2026-06-16T16:02:55.873394+00:00;Texas Rangers vs Minnesota Twins;moneyline;home;;-129;-123;2.13
2026-06-16T16:02:55.874002+00:00;Texas Rangers vs Minnesota Twins;moneyline;away;;119;114;2.28
2026-06-16T16:02:55.874584+00:00;Texas Rangers vs Minnesota Twins;spread;home;-1.5;157;163;2.33
2026-06-16T16:02:55.875139+00:00;Texas Rangers vs Minnesota Twins;spread;away;1.5;-176;-182;1.19
2026-06-16T16:04:56.570454+00:00;Cincinnati Reds vs New York Mets;moneyline;home;;107;106;0.48
2026-06-16T16:08:58.160557+00:00;Milwaukee Brewers vs Cleveland Guardians;total;over;8.0;-115;-114;0.41
2026-06-16T16:08:58.344339+00:00;Washington Nationals vs Kansas City Royals;moneyline;home;;-136;-137;0.31
2026-06-16T16:10:59.192449+00:00;Athletics vs Pittsburgh Pirates;moneyline;home;;-137;-136;0.31
2026-06-16T16:10:59.193091+00:00;Athletics vs Pittsburgh Pirates;moneyline;away;;126;125;0.44
2026-06-16T16:10:59.193702+00:00;Athletics vs Pittsburgh Pirates;spread;away;1.5;-161;-162;0.24
2026-06-16T16:12:59.451775+00:00;Atlanta Braves vs San Francisco Giants;moneyline;away;;148;149;0.4
2026-06-16T16:12:59.671157+00:00;Chicago Cubs vs Colorado Rockies;moneyline;home;;-185;-186;0.19
2026-06-16T16:12:59.745222+00:00;Los Angeles Dodgers vs Tampa Bay Rays;spread;home;-1.5;143;144;0.41
2026-06-16T16:12:59.745959+00:00;Los Angeles Dodgers vs Tampa Bay Rays;spread;away;1.5;-159;-160;0.24
2026-06-16T16:12:59.914043+00:00;Arizona Diamondbacks vs Los Angeles Angels;moneyline;away;;-101;-102;0.49
2026-06-16T16:12:59.914688+00:00;Arizona Diamondbacks vs Los Angeles Angels;total;over;8.5;-114;-116;0.81
2026-06-16T16:12:59.915285+00:00;Arizona Diamondbacks vs Los Angeles Angels;total;under;8.5;101;103;1.0
2026-06-16T16:17:01.514540+00:00;New York Yankees vs Chicago White Sox;total;over;7.5;-114;-113;0.41
2026-06-16T16:19:01.943761+00:00;Houston Astros vs Detroit Tigers;moneyline;home;;-176;-175;0.21
2026-06-16T16:19:01.944530+00:00;Houston Astros vs Detroit Tigers;moneyline;away;;161;160;0.38
2026-06-16T16:19:01.945167+00:00;Houston Astros vs Detroit Tigers;spread;home;-1.5;127;128;0.44
2026-06-16T16:23:03.428254+00:00;Washington Nationals vs Kansas City Royals;moneyline;home;;-137;-135;0.63
2026-06-16T16:23:03.429147+00:00;Washington Nationals vs Kansas City Royals;moneyline;away;;126;124;0.88
2026-06-16T16:23:03.429912+00:00;Washington Nationals vs Kansas City Royals;spread;home;-1.5;149;150;0.4
2026-06-16T16:23:03.430550+00:00;Washington Nationals vs Kansas City Royals;spread;away;1.5;-166;-167;0.23
2026-06-16T16:27:05.410863+00:00;Athletics vs Pittsburgh Pirates;spread;home;-1.5;145;146;0.41
2026-06-16T16:29:05.822524+00:00;Chicago Cubs vs Colorado Rockies;moneyline;home;;-186;-189;0.56
2026-06-16T16:29:05.823174+00:00;Chicago Cubs vs Colorado Rockies;moneyline;away;;169;173;1.49
2026-06-16T16:29:05.823787+00:00;Chicago Cubs vs Colorado Rockies;spread;home;-1.5;109;107;0.96
2026-06-16T16:29:05.824340+00:00;Chicago Cubs vs Colorado Rockies;spread;away;1.5;-120;-118;0.77
2026-06-16T16:29:05.898292+00:00;Philadelphia Phillies vs Miami Marlins;moneyline;home;;-164;-168;0.9
2026-06-16T16:29:05.898947+00:00;Philadelphia Phillies vs Miami Marlins;moneyline;away;;151;154;1.2
2026-06-16T16:29:05.899497+00:00;Philadelphia Phillies vs Miami Marlins;spread;home;-1.5;128;125;1.32
2026-06-16T16:29:05.900039+00:00;Philadelphia Phillies vs Miami Marlins;spread;away;1.5;-141;-139;0.6
2026-06-16T16:29:05.900587+00:00;Philadelphia Phillies vs Miami Marlins;total;over;8.0;-105;-112;3.05
2026-06-16T16:29:05.901590+00:00;Philadelphia Phillies vs Miami Marlins;total;under;8.0;-107;100;3.38
2026-06-16T16:31:06.856774+00:00;New York Yankees vs Chicago White Sox;moneyline;home;;-137;-140;0.9
2026-06-16T16:31:06.857803+00:00;New York Yankees vs Chicago White Sox;moneyline;away;;126;129;1.33
2026-06-16T16:31:06.858657+00:00;New York Yankees vs Chicago White Sox;spread;home;-1.5;153;151;0.79
2026-06-16T16:31:06.859377+00:00;New York Yankees vs Chicago White Sox;spread;away;1.5;-171;-168;0.66
2026-06-16T16:31:07.315686+00:00;Boston Red Sox vs Toronto Blue Jays;spread;home;1.5;-164;-163;0.23
2026-06-16T16:31:07.316357+00:00;Boston Red Sox vs Toronto Blue Jays;total;over;7.5;-103;-104;0.47
2026-06-16T16:31:07.316967+00:00;Boston Red Sox vs Toronto Blue Jays;total;under;7.5;-109;-108;0.44
2026-06-16T16:33:07.965918+00:00;Texas Rangers vs Minnesota Twins;moneyline;home;;-123;-124;0.36
2026-06-16T16:33:07.966624+00:00;Texas Rangers vs Minnesota Twins;moneyline;away;;114;115;0.47
2026-06-16T16:33:07.967201+00:00;Texas Rangers vs Minnesota Twins;spread;home;-1.5;163;161;0.76
2026-06-16T16:33:07.967804+00:00;Texas Rangers vs Minnesota Twins;spread;away;1.5;-182;-181;0.2
2026-06-16T16:35:08.677159+00:00;Houston Astros vs Detroit Tigers;spread;home;-1.5;128;127;0.44
2026-06-16T16:35:08.870257+00:00;Cincinnati Reds vs New York Mets;total;over;10.0;-101;-102;0.49
2026-06-16T16:37:09.474118+00:00;Seattle Mariners vs Baltimore Orioles;spread;home;-1.5;143;144;0.41
2026-06-16T16:37:09.474754+00:00;Seattle Mariners vs Baltimore Orioles;spread;away;1.5;-159;-160;0.24
2026-06-16T16:39:09.756227+00:00;Washington Nationals vs Kansas City Royals;moneyline;home;;-135;-137;0.62
2026-06-16T16:39:09.757096+00:00;Washington Nationals vs Kansas City Royals;moneyline;away;;124;126;0.89
2026-06-16T16:39:09.757791+00:00;Washington Nationals vs Kansas City Royals;spread;home;-1.5;150;148;0.8
2026-06-16T16:39:09.758368+00:00;Washington Nationals vs Kansas City Royals;spread;away;1.5;-167;-165;0.45
2026-06-16T16:39:10.269145+00:00;Milwaukee Brewers vs Cleveland Guardians;total;over;8.0;-114;-115;0.41
2026-06-16T16:43:12.275421+00:00;Philadelphia Phillies vs Miami Marlins;total;over;8.0;-112;-113;0.42
2026-06-16T16:45:13.151920+00:00;Boston Red Sox vs Toronto Blue Jays;spread;home;1.5;-163;-164;0.23
2026-06-16T16:49:14.645728+00:00;Houston Astros vs Detroit Tigers;total;under;8.5;-114;-113;0.41
2026-06-16T16:51:15.045782+00:00;Cincinnati Reds vs New York Mets;moneyline;home;;106;107;0.49
2026-06-16T17:00:16.064034+00:00;Athletics vs Pittsburgh Pirates;total;over;11.0;101;-100;0.5
2026-06-16T17:00:16.064792+00:00;Athletics vs Pittsburgh Pirates;total;under;11.0;-114;-112;0.83
2026-06-16T17:00:16.198108+00:00;Washington Nationals vs Kansas City Royals;spread;home;-1.5;148;147;0.4
2026-06-16T17:00:16.198725+00:00;Washington Nationals vs Kansas City Royals;spread;away;1.5;-165;-164;0.23
2026-06-16T17:00:16.352297+00:00;Boston Red Sox vs Toronto Blue Jays;moneyline;home;;105;104;0.49
2026-06-16T17:00:16.352958+00:00;Boston Red Sox vs Toronto Blue Jays;moneyline;away;;-114;-113;0.41
2026-06-16T17:00:16.353768+00:00;Boston Red Sox vs Toronto Blue Jays;spread;home;1.5;-164;-165;0.23
2026-06-16T17:00:16.354409+00:00;Boston Red Sox vs Toronto Blue Jays;spread;away;-1.5;147;148;0.4
2026-06-16T17:00:16.410565+00:00;Arizona Diamondbacks vs Los Angeles Angels;moneyline;away;;-102;-101;0.49
2026-06-16T17:00:16.572261+00:00;Philadelphia Phillies vs Miami Marlins;total;over;8.0;-113;-112;0.42
2026-06-16T17:00:16.572925+00:00;Philadelphia Phillies vs Miami Marlins;total;under;8.0;100;-101;0.5
2026-06-16T17:00:16.642645+00:00;Milwaukee Brewers vs Cleveland Guardians;total;over;8.0;-115;-114;0.41
2026-06-16T17:00:16.847003+00:00;Seattle Mariners vs Baltimore Orioles;moneyline;home;;-150;-149;0.27
2026-06-16T17:00:16.847626+00:00;Seattle Mariners vs Baltimore Orioles;moneyline;away;;138;137;0.42
2026-06-16T17:02:17.146659+00:00;Texas Rangers vs Minnesota Twins;moneyline;home;;-124;-123;0.36
2026-06-16T17:02:17.147254+00:00;Texas Rangers vs Minnesota Twins;moneyline;away;;115;114;0.47
2026-06-16T17:02:17.147897+00:00;Texas Rangers vs Minnesota Twins;spread;home;-1.5;161;163;0.77
2026-06-16T17:02:17.148463+00:00;Texas Rangers vs Minnesota Twins;spread;away;1.5;-181;-182;0.2
2026-06-16T17:02:17.149072+00:00;Texas Rangers vs Minnesota Twins;total;over;8.5;-102;-101;0.49
2026-06-16T17:02:17.149569+00:00;Texas Rangers vs Minnesota Twins;total;under;8.5;-110;-111;0.43
2026-06-16T17:02:17.204555+00:00;New York Yankees vs Chicago White Sox;moneyline;home;;-140;-139;0.3
2026-06-16T17:02:17.205215+00:00;New York Yankees vs Chicago White Sox;moneyline;away;;129;128;0.44
2026-06-16T17:02:17.205942+00:00;New York Yankees vs Chicago White Sox;spread;home;-1.5;151;152;0.4
2026-06-16T17:02:17.206539+00:00;New York Yankees vs Chicago White Sox;spread;away;1.5;-168;-169;0.22
2026-06-17T11:27:36.255171+00:00;Boston Red Sox vs Toronto Blue Jays;total;over;9.5;-105;-106;0.46
2026-06-17T11:27:36.255831+00:00;Boston Red Sox vs Toronto Blue Jays;total;under;9.5;-109;-108;0.44
2026-06-17T11:33:37.596151+00:00;Washington Nationals vs Kansas City Royals;moneyline;home;;-129;-128;0.34
2026-06-17T11:33:37.596854+00:00;Washington Nationals vs Kansas City Royals;moneyline;away;;117;116;0.46
2026-06-17T11:33:37.597422+00:00;Washington Nationals vs Kansas City Royals;spread;home;-1.5;152;153;0.4
2026-06-17T11:33:37.597948+00:00;Washington Nationals vs Kansas City Royals;spread;away;1.5;-173;-174;0.21
2026-06-17T11:33:37.598516+00:00;Washington Nationals vs Kansas City Royals;total;over;10.0;-107;-108;0.45
2026-06-17T11:33:37.599093+00:00;Washington Nationals vs Kansas City Royals;total;under;10.0;-107;-106;0.46
2026-06-17T11:33:37.816089+00:00;Seattle Mariners vs Baltimore Orioles;moneyline;home;;-139;-138;0.3
2026-06-17T11:33:37.816755+00:00;Seattle Mariners vs Baltimore Orioles;spread;away;1.5;-175;-176;0.21
2026-06-17T11:35:38.315402+00:00;Cincinnati Reds vs New York Mets;moneyline;home;;117;114;1.38
2026-06-17T11:35:38.316153+00:00;Cincinnati Reds vs New York Mets;moneyline;away;;-129;-126;1.04
2026-06-17T11:35:38.316980+00:00;Cincinnati Reds vs New York Mets;spread;home;1.5;-138;-141;0.89
2026-06-17T11:35:38.317704+00:00;Cincinnati Reds vs New York Mets;spread;away;-1.5;122;125;1.35
2026-06-17T11:35:38.476712+00:00;Los Angeles Dodgers vs Tampa Bay Rays;moneyline;home;;-173;-172;0.21
2026-06-17T11:35:38.477480+00:00;Los Angeles Dodgers vs Tampa Bay Rays;moneyline;away;;155;154;0.39
2026-06-17T11:37:38.623432+00:00;Arizona Diamondbacks vs Los Angeles Angels;moneyline;away;;147;146;0.4
2026-06-17T11:37:38.624143+00:00;Arizona Diamondbacks vs Los Angeles Angels;spread;home;-1.5;125;126;0.44
2026-06-17T11:37:38.961918+00:00;Philadelphia Phillies vs Miami Marlins;spread;home;-1.5;180;181;0.36
2026-06-17T11:37:38.962581+00:00;Philadelphia Phillies vs Miami Marlins;spread;away;1.5;-208;-209;0.16
2026-06-17T11:39:39.387066+00:00;Chicago Cubs vs Colorado Rockies;moneyline;home;;-180;-181;0.2
2026-06-17T11:39:39.388039+00:00;Chicago Cubs vs Colorado Rockies;moneyline;away;;161;162;0.38
2026-06-17T11:41:40.197574+00:00;Milwaukee Brewers vs Cleveland Guardians;moneyline;away;;108;107;0.48
2026-06-17T11:41:40.198282+00:00;Milwaukee Brewers vs Cleveland Guardians;spread;home;-1.5;175;176;0.36
2026-06-17T11:41:40.449280+00:00;Boston Red Sox vs Toronto Blue Jays;moneyline;home;;-122;-123;0.37
2026-06-17T11:43:40.784941+00:00;Athletics vs Pittsburgh Pirates;spread;home;1.5;-147;-146;0.28
2026-06-17T11:43:40.785707+00:00;Athletics vs Pittsburgh Pirates;total;under;10.0;-104;-103;0.48
2026-06-17T11:51:44.022535+00:00;Cincinnati Reds vs New York Mets;total;over;9.0;-114;-110;1.7
2026-06-17T11:51:44.023319+00:00;Cincinnati Reds vs New York Mets;total;under;9.0;-101;-104;1.44
2026-06-17T11:51:44.081674+00:00;Philadelphia Phillies vs Miami Marlins;moneyline;away;;-101;-102;0.49
2026-06-17T11:51:44.177107+00:00;Los Angeles Dodgers vs Tampa Bay Rays;spread;home;-1.5;125;126;0.44
2026-06-17T11:51:44.177858+00:00;Los Angeles Dodgers vs Tampa Bay Rays;spread;away;1.5;-141;-143;0.58
2026-06-17T11:53:44.533535+00:00;Chicago Cubs vs Colorado Rockies;moneyline;home;;-181;-182;0.2
2026-06-17T11:53:44.534363+00:00;Chicago Cubs vs Colorado Rockies;moneyline;away;;162;163;0.38
2026-06-17T11:55:44.990867+00:00;Houston Astros vs Detroit Tigers;spread;home;1.5;-175;-174;0.21
2026-06-17T11:59:46.118197+00:00;New York Yankees vs Chicago White Sox;total;over;8.5;-103;-102;0.48
2026-06-17T12:10:47.787485+00:00;Cincinnati Reds vs New York Mets;moneyline;home;;114;116;0.93
2026-06-17T12:10:47.788222+00:00;Cincinnati Reds vs New York Mets;moneyline;away;;-126;-125;0.35
2026-06-17T12:10:47.788923+00:00;Cincinnati Reds vs New York Mets;spread;home;1.5;-141;-139;0.6
2026-06-17T12:10:47.789532+00:00;Cincinnati Reds vs New York Mets;spread;away;-1.5;125;126;0.44
2026-06-17T12:10:47.790122+00:00;Cincinnati Reds vs New York Mets;total;over;9.0;-110;-109;0.44
2026-06-17T12:10:47.790697+00:00;Cincinnati Reds vs New York Mets;total;under;9.0;-104;-103;0.48
2026-06-17T12:10:47.854360+00:00;Los Angeles Dodgers vs Tampa Bay Rays;moneyline;home;;-172;-171;0.21
2026-06-17T12:10:47.855010+00:00;Los Angeles Dodgers vs Tampa Bay Rays;moneyline;away;;154;157;1.18
2026-06-17T12:10:47.855602+00:00;Los Angeles Dodgers vs Tampa Bay Rays;spread;home;-1.5;126;127;0.44
2026-06-17T12:10:47.856128+00:00;Los Angeles Dodgers vs Tampa Bay Rays;spread;away;1.5;-143;-141;0.58
2026-06-17T12:10:47.856674+00:00;Los Angeles Dodgers vs Tampa Bay Rays;total;over;7.0;-113;-112;0.42
2026-06-17T12:10:47.857231+00:00;Los Angeles Dodgers vs Tampa Bay Rays;total;under;7.0;-101;-100;0.5
2026-06-17T12:10:47.919997+00:00;Atlanta Braves vs San Francisco Giants;moneyline;away;;124;126;0.89
2026-06-17T12:10:47.920682+00:00;Atlanta Braves vs San Francisco Giants;spread;home;-1.5;146;147;0.41
2026-06-17T12:10:47.921319+00:00;Atlanta Braves vs San Francisco Giants;spread;away;1.5;-166;-163;0.69
2026-06-17T12:10:47.921957+00:00;Atlanta Braves vs San Francisco Giants;total;over;9.0;-112;-111;0.42
2026-06-17T12:10:48.006040+00:00;Arizona Diamondbacks vs Los Angeles Angels;moneyline;home;;-163;-161;0.47
2026-06-17T12:10:48.006705+00:00;Arizona Diamondbacks vs Los Angeles Angels;moneyline;away;;146;148;0.81
2026-06-17T12:10:48.007369+00:00;Arizona Diamondbacks vs Los Angeles Angels;spread;home;-1.5;126;127;0.44
2026-06-17T12:10:48.007983+00:00;Arizona Diamondbacks vs Los Angeles Angels;spread;away;1.5;-142;-141;0.29
2026-06-17T12:10:48.008607+00:00;Arizona Diamondbacks vs Los Angeles Angels;total;over;9.0;-112;-105;3.14
2026-06-17T12:10:48.009733+00:00;Arizona Diamondbacks vs Los Angeles Angels;total;under;9.0;-102;-107;2.31
2026-06-17T12:10:48.071810+00:00;Chicago Cubs vs Colorado Rockies;moneyline;home;;-182;-180;0.39
2026-06-17T12:10:48.072483+00:00;Chicago Cubs vs Colorado Rockies;moneyline;away;;163;165;0.76
2026-06-17T12:10:48.073149+00:00;Chicago Cubs vs Colorado Rockies;spread;home;-1.5;110;111;0.48
2026-06-17T12:10:48.073728+00:00;Chicago Cubs vs Colorado Rockies;spread;away;1.5;-124;-123;0.36
2026-06-17T12:10:48.074371+00:00;Chicago Cubs vs Colorado Rockies;total;over;10.0;-107;-106;0.46
2026-06-17T12:10:48.075020+00:00;Chicago Cubs vs Colorado Rockies;total;under;10.0;-107;-106;0.46
2026-06-17T12:10:48.172808+00:00;Seattle Mariners vs Baltimore Orioles;moneyline;home;;-138;-137;0.31
2026-06-17T12:10:48.173488+00:00;Seattle Mariners vs Baltimore Orioles;moneyline;away;;125;126;0.44
2026-06-17T12:10:48.174170+00:00;Seattle Mariners vs Baltimore Orioles;spread;home;-1.5;154;156;0.79
2026-06-17T12:10:48.174775+00:00;Seattle Mariners vs Baltimore Orioles;spread;away;1.5;-176;-174;0.42
2026-06-17T12:10:48.175387+00:00;Seattle Mariners vs Baltimore Orioles;total;over;7.5;-106;-105;0.46
2026-06-17T12:10:48.176000+00:00;Seattle Mariners vs Baltimore Orioles;total;under;7.5;-108;-107;0.45
2026-06-17T12:10:48.286881+00:00;Houston Astros vs Detroit Tigers;moneyline;home;;-103;-102;0.48
2026-06-17T12:10:48.287544+00:00;Houston Astros vs Detroit Tigers;moneyline;away;;-107;-106;0.46
2026-06-17T12:10:48.288157+00:00;Houston Astros vs Detroit Tigers;spread;home;1.5;-174;-172;0.42
2026-06-17T12:10:48.288724+00:00;Houston Astros vs Detroit Tigers;spread;away;-1.5;153;155;0.79
2026-06-17T12:10:48.289312+00:00;Houston Astros vs Detroit Tigers;total;over;8.0;-112;-111;0.42
2026-06-17T12:10:48.289921+00:00;Houston Astros vs Detroit Tigers;total;under;8.0;-102;-101;0.49
2026-06-17T12:10:48.394495+00:00;Philadelphia Phillies vs Miami Marlins;moneyline;home;;-109;-108;0.44
2026-06-17T12:10:48.395188+00:00;Philadelphia Phillies vs Miami Marlins;moneyline;away;;-102;-101;0.49
2026-06-17T12:10:48.395810+00:00;Philadelphia Phillies vs Miami Marlins;spread;home;-1.5;181;183;0.71
2026-06-17T12:10:48.396375+00:00;Philadelphia Phillies vs Miami Marlins;spread;away;1.5;-209;-207;0.31
2026-06-17T12:10:48.396984+00:00;Philadelphia Phillies vs Miami Marlins;total;over;9.0;-115;-114;0.41
2026-06-17T12:10:48.397686+00:00;Philadelphia Phillies vs Miami Marlins;total;under;9.0;101;102;0.5
2026-06-17T12:10:48.424131+00:00;Washington Nationals vs Kansas City Royals;moneyline;away;;116;118;0.93
2026-06-17T12:10:48.424894+00:00;Washington Nationals vs Kansas City Royals;spread;away;1.5;-174;-171;0.64
2026-06-17T12:10:48.425513+00:00;Washington Nationals vs Kansas City Royals;total;over;10.0;-108;101;4.37
2026-06-17T12:10:48.426692+00:00;Washington Nationals vs Kansas City Royals;total;under;10.0;-106;-114;3.41
2026-06-17T12:12:48.750290+00:00;Milwaukee Brewers vs Cleveland Guardians;moneyline;home;;-119;-118;0.39
2026-06-17T12:12:48.750999+00:00;Milwaukee Brewers vs Cleveland Guardians;moneyline;away;;107;108;0.48
2026-06-17T12:12:48.751565+00:00;Milwaukee Brewers vs Cleveland Guardians;spread;home;-1.5;176;178;0.72
2026-06-17T12:12:48.752066+00:00;Milwaukee Brewers vs Cleveland Guardians;spread;away;1.5;-202;-200;0.33
2026-06-17T12:12:48.752613+00:00;Milwaukee Brewers vs Cleveland Guardians;total;over;7.5;-111;-110;0.43
2026-06-17T12:12:48.753199+00:00;Milwaukee Brewers vs Cleveland Guardians;total;under;7.5;-103;-102;0.48
2026-06-17T12:12:49.022139+00:00;Boston Red Sox vs Toronto Blue Jays;moneyline;home;;-123;-122;0.37
2026-06-17T12:12:49.022840+00:00;Boston Red Sox vs Toronto Blue Jays;moneyline;away;;111;112;0.47
2026-06-17T12:12:49.023397+00:00;Boston Red Sox vs Toronto Blue Jays;spread;home;-1.5;161;163;0.77
2026-06-17T12:12:49.023976+00:00;Boston Red Sox vs Toronto Blue Jays;spread;away;1.5;-184;-182;0.39
2026-06-17T12:12:49.024503+00:00;Boston Red Sox vs Toronto Blue Jays;total;over;9.5;-106;-105;0.46
2026-06-17T12:12:49.024991+00:00;Boston Red Sox vs Toronto Blue Jays;total;under;9.5;-108;-107;0.45
2026-06-17T12:14:49.426889+00:00;Athletics vs Pittsburgh Pirates;moneyline;home;;108;109;0.48
2026-06-17T12:14:49.427507+00:00;Athletics vs Pittsburgh Pirates;moneyline;away;;-119;-118;0.39
2026-06-17T12:14:49.428108+00:00;Athletics vs Pittsburgh Pirates;spread;home;1.5;-146;-145;0.28
2026-06-17T12:14:49.428642+00:00;Athletics vs Pittsburgh Pirates;spread;away;-1.5;130;131;0.43
2026-06-17T12:14:49.429180+00:00;Athletics vs Pittsburgh Pirates;total;over;10.0;-111;-110;0.43
2026-06-17T12:14:49.429732+00:00;Athletics vs Pittsburgh Pirates;total;under;10.0;-103;-102;0.48
2026-06-17T12:14:50.109792+00:00;New York Yankees vs Chicago White Sox;moneyline;home;;-178;-176;0.41
2026-06-17T12:14:50.110543+00:00;New York Yankees vs Chicago White Sox;moneyline;away;;159;161;0.77
2026-06-17T12:14:50.111182+00:00;New York Yankees vs Chicago White Sox;spread;home;-1.5;115;116;0.47
2026-06-17T12:14:50.111746+00:00;New York Yankees vs Chicago White Sox;spread;away;1.5;-129;-128;0.34
2026-06-17T12:14:50.112327+00:00;New York Yankees vs Chicago White Sox;total;under;8.5;-112;-111;0.42
2026-06-17T12:18:50.776967+00:00;Washington Nationals vs Kansas City Royals;moneyline;home;;-128;-127;0.35
2026-06-17T12:18:50.777686+00:00;Washington Nationals vs Kansas City Royals;moneyline;away;;118;117;0.46
2026-06-17T12:20:51.419798+00:00;Los Angeles Dodgers vs Tampa Bay Rays;moneyline;home;;-171;-172;0.21
2026-06-17T12:20:51.420559+00:00;Los Angeles Dodgers vs Tampa Bay Rays;spread;home;-1.5;127;126;0.44
2026-06-17T12:20:51.421278+00:00;Los Angeles Dodgers vs Tampa Bay Rays;spread;away;1.5;-141;-140;0.3
2026-06-17T12:20:51.421902+00:00;Los Angeles Dodgers vs Tampa Bay Rays;total;over;7.0;-112;-113;0.42
2026-06-17T12:20:51.422453+00:00;Los Angeles Dodgers vs Tampa Bay Rays;total;under;7.0;-100;101;0.5
2026-06-17T12:20:51.584135+00:00;Cincinnati Reds vs New York Mets;moneyline;home;;116;115;0.46
2026-06-17T12:20:51.584768+00:00;Cincinnati Reds vs New York Mets;spread;home;1.5;-139;-140;0.3
2026-06-17T12:20:51.585462+00:00;Cincinnati Reds vs New York Mets;total;over;9.0;-109;-110;0.43
2026-06-17T12:20:51.586141+00:00;Cincinnati Reds vs New York Mets;total;under;9.0;-103;-102;0.48
2026-06-17T12:22:52.054215+00:00;Philadelphia Phillies vs Miami Marlins;moneyline;home;;-108;-107;0.45
2026-06-17T12:22:52.054950+00:00;Philadelphia Phillies vs Miami Marlins;total;over;9.0;-114;-115;0.41
2026-06-17T12:22:52.055483+00:00;Philadelphia Phillies vs Miami Marlins;total;under;9.0;102;103;0.5
2026-06-17T12:24:52.506941+00:00;Chicago Cubs vs Colorado Rockies;moneyline;home;;-180;-182;0.39
2026-06-17T12:24:52.507670+00:00;Chicago Cubs vs Colorado Rockies;moneyline;away;;165;166;0.38
2026-06-17T12:24:52.508346+00:00;Chicago Cubs vs Colorado Rockies;spread;home;-1.5;111;110;0.47
2026-06-17T12:24:52.508923+00:00;Chicago Cubs vs Colorado Rockies;spread;away;1.5;-123;-122;0.37
2026-06-17T12:26:53.091220+00:00;Milwaukee Brewers vs Cleveland Guardians;moneyline;home;;-118;-117;0.39
2026-06-17T12:28:53.458262+00:00;Boston Red Sox vs Toronto Blue Jays;spread;home;-1.5;163;162;0.38
2026-06-17T12:28:53.459042+00:00;Boston Red Sox vs Toronto Blue Jays;spread;away;1.5;-182;-181;0.2
2026-06-17T12:28:53.459796+00:00;Boston Red Sox vs Toronto Blue Jays;total;over;9.5;-105;-106;0.46
2026-06-17T12:28:53.460558+00:00;Boston Red Sox vs Toronto Blue Jays;total;under;9.5;-107;-106;0.46
2026-06-17T12:30:54.106314+00:00;New York Yankees vs Chicago White Sox;moneyline;home;;-176;-175;0.21
2026-06-17T12:30:54.107039+00:00;New York Yankees vs Chicago White Sox;moneyline;away;;161;160;0.38
2026-06-17T12:30:54.107746+00:00;New York Yankees vs Chicago White Sox;spread;home;-1.5;116;117;0.46
2026-06-17T12:30:54.108307+00:00;New York Yankees vs Chicago White Sox;spread;away;1.5;-128;-129;0.34
2026-06-17T12:30:54.108829+00:00;New York Yankees vs Chicago White Sox;total;over;8.5;-102;-101;0.49
2026-06-17T12:30:54.109356+00:00;New York Yankees vs Chicago White Sox;total;under;8.5;-111;-112;0.42
2026-06-17T12:30:54.284113+00:00;Athletics vs Pittsburgh Pirates;moneyline;home;;109;110;0.48
2026-06-17T12:30:54.284755+00:00;Athletics vs Pittsburgh Pirates;moneyline;away;;-118;-119;0.39
2026-06-17T12:30:54.285340+00:00;Athletics vs Pittsburgh Pirates;total;over;10.0;-110;-111;0.43
2026-06-17T12:30:54.285936+00:00;Athletics vs Pittsburgh Pirates;total;under;10.0;-102;-101;0.49
2026-06-17T12:34:54.948900+00:00;Los Angeles Dodgers vs Tampa Bay Rays;moneyline;home;;-172;-170;0.43
2026-06-17T12:34:54.949762+00:00;Los Angeles Dodgers vs Tampa Bay Rays;moneyline;away;;157;156;0.39
2026-06-17T12:34:54.950575+00:00;Los Angeles Dodgers vs Tampa Bay Rays;spread;home;-1.5;126;127;0.44
2026-06-17T12:34:54.951591+00:00;Los Angeles Dodgers vs Tampa Bay Rays;spread;away;1.5;-140;-141;0.3
2026-06-17T12:34:54.952328+00:00;Los Angeles Dodgers vs Tampa Bay Rays;total;over;7.0;-113;-114;0.41
2026-06-17T12:34:54.953136+00:00;Los Angeles Dodgers vs Tampa Bay Rays;total;under;7.0;101;102;0.5
2026-06-17T12:34:55.213484+00:00;Washington Nationals vs Kansas City Royals;moneyline;away;;117;118;0.46
2026-06-17T12:34:55.214264+00:00;Washington Nationals vs Kansas City Royals;spread;home;-1.5;153;152;0.4
2026-06-17T12:34:55.214967+00:00;Washington Nationals vs Kansas City Royals;spread;away;1.5;-171;-170;0.22
2026-06-17T12:34:55.215575+00:00;Washington Nationals vs Kansas City Royals;total;over;10.5;101;-103;1.95
2026-06-17T12:34:55.216248+00:00;Washington Nationals vs Kansas City Royals;total;under;10.5;-114;-109;2.14
2026-06-17T12:36:55.714047+00:00;Arizona Diamondbacks vs Los Angeles Angels;moneyline;home;;-161;-162;0.24
2026-06-17T12:36:55.714822+00:00;Arizona Diamondbacks vs Los Angeles Angels;spread;home;-1.5;127;126;0.44
2026-06-17T12:36:55.715405+00:00;Arizona Diamondbacks vs Los Angeles Angels;spread;away;1.5;-141;-139;0.6
2026-06-17T12:36:55.916842+00:00;Philadelphia Phillies vs Miami Marlins;moneyline;home;;-107;-109;0.89
2026-06-17T12:36:55.917535+00:00;Philadelphia Phillies vs Miami Marlins;moneyline;away;;-101;100;0.5
2026-06-17T12:36:55.918125+00:00;Philadelphia Phillies vs Miami Marlins;spread;home;-1.5;183;182;0.35
2026-06-17T12:36:55.918649+00:00;Philadelphia Phillies vs Miami Marlins;spread;away;1.5;-207;-205;0.32
2026-06-17T12:36:55.919210+00:00;Philadelphia Phillies vs Miami Marlins;total;under;9.0;103;102;0.49
2026-06-17T12:44:57.750500+00:00;Athletics vs Pittsburgh Pirates;moneyline;home;;110;109;0.48
2026-06-17T12:44:57.751232+00:00;Athletics vs Pittsburgh Pirates;moneyline;away;;-119;-118;0.39
2026-06-17T12:44:57.751822+00:00;Athletics vs Pittsburgh Pirates;total;over;10.0;-111;-112;0.42
2026-06-17T12:44:57.752395+00:00;Athletics vs Pittsburgh Pirates;total;under;10.0;-101;100;0.5
2026-06-17T12:44:57.974536+00:00;New York Yankees vs Chicago White Sox;spread;home;-1.5;117;116;0.46
2026-06-17T12:44:57.975172+00:00;New York Yankees vs Chicago White Sox;spread;away;1.5;-129;-128;0.34
2026-06-17T12:48:58.595211+00:00;Washington Nationals vs Kansas City Royals;total;over;10.5;-103;-104;0.47
2026-06-17T12:48:58.595892+00:00;Washington Nationals vs Kansas City Royals;total;under;10.5;-109;-108;0.44
2026-06-17T12:57:59.807767+00:00;Atlanta Braves vs San Francisco Giants;total;over;9.0;-111;-112;0.42
2026-06-17T12:57:59.808426+00:00;Atlanta Braves vs San Francisco Giants;total;under;9.0;-102;-100;0.99
2026-06-17T12:57:59.869600+00:00;Chicago Cubs vs Colorado Rockies;spread;home;-1.5;110;111;0.48
2026-06-17T12:57:59.965805+00:00;Philadelphia Phillies vs Miami Marlins;total;over;9.0;-115;-117;0.8
2026-06-17T12:57:59.966443+00:00;Philadelphia Phillies vs Miami Marlins;total;under;9.0;102;104;0.99
2026-06-17T12:58:00.055306+00:00;Boston Red Sox vs Toronto Blue Jays;moneyline;away;;112;113;0.47
2026-06-17T12:58:00.117413+00:00;Los Angeles Dodgers vs Tampa Bay Rays;moneyline;home;;-170;-171;0.22
2026-06-17T12:58:00.118273+00:00;Los Angeles Dodgers vs Tampa Bay Rays;spread;away;1.5;-141;-140;0.3
2026-06-17T12:58:00.118854+00:00;Los Angeles Dodgers vs Tampa Bay Rays;total;over;7.0;-114;-116;0.81
2026-06-17T12:58:00.119420+00:00;Los Angeles Dodgers vs Tampa Bay Rays;total;under;7.0;102;103;0.5
2026-06-17T12:58:00.207634+00:00;Milwaukee Brewers vs Cleveland Guardians;moneyline;home;;-117;-120;1.15
2026-06-17T12:58:00.208286+00:00;Milwaukee Brewers vs Cleveland Guardians;moneyline;away;;108;111;1.44
2026-06-17T12:58:00.208871+00:00;Milwaukee Brewers vs Cleveland Guardians;spread;home;-1.5;178;175;1.08
2026-06-17T12:58:00.209424+00:00;Milwaukee Brewers vs Cleveland Guardians;spread;away;1.5;-200;-197;0.51
2026-06-17T13:00:00.681152+00:00;Athletics vs Pittsburgh Pirates;moneyline;home;;109;107;0.96
2026-06-17T13:00:00.681778+00:00;Athletics vs Pittsburgh Pirates;moneyline;away;;-118;-116;0.79
2026-06-17T13:00:00.682449+00:00;Athletics vs Pittsburgh Pirates;spread;home;1.5;-145;-147;0.56
2026-06-17T13:00:00.683031+00:00;Athletics vs Pittsburgh Pirates;spread;away;-1.5;131;133;0.87
2026-06-17T13:00:00.683614+00:00;Athletics vs Pittsburgh Pirates;total;over;10.0;-112;-114;0.83
2026-06-17T13:00:00.684178+00:00;Athletics vs Pittsburgh Pirates;total;under;10.0;100;101;0.5
2026-06-17T13:04:01.552627+00:00;Washington Nationals vs Kansas City Royals;moneyline;home;;-127;-129;0.68
2026-06-17T13:04:01.553294+00:00;Washington Nationals vs Kansas City Royals;moneyline;away;;118;119;0.46
2026-06-17T13:04:01.553934+00:00;Washington Nationals vs Kansas City Royals;spread;home;-1.5;152;150;0.79
2026-06-17T13:04:01.554512+00:00;Washington Nationals vs Kansas City Royals;spread;away;1.5;-170;-168;0.44
2026-06-17T13:04:01.555029+00:00;Washington Nationals vs Kansas City Royals;total;over;10.5;-104;-103;0.48
2026-06-17T13:04:01.555539+00:00;Washington Nationals vs Kansas City Royals;total;under;10.5;-108;-109;0.44
2026-06-17T13:06:02.042639+00:00;Cincinnati Reds vs New York Mets;moneyline;away;;-125;-124;0.36
2026-06-17T13:06:02.043402+00:00;Cincinnati Reds vs New York Mets;spread;away;-1.5;126;127;0.44
2026-06-17T13:08:02.584245+00:00;Philadelphia Phillies vs Miami Marlins;moneyline;home;;-109;-108;0.44
2026-06-17T13:08:02.868362+00:00;Arizona Diamondbacks vs Los Angeles Angels;moneyline;home;;-162;-163;0.23
2026-06-17T13:08:02.868915+00:00;Arizona Diamondbacks vs Los Angeles Angels;moneyline;away;;148;150;0.81
2026-06-17T13:08:02.869438+00:00;Arizona Diamondbacks vs Los Angeles Angels;spread;home;-1.5;126;125;0.44
2026-06-17T13:08:02.870014+00:00;Arizona Diamondbacks vs Los Angeles Angels;spread;away;1.5;-139;-138;0.3
2026-06-17T13:10:03.097745+00:00;Chicago Cubs vs Colorado Rockies;spread;home;-1.5;111;110;0.47
2026-06-17T13:10:03.098536+00:00;Chicago Cubs vs Colorado Rockies;total;over;10.0;-106;-109;1.34
2026-06-17T13:10:03.099450+00:00;Chicago Cubs vs Colorado Rockies;total;under;10.0;-106;-103;1.41
2026-06-17T13:12:03.715133+00:00;Milwaukee Brewers vs Cleveland Guardians;moneyline;home;;-120;-122;0.75
2026-06-17T13:12:03.715848+00:00;Milwaukee Brewers vs Cleveland Guardians;moneyline;away;;111;113;0.95
2026-06-17T13:12:03.716456+00:00;Milwaukee Brewers vs Cleveland Guardians;spread;home;-1.5;175;173;0.73
2026-06-17T13:12:03.717051+00:00;Milwaukee Brewers vs Cleveland Guardians;spread;away;1.5;-197;-194;0.52
2026-06-17T13:14:04.105427+00:00;Boston Red Sox vs Toronto Blue Jays;total;over;9.5;-106;-107;0.45
2026-06-17T13:14:04.106178+00:00;Boston Red Sox vs Toronto Blue Jays;total;under;9.5;-106;-105;0.46
2026-06-17T13:16:04.833467+00:00;New York Yankees vs Chicago White Sox;moneyline;home;;-175;-176;0.21
2026-06-17T13:16:04.834419+00:00;New York Yankees vs Chicago White Sox;moneyline;away;;160;161;0.38
2026-06-17T13:16:04.835319+00:00;New York Yankees vs Chicago White Sox;total;under;8.5;-112;-111;0.42
2026-06-17T13:18:05.443263+00:00;St. Louis Cardinals vs San Diego Padres;moneyline;home;;-125;-124;0.36
2026-06-17T13:18:05.443908+00:00;St. Louis Cardinals vs San Diego Padres;moneyline;away;;113;112;0.47
2026-06-17T13:18:05.444531+00:00;St. Louis Cardinals vs San Diego Padres;spread;home;-1.5;155;156;0.39
2026-06-17T13:18:05.445052+00:00;St. Louis Cardinals vs San Diego Padres;spread;away;1.5;-176;-178;0.41
2026-06-17T13:20:05.748379+00:00;Washington Nationals vs Kansas City Royals;moneyline;home;;-129;-130;0.34
2026-06-17T13:20:05.748987+00:00;Washington Nationals vs Kansas City Royals;moneyline;away;;119;120;0.46
2026-06-17T13:20:05.749574+00:00;Washington Nationals vs Kansas City Royals;spread;home;-1.5;150;149;0.4
2026-06-17T13:20:05.750132+00:00;Washington Nationals vs Kansas City Royals;spread;away;1.5;-168;-166;0.45
2026-06-17T13:20:05.872079+00:00;Seattle Mariners vs Baltimore Orioles;spread;home;-1.5;156;155;0.39
2026-06-17T13:20:05.872878+00:00;Seattle Mariners vs Baltimore Orioles;spread;away;1.5;-174;-173;0.21
2026-06-17T13:20:06.031105+00:00;Los Angeles Dodgers vs Tampa Bay Rays;moneyline;home;;-171;-170;0.22
2026-06-17T13:22:06.647642+00:00;Philadelphia Phillies vs Miami Marlins;moneyline;away;;100;-100;0.0
2026-06-17T13:22:06.648391+00:00;Philadelphia Phillies vs Miami Marlins;spread;away;1.5;-205;-206;0.16
2026-06-17T13:22:06.649007+00:00;Philadelphia Phillies vs Miami Marlins;total;over;9.0;-117;-116;0.4
2026-06-17T13:22:06.708007+00:00;Arizona Diamondbacks vs Los Angeles Angels;moneyline;home;;-163;-171;1.78
2026-06-17T13:22:06.708573+00:00;Arizona Diamondbacks vs Los Angeles Angels;moneyline;away;;150;156;2.4
2026-06-17T13:22:06.709093+00:00;Arizona Diamondbacks vs Los Angeles Angels;spread;home;-1.5;125;122;1.33
2026-06-17T13:22:06.709704+00:00;Arizona Diamondbacks vs Los Angeles Angels;spread;away;1.5;-138;-134;1.25
2026-06-17T13:22:06.710275+00:00;Arizona Diamondbacks vs Los Angeles Angels;total;over;9.0;-105;-117;5.0
2026-06-17T13:22:06.711259+00:00;Arizona Diamondbacks vs Los Angeles Angels;total;under;9.0;-107;104;5.45
2026-06-17T13:24:07.105458+00:00;Chicago Cubs vs Colorado Rockies;moneyline;home;;-182;-184;0.39
2026-06-17T13:24:07.106100+00:00;Chicago Cubs vs Colorado Rockies;moneyline;away;;166;168;0.75
2026-06-17T13:24:07.106724+00:00;Chicago Cubs vs Colorado Rockies;spread;home;-1.5;110;109;0.48
2026-06-17T13:24:07.107273+00:00;Chicago Cubs vs Colorado Rockies;spread;away;1.5;-122;-121;0.37
2026-06-17T13:26:07.500504+00:00;Houston Astros vs Detroit Tigers;spread;home;1.5;-172;-173;0.21
2026-06-17T13:28:08.148186+00:00;Milwaukee Brewers vs Cleveland Guardians;moneyline;home;;-122;-123;0.37
2026-06-17T13:28:08.148804+00:00;Milwaukee Brewers vs Cleveland Guardians;spread;home;-1.5;173;172;0.37
2026-06-17T13:28:08.210037+00:00;Boston Red Sox vs Toronto Blue Jays;moneyline;home;;-122;-123;0.37
2026-06-17T13:28:08.210628+00:00;Boston Red Sox vs Toronto Blue Jays;spread;home;-1.5;162;161;0.38
2026-06-17T13:28:08.211224+00:00;Boston Red Sox vs Toronto Blue Jays;spread;away;1.5;-181;-180;0.2
2026-06-17T13:30:08.561072+00:00;Athletics vs Pittsburgh Pirates;spread;home;1.5;-147;-148;0.27
2026-06-17T13:30:08.561684+00:00;Athletics vs Pittsburgh Pirates;total;under;10.0;101;102;0.5
2026-06-17T13:30:08.811862+00:00;New York Yankees vs Chicago White Sox;moneyline;home;;-176;-175;0.21
2026-06-17T13:30:08.812430+00:00;New York Yankees vs Chicago White Sox;moneyline;away;;161;160;0.38
2026-06-17T13:30:08.813000+00:00;New York Yankees vs Chicago White Sox;total;over;8.5;-101;-100;0.5
2026-06-17T13:30:08.813490+00:00;New York Yankees vs Chicago White Sox;total;under;8.5;-111;-112;0.42
2026-06-17T13:34:09.469888+00:00;Washington Nationals vs Kansas City Royals;moneyline;home;;-130;-133;0.98
2026-06-17T13:34:09.470521+00:00;Washington Nationals vs Kansas City Royals;moneyline;away;;120;122;0.91
2026-06-17T13:34:09.471103+00:00;Washington Nationals vs Kansas City Royals;spread;home;-1.5;149;147;0.8
2026-06-17T13:34:09.471614+00:00;Washington Nationals vs Kansas City Royals;spread;away;1.5;-166;-163;0.69
2026-06-17T13:34:09.667404+00:00;Seattle Mariners vs Baltimore Orioles;spread;home;-1.5;155;156;0.39
2026-06-17T13:34:09.668012+00:00;Seattle Mariners vs Baltimore Orioles;spread;away;1.5;-173;-174;0.21
2026-06-17T13:34:09.668560+00:00;Seattle Mariners vs Baltimore Orioles;total;over;7.5;-105;-102;1.43
2026-06-17T13:34:09.669100+00:00;Seattle Mariners vs Baltimore Orioles;total;under;7.5;-107;-111;1.74
2026-06-17T13:34:09.855942+00:00;St. Louis Cardinals vs San Diego Padres;moneyline;away;;112;113;0.47
2026-06-17T13:34:09.856567+00:00;St. Louis Cardinals vs San Diego Padres;spread;home;-1.5;156;155;0.39
2026-06-17T13:34:09.857093+00:00;St. Louis Cardinals vs San Diego Padres;spread;away;1.5;-178;-177;0.2
2026-06-17T13:34:09.857653+00:00;St. Louis Cardinals vs San Diego Padres;total;over;10.5;-103;-101;0.98
2026-06-17T13:34:09.858223+00:00;St. Louis Cardinals vs San Diego Padres;total;under;10.5;-112;-113;0.42
2026-06-17T13:36:10.121351+00:00;Cincinnati Reds vs New York Mets;moneyline;away;;-124;-125;0.36
2026-06-17T13:38:10.720698+00:00;Arizona Diamondbacks vs Los Angeles Angels;moneyline;home;;-171;-170;0.22
2026-06-17T13:38:10.721525+00:00;Arizona Diamondbacks vs Los Angeles Angels;spread;away;1.5;-134;-135;0.32
2026-06-17T13:38:10.722157+00:00;Arizona Diamondbacks vs Los Angeles Angels;total;over;9.0;-117;-118;0.39
2026-06-17T13:38:10.722755+00:00;Arizona Diamondbacks vs Los Angeles Angels;total;under;9.0;104;105;0.49
2026-06-17T13:38:10.842380+00:00;Philadelphia Phillies vs Miami Marlins;moneyline;home;;-108;-113;2.13
2026-06-17T13:38:10.843178+00:00;Philadelphia Phillies vs Miami Marlins;moneyline;away;;-100;105;2.5
2026-06-17T13:38:10.843979+00:00;Philadelphia Phillies vs Miami Marlins;spread;home;-1.5;182;176;2.13
2026-06-17T13:38:10.844569+00:00;Philadelphia Phillies vs Miami Marlins;spread;away;1.5;-206;-198;1.32
2026-06-17T13:40:11.588370+00:00;Atlanta Braves vs San Francisco Giants;spread;home;-1.5;147;146;0.4
2026-06-17T13:40:11.588969+00:00;Atlanta Braves vs San Francisco Giants;total;under;9.0;-100;100;0.0
2026-06-17T13:42:12.105218+00:00;Milwaukee Brewers vs Cleveland Guardians;moneyline;home;;-123;-122;0.37
2026-06-17T13:42:12.105885+00:00;Milwaukee Brewers vs Cleveland Guardians;spread;home;-1.5;172;173;0.37
2026-06-17T13:42:12.168704+00:00;Houston Astros vs Detroit Tigers;total;under;8.0;-101;-102;0.49
2026-06-17T13:46:13.074052+00:00;Athletics vs Pittsburgh Pirates;total;under;10.0;102;101;0.5
2026-06-17T13:48:13.427083+00:00;St. Louis Cardinals vs San Diego Padres;moneyline;away;;113;112;0.47
2026-06-17T13:48:13.427792+00:00;St. Louis Cardinals vs San Diego Padres;spread;home;-1.5;155;156;0.39
2026-06-17T13:48:13.428391+00:00;St. Louis Cardinals vs San Diego Padres;spread;away;1.5;-177;-178;0.2
2026-06-17T13:50:14.022693+00:00;Washington Nationals vs Kansas City Royals;total;over;10.5;-103;-104;0.47
2026-06-17T13:50:14.111195+00:00;Seattle Mariners vs Baltimore Orioles;total;over;7.5;-102;-101;0.49
2026-06-17T13:50:14.197157+00:00;Los Angeles Dodgers vs Tampa Bay Rays;moneyline;home;;-170;-171;0.22
2026-06-17T13:50:14.197789+00:00;Los Angeles Dodgers vs Tampa Bay Rays;spread;home;-1.5;127;126;0.44
2026-06-17T13:52:14.473391+00:00;Cincinnati Reds vs New York Mets;spread;away;-1.5;127;126;0.44
2026-06-17T13:52:14.645872+00:00;Philadelphia Phillies vs Miami Marlins;moneyline;away;;105;104;0.49
2026-06-17T13:52:14.646585+00:00;Philadelphia Phillies vs Miami Marlins;spread;home;-1.5;176;177;0.36
2026-06-17T13:52:14.647217+00:00;Philadelphia Phillies vs Miami Marlins;spread;away;1.5;-198;-199;0.17
2026-06-17T13:58:16.471864+00:00;Milwaukee Brewers vs Cleveland Guardians;spread;away;1.5;-194;-195;0.17
2026-06-17T14:04:18.506683+00:00;Washington Nationals vs Kansas City Royals;moneyline;away;;122;123;0.45
2026-06-17T14:04:18.507436+00:00;Washington Nationals vs Kansas City Royals;spread;home;-1.5;147;146;0.4
2026-06-17T14:04:18.508099+00:00;Washington Nationals vs Kansas City Royals;total;over;10.5;-104;-103;0.48
2026-06-17T14:06:18.737829+00:00;Los Angeles Dodgers vs Tampa Bay Rays;moneyline;home;;-171;-157;3.29
2026-06-17T14:06:18.748004+00:00;Los Angeles Dodgers vs Tampa Bay Rays;moneyline;away;;156;144;4.69
2026-06-17T14:06:18.749270+00:00;Los Angeles Dodgers vs Tampa Bay Rays;spread;home;-1.5;126;134;3.54
2026-06-17T14:06:18.750353+00:00;Los Angeles Dodgers vs Tampa Bay Rays;spread;away;1.5;-140;-148;2.25
2026-06-17T14:06:18.751056+00:00;Los Angeles Dodgers vs Tampa Bay Rays;total;over;7.0;-116;-115;0.4
2026-06-17T14:06:18.751708+00:00;Los Angeles Dodgers vs Tampa Bay Rays;total;under;7.0;103;102;0.49
2026-06-17T14:06:19.015440+00:00;Cincinnati Reds vs New York Mets;spread;away;-1.5;126;127;0.44
2026-06-17T14:06:19.016102+00:00;Cincinnati Reds vs New York Mets;total;over;9.0;-110;-108;0.88
2026-06-17T14:06:19.016679+00:00;Cincinnati Reds vs New York Mets;total;under;9.0;-102;-104;0.95
2026-06-17T14:15:19.958882+00:00;Philadelphia Phillies vs Miami Marlins;moneyline;home;;-113;-112;0.42
2026-06-17T14:15:19.959899+00:00;Philadelphia Phillies vs Miami Marlins;total;over;9.5;104;105;0.49
2026-06-17T14:15:19.960522+00:00;Philadelphia Phillies vs Miami Marlins;total;under;9.5;-117;-118;0.39
2026-06-17T14:15:20.027537+00:00;New York Yankees vs Chicago White Sox;moneyline;home;;-175;-176;0.21
2026-06-17T14:15:20.028282+00:00;New York Yankees vs Chicago White Sox;moneyline;away;;160;161;0.38
2026-06-17T14:15:20.357403+00:00;Houston Astros vs Detroit Tigers;moneyline;home;;-102;-103;0.48
2026-06-17T14:15:20.358172+00:00;Houston Astros vs Detroit Tigers;moneyline;away;;-106;-105;0.46
2026-06-17T14:15:20.358851+00:00;Houston Astros vs Detroit Tigers;spread;home;1.5;-173;-174;0.21
2026-06-17T14:15:20.359436+00:00;Houston Astros vs Detroit Tigers;spread;away;-1.5;155;156;0.39
2026-06-17T14:15:20.360014+00:00;Houston Astros vs Detroit Tigers;total;over;8.0;-111;-110;0.43
2026-06-17T14:15:20.461757+00:00;Atlanta Braves vs San Francisco Giants;moneyline;home;;-137;-138;0.31
2026-06-17T14:15:20.462538+00:00;Atlanta Braves vs San Francisco Giants;moneyline;away;;126;128;0.88
2026-06-17T14:15:20.463163+00:00;Atlanta Braves vs San Francisco Giants;spread;home;-1.5;146;145;0.41
2026-06-17T14:15:20.463730+00:00;Atlanta Braves vs San Francisco Giants;spread;away;1.5;-163;-162;0.23
2026-06-17T14:15:20.464316+00:00;Atlanta Braves vs San Francisco Giants;total;under;9.0;100;-100;0.0
2026-06-17T14:19:21.751803+00:00;St. Louis Cardinals vs San Diego Padres;total;over;10.0;-115;-112;1.25
2026-06-17T14:19:21.752546+00:00;St. Louis Cardinals vs San Diego Padres;total;under;10.0;101;-102;1.47
2026-06-17T14:19:21.816068+00:00;Seattle Mariners vs Baltimore Orioles;moneyline;home;;-137;-125;4.05
2026-06-17T14:19:21.817243+00:00;Seattle Mariners vs Baltimore Orioles;moneyline;away;;126;115;4.87
2026-06-17T14:19:21.818378+00:00;Seattle Mariners vs Baltimore Orioles;spread;home;-1.5;156;166;3.91
2026-06-17T14:19:21.819484+00:00;Seattle Mariners vs Baltimore Orioles;spread;away;1.5;-174;-186;2.35
2026-06-17T14:19:21.820195+00:00;Seattle Mariners vs Baltimore Orioles;total;over;7.5;-101;-102;0.49
2026-06-17T14:19:21.884585+00:00;Washington Nationals vs Kansas City Royals;moneyline;home;;-133;-132;0.33
2026-06-17T14:19:21.885245+00:00;Washington Nationals vs Kansas City Royals;moneyline;away;;123;122;0.45
2026-06-17T14:19:21.885857+00:00;Washington Nationals vs Kansas City Royals;spread;home;-1.5;146;147;0.41
2026-06-17T14:19:21.886485+00:00;Washington Nationals vs Kansas City Royals;spread;away;1.5;-163;-164;0.23
2026-06-17T14:21:22.161667+00:00;Cincinnati Reds vs New York Mets;moneyline;home;;115;117;0.93
2026-06-17T14:21:22.162435+00:00;Cincinnati Reds vs New York Mets;moneyline;away;;-125;-127;0.7
2026-06-17T14:21:22.163125+00:00;Cincinnati Reds vs New York Mets;spread;home;1.5;-140;-139;0.3
2026-06-17T14:21:22.163775+00:00;Cincinnati Reds vs New York Mets;spread;away;-1.5;127;125;0.88
2026-06-17T14:21:22.164394+00:00;Cincinnati Reds vs New York Mets;total;over;9.0;-108;-109;0.44
2026-06-17T14:21:22.271803+00:00;Los Angeles Dodgers vs Tampa Bay Rays;moneyline;home;;-157;-158;0.25
2026-06-17T14:21:22.272481+00:00;Los Angeles Dodgers vs Tampa Bay Rays;moneyline;away;;144;145;0.41
2026-06-17T14:21:22.273155+00:00;Los Angeles Dodgers vs Tampa Bay Rays;spread;home;-1.5;134;133;0.43
2026-06-17T14:21:22.273827+00:00;Los Angeles Dodgers vs Tampa Bay Rays;total;under;7.0;102;103;0.5
2026-06-17T14:23:22.648992+00:00;Philadelphia Phillies vs Miami Marlins;moneyline;home;;-112;-111;0.42
2026-06-17T14:23:22.649693+00:00;Philadelphia Phillies vs Miami Marlins;moneyline;away;;104;103;0.49
2026-06-17T14:23:22.650324+00:00;Philadelphia Phillies vs Miami Marlins;spread;home;-1.5;177;179;0.72
2026-06-17T14:23:22.650949+00:00;Philadelphia Phillies vs Miami Marlins;spread;away;1.5;-199;-201;0.33
2026-06-17T14:25:23.630656+00:00;Atlanta Braves vs San Francisco Giants;moneyline;away;;128;127;0.44
2026-06-17T14:25:23.631436+00:00;Atlanta Braves vs San Francisco Giants;spread;home;-1.5;145;146;0.41
2026-06-17T14:27:24.085858+00:00;Houston Astros vs Detroit Tigers;moneyline;home;;-103;-102;0.48
2026-06-17T14:27:24.086631+00:00;Houston Astros vs Detroit Tigers;moneyline;away;;-105;-106;0.46
2026-06-17T14:27:24.087275+00:00;Houston Astros vs Detroit Tigers;spread;home;1.5;-174;-172;0.42
2026-06-17T14:27:24.087884+00:00;Houston Astros vs Detroit Tigers;spread;away;-1.5;156;154;0.78
2026-06-17T14:29:24.596955+00:00;Boston Red Sox vs Toronto Blue Jays;moneyline;away;;113;114;0.47
2026-06-17T14:35:26.473038+00:00;Los Angeles Dodgers vs Tampa Bay Rays;spread;away;1.5;-148;-147;0.27
2026-06-17T14:35:26.707373+00:00;Seattle Mariners vs Baltimore Orioles;moneyline;home;;-125;-124;0.36
2026-06-17T14:35:26.708034+00:00;Seattle Mariners vs Baltimore Orioles;spread;home;-1.5;166;167;0.38
2026-06-17T14:35:26.708641+00:00;Seattle Mariners vs Baltimore Orioles;spread;away;1.5;-186;-187;0.19
2026-06-17T14:37:27.509160+00:00;Arizona Diamondbacks vs Los Angeles Angels;moneyline;home;;-170;-169;0.22
2026-06-17T14:37:27.509858+00:00;Arizona Diamondbacks vs Los Angeles Angels;moneyline;away;;156;155;0.39
2026-06-17T14:37:27.606924+00:00;Cincinnati Reds vs New York Mets;spread;home;1.5;-139;-138;0.3
2026-06-17T14:37:27.607590+00:00;Cincinnati Reds vs New York Mets;total;over;9.0;-109;-107;0.89
2026-06-17T14:37:27.608252+00:00;Cincinnati Reds vs New York Mets;total;under;9.0;-104;-105;0.47
2026-06-17T14:37:27.676983+00:00;Philadelphia Phillies vs Miami Marlins;moneyline;home;;-111;-112;0.42
2026-06-17T14:37:27.677658+00:00;Philadelphia Phillies vs Miami Marlins;spread;home;-1.5;179;178;0.36
2026-06-17T14:37:27.678255+00:00;Philadelphia Phillies vs Miami Marlins;spread;away;1.5;-201;-200;0.17
2026-06-17T14:46:28.578637+00:00;Houston Astros vs Detroit Tigers;moneyline;home;;-102;-101;0.49
2026-06-17T14:46:28.579342+00:00;Houston Astros vs Detroit Tigers;moneyline;away;;-106;-107;0.45
2026-06-17T14:46:28.580049+00:00;Houston Astros vs Detroit Tigers;total;over;8.0;-110;-109;0.44
2026-06-17T14:46:28.580641+00:00;Houston Astros vs Detroit Tigers;total;under;8.0;-102;-103;0.48
2026-06-17T14:46:28.734342+00:00;Athletics vs Pittsburgh Pirates;spread;home;1.5;-148;-147;0.27
2026-06-17T14:46:28.888467+00:00;Milwaukee Brewers vs Cleveland Guardians;spread;away;1.5;-195;-194;0.17
2026-06-17T14:48:29.506903+00:00;St. Louis Cardinals vs San Diego Padres;moneyline;home;;-124;-123;0.36
2026-06-17T14:48:29.507666+00:00;St. Louis Cardinals vs San Diego Padres;moneyline;away;;112;111;0.47
2026-06-17T14:50:29.925354+00:00;Washington Nationals vs Kansas City Royals;moneyline;home;;-132;-126;2.05
2026-06-17T14:50:29.926035+00:00;Washington Nationals vs Kansas City Royals;moneyline;away;;122;116;2.7
2026-06-17T14:50:29.926712+00:00;Washington Nationals vs Kansas City Royals;spread;home;-1.5;147;150;1.21
2026-06-17T14:50:29.927368+00:00;Washington Nationals vs Kansas City Royals;spread;away;1.5;-164;-167;0.68
2026-06-17T14:50:29.928010+00:00;Washington Nationals vs Kansas City Royals;total;over;10.5;-103;-104;0.47
2026-06-17T14:50:29.928661+00:00;Washington Nationals vs Kansas City Royals;total;under;10.5;-109;-108;0.44
2026-06-17T14:50:30.193286+00:00;Seattle Mariners vs Baltimore Orioles;moneyline;away;;115;114;0.47
2026-06-17T14:52:30.468512+00:00;Arizona Diamondbacks vs Los Angeles Angels;moneyline;home;;-169;-168;0.22
2026-06-17T14:52:30.469269+00:00;Arizona Diamondbacks vs Los Angeles Angels;moneyline;away;;155;154;0.39
2026-06-17T14:52:30.470001+00:00;Arizona Diamondbacks vs Los Angeles Angels;spread;home;-1.5;122;123;0.45
2026-06-17T14:52:30.470641+00:00;Arizona Diamondbacks vs Los Angeles Angels;spread;away;1.5;-135;-136;0.31
2026-06-17T14:52:30.766754+00:00;Cincinnati Reds vs New York Mets;spread;home;1.5;-138;-139;0.3
2026-06-17T14:52:30.767408+00:00;Cincinnati Reds vs New York Mets;spread;away;-1.5;125;126;0.44
2026-06-17T14:52:30.767987+00:00;Cincinnati Reds vs New York Mets;total;over;9.0;-107;-101;2.87
2026-06-17T14:52:30.768546+00:00;Cincinnati Reds vs New York Mets;total;under;9.0;-105;-111;2.64
2026-06-17T14:52:30.940840+00:00;Los Angeles Dodgers vs Tampa Bay Rays;moneyline;home;;-158;-159;0.24
2026-06-17T14:52:30.941497+00:00;Los Angeles Dodgers vs Tampa Bay Rays;moneyline;away;;145;146;0.41
2026-06-17T14:52:30.942124+00:00;Los Angeles Dodgers vs Tampa Bay Rays;total;under;7.0;103;102;0.49
2026-06-17T14:54:31.185827+00:00;Atlanta Braves vs San Francisco Giants;moneyline;home;;-138;-139;0.3
2026-06-17T14:54:31.186542+00:00;Atlanta Braves vs San Francisco Giants;moneyline;away;;127;128;0.44
2026-06-17T14:54:31.187185+00:00;Atlanta Braves vs San Francisco Giants;spread;home;-1.5;146;145;0.41
2026-06-17T14:54:31.187805+00:00;Atlanta Braves vs San Francisco Giants;spread;away;1.5;-162;-161;0.24
2026-06-17T14:54:31.279880+00:00;Chicago Cubs vs Colorado Rockies;spread;away;1.5;-121;-120;0.38
2026-06-17T14:56:31.753241+00:00;Houston Astros vs Detroit Tigers;moneyline;home;;-101;-102;0.49
2026-06-17T14:56:31.753990+00:00;Houston Astros vs Detroit Tigers;moneyline;away;;-107;-106;0.46
2026-06-17T14:56:31.754860+00:00;Houston Astros vs Detroit Tigers;spread;home;1.5;-172;-173;0.21
2026-06-17T14:56:31.755612+00:00;Houston Astros vs Detroit Tigers;spread;away;-1.5;154;155;0.39
2026-06-17T15:00:33.184512+00:00;New York Yankees vs Chicago White Sox;total;over;8.5;-100;-101;0.5
2026-06-17T15:04:34.385801+00:00;Washington Nationals vs Kansas City Royals;moneyline;home;;-126;-131;1.69
2026-06-17T15:04:34.386549+00:00;Washington Nationals vs Kansas City Royals;moneyline;away;;116;120;1.85
2026-06-17T15:04:34.387196+00:00;Washington Nationals vs Kansas City Royals;spread;home;-1.5;150;146;1.6
2026-06-17T15:04:34.387798+00:00;Washington Nationals vs Kansas City Royals;spread;away;1.5;-167;-163;0.92
2026-06-17T15:04:34.452519+00:00;St. Louis Cardinals vs San Diego Padres;moneyline;away;;111;114;1.42
2026-06-17T15:04:34.453196+00:00;St. Louis Cardinals vs San Diego Padres;spread;home;-1.5;156;157;0.39
2026-06-17T15:04:34.453816+00:00;St. Louis Cardinals vs San Diego Padres;spread;away;1.5;-178;-175;0.62
2026-06-17T15:04:34.454457+00:00;St. Louis Cardinals vs San Diego Padres;total;over;10.0;-112;-111;0.42
2026-06-17T15:04:34.455055+00:00;St. Louis Cardinals vs San Diego Padres;total;under;10.0;-102;-101;0.49
2026-06-17T15:04:34.541711+00:00;Seattle Mariners vs Baltimore Orioles;moneyline;home;;-124;-123;0.36
2026-06-17T15:04:34.542405+00:00;Seattle Mariners vs Baltimore Orioles;total;over;7.5;-102;-101;0.49
2026-06-17T15:06:34.713859+00:00;Los Angeles Dodgers vs Tampa Bay Rays;moneyline;home;;-159;-157;0.49
2026-06-17T15:06:34.714579+00:00;Los Angeles Dodgers vs Tampa Bay Rays;moneyline;away;;146;144;0.81
2026-06-17T15:06:34.715368+00:00;Los Angeles Dodgers vs Tampa Bay Rays;spread;home;-1.5;133;134;0.43
2026-06-17T15:06:34.716122+00:00;Los Angeles Dodgers vs Tampa Bay Rays;spread;away;1.5;-147;-148;0.27
2026-06-17T15:06:34.716995+00:00;Los Angeles Dodgers vs Tampa Bay Rays;total;over;7.0;-115;-117;0.8
2026-06-17T15:06:34.717794+00:00;Los Angeles Dodgers vs Tampa Bay Rays;total;under;7.0;102;104;0.99
2026-06-17T15:08:35.317352+00:00;Arizona Diamondbacks vs Los Angeles Angels;moneyline;home;;-168;-169;0.22
2026-06-17T15:08:35.318167+00:00;Arizona Diamondbacks vs Los Angeles Angels;total;over;9.0;-118;-114;1.61
2026-06-17T15:08:35.318849+00:00;Arizona Diamondbacks vs Los Angeles Angels;total;under;9.0;105;101;1.95
2026-06-17T15:08:35.570261+00:00;Philadelphia Phillies vs Miami Marlins;moneyline;home;;-112;-118;2.4
2026-06-17T15:08:35.571021+00:00;Philadelphia Phillies vs Miami Marlins;moneyline;away;;103;109;2.96
2026-06-17T15:08:35.571746+00:00;Philadelphia Phillies vs Miami Marlins;spread;home;-1.5;178;171;2.52
2026-06-17T15:08:35.572381+00:00;Philadelphia Phillies vs Miami Marlins;spread;away;1.5;-200;-192;1.39
2026-06-17T15:08:35.573008+00:00;Philadelphia Phillies vs Miami Marlins;total;over;9.5;105;103;0.98
2026-06-17T15:08:35.573657+00:00;Philadelphia Phillies vs Miami Marlins;total;under;9.5;-118;-116;0.79
2026-06-17T15:10:35.918643+00:00;Chicago Cubs vs Colorado Rockies;spread;away;1.5;-120;-121;0.38
2026-06-17T15:10:36.106328+00:00;Atlanta Braves vs San Francisco Giants;moneyline;home;;-139;-137;0.61
2026-06-17T15:10:36.106988+00:00;Atlanta Braves vs San Francisco Giants;moneyline;away;;128;126;0.88
2026-06-17T15:10:36.107609+00:00;Atlanta Braves vs San Francisco Giants;spread;home;-1.5;145;147;0.82
2026-06-17T15:10:36.108219+00:00;Atlanta Braves vs San Francisco Giants;spread;away;1.5;-161;-164;0.7
2026-06-17T15:12:36.628347+00:00;Milwaukee Brewers vs Cleveland Guardians;moneyline;home;;-122;-121;0.37
2026-06-17T15:12:36.629076+00:00;Milwaukee Brewers vs Cleveland Guardians;moneyline;away;;113;112;0.47
2026-06-17T15:12:36.629710+00:00;Milwaukee Brewers vs Cleveland Guardians;spread;home;-1.5;173;174;0.37
2026-06-17T15:12:36.630307+00:00;Milwaukee Brewers vs Cleveland Guardians;spread;away;1.5;-194;-196;0.35
2026-06-17T15:16:38.164952+00:00;New York Yankees vs Chicago White Sox;total;over;8.5;-101;-100;0.5
2026-06-17T15:18:38.482045+00:00;St. Louis Cardinals vs San Diego Padres;moneyline;away;;114;113;0.47
2026-06-17T15:20:38.951392+00:00;Washington Nationals vs Kansas City Royals;moneyline;home;;-131;-130;0.33
2026-06-17T15:20:38.952135+00:00;Washington Nationals vs Kansas City Royals;spread;home;-1.5;146;147;0.41
2026-06-17T15:20:39.341514+00:00;Seattle Mariners vs Baltimore Orioles;total;over;7.5;-101;-104;1.44
2026-06-17T15:20:39.342147+00:00;Seattle Mariners vs Baltimore Orioles;total;under;7.5;-111;-108;1.32
2026-06-17T15:22:39.523057+00:00;Arizona Diamondbacks vs Los Angeles Angels;moneyline;home;;-169;-168;0.22
2026-06-17T15:22:39.523784+00:00;Arizona Diamondbacks vs Los Angeles Angels;spread;home;-1.5;123;124;0.45
2026-06-17T15:22:39.524413+00:00;Arizona Diamondbacks vs Los Angeles Angels;spread;away;1.5;-136;-137;0.31
2026-06-17T15:22:39.525051+00:00;Arizona Diamondbacks vs Los Angeles Angels;total;over;9.0;-114;-111;1.26
2026-06-17T15:22:39.525628+00:00;Arizona Diamondbacks vs Los Angeles Angels;total;under;9.0;101;-101;0.99
2026-06-17T15:22:39.669071+00:00;Los Angeles Dodgers vs Tampa Bay Rays;spread;home;-1.5;134;133;0.43
2026-06-17T15:22:39.805448+00:00;Philadelphia Phillies vs Miami Marlins;total;over;9.5;103;101;0.99
2026-06-17T15:22:39.806077+00:00;Philadelphia Phillies vs Miami Marlins;total;under;9.5;-116;-113;1.23
2026-06-17T15:24:40.708301+00:00;Atlanta Braves vs San Francisco Giants;total;over;9.0;-112;-115;1.23
2026-06-17T15:24:40.709021+00:00;Atlanta Braves vs San Francisco Giants;total;under;9.0;-100;102;1.0
2026-06-17T15:26:41.218176+00:00;Houston Astros vs Detroit Tigers;spread;home;1.5;-173;-172;0.21
2026-06-17T15:28:41.877430+00:00;Boston Red Sox vs Toronto Blue Jays;moneyline;away;;114;113;0.47
2026-06-17T15:30:42.234822+00:00;New York Yankees vs Chicago White Sox;moneyline;home;;-176;-177;0.2
2026-06-17T15:30:42.235719+00:00;New York Yankees vs Chicago White Sox;moneyline;away;;161;162;0.38
2026-06-17T15:30:42.236485+00:00;New York Yankees vs Chicago White Sox;spread;home;-1.5;116;115;0.46
2026-06-17T15:30:42.237279+00:00;New York Yankees vs Chicago White Sox;spread;away;1.5;-128;-127;0.35
2026-06-17T15:30:42.305648+00:00;Athletics vs Pittsburgh Pirates;moneyline;home;;107;108;0.48
2026-06-17T15:30:42.306385+00:00;Athletics vs Pittsburgh Pirates;moneyline;away;;-116;-117;0.4
2026-06-17T15:30:42.307033+00:00;Athletics vs Pittsburgh Pirates;spread;away;-1.5;133;132;0.43
2026-06-17T15:34:43.367360+00:00;Washington Nationals vs Kansas City Royals;moneyline;home;;-130;-131;0.33
2026-06-17T15:34:43.368428+00:00;Washington Nationals vs Kansas City Royals;moneyline;away;;120;121;0.45
2026-06-17T15:34:43.369216+00:00;Washington Nationals vs Kansas City Royals;spread;home;-1.5;147;146;0.4
2026-06-17T15:34:43.369929+00:00;Washington Nationals vs Kansas City Royals;spread;away;1.5;-163;-162;0.23
2026-06-17T15:34:43.608121+00:00;St. Louis Cardinals vs San Diego Padres;moneyline;away;;113;114;0.47
2026-06-17T15:34:43.614263+00:00;St. Louis Cardinals vs San Diego Padres;total;over;10.0;-111;-113;0.84
2026-06-17T15:34:43.617500+00:00;St. Louis Cardinals vs San Diego Padres;total;under;10.0;-101;101;1.0
2026-06-17T15:36:44.010282+00:00;Cincinnati Reds vs New York Mets;total;over;9.0;-101;-102;0.49
2026-06-17T15:36:44.010991+00:00;Cincinnati Reds vs New York Mets;total;under;9.0;-111;-110;0.43
2026-06-17T15:40:45.264489+00:00;Atlanta Braves vs San Francisco Giants;total;over;9.0;-115;-114;0.41
2026-06-17T15:42:46.060298+00:00;Houston Astros vs Detroit Tigers;moneyline;home;;-102;-101;0.49
2026-06-17T15:42:46.061037+00:00;Houston Astros vs Detroit Tigers;moneyline;away;;-106;-107;0.45
2026-06-17T15:42:46.061734+00:00;Houston Astros vs Detroit Tigers;spread;home;1.5;-172;-171;0.21
2026-06-17T15:42:46.062326+00:00;Houston Astros vs Detroit Tigers;spread;away;-1.5;155;153;0.78
2026-06-17T15:44:46.651897+00:00;Boston Red Sox vs Toronto Blue Jays;total;over;9.5;-107;-108;0.45
2026-06-17T15:44:46.652861+00:00;Boston Red Sox vs Toronto Blue Jays;total;under;9.5;-105;-104;0.47
2026-06-17T15:46:46.895090+00:00;New York Yankees vs Chicago White Sox;moneyline;home;;-177;-182;0.99
2026-06-17T15:46:46.895941+00:00;New York Yankees vs Chicago White Sox;moneyline;away;;162;167;1.91
2026-06-17T15:46:46.896597+00:00;New York Yankees vs Chicago White Sox;spread;home;-1.5;115;111;1.86
2026-06-17T15:46:46.897224+00:00;New York Yankees vs Chicago White Sox;spread;away;1.5;-127;-122;1.81
2026-06-17T15:46:46.897869+00:00;New York Yankees vs Chicago White Sox;total;over;8.5;-100;-101;0.5
2026-06-17T15:50:48.107869+00:00;St. Louis Cardinals vs San Diego Padres;moneyline;home;;-123;-124;0.36
2026-06-17T15:50:48.108748+00:00;St. Louis Cardinals vs San Diego Padres;moneyline;away;;114;115;0.47
2026-06-17T15:50:48.109401+00:00;St. Louis Cardinals vs San Diego Padres;spread;home;-1.5;157;155;0.78
2026-06-17T15:50:48.109995+00:00;St. Louis Cardinals vs San Diego Padres;spread;away;1.5;-175;-173;0.42
2026-06-17T15:50:48.110611+00:00;St. Louis Cardinals vs San Diego Padres;total;under;10.5;-113;-111;0.85
2026-06-17T15:50:48.343628+00:00;Washington Nationals vs Kansas City Royals;moneyline;home;;-131;-130;0.33
2026-06-17T15:50:48.344327+00:00;Washington Nationals vs Kansas City Royals;moneyline;away;;121;120;0.45
2026-06-17T15:50:48.344997+00:00;Washington Nationals vs Kansas City Royals;spread;home;-1.5;146;145;0.41
2026-06-17T15:52:48.560291+00:00;Cincinnati Reds vs New York Mets;spread;away;-1.5;126;125;0.44
2026-06-17T15:52:48.588875+00:00;Los Angeles Dodgers vs Tampa Bay Rays;moneyline;home;;-157;-152;1.28
2026-06-17T15:52:48.589509+00:00;Los Angeles Dodgers vs Tampa Bay Rays;moneyline;away;;144;140;1.64
2026-06-17T15:52:48.590236+00:00;Los Angeles Dodgers vs Tampa Bay Rays;spread;home;-1.5;133;136;1.29
2026-06-17T15:52:48.591344+00:00;Los Angeles Dodgers vs Tampa Bay Rays;spread;away;1.5;-148;-151;0.8
2026-06-17T15:52:48.678563+00:00;Arizona Diamondbacks vs Los Angeles Angels;total;over;9.0;-111;-112;0.42
2026-06-17T15:52:48.932365+00:00;Philadelphia Phillies vs Miami Marlins;moneyline;home;;-118;-115;1.2
2026-06-17T15:52:48.933025+00:00;Philadelphia Phillies vs Miami Marlins;moneyline;away;;109;106;1.44
2026-06-17T15:52:48.933653+00:00;Philadelphia Phillies vs Miami Marlins;spread;home;-1.5;171;174;1.11
2026-06-17T15:52:48.934256+00:00;Philadelphia Phillies vs Miami Marlins;spread;away;1.5;-192;-195;0.53
2026-06-17T15:52:48.934884+00:00;Philadelphia Phillies vs Miami Marlins;total;under;9.5;-113;-114;0.41
2026-06-17T15:54:49.356229+00:00;Chicago Cubs vs Colorado Rockies;spread;away;1.5;-121;-120;0.38
2026-06-17T15:56:50.009600+00:00;Houston Astros vs Detroit Tigers;moneyline;home;;-101;-102;0.49
2026-06-17T15:56:50.010345+00:00;Houston Astros vs Detroit Tigers;moneyline;away;;-107;-106;0.46
2026-06-17T15:56:50.011066+00:00;Houston Astros vs Detroit Tigers;total;over;8.5;-107;-105;0.92
2026-06-17T15:56:50.011655+00:00;Houston Astros vs Detroit Tigers;total;under;8.5;-105;-107;0.91
2026-06-17T15:58:50.707036+00:00;Boston Red Sox vs Toronto Blue Jays;moneyline;home;;-123;-125;0.72
2026-06-17T15:58:50.707834+00:00;Boston Red Sox vs Toronto Blue Jays;moneyline;away;;113;116;1.41
2026-06-17T15:58:50.708529+00:00;Boston Red Sox vs Toronto Blue Jays;spread;home;-1.5;161;159;0.77
2026-06-17T15:58:50.709152+00:00;Boston Red Sox vs Toronto Blue Jays;spread;away;1.5;-180;-177;0.61
2026-06-17T16:00:51.030883+00:00;Athletics vs Pittsburgh Pirates;moneyline;home;;108;110;0.96
2026-06-17T16:00:51.031708+00:00;Athletics vs Pittsburgh Pirates;moneyline;away;;-117;-119;0.77
2026-06-17T16:00:51.032367+00:00;Athletics vs Pittsburgh Pirates;spread;home;1.5;-147;-144;0.84
2026-06-17T16:00:51.033109+00:00;Athletics vs Pittsburgh Pirates;spread;away;-1.5;132;130;0.86
2026-06-17T16:00:51.284172+00:00;New York Yankees vs Chicago White Sox;moneyline;home;;-182;-175;1.42
2026-06-17T16:00:51.284816+00:00;New York Yankees vs Chicago White Sox;moneyline;away;;167;160;2.62
2026-06-17T16:00:51.285444+00:00;New York Yankees vs Chicago White Sox;spread;home;-1.5;111;114;1.42
2026-06-17T16:00:51.286081+00:00;New York Yankees vs Chicago White Sox;spread;away;1.5;-122;-125;1.08
2026-06-17T16:04:52.084585+00:00;Washington Nationals vs Kansas City Royals;total;over;10.5;-104;-105;0.47
2026-06-17T16:04:52.085357+00:00;Washington Nationals vs Kansas City Royals;total;under;10.5;-108;-107;0.45
2026-06-17T16:04:52.198678+00:00;St. Louis Cardinals vs San Diego Padres;moneyline;home;;-124;-122;0.73
2026-06-17T16:04:52.199340+00:00;St. Louis Cardinals vs San Diego Padres;moneyline;away;;115;113;0.93
2026-06-17T16:04:52.200006+00:00;St. Louis Cardinals vs San Diego Padres;spread;home;-1.5;155;157;0.78
2026-06-17T16:04:52.200606+00:00;St. Louis Cardinals vs San Diego Padres;spread;away;1.5;-173;-175;0.42
2026-06-17T16:04:52.311305+00:00;Seattle Mariners vs Baltimore Orioles;moneyline;home;;-123;-125;0.72
2026-06-17T16:04:52.312005+00:00;Seattle Mariners vs Baltimore Orioles;moneyline;away;;114;115;0.47
2026-06-17T16:04:52.312690+00:00;Seattle Mariners vs Baltimore Orioles;spread;home;-1.5;167;165;0.75
2026-06-17T16:04:52.313321+00:00;Seattle Mariners vs Baltimore Orioles;spread;away;1.5;-187;-185;0.38
2026-06-17T16:04:52.313991+00:00;Seattle Mariners vs Baltimore Orioles;total;over;7.5;-104;-105;0.47
2026-06-17T16:04:52.314588+00:00;Seattle Mariners vs Baltimore Orioles;total;under;7.5;-108;-107;0.45
2026-06-17T16:06:52.788281+00:00;Cincinnati Reds vs New York Mets;moneyline;home;;117;121;1.84
2026-06-17T16:06:52.789021+00:00;Cincinnati Reds vs New York Mets;moneyline;away;;-127;-131;1.35
2026-06-17T16:06:52.789695+00:00;Cincinnati Reds vs New York Mets;spread;home;1.5;-139;-135;1.24
2026-06-17T16:06:52.790303+00:00;Cincinnati Reds vs New York Mets;spread;away;-1.5;125;122;1.33
2026-06-17T16:06:52.928228+00:00;Los Angeles Dodgers vs Tampa Bay Rays;moneyline;home;;-152;-153;0.26
2026-06-17T16:06:52.929210+00:00;Los Angeles Dodgers vs Tampa Bay Rays;spread;home;-1.5;136;135;0.42
2026-06-17T16:06:52.930689+00:00;Los Angeles Dodgers vs Tampa Bay Rays;spread;away;1.5;-151;-150;0.27
2026-06-17T16:06:52.932247+00:00;Los Angeles Dodgers vs Tampa Bay Rays;total;over;7.0;-117;-118;0.39
2026-06-17T16:06:52.933073+00:00;Los Angeles Dodgers vs Tampa Bay Rays;total;under;7.0;104;105;0.49
2026-06-17T16:08:53.183181+00:00;Arizona Diamondbacks vs Los Angeles Angels;moneyline;home;;-168;-166;0.45
2026-06-17T16:08:53.184531+00:00;Arizona Diamondbacks vs Los Angeles Angels;moneyline;away;;154;152;0.79
2026-06-17T16:08:53.185637+00:00;Arizona Diamondbacks vs Los Angeles Angels;spread;home;-1.5;124;125;0.45
2026-06-17T16:08:53.186641+00:00;Arizona Diamondbacks vs Los Angeles Angels;spread;away;1.5;-137;-138;0.31
2026-06-17T16:10:53.968525+00:00;Chicago Cubs vs Colorado Rockies;total;over;10.0;-109;-110;0.43
2026-06-17T16:10:53.969330+00:00;Chicago Cubs vs Colorado Rockies;total;under;10.0;-103;-102;0.48
2026-06-17T16:12:54.680928+00:00;Milwaukee Brewers vs Cleveland Guardians;total;over;7.5;-110;-111;0.43
2026-06-17T16:14:55.249091+00:00;Boston Red Sox vs Toronto Blue Jays;moneyline;away;;116;115;0.46
2026-06-17T16:14:55.249825+00:00;Boston Red Sox vs Toronto Blue Jays;spread;away;1.5;-177;-178;0.2
2026-06-17T16:16:55.909959+00:00;New York Yankees vs Chicago White Sox;spread;away;1.5;-125;-126;0.35
2026-06-17T16:20:56.559205+00:00;Washington Nationals vs Kansas City Royals;moneyline;home;;-130;-124;2.1
2026-06-17T16:20:56.560015+00:00;Washington Nationals vs Kansas City Royals;moneyline;away;;120;114;2.73
2026-06-17T16:20:56.560666+00:00;Washington Nationals vs Kansas City Royals;spread;home;-1.5;145;150;2.04
2026-06-17T16:20:56.561301+00:00;Washington Nationals vs Kansas City Royals;spread;away;1.5;-162;-168;1.36
2026-06-17T16:20:56.562084+00:00;Washington Nationals vs Kansas City Royals;total;over;10.5;-105;-107;0.91
2026-06-17T16:20:56.562691+00:00;Washington Nationals vs Kansas City Royals;total;under;10.5;-107;-105;0.92
2026-06-17T16:20:56.761916+00:00;Seattle Mariners vs Baltimore Orioles;moneyline;home;;-125;-124;0.36
2026-06-17T16:20:56.762592+00:00;Seattle Mariners vs Baltimore Orioles;spread;home;-1.5;165;166;0.38
2026-06-17T16:20:56.763190+00:00;Seattle Mariners vs Baltimore Orioles;spread;away;1.5;-185;-186;0.19
2026-06-17T16:20:56.906172+00:00;St. Louis Cardinals vs San Diego Padres;moneyline;home;;-122;-120;0.75
2026-06-17T16:20:56.906984+00:00;St. Louis Cardinals vs San Diego Padres;moneyline;away;;113;111;0.94
2026-06-17T16:20:56.907821+00:00;St. Louis Cardinals vs San Diego Padres;spread;home;-1.5;157;159;0.78
2026-06-17T16:20:56.909370+00:00;St. Louis Cardinals vs San Diego Padres;spread;away;1.5;-175;-177;0.41
2026-06-17T16:22:57.178348+00:00;Cincinnati Reds vs New York Mets;moneyline;home;;121;120;0.45
2026-06-17T16:22:57.179076+00:00;Cincinnati Reds vs New York Mets;spread;home;1.5;-135;-136;0.31
2026-06-17T16:22:57.179812+00:00;Cincinnati Reds vs New York Mets;spread;away;-1.5;122;123;0.45
2026-06-17T16:22:57.181118+00:00;Cincinnati Reds vs New York Mets;total;over;9.0;-102;103;2.5
2026-06-17T16:22:57.181826+00:00;Cincinnati Reds vs New York Mets;total;under;9.0;-110;-116;2.46
2026-06-17T16:22:57.244740+00:00;Arizona Diamondbacks vs Los Angeles Angels;moneyline;home;;-166;-165;0.23
2026-06-17T16:22:57.245493+00:00;Arizona Diamondbacks vs Los Angeles Angels;moneyline;away;;152;151;0.4
2026-06-17T16:22:57.246271+00:00;Arizona Diamondbacks vs Los Angeles Angels;spread;away;1.5;-138;-139;0.3
2026-06-17T16:22:57.364716+00:00;Philadelphia Phillies vs Miami Marlins;spread;away;1.5;-195;-196;0.17
2026-06-17T16:22:57.365724+00:00;Philadelphia Phillies vs Miami Marlins;total;over;9.5;101;100;0.5
2026-06-17T16:22:57.366713+00:00;Philadelphia Phillies vs Miami Marlins;total;under;9.5;-114;-113;0.41
2026-06-17T16:22:57.419965+00:00;Los Angeles Dodgers vs Tampa Bay Rays;moneyline;home;;-153;-150;0.79
2026-06-17T16:22:57.420861+00:00;Los Angeles Dodgers vs Tampa Bay Rays;moneyline;away;;140;138;0.83
2026-06-17T16:22:57.422104+00:00;Los Angeles Dodgers vs Tampa Bay Rays;spread;home;-1.5;135;136;0.43
2026-06-17T16:22:57.423101+00:00;Los Angeles Dodgers vs Tampa Bay Rays;spread;away;1.5;-150;-151;0.26
2026-06-17T16:24:58.086151+00:00;Atlanta Braves vs San Francisco Giants;moneyline;home;;-137;-147;2.87
2026-06-17T16:24:58.086932+00:00;Atlanta Braves vs San Francisco Giants;moneyline;away;;126;135;3.98
2026-06-17T16:24:58.088201+00:00;Atlanta Braves vs San Francisco Giants;spread;home;-1.5;147;141;2.43
2026-06-17T16:24:58.088947+00:00;Atlanta Braves vs San Francisco Giants;spread;away;1.5;-164;-156;1.94
2026-06-17T16:24:58.089620+00:00;Atlanta Braves vs San Francisco Giants;total;over;9.0;-114;-111;1.26
2026-06-17T16:24:58.090250+00:00;Atlanta Braves vs San Francisco Giants;total;under;9.0;102;-102;1.96
2026-06-17T16:26:58.313442+00:00;Houston Astros vs Detroit Tigers;moneyline;home;;-102;-107;2.31
2026-06-17T16:26:58.314032+00:00;Houston Astros vs Detroit Tigers;moneyline;away;;-106;-101;2.4
2026-06-17T16:26:58.314607+00:00;Houston Astros vs Detroit Tigers;spread;home;1.5;-171;-179;1.65
2026-06-17T16:26:58.315285+00:00;Houston Astros vs Detroit Tigers;spread;away;-1.5;153;160;2.77
2026-06-17T16:26:58.316108+00:00;Houston Astros vs Detroit Tigers;total;over;8.5;-105;101;2.95
2026-06-17T16:26:58.317159+00:00;Houston Astros vs Detroit Tigers;total;under;8.5;-107;-114;2.97
2026-06-17T16:30:48.919911+00:00;New York Yankees vs Chicago White Sox;moneyline;home;;-175;-173;0.42
2026-06-17T16:30:48.920672+00:00;New York Yankees vs Chicago White Sox;moneyline;away;;160;158;0.77
2026-06-17T16:30:48.921284+00:00;New York Yankees vs Chicago White Sox;spread;home;-1.5;114;115;0.47
2026-06-17T16:30:48.921831+00:00;New York Yankees vs Chicago White Sox;spread;away;1.5;-126;-127;0.35
2026-06-17T16:35:01.503115+00:00;Washington Nationals vs Kansas City Royals;moneyline;home;;-124;-123;0.36
2026-06-17T16:35:01.503928+00:00;Washington Nationals vs Kansas City Royals;spread;home;-1.5;150;151;0.4
2026-06-17T16:35:01.504610+00:00;Washington Nationals vs Kansas City Royals;total;over;10.5;-107;-106;0.46
2026-06-17T16:35:01.505202+00:00;Washington Nationals vs Kansas City Royals;total;under;10.5;-105;-106;0.46
2026-06-17T16:35:01.600435+00:00;Seattle Mariners vs Baltimore Orioles;moneyline;home;;-124;-125;0.36
2026-06-17T16:35:01.601133+00:00;Seattle Mariners vs Baltimore Orioles;spread;home;-1.5;166;165;0.38
2026-06-17T16:35:01.601717+00:00;Seattle Mariners vs Baltimore Orioles;spread;away;1.5;-186;-185;0.19
2026-06-17T16:37:02.271827+00:00;Cincinnati Reds vs New York Mets;moneyline;home;;120;121;0.45
2026-06-17T16:37:02.584377+00:00;Los Angeles Dodgers vs Tampa Bay Rays;moneyline;home;;-150;-153;0.78
2026-06-17T16:37:02.585050+00:00;Los Angeles Dodgers vs Tampa Bay Rays;moneyline;away;;138;141;1.26
2026-06-17T16:37:02.585927+00:00;Los Angeles Dodgers vs Tampa Bay Rays;spread;home;-1.5;136;133;1.27
2026-06-17T16:37:02.586775+00:00;Los Angeles Dodgers vs Tampa Bay Rays;spread;away;1.5;-151;-148;0.81
2026-06-17T16:39:35.064289+00:00;Philadelphia Phillies vs Miami Marlins;moneyline;home;;-115;-114;0.41
2026-06-17T16:39:35.065049+00:00;Philadelphia Phillies vs Miami Marlins;moneyline;away;;106;105;0.49
2026-06-17T16:39:35.065705+00:00;Philadelphia Phillies vs Miami Marlins;spread;home;-1.5;174;175;0.36
2026-06-17T16:39:35.066390+00:00;Philadelphia Phillies vs Miami Marlins;spread;away;1.5;-196;-197;0.17
2026-06-17T16:41:35.868828+00:00;Chicago Cubs vs Colorado Rockies;total;over;10.0;-110;-111;0.43
2026-06-17T16:50:37.164619+00:00;Houston Astros vs Detroit Tigers;total;over;8.5;101;102;0.5
2026-06-17T16:50:37.734885+00:00;St. Louis Cardinals vs San Diego Padres;moneyline;home;;-120;-127;2.51
2026-06-17T16:50:37.736174+00:00;St. Louis Cardinals vs San Diego Padres;moneyline;away;;111;117;2.84
2026-06-17T16:50:37.737468+00:00;St. Louis Cardinals vs San Diego Padres;spread;home;-1.5;159;153;2.32
2026-06-17T16:50:37.738721+00:00;St. Louis Cardinals vs San Diego Padres;spread;away;1.5;-177;-171;1.27
2026-06-17T16:50:37.739841+00:00;St. Louis Cardinals vs San Diego Padres;total;under;10.5;-111;-112;0.42
2026-06-17T16:50:37.844450+00:00;Washington Nationals vs Kansas City Royals;moneyline;home;;-123;-124;0.36
2026-06-17T16:50:37.845483+00:00;Washington Nationals vs Kansas City Royals;spread;home;-1.5;151;150;0.4
2026-06-17T16:54:39.114736+00:00;Philadelphia Phillies vs Miami Marlins;moneyline;home;;-114;-113;0.41
2026-06-17T16:56:39.664698+00:00;Atlanta Braves vs San Francisco Giants;moneyline;away;;135;136;0.43
2026-06-17T16:56:39.666483+00:00;Atlanta Braves vs San Francisco Giants;spread;home;-1.5;141;140;0.41
2026-06-17T17:02:41.309277+00:00;Athletics vs Pittsburgh Pirates;moneyline;home;;110;111;0.48
2026-06-17T17:02:41.309982+00:00;Athletics vs Pittsburgh Pirates;moneyline;away;;-119;-120;0.38
2026-06-17T17:02:41.310552+00:00;Athletics vs Pittsburgh Pirates;spread;home;1.5;-144;-143;0.29
2026-06-17T17:02:41.311059+00:00;Athletics vs Pittsburgh Pirates;spread;away;-1.5;130;129;0.43
2026-06-17T17:04:42.031951+00:00;St. Louis Cardinals vs San Diego Padres;moneyline;home;;-127;-125;0.7
2026-06-17T17:04:42.032546+00:00;St. Louis Cardinals vs San Diego Padres;moneyline;away;;117;116;0.46
2026-06-17T17:04:42.033158+00:00;St. Louis Cardinals vs San Diego Padres;spread;home;-1.5;153;154;0.4
2026-06-17T17:04:42.033709+00:00;St. Louis Cardinals vs San Diego Padres;spread;away;1.5;-171;-172;0.21
2026-06-17T17:04:42.034225+00:00;St. Louis Cardinals vs San Diego Padres;total;over;10.5;-101;-111;4.48
2026-06-17T17:04:42.035778+00:00;St. Louis Cardinals vs San Diego Padres;total;under;10.5;-112;-101;5.14
2026-06-17T17:06:42.360969+00:00;Los Angeles Dodgers vs Tampa Bay Rays;moneyline;home;;-153;-149;1.06
2026-06-17T17:06:42.361614+00:00;Los Angeles Dodgers vs Tampa Bay Rays;moneyline;away;;141;137;1.66
2026-06-17T17:06:42.362264+00:00;Los Angeles Dodgers vs Tampa Bay Rays;spread;home;-1.5;133;137;1.72
2026-06-17T17:06:42.362857+00:00;Los Angeles Dodgers vs Tampa Bay Rays;spread;away;1.5;-148;-152;1.06
2026-06-17T17:06:42.363414+00:00;Los Angeles Dodgers vs Tampa Bay Rays;total;over;7.0;-118;-119;0.39
2026-06-17T17:06:42.363995+00:00;Los Angeles Dodgers vs Tampa Bay Rays;total;under;7.0;105;106;0.49
2026-06-17T17:06:42.397258+00:00;Washington Nationals vs Kansas City Royals;moneyline;home;;-124;-126;0.71
2026-06-17T17:06:42.397869+00:00;Washington Nationals vs Kansas City Royals;moneyline;away;;114;116;0.93
2026-06-17T17:06:42.398420+00:00;Washington Nationals vs Kansas City Royals;spread;home;-1.5;150;149;0.4
2026-06-17T17:06:42.398963+00:00;Washington Nationals vs Kansas City Royals;spread;away;1.5;-168;-165;0.68
2026-06-17T17:06:42.399482+00:00;Washington Nationals vs Kansas City Royals;total;over;10.5;-106;-110;1.77
2026-06-17T17:06:42.400029+00:00;Washington Nationals vs Kansas City Royals;total;under;10.5;-106;-102;1.9
2026-06-17T17:08:43.152256+00:00;Arizona Diamondbacks vs Los Angeles Angels;moneyline;home;;-165;-164;0.23
2026-06-17T17:08:43.153220+00:00;Arizona Diamondbacks vs Los Angeles Angels;spread;home;-1.5;125;126;0.44
2026-06-17T17:08:43.308713+00:00;Philadelphia Phillies vs Miami Marlins;moneyline;home;;-113;-111;0.85
2026-06-17T17:08:43.309337+00:00;Philadelphia Phillies vs Miami Marlins;moneyline;away;;105;103;0.98
2026-06-17T17:08:43.309884+00:00;Philadelphia Phillies vs Miami Marlins;spread;home;-1.5;175;176;0.36
2026-06-17T17:08:43.310499+00:00;Philadelphia Phillies vs Miami Marlins;spread;away;1.5;-197;-198;0.17
2026-06-17T17:08:43.311050+00:00;Philadelphia Phillies vs Miami Marlins;total;over;9.5;100;-108;3.7
2026-06-17T17:08:43.312159+00:00;Philadelphia Phillies vs Miami Marlins;total;under;9.5;-113;-104;4.06
2026-06-17T17:08:43.313235+00:00;Philadelphia Phillies vs Miami Marlins;moneyline;home;;-111;-130;6.93
2026-06-17T17:08:43.314374+00:00;Philadelphia Phillies vs Miami Marlins;moneyline;away;;103;107;1.97
2026-06-17T17:08:43.315228+00:00;Philadelphia Phillies vs Miami Marlins;total;over;9.5;-108;-103;2.33
2026-06-17T17:08:43.315823+00:00;Philadelphia Phillies vs Miami Marlins;total;under;9.5;-104;-118;5.82
2026-06-17T17:10:43.753352+00:00;Atlanta Braves vs San Francisco Giants;moneyline;home;;-147;-143;1.13
2026-06-17T17:10:43.753982+00:00;Atlanta Braves vs San Francisco Giants;moneyline;away;;136;131;2.12
2026-06-17T17:10:43.754522+00:00;Atlanta Braves vs San Francisco Giants;spread;home;-1.5;140;143;1.25
2026-06-17T17:10:43.755155+00:00;Atlanta Braves vs San Francisco Giants;spread;away;1.5;-156;-159;0.74
2026-06-17T17:10:43.755666+00:00;Atlanta Braves vs San Francisco Giants;total;under;9.0;-102;-101;0.49
2026-06-17T17:10:43.936369+00:00;Philadelphia Phillies vs Miami Marlins;moneyline;home;;-130;-111;7.44
2026-06-17T17:10:43.937006+00:00;Philadelphia Phillies vs Miami Marlins;moneyline;away;;107;103;1.93
2026-06-17T17:10:43.937643+00:00;Philadelphia Phillies vs Miami Marlins;total;over;9.5;-103;-108;2.28
2026-06-17T17:10:43.938157+00:00;Philadelphia Phillies vs Miami Marlins;total;under;9.5;-118;-104;6.18
2026-06-17T17:10:43.938727+00:00;Philadelphia Phillies vs Miami Marlins;moneyline;home;;-111;-130;6.93
2026-06-17T17:10:43.939281+00:00;Philadelphia Phillies vs Miami Marlins;moneyline;away;;103;107;1.97
2026-06-17T17:10:43.939842+00:00;Philadelphia Phillies vs Miami Marlins;total;over;9.5;-108;-103;2.33
2026-06-17T17:10:43.940387+00:00;Philadelphia Phillies vs Miami Marlins;total;under;9.5;-104;-118;5.82
2026-06-17T17:10:44.007582+00:00;Chicago Cubs vs Colorado Rockies;total;over;10.0;-111;-110;0.43
2026-06-17T17:12:44.500613+00:00;Philadelphia Phillies vs Miami Marlins;moneyline;home;;-130;-111;7.44
2026-06-17T17:12:44.501728+00:00;Philadelphia Phillies vs Miami Marlins;moneyline;away;;107;103;1.93
2026-06-17T17:12:44.502529+00:00;Philadelphia Phillies vs Miami Marlins;total;over;9.5;-103;-108;2.28
2026-06-17T17:12:44.503324+00:00;Philadelphia Phillies vs Miami Marlins;total;under;9.5;-118;-104;6.18
2026-06-17T17:12:44.504190+00:00;Philadelphia Phillies vs Miami Marlins;moneyline;home;;-111;-130;6.93
2026-06-17T17:12:44.504780+00:00;Philadelphia Phillies vs Miami Marlins;moneyline;away;;103;107;1.97
2026-06-17T17:12:44.505535+00:00;Philadelphia Phillies vs Miami Marlins;total;over;9.5;-108;-103;2.33
2026-06-17T17:12:44.506138+00:00;Philadelphia Phillies vs Miami Marlins;total;under;9.5;-104;-118;5.82
2026-06-17T17:12:44.601246+00:00;Houston Astros vs Detroit Tigers;moneyline;away;;-101;-102;0.49
2026-06-17T17:12:44.601900+00:00;Houston Astros vs Detroit Tigers;spread;home;1.5;-179;-178;0.2
2026-06-17T17:12:44.602594+00:00;Houston Astros vs Detroit Tigers;spread;away;-1.5;160;159;0.38
2026-06-17T17:12:44.603211+00:00;Houston Astros vs Detroit Tigers;total;over;8.5;102;-104;2.89
2026-06-17T17:12:44.603796+00:00;Houston Astros vs Detroit Tigers;total;under;8.5;-114;-108;2.6
2026-06-17T17:14:45.006452+00:00;Milwaukee Brewers vs Cleveland Guardians;moneyline;home;;-119;-123;1.48
2026-06-17T17:14:45.007262+00:00;Milwaukee Brewers vs Cleveland Guardians;moneyline;away;;110;114;1.9
2026-06-17T17:14:45.007819+00:00;Milwaukee Brewers vs Cleveland Guardians;spread;home;-1.5;176;172;1.45
2026-06-17T17:14:45.008333+00:00;Milwaukee Brewers vs Cleveland Guardians;spread;away;1.5;-198;-193;0.87
2026-06-17T17:16:45.445786+00:00;New York Yankees vs Chicago White Sox;moneyline;home;;-173;-172;0.21
2026-06-17T17:16:45.446407+00:00;New York Yankees vs Chicago White Sox;moneyline;away;;158;157;0.39
2026-06-17T17:16:45.447016+00:00;New York Yankees vs Chicago White Sox;total;under;8.5;-112;-111;0.42
2026-06-17T17:20:46.430151+00:00;Seattle Mariners vs Baltimore Orioles;moneyline;home;;-125;-124;0.36
2026-06-17T17:20:46.430714+00:00;Seattle Mariners vs Baltimore Orioles;spread;home;-1.5;165;166;0.38
2026-06-17T17:20:46.431226+00:00;Seattle Mariners vs Baltimore Orioles;spread;away;1.5;-185;-186;0.19
2026-06-17T17:20:46.736485+00:00;St. Louis Cardinals vs San Diego Padres;total;over;10.5;-111;-109;0.87
2026-06-17T17:20:46.737137+00:00;St. Louis Cardinals vs San Diego Padres;total;under;10.5;-101;-103;0.97
2026-06-17T17:22:47.007553+00:00;Los Angeles Dodgers vs Tampa Bay Rays;moneyline;home;;-149;-150;0.27
2026-06-17T17:22:47.008192+00:00;Los Angeles Dodgers vs Tampa Bay Rays;moneyline;away;;137;138;0.42
2026-06-17T17:22:47.008785+00:00;Los Angeles Dodgers vs Tampa Bay Rays;spread;home;-1.5;137;136;0.42
2026-06-17T17:22:47.009389+00:00;Los Angeles Dodgers vs Tampa Bay Rays;spread;away;1.5;-152;-151;0.26
2026-06-17T17:22:47.009946+00:00;Los Angeles Dodgers vs Tampa Bay Rays;total;under;7.0;106;105;0.49
2026-06-17T17:24:48.101369+00:00;Arizona Diamondbacks vs Los Angeles Angels;moneyline;away;;151;150;0.4
2026-06-17T17:24:48.102145+00:00;Arizona Diamondbacks vs Los Angeles Angels;total;under;9.0;-101;-100;0.5
2026-06-17T17:28:49.249916+00:00;Houston Astros vs Detroit Tigers;moneyline;home;;-107;-106;0.46
2026-06-17T17:30:49.959689+00:00;Boston Red Sox vs Toronto Blue Jays;moneyline;home;;-125;-124;0.36
2026-06-17T17:36:52.222270+00:00;Los Angeles Dodgers vs Tampa Bay Rays;total;over;7.0;-119;-118;0.39
2026-06-17T17:38:53.149873+00:00;Arizona Diamondbacks vs Los Angeles Angels;moneyline;away;;150;151;0.4
2026-06-17T17:38:53.150585+00:00;Arizona Diamondbacks vs Los Angeles Angels;spread;home;-1.5;126;125;0.44
2026-06-17T17:40:53.636572+00:00;Atlanta Braves vs San Francisco Giants;moneyline;home;;-143;-129;4.47
2026-06-17T17:40:53.637656+00:00;Atlanta Braves vs San Francisco Giants;moneyline;away;;131;119;5.19
2026-06-17T17:40:53.638577+00:00;Atlanta Braves vs San Francisco Giants;spread;home;-1.5;143;154;4.53
2026-06-17T17:40:53.639544+00:00;Atlanta Braves vs San Francisco Giants;spread;away;1.5;-159;-171;2.71
2026-06-17T17:44:55.038314+00:00;Boston Red Sox vs Toronto Blue Jays;moneyline;home;;-124;-125;0.36
2026-06-17T17:44:55.039031+00:00;Boston Red Sox vs Toronto Blue Jays;total;over;9.5;-108;-109;0.44
2026-06-17T17:46:55.736767+00:00;New York Yankees vs Chicago White Sox;moneyline;away;;157;158;0.39
2026-06-17T17:46:55.737630+00:00;New York Yankees vs Chicago White Sox;spread;away;1.5;-127;-126;0.35
2026-06-17T17:50:57.248256+00:00;St. Louis Cardinals vs San Diego Padres;moneyline;away;;116;115;0.46
2026-06-17T17:50:57.568787+00:00;Seattle Mariners vs Baltimore Orioles;moneyline;home;;-124;-125;0.36
2026-06-17T17:50:57.571833+00:00;Seattle Mariners vs Baltimore Orioles;total;over;7.5;-105;-103;0.95
2026-06-17T17:50:57.572770+00:00;Seattle Mariners vs Baltimore Orioles;total;under;7.5;-107;-109;0.89
2026-06-17T17:52:57.886306+00:00;Los Angeles Dodgers vs Tampa Bay Rays;moneyline;home;;-150;-151;0.26
2026-06-17T17:52:57.894806+00:00;Los Angeles Dodgers vs Tampa Bay Rays;moneyline;away;;138;139;0.42
2026-06-17T17:52:57.895613+00:00;Los Angeles Dodgers vs Tampa Bay Rays;spread;home;-1.5;136;135;0.42
2026-06-17T17:52:57.896397+00:00;Los Angeles Dodgers vs Tampa Bay Rays;spread;away;1.5;-151;-150;0.27
2026-06-17T17:52:57.896965+00:00;Los Angeles Dodgers vs Tampa Bay Rays;total;over;7.0;-118;-119;0.39
2026-06-17T17:54:58.294256+00:00;Arizona Diamondbacks vs Los Angeles Angels;moneyline;away;;151;150;0.4
2026-06-17T17:54:58.295054+00:00;Arizona Diamondbacks vs Los Angeles Angels;total;over;9.0;-112;-115;1.23
2026-06-17T17:54:58.295745+00:00;Arizona Diamondbacks vs Los Angeles Angels;total;under;9.0;-100;102;1.0
2026-06-17T17:56:59.118249+00:00;Atlanta Braves vs San Francisco Giants;spread;home;-1.5;154;153;0.39
2026-06-17T17:56:59.120764+00:00;Atlanta Braves vs San Francisco Giants;total;over;9.0;-111;-112;0.42
2026-06-17T17:58:59.571323+00:00;Houston Astros vs Detroit Tigers;moneyline;home;;-106;-105;0.46
2026-06-17T17:58:59.572040+00:00;Houston Astros vs Detroit Tigers;moneyline;away;;-102;-103;0.48
2026-06-17T17:58:59.572697+00:00;Houston Astros vs Detroit Tigers;spread;home;1.5;-178;-176;0.41
2026-06-17T17:58:59.573321+00:00;Houston Astros vs Detroit Tigers;spread;away;-1.5;159;158;0.39
2026-06-17T17:58:59.653769+00:00;Milwaukee Brewers vs Cleveland Guardians;moneyline;away;;114;113;0.47
2026-06-17T18:03:00.579018+00:00;Athletics vs Pittsburgh Pirates;total;over;10.5;102;-101;1.48
2026-06-17T18:03:00.580374+00:00;Athletics vs Pittsburgh Pirates;total;under;10.5;-114;-111;1.26
2026-06-17T18:03:00.863346+00:00;New York Yankees vs Chicago White Sox;moneyline;home;;-172;-173;0.21
2026-06-17T18:03:00.866313+00:00;New York Yankees vs Chicago White Sox;moneyline;away;;158;159;0.39
2026-06-17T18:03:00.866948+00:00;New York Yankees vs Chicago White Sox;spread;home;-1.5;115;114;0.47
2026-06-17T18:05:01.314030+00:00;St. Louis Cardinals vs San Diego Padres;spread;home;-1.5;154;155;0.39
2026-06-17T18:05:01.314811+00:00;St. Louis Cardinals vs San Diego Padres;spread;away;1.5;-172;-173;0.21
2026-06-17T18:10:09.238617+00:00;Arizona Diamondbacks vs Los Angeles Angels;moneyline;home;;-164;-171;1.55
2026-06-17T18:10:09.240263+00:00;Arizona Diamondbacks vs Los Angeles Angels;moneyline;away;;150;156;2.4
2026-06-17T18:10:09.240927+00:00;Arizona Diamondbacks vs Los Angeles Angels;spread;home;-1.5;125;118;3.11
2026-06-17T18:10:09.243259+00:00;Arizona Diamondbacks vs Los Angeles Angels;spread;away;1.5;-139;-131;2.56
2026-06-17T18:10:09.244101+00:00;Arizona Diamondbacks vs Los Angeles Angels;total;over;9.0;-115;-118;1.18
2026-06-17T18:10:09.244838+00:00;Arizona Diamondbacks vs Los Angeles Angels;total;under;9.0;102;105;1.49
2026-06-17T18:14:10.365647+00:00;Milwaukee Brewers vs Cleveland Guardians;spread;away;1.5;-193;-194;0.18
2026-06-17T18:18:11.141232+00:00;Athletics vs Pittsburgh Pirates;total;over;10.5;-101;-100;0.5
2026-06-17T18:18:11.141899+00:00;Athletics vs Pittsburgh Pirates;total;under;10.5;-111;-112;0.42
2026-06-17T18:18:11.272339+00:00;New York Yankees vs Chicago White Sox;moneyline;home;;-173;-176;0.62
2026-06-17T18:18:11.273331+00:00;New York Yankees vs Chicago White Sox;moneyline;away;;159;161;0.77
2026-06-17T18:18:11.274359+00:00;New York Yankees vs Chicago White Sox;spread;home;-1.5;114;112;0.93
2026-06-17T18:18:11.275261+00:00;New York Yankees vs Chicago White Sox;spread;away;1.5;-126;-124;0.71
2026-06-17T18:20:11.754081+00:00;St. Louis Cardinals vs San Diego Padres;moneyline;home;;-125;-119;2.24
2026-06-17T18:20:11.754823+00:00;St. Louis Cardinals vs San Diego Padres;moneyline;away;;115;110;2.33
2026-06-17T18:20:11.755459+00:00;St. Louis Cardinals vs San Diego Padres;spread;home;-1.5;155;160;1.96
2026-06-17T18:20:11.756026+00:00;St. Louis Cardinals vs San Diego Padres;spread;away;1.5;-173;-179;1.23
2026-06-17T18:20:11.756829+00:00;St. Louis Cardinals vs San Diego Padres;moneyline;home;;-119;-128;3.21
2026-06-17T18:20:11.758333+00:00;St. Louis Cardinals vs San Diego Padres;moneyline;away;;110;106;1.9
2026-06-17T18:20:11.759017+00:00;St. Louis Cardinals vs San Diego Padres;total;over;10.5;-109;-112;1.28
2026-06-17T18:20:11.759799+00:00;St. Louis Cardinals vs San Diego Padres;total;under;10.5;-103;-108;2.28
2026-06-17T18:22:12.161957+00:00;Los Angeles Dodgers vs Tampa Bay Rays;moneyline;home;;-149;-152;0.79
2026-06-17T18:22:12.162636+00:00;Los Angeles Dodgers vs Tampa Bay Rays;moneyline;away;;137;139;0.84
2026-06-17T18:22:12.163285+00:00;Los Angeles Dodgers vs Tampa Bay Rays;spread;home;-1.5;138;136;0.84
2026-06-17T18:22:12.163880+00:00;Los Angeles Dodgers vs Tampa Bay Rays;spread;away;1.5;-153;-151;0.52
2026-06-17T18:22:12.333851+00:00;St. Louis Cardinals vs San Diego Padres;moneyline;home;;-128;-119;3.32
2026-06-17T18:22:12.334583+00:00;St. Louis Cardinals vs San Diego Padres;moneyline;away;;106;110;1.94
2026-06-17T18:22:12.335274+00:00;St. Louis Cardinals vs San Diego Padres;total;over;10.5;-112;-109;1.3
2026-06-17T18:22:12.335919+00:00;St. Louis Cardinals vs San Diego Padres;total;under;10.5;-108;-103;2.33
2026-06-17T18:22:12.336600+00:00;St. Louis Cardinals vs San Diego Padres;moneyline;home;;-119;-128;3.21
2026-06-17T18:22:12.337237+00:00;St. Louis Cardinals vs San Diego Padres;moneyline;away;;110;106;1.9
2026-06-17T18:22:12.337963+00:00;St. Louis Cardinals vs San Diego Padres;total;over;10.5;-109;-112;1.28
2026-06-17T18:22:12.338774+00:00;St. Louis Cardinals vs San Diego Padres;total;under;10.5;-103;-108;2.28
2026-06-17T18:24:12.660917+00:00;Arizona Diamondbacks vs Los Angeles Angels;moneyline;away;;156;157;0.39
2026-06-17T18:24:12.661625+00:00;Arizona Diamondbacks vs Los Angeles Angels;spread;home;-1.5;118;119;0.46
2026-06-17T18:24:12.662267+00:00;Arizona Diamondbacks vs Los Angeles Angels;total;over;9.0;-118;-110;3.34
2026-06-17T18:24:12.663466+00:00;Arizona Diamondbacks vs Los Angeles Angels;total;under;9.0;105;-102;3.4
2026-06-17T18:24:12.859431+00:00;St. Louis Cardinals vs San Diego Padres;moneyline;home;;-128;-119;3.32
2026-06-17T18:24:12.860341+00:00;St. Louis Cardinals vs San Diego Padres;moneyline;away;;106;110;1.94
2026-06-17T18:24:12.861225+00:00;St. Louis Cardinals vs San Diego Padres;total;over;10.5;-112;-109;1.3
2026-06-17T18:24:12.862232+00:00;St. Louis Cardinals vs San Diego Padres;total;under;10.5;-108;-103;2.33
2026-06-17T18:24:12.863209+00:00;St. Louis Cardinals vs San Diego Padres;moneyline;home;;-119;-128;3.21
2026-06-17T18:24:12.864086+00:00;St. Louis Cardinals vs San Diego Padres;moneyline;away;;110;106;1.9
2026-06-17T18:24:12.864946+00:00;St. Louis Cardinals vs San Diego Padres;total;over;10.5;-109;-112;1.28
2026-06-17T18:24:12.865657+00:00;St. Louis Cardinals vs San Diego Padres;total;under;10.5;-103;-108;2.28
2026-06-17T18:26:13.131068+00:00;Chicago Cubs vs Colorado Rockies;moneyline;home;;-184;-188;0.75
2026-06-17T18:26:13.132064+00:00;Chicago Cubs vs Colorado Rockies;moneyline;away;;168;172;1.49
2026-06-17T18:26:13.132916+00:00;Chicago Cubs vs Colorado Rockies;spread;home;-1.5;109;106;1.44
2026-06-17T18:26:13.133614+00:00;Chicago Cubs vs Colorado Rockies;spread;away;1.5;-120;-117;1.17
2026-06-17T18:26:13.300608+00:00;Atlanta Braves vs San Francisco Giants;total;over;9.0;-112;-114;0.83
2026-06-17T18:26:13.301454+00:00;Atlanta Braves vs San Francisco Giants;total;under;9.0;-101;101;1.0
2026-06-17T18:26:13.424384+00:00;St. Louis Cardinals vs San Diego Padres;moneyline;home;;-128;-119;3.32
2026-06-17T18:26:13.425061+00:00;St. Louis Cardinals vs San Diego Padres;moneyline;away;;106;110;1.94
2026-06-17T18:26:13.425761+00:00;St. Louis Cardinals vs San Diego Padres;total;over;10.5;-112;-109;1.3
2026-06-17T18:26:13.426441+00:00;St. Louis Cardinals vs San Diego Padres;total;under;10.5;-108;-103;2.33
2026-06-17T18:26:13.427152+00:00;St. Louis Cardinals vs San Diego Padres;moneyline;home;;-119;-128;3.21
2026-06-17T18:26:13.427735+00:00;St. Louis Cardinals vs San Diego Padres;moneyline;away;;110;106;1.9
2026-06-17T18:26:13.428433+00:00;St. Louis Cardinals vs San Diego Padres;total;over;10.5;-109;-112;1.28
2026-06-17T18:26:13.429066+00:00;St. Louis Cardinals vs San Diego Padres;total;under;10.5;-103;-108;2.28
2026-06-17T18:28:13.852298+00:00;St. Louis Cardinals vs San Diego Padres;moneyline;home;;-128;-119;3.32
2026-06-17T18:28:13.853065+00:00;St. Louis Cardinals vs San Diego Padres;moneyline;away;;106;110;1.94
2026-06-17T18:28:13.853697+00:00;St. Louis Cardinals vs San Diego Padres;total;over;10.5;-112;-109;1.3
2026-06-17T18:28:13.854437+00:00;St. Louis Cardinals vs San Diego Padres;total;under;10.5;-108;-103;2.33
2026-06-17T18:28:13.855239+00:00;St. Louis Cardinals vs San Diego Padres;moneyline;home;;-119;-128;3.21
2026-06-17T18:28:13.856158+00:00;St. Louis Cardinals vs San Diego Padres;moneyline;away;;110;106;1.9
2026-06-17T18:28:13.857095+00:00;St. Louis Cardinals vs San Diego Padres;total;over;10.5;-109;-112;1.28
2026-06-17T18:28:13.858056+00:00;St. Louis Cardinals vs San Diego Padres;total;under;10.5;-103;-108;2.28
2026-06-17T18:30:14.457076+00:00;Boston Red Sox vs Toronto Blue Jays;moneyline;home;;-125;-124;0.36
2026-06-17T18:30:14.457800+00:00;Boston Red Sox vs Toronto Blue Jays;moneyline;away;;115;114;0.47
2026-06-17T18:30:14.458432+00:00;Boston Red Sox vs Toronto Blue Jays;spread;home;-1.5;159;160;0.39
2026-06-17T18:30:14.459014+00:00;Boston Red Sox vs Toronto Blue Jays;spread;away;1.5;-178;-179;0.2
2026-06-17T18:36:15.792896+00:00;Seattle Mariners vs Baltimore Orioles;moneyline;away;;117;116;0.46
2026-06-17T18:36:15.793638+00:00;Seattle Mariners vs Baltimore Orioles;total;over;7.5;-103;-106;1.39
2026-06-17T18:36:15.794279+00:00;Seattle Mariners vs Baltimore Orioles;total;under;7.5;-109;-106;1.35
2026-06-17T18:38:16.029614+00:00;Los Angeles Dodgers vs Tampa Bay Rays;moneyline;away;;139;140;0.42
2026-06-17T18:38:16.030345+00:00;Los Angeles Dodgers vs Tampa Bay Rays;spread;home;-1.5;136;135;0.42
2026-06-17T18:38:16.030965+00:00;Los Angeles Dodgers vs Tampa Bay Rays;spread;away;1.5;-151;-150;0.27
2026-06-17T18:40:16.581085+00:00;Arizona Diamondbacks vs Los Angeles Angels;spread;home;-1.5;119;118;0.46
2026-06-17T18:46:17.956106+00:00;Boston Red Sox vs Toronto Blue Jays;total;under;9.5;-104;-103;0.48
2026-06-17T18:52:19.261061+00:00;Seattle Mariners vs Baltimore Orioles;total;over;7.5;-106;-105;0.46
2026-06-17T18:52:19.261829+00:00;Seattle Mariners vs Baltimore Orioles;total;under;7.5;-106;-107;0.45
2026-06-17T18:52:19.349372+00:00;Los Angeles Dodgers vs Tampa Bay Rays;total;over;7.0;-120;-119;0.38
2026-06-17T18:52:19.350044+00:00;Los Angeles Dodgers vs Tampa Bay Rays;total;under;7.0;106;105;0.49
2026-06-17T18:54:19.851271+00:00;Arizona Diamondbacks vs Los Angeles Angels;spread;home;-1.5;118;119;0.46
2026-06-17T18:56:20.090363+00:00;Chicago Cubs vs Colorado Rockies;moneyline;away;;172;171;0.37
2026-06-17T19:00:21.478274+00:00;Milwaukee Brewers vs Cleveland Guardians;moneyline;home;;-123;-122;0.37
2026-06-17T19:00:21.479109+00:00;Milwaukee Brewers vs Cleveland Guardians;spread;home;-1.5;172;173;0.37
2026-06-17T19:00:21.479905+00:00;Milwaukee Brewers vs Cleveland Guardians;spread;away;1.5;-194;-195;0.17
2026-06-17T19:00:21.480692+00:00;Milwaukee Brewers vs Cleveland Guardians;total;over;7.5;-111;-110;0.43
2026-06-17T19:08:23.041782+00:00;Los Angeles Dodgers vs Tampa Bay Rays;moneyline;home;;-152;-149;0.8
2026-06-17T19:08:23.042648+00:00;Los Angeles Dodgers vs Tampa Bay Rays;moneyline;away;;140;137;1.25
2026-06-17T19:08:23.043401+00:00;Los Angeles Dodgers vs Tampa Bay Rays;spread;home;-1.5;135;141;2.55
2026-06-17T19:08:23.044197+00:00;Los Angeles Dodgers vs Tampa Bay Rays;spread;away;1.5;-150;-157;1.78
2026-06-17T19:08:23.044838+00:00;Los Angeles Dodgers vs Tampa Bay Rays;total;over;7.0;-119;-117;0.78
2026-06-17T19:08:23.045466+00:00;Los Angeles Dodgers vs Tampa Bay Rays;total;under;7.0;105;104;0.49
2026-06-17T19:10:23.486260+00:00;Arizona Diamondbacks vs Los Angeles Angels;spread;home;-1.5;119;118;0.46
2026-06-17T19:12:23.898239+00:00;Atlanta Braves vs San Francisco Giants;moneyline;home;;-129;-127;0.69
2026-06-17T19:12:23.899212+00:00;Atlanta Braves vs San Francisco Giants;moneyline;away;;119;117;0.91
2026-06-17T19:12:23.899934+00:00;Atlanta Braves vs San Francisco Giants;spread;home;-1.5;153;155;0.79
2026-06-17T19:12:23.900695+00:00;Atlanta Braves vs San Francisco Giants;spread;away;1.5;-171;-173;0.43
2026-06-17T19:12:23.901474+00:00;Atlanta Braves vs San Francisco Giants;total;under;9.0;101;102;0.5
2026-06-17T19:14:24.500985+00:00;Milwaukee Brewers vs Cleveland Guardians;moneyline;away;;113;112;0.47
2026-06-17T19:18:25.114459+00:00;New York Yankees vs Chicago White Sox;moneyline;home;;-176;-168;1.73
2026-06-17T19:18:25.115446+00:00;New York Yankees vs Chicago White Sox;moneyline;away;;161;154;2.68
2026-06-17T19:18:25.116093+00:00;New York Yankees vs Chicago White Sox;spread;home;-1.5;112;119;3.3
2026-06-17T19:18:25.117585+00:00;New York Yankees vs Chicago White Sox;spread;away;1.5;-124;-131;2.39
2026-06-17T19:24:26.291573+00:00;Arizona Diamondbacks vs Los Angeles Angels;moneyline;home;;-171;-170;0.22
2026-06-17T19:24:26.292299+00:00;Arizona Diamondbacks vs Los Angeles Angels;moneyline;away;;157;156;0.39
2026-06-17T19:24:26.292870+00:00;Arizona Diamondbacks vs Los Angeles Angels;spread;home;-1.5;118;117;0.46
2026-06-17T19:24:26.293403+00:00;Arizona Diamondbacks vs Los Angeles Angels;spread;away;1.5;-131;-130;0.33
2026-06-17T19:24:26.293989+00:00;Arizona Diamondbacks vs Los Angeles Angels;total;over;9.0;-110;-111;0.43
2026-06-17T19:26:26.720921+00:00;Chicago Cubs vs Colorado Rockies;spread;home;-1.5;106;107;0.49
2026-06-17T19:26:26.721790+00:00;Chicago Cubs vs Colorado Rockies;spread;away;1.5;-117;-118;0.39
2026-06-17T19:32:27.807368+00:00;New York Yankees vs Chicago White Sox;moneyline;home;;-168;-169;0.22
2026-06-17T19:32:27.808001+00:00;New York Yankees vs Chicago White Sox;moneyline;away;;154;155;0.39
2026-06-17T19:32:27.808592+00:00;New York Yankees vs Chicago White Sox;spread;home;-1.5;119;118;0.46
2026-06-17T19:32:27.965249+00:00;Athletics vs Pittsburgh Pirates;moneyline;home;;111;112;0.47
2026-06-17T19:32:27.965876+00:00;Athletics vs Pittsburgh Pirates;moneyline;away;;-120;-121;0.38
2026-06-17T19:32:27.966431+00:00;Athletics vs Pittsburgh Pirates;spread;home;1.5;-143;-142;0.29
2026-06-17T19:32:27.966973+00:00;Athletics vs Pittsburgh Pirates;spread;away;-1.5;129;128;0.44
2026-06-17T19:32:27.967496+00:00;Athletics vs Pittsburgh Pirates;total;over;10.5;-100;-101;0.5
2026-06-17T19:41:29.156496+00:00;Arizona Diamondbacks vs Los Angeles Angels;moneyline;home;;-170;-169;0.22
2026-06-17T19:41:29.157138+00:00;Arizona Diamondbacks vs Los Angeles Angels;moneyline;away;;156;155;0.39
2026-06-17T19:41:29.157673+00:00;Arizona Diamondbacks vs Los Angeles Angels;spread;home;-1.5;117;118;0.46
2026-06-17T19:41:29.158216+00:00;Arizona Diamondbacks vs Los Angeles Angels;total;over;9.0;-111;-110;0.43
2026-06-17T19:45:30.201166+00:00;Milwaukee Brewers vs Cleveland Guardians;moneyline;home;;-122;-121;0.37
2026-06-17T19:45:30.201860+00:00;Milwaukee Brewers vs Cleveland Guardians;spread;home;-1.5;173;174;0.37
2026-06-17T19:45:30.202452+00:00;Milwaukee Brewers vs Cleveland Guardians;total;over;7.5;-110;-109;0.44
2026-06-17T19:45:30.203064+00:00;Milwaukee Brewers vs Cleveland Guardians;total;under;7.5;-102;-103;0.48
2026-06-17T19:45:30.355894+00:00;Boston Red Sox vs Toronto Blue Jays;moneyline;home;;-124;-123;0.36
2026-06-17T19:45:30.356592+00:00;Boston Red Sox vs Toronto Blue Jays;spread;home;-1.5;160;161;0.38
2026-06-17T19:47:30.817147+00:00;New York Yankees vs Chicago White Sox;spread;home;-1.5;118;121;1.38
2026-06-17T19:47:30.826068+00:00;New York Yankees vs Chicago White Sox;spread;away;1.5;-131;-133;0.65
2026-06-17T19:57:32.972962+00:00;Atlanta Braves vs San Francisco Giants;total;over;9.0;-114;-106;3.53
2026-06-17T19:57:32.974729+00:00;Atlanta Braves vs San Francisco Giants;total;under;9.0;102;-106;3.79
2026-06-17T20:01:33.746637+00:00;Boston Red Sox vs Toronto Blue Jays;spread;home;-1.5;161;160;0.38
2026-06-17T20:03:34.144732+00:00;New York Yankees vs Chicago White Sox;moneyline;home;;-169;-170;0.22
2026-06-17T20:03:34.145505+00:00;New York Yankees vs Chicago White Sox;moneyline;away;;155;156;0.39
2026-06-17T20:03:34.146260+00:00;New York Yankees vs Chicago White Sox;spread;home;-1.5;121;120;0.45
2026-06-17T20:12:35.265568+00:00;Chicago Cubs vs Colorado Rockies;moneyline;home;;-188;-190;0.37
2026-06-17T20:12:35.266286+00:00;Chicago Cubs vs Colorado Rockies;moneyline;away;;171;173;0.74
2026-06-17T20:12:35.266873+00:00;Chicago Cubs vs Colorado Rockies;spread;home;-1.5;107;103;1.93
2026-06-17T20:12:35.267405+00:00;Chicago Cubs vs Colorado Rockies;spread;away;1.5;-118;-114;1.61
2026-06-17T20:12:35.267981+00:00;Chicago Cubs vs Colorado Rockies;total;over;10.0;-110;-111;0.43
2026-06-17T20:12:35.333471+00:00;Atlanta Braves vs San Francisco Giants;moneyline;away;;117;118;0.46
2026-06-17T20:16:36.145906+00:00;Boston Red Sox vs Toronto Blue Jays;moneyline;home;;-123;-117;2.3
2026-06-17T20:16:36.146538+00:00;Boston Red Sox vs Toronto Blue Jays;moneyline;away;;114;108;2.8
2026-06-17T20:16:36.147157+00:00;Boston Red Sox vs Toronto Blue Jays;spread;home;-1.5;160;166;2.31
2026-06-17T20:16:36.147710+00:00;Boston Red Sox vs Toronto Blue Jays;spread;away;1.5;-179;-186;1.35
2026-06-17T20:16:36.148253+00:00;Boston Red Sox vs Toronto Blue Jays;total;over;9.5;-109;-110;0.43
2026-06-17T20:16:36.148827+00:00;Boston Red Sox vs Toronto Blue Jays;total;under;9.5;-103;-102;0.48
2026-06-17T20:18:36.356376+00:00;New York Yankees vs Chicago White Sox;spread;away;1.5;-133;-132;0.33
2026-06-17T20:26:38.118177+00:00;Atlanta Braves vs San Francisco Giants;moneyline;home;;-127;-129;0.68
2026-06-17T20:26:38.118853+00:00;Atlanta Braves vs San Francisco Giants;moneyline;away;;118;119;0.46
2026-06-17T20:26:38.119488+00:00;Atlanta Braves vs San Francisco Giants;spread;home;-1.5;155;154;0.39
2026-06-17T20:26:38.120126+00:00;Atlanta Braves vs San Francisco Giants;spread;away;1.5;-173;-172;0.21
2026-06-17T20:30:39.096886+00:00;Boston Red Sox vs Toronto Blue Jays;total;over;9.5;-110;-108;0.88
2026-06-17T20:30:39.097584+00:00;Boston Red Sox vs Toronto Blue Jays;total;under;9.5;-102;-104;0.95
2026-06-17T20:32:39.653982+00:00;New York Yankees vs Chicago White Sox;spread;away;1.5;-132;-133;0.32
2026-06-17T20:42:41.632990+00:00;Atlanta Braves vs San Francisco Giants;moneyline;home;;-129;-130;0.34
2026-06-17T20:42:41.633643+00:00;Atlanta Braves vs San Francisco Giants;moneyline;away;;119;120;0.46
2026-06-17T20:42:41.634248+00:00;Atlanta Braves vs San Francisco Giants;spread;home;-1.5;154;152;0.79
2026-06-17T20:42:41.634810+00:00;Atlanta Braves vs San Francisco Giants;spread;away;1.5;-172;-170;0.43
2026-06-17T20:42:41.635375+00:00;Atlanta Braves vs San Francisco Giants;total;over;9.0;-106;-107;0.45
2026-06-17T20:46:42.613197+00:00;Boston Red Sox vs Toronto Blue Jays;total;over;9.5;-108;-111;1.3
2026-06-17T20:46:42.613942+00:00;Boston Red Sox vs Toronto Blue Jays;total;under;9.5;-104;-101;1.46
2026-06-17T20:56:44.886578+00:00;Chicago Cubs vs Colorado Rockies;moneyline;away;;173;174;0.37
2026-06-17T20:56:44.887331+00:00;Chicago Cubs vs Colorado Rockies;spread;away;1.5;-114;-113;0.41
2026-06-17T20:56:45.060354+00:00;Atlanta Braves vs San Francisco Giants;total;under;9.0;-106;-105;0.46
2026-06-17T21:00:45.834311+00:00;Milwaukee Brewers vs Cleveland Guardians;spread;home;-1.5;174;176;0.73
2026-06-17T21:00:45.836016+00:00;Milwaukee Brewers vs Cleveland Guardians;spread;away;1.5;-195;-197;0.34
2026-06-17T21:00:45.836605+00:00;Milwaukee Brewers vs Cleveland Guardians;total;over;7.5;-109;-101;3.79
2026-06-17T21:00:45.837586+00:00;Milwaukee Brewers vs Cleveland Guardians;total;under;7.5;-103;-111;3.55
2026-06-17T21:00:45.922090+00:00;Boston Red Sox vs Toronto Blue Jays;total;over;9.5;-111;-113;0.84
2026-06-17T21:00:45.922852+00:00;Boston Red Sox vs Toronto Blue Jays;total;under;9.5;-101;100;0.5
2026-06-17T21:02:46.185777+00:00;New York Yankees vs Chicago White Sox;spread;away;1.5;-133;-132;0.33
2026-06-17T21:12:48.214606+00:00;Atlanta Braves vs San Francisco Giants;spread;away;1.5;-170;-169;0.22
2026-06-17T21:12:48.215246+00:00;Atlanta Braves vs San Francisco Giants;total;over;9.0;-107;-109;0.89
2026-06-17T21:12:48.215872+00:00;Atlanta Braves vs San Francisco Giants;total;under;9.0;-105;-103;0.95
2026-06-17T21:12:48.350347+00:00;Chicago Cubs vs Colorado Rockies;moneyline;home;;-190;-200;1.72
2026-06-17T21:12:48.351013+00:00;Chicago Cubs vs Colorado Rockies;moneyline;away;;174;181;2.55
2026-06-17T21:12:48.351595+00:00;Chicago Cubs vs Colorado Rockies;spread;home;-1.5;103;-105;3.82
2026-06-17T21:12:48.352620+00:00;Chicago Cubs vs Colorado Rockies;spread;away;1.5;-113;-105;3.58
2026-06-17T21:12:48.353720+00:00;Chicago Cubs vs Colorado Rockies;total;under;10.0;-102;-101;0.49
2026-06-17T21:18:49.600093+00:00;New York Yankees vs Chicago White Sox;moneyline;away;;156;155;0.39
2026-06-17T21:18:49.600772+00:00;New York Yankees vs Chicago White Sox;spread;away;1.5;-132;-133;0.32
2026-06-17T21:29:51.066741+00:00;Chicago Cubs vs Colorado Rockies;moneyline;home;;-200;-199;0.17
2026-06-17T21:29:51.346757+00:00;Atlanta Braves vs San Francisco Giants;moneyline;home;;-130;-131;0.33
2026-06-17T21:29:51.347981+00:00;Atlanta Braves vs San Francisco Giants;moneyline;away;;120;121;0.45
2026-06-17T21:29:51.349053+00:00;Atlanta Braves vs San Francisco Giants;spread;home;-1.5;152;151;0.4
2026-06-17T21:33:52.055480+00:00;Athletics vs Pittsburgh Pirates;moneyline;home;;112;113;0.47
2026-06-17T21:33:52.056231+00:00;Athletics vs Pittsburgh Pirates;moneyline;away;;-121;-122;0.37
2026-06-17T21:33:52.056778+00:00;Athletics vs Pittsburgh Pirates;spread;home;1.5;-142;-141;0.29
2026-06-17T21:33:52.057338+00:00;Athletics vs Pittsburgh Pirates;spread;away;-1.5;128;127;0.44
2026-06-17T21:33:52.240445+00:00;New York Yankees vs Chicago White Sox;moneyline;home;;-170;-159;2.56
2026-06-17T21:33:52.241104+00:00;New York Yankees vs Chicago White Sox;moneyline;away;;155;146;3.53
2026-06-17T21:33:52.242238+00:00;New York Yankees vs Chicago White Sox;spread;home;-1.5;120;127;3.18
2026-06-17T21:33:52.243231+00:00;New York Yankees vs Chicago White Sox;spread;away;1.5;-133;-141;2.44
2026-06-17T21:45:54.643278+00:00;Milwaukee Brewers vs Cleveland Guardians;spread;home;-1.5;176;175;0.36
2026-06-17T21:45:54.781715+00:00;Boston Red Sox vs Toronto Blue Jays;moneyline;home;;-117;-116;0.4
2026-06-17T21:45:54.782537+00:00;Boston Red Sox vs Toronto Blue Jays;moneyline;away;;108;107;0.48
2026-06-17T21:47:54.994936+00:00;New York Yankees vs Chicago White Sox;moneyline;home;;-159;-161;0.48
2026-06-17T21:47:54.995535+00:00;New York Yankees vs Chicago White Sox;moneyline;away;;146;148;0.81
2026-06-17T21:47:54.996161+00:00;New York Yankees vs Chicago White Sox;spread;home;-1.5;127;126;0.44
2026-06-17T21:47:54.996704+00:00;New York Yankees vs Chicago White Sox;spread;away;1.5;-141;-140;0.3
2026-06-17T21:47:55.177036+00:00;Athletics vs Pittsburgh Pirates;moneyline;home;;113;114;0.47
2026-06-17T21:47:55.177669+00:00;Athletics vs Pittsburgh Pirates;moneyline;away;;-122;-123;0.37
2026-06-17T21:47:55.178275+00:00;Athletics vs Pittsburgh Pirates;spread;home;1.5;-141;-140;0.3
2026-06-17T21:47:55.178803+00:00;Athletics vs Pittsburgh Pirates;spread;away;-1.5;127;126;0.44
2026-06-17T21:51:56.011010+00:00;Seattle Mariners vs Baltimore Orioles;moneyline;away;;116;117;0.46
2026-06-17T22:00:56.836271+00:00;Boston Red Sox vs Toronto Blue Jays;moneyline;home;;-116;-117;0.4
2026-06-17T22:00:56.836951+00:00;Boston Red Sox vs Toronto Blue Jays;moneyline;away;;107;108;0.48
2026-06-17T22:00:56.837575+00:00;Boston Red Sox vs Toronto Blue Jays;spread;home;-1.5;166;165;0.38
2026-06-17T22:00:56.838126+00:00;Boston Red Sox vs Toronto Blue Jays;spread;away;1.5;-186;-185;0.19
2026-06-17T22:00:56.929876+00:00;Chicago Cubs vs Colorado Rockies;moneyline;home;;-199;-200;0.17
2026-06-17T22:00:56.993158+00:00;Atlanta Braves vs San Francisco Giants;moneyline;home;;-131;-127;1.36
2026-06-17T22:00:56.993841+00:00;Atlanta Braves vs San Francisco Giants;moneyline;away;;121;118;1.36
2026-06-17T22:00:56.994424+00:00;Atlanta Braves vs San Francisco Giants;spread;home;-1.5;151;154;1.2
2026-06-17T22:00:56.995012+00:00;Atlanta Braves vs San Francisco Giants;spread;away;1.5;-169;-172;0.65
2026-06-17T22:02:57.253805+00:00;New York Yankees vs Chicago White Sox;spread;away;1.5;-140;-139;0.3
2026-06-17T22:12:59.204306+00:00;Chicago Cubs vs Colorado Rockies;moneyline;home;;-200;-198;0.34
2026-06-17T22:12:59.205554+00:00;Chicago Cubs vs Colorado Rockies;moneyline;away;;181;180;0.36
2026-06-17T22:12:59.206240+00:00;Chicago Cubs vs Colorado Rockies;spread;home;-1.5;-105;-104;0.47
2026-06-17T22:12:59.206835+00:00;Chicago Cubs vs Colorado Rockies;spread;away;1.5;-105;-106;0.46
2026-06-17T22:12:59.208856+00:00;Chicago Cubs vs Colorado Rockies;total;over;10.0;-111;-105;2.71
2026-06-17T22:12:59.209587+00:00;Chicago Cubs vs Colorado Rockies;total;under;10.0;-101;-107;2.79
2026-06-17T22:12:59.236177+00:00;Atlanta Braves vs San Francisco Giants;moneyline;home;;-127;-132;1.67
2026-06-17T22:12:59.236830+00:00;Atlanta Braves vs San Francisco Giants;moneyline;away;;118;121;1.38
2026-06-17T22:12:59.237438+00:00;Atlanta Braves vs San Francisco Giants;spread;home;-1.5;154;150;1.57
2026-06-17T22:12:59.238052+00:00;Atlanta Braves vs San Francisco Giants;spread;away;1.5;-172;-167;1.1
2026-06-17T22:14:59.493365+00:00;Milwaukee Brewers vs Cleveland Guardians;moneyline;home;;-121;-120;0.38
2026-06-17T22:14:59.494102+00:00;Milwaukee Brewers vs Cleveland Guardians;moneyline;away;;112;111;0.47
2026-06-17T22:14:59.494766+00:00;Milwaukee Brewers vs Cleveland Guardians;spread;home;-1.5;175;176;0.36
2026-06-17T22:14:59.495361+00:00;Milwaukee Brewers vs Cleveland Guardians;spread;away;1.5;-197;-198;0.17
2026-06-17T22:14:59.496021+00:00;Milwaukee Brewers vs Cleveland Guardians;total;over;7.5;-101;-102;0.49
2026-06-17T22:16:59.821015+00:00;Boston Red Sox vs Toronto Blue Jays;total;over;10.0;101;100;0.5
2026-06-17T22:16:59.821782+00:00;Boston Red Sox vs Toronto Blue Jays;total;under;10.0;-114;-113;0.41
2026-06-17T22:19:00.277025+00:00;New York Yankees vs Chicago White Sox;moneyline;home;;-161;-162;0.24
2026-06-17T22:19:00.279616+00:00;New York Yankees vs Chicago White Sox;spread;home;-1.5;126;125;0.44
2026-06-17T22:19:00.280413+00:00;New York Yankees vs Chicago White Sox;total;over;8.5;-101;-102;0.49
2026-06-17T22:32:01.889123+00:00;Atlanta Braves vs San Francisco Giants;moneyline;away;;121;122;0.45
2026-06-17T22:32:01.900424+00:00;Atlanta Braves vs San Francisco Giants;spread;home;-1.5;150;149;0.4
2026-06-17T22:32:01.901252+00:00;Atlanta Braves vs San Francisco Giants;spread;away;1.5;-167;-166;0.23
2026-06-17T22:32:02.022314+00:00;Chicago Cubs vs Colorado Rockies;moneyline;home;;-198;-197;0.17
2026-06-17T22:32:02.023044+00:00;Chicago Cubs vs Colorado Rockies;moneyline;away;;180;179;0.36
2026-06-17T22:32:02.108793+00:00;Boston Red Sox vs Toronto Blue Jays;moneyline;home;;-117;-113;1.63
2026-06-17T22:32:02.109475+00:00;Boston Red Sox vs Toronto Blue Jays;moneyline;away;;108;105;1.44
2026-06-17T22:32:02.110109+00:00;Boston Red Sox vs Toronto Blue Jays;spread;home;-1.5;165;169;1.51
2026-06-17T22:32:02.110778+00:00;Boston Red Sox vs Toronto Blue Jays;spread;away;1.5;-185;-190;0.92
2026-06-17T22:32:02.111452+00:00;Boston Red Sox vs Toronto Blue Jays;total;under;10.0;-113;-112;0.42
2026-06-17T22:34:02.269690+00:00;New York Yankees vs Chicago White Sox;total;under;8.5;-111;-110;0.43
2026-06-17T22:34:02.416000+00:00;Athletics vs Pittsburgh Pirates;moneyline;away;;-123;-124;0.36
2026-06-17T22:34:02.416724+00:00;Athletics vs Pittsburgh Pirates;spread;home;1.5;-140;-139;0.3
2026-06-18T10:16:10.664704+00:00;Milwaukee Brewers vs Cleveland Guardians;spread;home;-1.5;151;152;0.4
2026-06-18T10:46:52.825537+00:00;Philadelphia Phillies vs New York Mets;moneyline;away;;108;107;0.48
2026-06-18T10:46:52.826539+00:00;Philadelphia Phillies vs New York Mets;spread;home;-1.5;164;165;0.38
