timestamp;match;market;designation;points;old_odd;new_odd;movement_pct;steam_level
2026-06-17T12:10:48.009112+00:00;Arizona Diamondbacks vs Los Angeles Angels;total;over;9.0;-112;-105;3.14;BRONZE
2026-06-17T12:10:48.426055+00:00;Washington Nationals vs Kansas City Royals;total;over;10.0;-108;101;4.37;BRONZE
2026-06-17T12:10:48.427224+00:00;Washington Nationals vs Kansas City Royals;total;under;10.0;-106;-114;3.41;BRONZE
2026-06-17T13:22:06.710727+00:00;Arizona Diamondbacks vs Los Angeles Angels;total;over;9.0;-105;-117;5.0;SILVER
2026-06-17T13:22:06.711676+00:00;Arizona Diamondbacks vs Los Angeles Angels;total;under;9.0;-107;104;5.45;SILVER
2026-06-17T14:06:18.738564+00:00;Los Angeles Dodgers vs Tampa Bay Rays;moneyline;home;;-171;-157;3.29;BRONZE
2026-06-17T14:06:18.748632+00:00;Los Angeles Dodgers vs Tampa Bay Rays;moneyline;away;;156;144;4.69;BRONZE
2026-06-17T14:06:18.749752+00:00;Los Angeles Dodgers vs Tampa Bay Rays;spread;home;-1.5;126;134;3.54;BRONZE
2026-06-17T14:19:21.816628+00:00;Seattle Mariners vs Baltimore Orioles;moneyline;home;;-137;-125;4.05;BRONZE
2026-06-17T14:19:21.817746+00:00;Seattle Mariners vs Baltimore Orioles;moneyline;away;;126;115;4.87;BRONZE
2026-06-17T14:19:21.818886+00:00;Seattle Mariners vs Baltimore Orioles;spread;home;-1.5;156;166;3.91;BRONZE
2026-06-17T16:24:58.087521+00:00;Atlanta Braves vs San Francisco Giants;moneyline;away;;126;135;3.98;BRONZE
2026-06-17T18:10:09.241437+00:00;Arizona Diamondbacks vs Los Angeles Angels;spread;home;-1.5;125;118;3.11;BRONZE
2026-06-17T18:20:11.757553+00:00;St. Louis Cardinals vs San Diego Padres;moneyline;home;;-119;-128;3.21;BRONZE
2026-06-17T18:24:12.662776+00:00;Arizona Diamondbacks vs Los Angeles Angels;total;over;9.0;-118;-110;3.34;BRONZE
2026-06-17T18:24:12.663946+00:00;Arizona Diamondbacks vs Los Angeles Angels;total;under;9.0;105;-102;3.4;BRONZE
2026-06-17T19:18:25.116603+00:00;New York Yankees vs Chicago White Sox;spread;home;-1.5;112;119;3.3;BRONZE
2026-06-17T19:57:32.973659+00:00;Atlanta Braves vs San Francisco Giants;total;over;9.0;-114;-106;3.53;BRONZE
2026-06-17T19:57:32.975201+00:00;Atlanta Braves vs San Francisco Giants;total;under;9.0;102;-106;3.79;BRONZE
2026-06-17T21:00:45.837036+00:00;Milwaukee Brewers vs Cleveland Guardians;total;over;7.5;-109;-101;3.79;BRONZE
2026-06-17T21:00:45.837988+00:00;Milwaukee Brewers vs Cleveland Guardians;total;under;7.5;-103;-111;3.55;BRONZE
2026-06-17T21:12:48.352011+00:00;Chicago Cubs vs Colorado Rockies;spread;home;-1.5;103;-105;3.82;BRONZE
2026-06-17T21:12:48.353027+00:00;Chicago Cubs vs Colorado Rockies;spread;away;1.5;-113;-105;3.58;BRONZE
2026-06-17T21:33:52.241560+00:00;New York Yankees vs Chicago White Sox;moneyline;away;;155;146;3.53;BRONZE
2026-06-17T21:33:52.242662+00:00;New York Yankees vs Chicago White Sox;spread;home;-1.5;120;127;3.18;BRONZE
2026-06-18T18:52:53.868190+00:00;Texas Rangers vs Minnesota Twins;moneyline;home;;108;510;193.27;PLATINUM
2026-06-18T18:52:53.870096+00:00;Texas Rangers vs Minnesota Twins;moneyline;away;;-117;-746;38.86;PLATINUM
2026-06-18T22:19:33.858186+00:00;Athletics vs Los Angeles Angels;moneyline;away;;142;150;3.31;BRONZE
2026-06-18T22:51:42.421355+00:00;Philadelphia Phillies vs New York Mets;moneyline;home;;-118;152;36.4;PLATINUM
2026-06-18T22:51:42.422392+00:00;Philadelphia Phillies vs New York Mets;moneyline;away;;109;-187;26.57;PLATINUM
2026-06-18T23:34:27.081098+00:00;Athletics vs Los Angeles Angels;total;over;10.0;100;-107;3.27;BRONZE
2026-06-18T23:34:27.082283+00:00;Athletics vs Los Angeles Angels;total;under;10.0;-112;-105;3.14;BRONZE
2026-06-18T23:38:28.682083+00:00;Tampa Bay Rays vs Washington Nationals;moneyline;home;;-115;-124;3.38;BRONZE
2026-06-18T23:38:28.683337+00:00;Tampa Bay Rays vs Washington Nationals;moneyline;away;;105;113;3.9;BRONZE
2026-06-18T23:38:28.684609+00:00;Tampa Bay Rays vs Washington Nationals;spread;home;-1.5;179;170;3.23;BRONZE
2026-06-18T23:54:33.553885+00:00;Kansas City Royals vs St. Louis Cardinals;moneyline;home;;-109;170;40.81;PLATINUM
2026-06-18T23:54:33.555082+00:00;Kansas City Royals vs St. Louis Cardinals;moneyline;away;;101;-201;25.5;PLATINUM
2026-06-19T00:50:15.195794+00:00;Athletics vs Los Angeles Angels;total;under;10.0;-105;102;3.46;BRONZE
2026-06-19T01:00:17.499469+00:00;Seattle Mariners vs Boston Red Sox;moneyline;home;;-130;-121;3.23;BRONZE
2026-06-19T01:00:17.500705+00:00;Seattle Mariners vs Boston Red Sox;moneyline;away;;118;109;4.13;BRONZE
2026-06-19T01:00:17.501969+00:00;Seattle Mariners vs Boston Red Sox;spread;home;-1.5;169;178;3.35;BRONZE
2026-06-19T01:35:29.682408+00:00;Athletics vs Los Angeles Angels;moneyline;away;;155;166;4.31;BRONZE
2026-06-19T01:35:29.683777+00:00;Athletics vs Los Angeles Angels;spread;home;-1.5;112;103;4.25;BRONZE
2026-06-19T01:35:29.684923+00:00;Athletics vs Los Angeles Angels;spread;away;1.5;-124;-114;3.92;BRONZE
2026-06-19T01:50:34.714534+00:00;Athletics vs Los Angeles Angels;moneyline;home;;-182;-969;28.8;PLATINUM
2026-06-19T05:54:56.345710+00:00;New York Yankees vs Cincinnati Reds;moneyline;away;;223;233;3.1;BRONZE
2026-06-19T15:07:17.883052+00:00;Atlanta Braves vs Milwaukee Brewers;moneyline;home;;159;145;5.41;SILVER
2026-06-19T15:07:17.884689+00:00;Atlanta Braves vs Milwaukee Brewers;moneyline;home;;159;145;5.41;SILVER
2026-06-19T15:07:17.887995+00:00;Atlanta Braves vs Milwaukee Brewers;moneyline;away;;-178;-158;4.55;BRONZE
2026-06-19T15:07:17.889461+00:00;Atlanta Braves vs Milwaukee Brewers;moneyline;away;;-178;-158;4.55;BRONZE
2026-06-19T15:07:17.892533+00:00;Atlanta Braves vs Milwaukee Brewers;spread;home;1.5;-111;-120;3.55;BRONZE
2026-06-19T15:07:17.897018+00:00;Atlanta Braves vs Milwaukee Brewers;spread;away;-1.5;-101;108;4.52;BRONZE
2026-06-19T15:07:17.897650+00:00;Atlanta Braves vs Milwaukee Brewers;spread;away;-1.5;-101;108;4.52;BRONZE
2026-06-19T15:07:18.037628+00:00;Seattle Mariners vs Boston Red Sox;moneyline;home;;-127;-107;8.23;GOLD
2026-06-19T15:07:18.038355+00:00;Seattle Mariners vs Boston Red Sox;moneyline;home;;-127;-107;8.23;GOLD
2026-06-19T15:07:18.042265+00:00;Seattle Mariners vs Boston Red Sox;moneyline;away;;115;-102;7.89;SILVER
2026-06-19T15:07:18.042677+00:00;Seattle Mariners vs Boston Red Sox;moneyline;away;;115;-102;7.89;SILVER
2026-06-19T15:07:18.044916+00:00;Seattle Mariners vs Boston Red Sox;spread;home;-1.5;171;194;8.49;GOLD
2026-06-19T15:07:18.045278+00:00;Seattle Mariners vs Boston Red Sox;spread;home;-1.5;171;194;8.49;GOLD
2026-06-19T15:07:18.047326+00:00;Seattle Mariners vs Boston Red Sox;spread;away;1.5;-197;-220;3.52;BRONZE
2026-06-19T15:07:18.047699+00:00;Seattle Mariners vs Boston Red Sox;spread;away;1.5;-197;-220;3.52;BRONZE
2026-06-19T15:07:18.345693+00:00;Detroit Tigers vs Chicago White Sox;moneyline;home;;-218;-189;4.83;BRONZE
2026-06-19T15:07:18.346136+00:00;Detroit Tigers vs Chicago White Sox;moneyline;home;;-218;-189;4.83;BRONZE
2026-06-19T15:07:18.348646+00:00;Detroit Tigers vs Chicago White Sox;moneyline;away;;198;173;8.39;GOLD
2026-06-19T15:07:18.349371+00:00;Detroit Tigers vs Chicago White Sox;moneyline;away;;198;173;8.39;GOLD
2026-06-19T15:07:18.352749+00:00;Detroit Tigers vs Chicago White Sox;spread;home;-1.5;-100;111;5.5;SILVER
2026-06-19T15:07:18.354161+00:00;Detroit Tigers vs Chicago White Sox;spread;home;-1.5;-100;111;5.5;SILVER
2026-06-19T15:07:18.357082+00:00;Detroit Tigers vs Chicago White Sox;spread;away;1.5;-111;-123;4.62;BRONZE
2026-06-19T15:07:18.358500+00:00;Detroit Tigers vs Chicago White Sox;spread;away;1.5;-111;-123;4.62;BRONZE
2026-06-19T15:07:18.362379+00:00;Detroit Tigers vs Chicago White Sox;total;over;8.0;-113;-100;6.1;SILVER
2026-06-19T15:07:18.365275+00:00;Detroit Tigers vs Chicago White Sox;total;under;8.0;-101;-112;4.89;BRONZE
2026-06-19T15:09:20.255745+00:00;Detroit Tigers vs Chicago White Sox;total;over;8.0;-100;-107;3.27;BRONZE
2026-06-19T15:09:20.261348+00:00;Detroit Tigers vs Chicago White Sox;total;under;8.0;-112;-105;3.14;BRONZE
2026-06-19T15:30:31.545851+00:00;Miami Marlins vs San Francisco Giants;total;over;8.0;-114;-106;3.53;BRONZE
2026-06-19T15:30:31.549279+00:00;Miami Marlins vs San Francisco Giants;total;under;8.0;101;-106;3.31;BRONZE
2026-06-19T15:30:33.113275+00:00;Miami Marlins vs San Francisco Giants;total;over;8.0;-114;-106;3.53;BRONZE
2026-06-19T15:30:33.116075+00:00;Miami Marlins vs San Francisco Giants;total;under;8.0;101;-106;3.31;BRONZE
2026-06-19T15:43:38.286758+00:00;Detroit Tigers vs Chicago White Sox;total;under;8.0;-105;102;3.46;BRONZE
2026-06-19T15:43:38.952336+00:00;Detroit Tigers vs Chicago White Sox;total;under;8.0;-105;102;3.46;BRONZE
2026-06-19T15:59:47.775532+00:00;Tampa Bay Rays vs Washington Nationals;total;over;8.0;-110;-103;3.24;BRONZE
2026-06-19T16:05:52.424173+00:00;Kansas City Royals vs St. Louis Cardinals;total;over;9.0;-108;-116;3.32;BRONZE
2026-06-19T16:05:52.438042+00:00;Kansas City Royals vs St. Louis Cardinals;total;under;9.0;-104;103;3.49;BRONZE
2026-06-19T16:05:52.438042+00:00;Kansas City Royals vs St. Louis Cardinals;total;under;9.0;-104;103;3.49;BRONZE
2026-07-23T13:56:52.784542+00:00;St. Louis Cardinals vs Arizona Diamondbacks;total;over;7.5;-110;-103;3.24;BRONZE
2026-07-23T13:58:53.316443+00:00;St. Louis Cardinals vs Arizona Diamondbacks;total;under;7.5;-102;-109;3.18;BRONZE
2026-07-23T14:03:22.180873+00:00;St. Louis Cardinals vs Arizona Diamondbacks;total;over;7.5;-110;-103;3.24;BRONZE
2026-07-23T14:05:22.627226+00:00;St. Louis Cardinals vs Arizona Diamondbacks;total;under;7.5;-102;-109;3.18;BRONZE
2026-07-23T18:13:17.004862+00:00;St. Louis Cardinals vs Arizona Diamondbacks;moneyline;home;;-114;-107;3.06;BRONZE
2026-07-23T18:13:33.535102+00:00;St. Louis Cardinals vs Arizona Diamondbacks;moneyline;away;;107;-101;3.86;PENDING
2026-07-23T18:13:47.954518+00:00;St. Louis Cardinals vs Arizona Diamondbacks;moneyline;home;;-114;-107;3.06;BRONZE
2026-07-23T18:14:17.115919+00:00;St. Louis Cardinals vs Arizona Diamondbacks;moneyline;away;;106;-101;3.39;BRONZE
2026-07-23T18:14:48.070364+00:00;St. Louis Cardinals vs Arizona Diamondbacks;moneyline;away;;106;-101;3.39;BRONZE
2026-07-23T18:28:19.075312+00:00;Toronto Blue Jays vs Tampa Bay Rays;total;over;8.5;-112;-103;4.12;BRONZE
2026-07-23T18:28:42.475578+00:00;Toronto Blue Jays vs Tampa Bay Rays;total;under;8.5;-102;-109;3.18;PENDING
2026-07-23T18:28:50.283801+00:00;Toronto Blue Jays vs Tampa Bay Rays;total;over;8.5;-112;-103;4.12;BRONZE
2026-07-23T18:29:19.210229+00:00;Toronto Blue Jays vs Tampa Bay Rays;total;under;8.5;100;-109;4.13;BRONZE
2026-07-23T18:29:50.437349+00:00;Toronto Blue Jays vs Tampa Bay Rays;total;under;8.5;100;-109;4.13;BRONZE
2026-07-23T18:43:21.711699+00:00;St. Louis Cardinals vs Arizona Diamondbacks;total;over;7.5;100;-115;6.52;SILVER
2026-07-23T18:43:49.278031+00:00;St. Louis Cardinals vs Arizona Diamondbacks;total;over;7.5;101;-115;6.99;PENDING
2026-07-23T18:43:52.734265+00:00;St. Louis Cardinals vs Arizona Diamondbacks;total;over;7.5;100;-115;6.52;SILVER
2026-07-23T18:44:21.879583+00:00;St. Louis Cardinals vs Arizona Diamondbacks;total;under;7.5;-113;102;7.16;SILVER
2026-07-23T18:44:52.884706+00:00;St. Louis Cardinals vs Arizona Diamondbacks;total;under;7.5;-113;102;7.16;SILVER
2026-07-23T20:29:06.140442+00:00;Detroit Tigers vs Kansas City Royals;moneyline;away;;201;189;3.99;BRONZE
2026-07-23T20:29:35.653523+00:00;Detroit Tigers vs Kansas City Royals;moneyline;away;;201;189;3.99;BRONZE
2026-07-23T22:29:27.032664+00:00;Detroit Tigers vs Kansas City Royals;spread;home;-1.5;-103;-112;3.96;PENDING
2026-07-23T22:44:30.995492+00:00;Detroit Tigers vs Kansas City Royals;moneyline;away;;195;186;3.05;BRONZE
2026-07-23T22:44:35.219672+00:00;Detroit Tigers vs Kansas City Royals;total;under;8.5;-107;-116;3.75;PENDING
2026-07-24T02:29:20.482536+00:00;Chicago White Sox vs Houston Astros;moneyline;away;;130;121;3.91;PENDING
2026-07-24T03:47:04.196089+00:00;Chicago White Sox vs Houston Astros;spread;away;1.5;-163;-177;3.01;PENDING
2026-07-24T03:50:11.092333+00:00;Milwaukee Brewers vs Colorado Rockies;total;over;8.5;101;-106;3.31;PENDING
2026-07-24T03:52:49.720521+00:00;Pittsburgh Pirates vs Chicago Cubs;total;over;8.0;-114;-104;4.49;BRONZE
2026-07-24T03:53:17.672228+00:00;Pittsburgh Pirates vs Chicago Cubs;total;under;8.0;-100;-110;4.55;PENDING
2026-07-24T03:53:33.078238+00:00;Pittsburgh Pirates vs Chicago Cubs;total;over;8.0;-114;-104;4.49;BRONZE
2026-07-24T03:53:50.033280+00:00;Pittsburgh Pirates vs Chicago Cubs;total;under;8.0;-100;-110;4.55;BRONZE
2026-07-24T03:54:33.281709+00:00;Pittsburgh Pirates vs Chicago Cubs;total;under;8.0;-100;-110;4.55;BRONZE
2026-07-24T03:56:51.842078+00:00;Chicago White Sox vs Houston Astros;total;under;8.5;-101;105;3.01;BRONZE
2026-07-24T03:57:24.624027+00:00;Chicago White Sox vs Houston Astros;total;over;8.5;-111;-120;3.55;PENDING
2026-07-24T03:57:34.834136+00:00;Chicago White Sox vs Houston Astros;total;under;8.5;-101;105;3.01;BRONZE
2026-07-24T04:00:29.931952+00:00;New York Mets vs Los Angeles Dodgers;moneyline;home;;134;126;3.42;PENDING
2026-07-24T04:35:45.525815+00:00;Milwaukee Brewers vs Colorado Rockies;spread;home;-1.5;-105;-112;3.05;PENDING
2026-07-24T05:36:18.429246+00:00;Milwaukee Brewers vs Colorado Rockies;total;over;8.5;-106;-114;3.41;PENDING
2026-07-24T07:16:49.772571+00:00;Minnesota Twins vs Athletics;moneyline;home;;-145;-129;5.06;SILVER
2026-07-24T07:17:11.010256+00:00;Minnesota Twins vs Athletics;moneyline;away;;125;117;3.56;PENDING
2026-07-24T07:17:25.081132+00:00;Minnesota Twins vs Athletics;moneyline;home;;-145;-129;5.06;SILVER
2026-07-24T07:17:50.575036+00:00;Minnesota Twins vs Athletics;moneyline;away;;131;117;6.06;SILVER
2026-07-24T07:18:25.704117+00:00;Minnesota Twins vs Athletics;moneyline;away;;131;117;6.06;SILVER
2026-07-24T07:24:51.776860+00:00;Minnesota Twins vs Athletics;spread;home;-1.5;139;150;4.6;BRONZE
2026-07-24T07:25:26.828130+00:00;Minnesota Twins vs Athletics;spread;home;-1.5;139;150;4.6;BRONZE
2026-07-24T07:25:52.362778+00:00;Minnesota Twins vs Athletics;spread;away;1.5;-157;-171;3.19;BRONZE
2026-07-24T07:26:27.429557+00:00;Minnesota Twins vs Athletics;spread;away;1.5;-157;-171;3.19;BRONZE
2026-07-24T11:40:37.539141+00:00;Pittsburgh Pirates vs Chicago Cubs;moneyline;away;;108;-101;4.32;PENDING
2026-07-24T11:49:58.630081+00:00;Philadelphia Phillies vs New York Yankees;moneyline;away;;115;123;3.72;BRONZE
2026-07-24T11:50:30.876967+00:00;Philadelphia Phillies vs New York Yankees;moneyline;away;;115;123;3.72;BRONZE
2026-07-24T12:25:47.587572+00:00;Boston Red Sox vs Toronto Blue Jays;total;over;8.5;-105;-119;5.74;SILVER
2026-07-24T12:26:07.729820+00:00;Boston Red Sox vs Toronto Blue Jays;total;over;8.5;-107;-119;4.87;PENDING
2026-07-24T12:26:18.976416+00:00;Boston Red Sox vs Toronto Blue Jays;total;over;8.5;-105;-119;5.74;SILVER
2026-07-24T12:26:48.004510+00:00;Boston Red Sox vs Toronto Blue Jays;total;under;8.5;-107;106;6.48;SILVER
2026-07-24T12:27:19.353796+00:00;Boston Red Sox vs Toronto Blue Jays;total;under;8.5;-107;106;6.48;SILVER
2026-07-24T12:47:59.303644+00:00;New York Mets vs Los Angeles Dodgers;moneyline;home;;131;124;3.03;BRONZE
2026-07-24T12:48:27.888207+00:00;New York Mets vs Los Angeles Dodgers;moneyline;home;;131;124;3.03;BRONZE
2026-07-24T12:50:22.609981+00:00;Philadelphia Phillies vs New York Yankees;total;under;7.5;101;-116;7.36;PENDING
2026-07-24T12:50:28.693937+00:00;Philadelphia Phillies vs New York Yankees;total;over;7.5;-110;103;6.33;SILVER
2026-07-24T12:51:00.659435+00:00;Philadelphia Phillies vs New York Yankees;total;over;7.5;-110;103;6.33;SILVER
2026-07-24T12:52:29.492452+00:00;Philadelphia Phillies vs New York Yankees;total;under;7.5;-102;-116;5.97;SILVER
2026-07-24T12:53:01.436196+00:00;Philadelphia Phillies vs New York Yankees;total;under;7.5;-102;-116;5.97;SILVER
2026-07-24T13:05:35.786125+00:00;St. Louis Cardinals vs Cincinnati Reds;total;under;8.0;-100;-107;3.27;PENDING
2026-07-24T13:05:37.705095+00:00;St. Louis Cardinals vs Cincinnati Reds;total;over;8.0;-114;-105;4.01;BRONZE
2026-07-24T13:06:05.792409+00:00;St. Louis Cardinals vs Cincinnati Reds;total;over;8.0;-114;-105;4.01;BRONZE
2026-07-24T13:37:20.395264+00:00;New York Mets vs Los Angeles Dodgers;total;over;9.0;-104;-111;3.09;BRONZE
2026-07-24T13:37:49.113461+00:00;New York Mets vs Los Angeles Dodgers;total;over;9.0;-104;-111;3.09;BRONZE
2026-07-24T13:37:53.060627+00:00;New York Mets vs Los Angeles Dodgers;moneyline;home;;126;118;3.54;PENDING
2026-07-24T13:37:57.214710+00:00;New York Mets vs Los Angeles Dodgers;spread;home;1.5;-124;-135;3.64;PENDING
2026-07-24T13:38:01.020337+00:00;New York Mets vs Los Angeles Dodgers;total;over;9.0;-101;-111;4.48;PENDING
2026-07-24T13:38:04.935861+00:00;St. Louis Cardinals vs Cincinnati Reds;moneyline;away;;142;133;3.72;PENDING
2026-07-24T13:38:20.862287+00:00;St. Louis Cardinals vs Cincinnati Reds;moneyline;home;;-159;-145;3.73;BRONZE
2026-07-24T13:38:49.594803+00:00;St. Louis Cardinals vs Cincinnati Reds;moneyline;home;;-159;-145;3.73;BRONZE
2026-07-24T13:39:21.279094+00:00;St. Louis Cardinals vs Cincinnati Reds;moneyline;away;;146;133;5.28;SILVER
2026-07-24T13:39:50.085761+00:00;St. Louis Cardinals vs Cincinnati Reds;moneyline;away;;146;133;5.28;SILVER
2026-07-24T13:40:21.695085+00:00;St. Louis Cardinals vs Cincinnati Reds;spread;home;-1.5;133;146;5.58;SILVER
2026-07-24T13:40:50.689954+00:00;St. Louis Cardinals vs Cincinnati Reds;spread;home;-1.5;133;146;5.58;SILVER
2026-07-24T13:41:22.120986+00:00;St. Louis Cardinals vs Cincinnati Reds;spread;away;1.5;-147;-162;3.75;BRONZE
2026-07-24T13:41:51.192797+00:00;St. Louis Cardinals vs Cincinnati Reds;spread;away;1.5;-147;-162;3.75;BRONZE
2026-07-24T13:53:27.931553+00:00;Tampa Bay Rays vs Cleveland Guardians;moneyline;home;;-137;-126;3.68;BRONZE
2026-07-24T13:53:58.004040+00:00;Tampa Bay Rays vs Cleveland Guardians;moneyline;home;;-137;-126;3.68;BRONZE
2026-07-24T13:54:28.214345+00:00;Tampa Bay Rays vs Cleveland Guardians;moneyline;away;;127;116;4.85;BRONZE
2026-07-24T13:54:58.292198+00:00;Tampa Bay Rays vs Cleveland Guardians;moneyline;away;;127;116;4.85;BRONZE
2026-07-24T13:55:28.505218+00:00;Tampa Bay Rays vs Cleveland Guardians;spread;home;-1.5;157;172;5.84;SILVER
2026-07-24T13:55:58.619942+00:00;Tampa Bay Rays vs Cleveland Guardians;spread;home;-1.5;157;172;5.84;SILVER
2026-07-24T13:56:28.801918+00:00;Tampa Bay Rays vs Cleveland Guardians;spread;away;1.5;-175;-193;3.39;BRONZE
2026-07-24T13:56:58.921702+00:00;Tampa Bay Rays vs Cleveland Guardians;spread;away;1.5;-175;-193;3.39;BRONZE
2026-07-24T13:57:24.716530+00:00;Washington Nationals vs Arizona Diamondbacks;moneyline;away;;-113;-121;3.1;PENDING
2026-07-24T13:57:28.662251+00:00;Washington Nationals vs Arizona Diamondbacks;total;over;9.5;101;-106;3.31;PENDING
2026-07-24T14:14:09.878143+00:00;San Francisco Giants vs Los Angeles Angels;moneyline;away;;150;140;4.0;BRONZE
2026-07-24T14:14:35.683964+00:00;San Francisco Giants vs Los Angeles Angels;moneyline;away;;150;140;4.0;BRONZE
2026-07-24T14:15:10.285720+00:00;San Francisco Giants vs Los Angeles Angels;spread;home;-1.5;129;136;3.06;BRONZE
2026-07-24T14:15:36.025655+00:00;San Francisco Giants vs Los Angeles Angels;spread;home;-1.5;129;136;3.06;BRONZE
2026-07-24T14:24:12.362775+00:00;Milwaukee Brewers vs Colorado Rockies;moneyline;away;;217;238;6.62;SILVER
2026-07-24T14:24:37.954034+00:00;Milwaukee Brewers vs Colorado Rockies;moneyline;away;;217;238;6.62;SILVER
2026-07-24T14:24:45.131024+00:00;Milwaukee Brewers vs Colorado Rockies;moneyline;home;;-230;-266;4.1;PENDING
2026-07-24T14:24:49.581191+00:00;Milwaukee Brewers vs Colorado Rockies;spread;home;-1.5;-112;-121;3.51;PENDING
2026-07-24T14:27:55.479687+00:00;Washington Nationals vs Arizona Diamondbacks;spread;away;-1.5;139;131;3.35;PENDING
2026-07-24T14:40:04.760621+00:00;Tampa Bay Rays vs Cleveland Guardians;moneyline;away;;120;111;4.09;PENDING
2026-07-24T14:40:09.291151+00:00;Tampa Bay Rays vs Cleveland Guardians;spread;away;1.5;-184;-202;3.14;PENDING
2026-07-24T14:41:14.133737+00:00;Detroit Tigers vs Kansas City Royals;moneyline;away;;250;230;5.71;PENDING
2026-07-24T14:41:18.809282+00:00;Detroit Tigers vs Kansas City Royals;moneyline;away;;254;230;6.78;SILVER
2026-07-24T14:41:44.945546+00:00;Detroit Tigers vs Kansas City Royals;moneyline;away;;254;230;6.78;SILVER
2026-07-24T14:42:19.349352+00:00;Detroit Tigers vs Kansas City Royals;spread;home;-1.5;-123;-115;3.12;BRONZE
2026-07-24T14:42:45.451574+00:00;Detroit Tigers vs Kansas City Royals;spread;home;-1.5;-123;-115;3.12;BRONZE
2026-07-24T14:56:34.050901+00:00;Detroit Tigers vs Kansas City Royals;spread;away;1.5;110;103;3.33;PENDING
2026-07-24T15:11:46.554278+00:00;Pittsburgh Pirates vs Chicago Cubs;spread;away;1.5;-198;-218;3.08;PENDING
2026-07-24T15:24:04.652019+00:00;Milwaukee Brewers vs Colorado Rockies;moneyline;away;;229;243;4.26;BRONZE
2026-07-24T15:24:41.392702+00:00;Milwaukee Brewers vs Colorado Rockies;moneyline;away;;229;243;4.26;BRONZE
2026-07-24T16:44:25.668943+00:00;Tampa Bay Rays vs Cleveland Guardians;total;over;7.5;-104;109;6.55;SILVER
2026-07-24T16:44:40.927822+00:00;Tampa Bay Rays vs Cleveland Guardians;total;over;7.5;-104;109;6.55;SILVER
2026-07-24T16:44:42.787413+00:00;Tampa Bay Rays vs Cleveland Guardians;total;under;7.5;-113;-122;3.46;PENDING
2026-07-24T16:46:26.751487+00:00;Tampa Bay Rays vs Cleveland Guardians;total;under;7.5;-108;-122;5.52;SILVER
2026-07-24T16:46:42.030023+00:00;Tampa Bay Rays vs Cleveland Guardians;total;under;7.5;-108;-122;5.52;SILVER
2026-07-24T17:55:00.279672+00:00;Milwaukee Brewers vs Colorado Rockies;moneyline;away;;249;234;4.3;BRONZE
2026-07-24T17:55:19.530542+00:00;Milwaukee Brewers vs Colorado Rockies;moneyline;away;;249;234;4.3;BRONZE
2026-07-24T18:28:50.261532+00:00;Washington Nationals vs Arizona Diamondbacks;total;over;9.5;-106;-114;3.41;PENDING
2026-07-24T18:47:06.204733+00:00;Chicago White Sox vs Houston Astros;moneyline;away;;121;114;3.17;PENDING
2026-07-24T19:04:55.586842+00:00;Baltimore Orioles vs Atlanta Braves;moneyline;home;;-112;-122;3.87;BRONZE
2026-07-24T19:05:42.379678+00:00;Baltimore Orioles vs Atlanta Braves;moneyline;home;;-112;-122;3.87;BRONZE
2026-07-24T19:05:55.735371+00:00;Baltimore Orioles vs Atlanta Braves;moneyline;away;;104;112;3.92;BRONZE
2026-07-24T19:06:42.537889+00:00;Baltimore Orioles vs Atlanta Braves;moneyline;away;;104;112;3.92;BRONZE
2026-07-24T19:06:55.877212+00:00;Baltimore Orioles vs Atlanta Braves;spread;home;-1.5;177;167;3.61;BRONZE
2026-07-24T19:07:24.422185+00:00;St. Louis Cardinals vs Cincinnati Reds;spread;away;1.5;-151;-164;3.16;PENDING
2026-07-24T19:07:42.724918+00:00;Baltimore Orioles vs Atlanta Braves;spread;home;-1.5;177;167;3.61;BRONZE
2026-07-24T19:19:32.861385+00:00;San Francisco Giants vs Los Angeles Angels;moneyline;away;;145;132;5.31;PENDING
2026-07-24T19:19:46.398108+00:00;San Francisco Giants vs Los Angeles Angels;moneyline;away;;141;132;3.73;BRONZE
2026-07-24T19:19:59.995380+00:00;San Francisco Giants vs Los Angeles Angels;moneyline;away;;141;132;3.73;BRONZE
2026-07-24T19:25:40.598218+00:00;Milwaukee Brewers vs Colorado Rockies;spread;home;-1.5;-121;-130;3.13;PENDING
2026-07-24T19:25:49.678409+00:00;Tampa Bay Rays vs Cleveland Guardians;moneyline;away;;113;120;3.29;BRONZE
2026-07-24T19:26:02.988675+00:00;Tampa Bay Rays vs Cleveland Guardians;moneyline;away;;113;120;3.29;BRONZE
2026-07-24T19:29:52.018964+00:00;Washington Nationals vs Arizona Diamondbacks;total;over;9.5;-114;-103;4.99;BRONZE
2026-07-24T19:30:04.975883+00:00;Washington Nationals vs Arizona Diamondbacks;total;over;9.5;-114;-103;4.99;BRONZE
2026-07-24T19:31:53.426208+00:00;Washington Nationals vs Arizona Diamondbacks;total;under;9.5;101;-109;4.61;BRONZE
2026-07-24T19:32:06.301512+00:00;Washington Nationals vs Arizona Diamondbacks;total;under;9.5;101;-109;4.61;BRONZE
2026-07-24T19:50:06.015241+00:00;Baltimore Orioles vs Atlanta Braves;spread;home;-1.5;167;155;4.49;BRONZE
2026-07-24T19:50:17.455758+00:00;Baltimore Orioles vs Atlanta Braves;spread;home;-1.5;167;155;4.49;BRONZE
2026-07-24T19:51:03.103670+00:00;Baltimore Orioles vs Atlanta Braves;moneyline;home;;-115;-128;4.72;PENDING
2026-07-24T19:51:06.225334+00:00;Baltimore Orioles vs Atlanta Braves;spread;away;1.5;-187;-172;3.04;BRONZE
2026-07-24T19:51:07.011383+00:00;Baltimore Orioles vs Atlanta Braves;spread;home;-1.5;172;155;6.25;PENDING
2026-07-24T19:51:17.610821+00:00;Baltimore Orioles vs Atlanta Braves;spread;away;1.5;-187;-172;3.04;BRONZE
2026-07-24T20:11:15.452243+00:00;Milwaukee Brewers vs Colorado Rockies;total;over;8.5;-113;-103;4.56;BRONZE
2026-07-24T20:11:25.855894+00:00;Milwaukee Brewers vs Colorado Rockies;total;over;8.5;-113;-103;4.56;BRONZE
2026-07-24T20:12:15.665557+00:00;Milwaukee Brewers vs Colorado Rockies;total;under;8.5;101;-109;4.61;BRONZE
2026-07-24T20:12:26.042133+00:00;Milwaukee Brewers vs Colorado Rockies;total;under;8.5;101;-109;4.61;BRONZE
2026-07-24T20:13:15.856798+00:00;Milwaukee Brewers vs Colorado Rockies;moneyline;away;;231;221;3.02;BRONZE
2026-07-24T20:13:26.221061+00:00;Milwaukee Brewers vs Colorado Rockies;moneyline;away;;231;221;3.02;BRONZE
2026-07-24T20:20:28.420515+00:00;New York Mets vs Los Angeles Dodgers;moneyline;home;;118;110;3.67;PENDING
2026-07-24T20:20:29.655563+00:00;New York Mets vs Los Angeles Dodgers;moneyline;home;;118;110;3.67;BRONZE
2026-07-24T20:21:19.760067+00:00;New York Mets vs Los Angeles Dodgers;moneyline;home;;118;110;3.67;BRONZE
2026-07-24T20:21:29.811000+00:00;New York Mets vs Los Angeles Dodgers;spread;away;-1.5;121;128;3.17;BRONZE
2026-07-24T20:22:19.943724+00:00;New York Mets vs Los Angeles Dodgers;spread;away;-1.5;121;128;3.17;BRONZE
2026-07-24T20:22:29.956013+00:00;New York Mets vs Los Angeles Dodgers;moneyline;away;;-128;-119;3.32;BRONZE
2026-07-24T20:23:20.505182+00:00;New York Mets vs Los Angeles Dodgers;moneyline;away;;-128;-119;3.32;BRONZE
2026-07-24T20:27:22.304854+00:00;Miami Marlins vs San Diego Padres;moneyline;home;;-129;-120;3.28;BRONZE
2026-07-24T20:27:32.188829+00:00;Miami Marlins vs San Diego Padres;moneyline;home;;-129;-120;3.28;BRONZE
2026-07-24T20:27:37.384513+00:00;Miami Marlins vs San Diego Padres;moneyline;away;;121;111;4.52;PENDING
2026-07-24T20:28:22.481252+00:00;Miami Marlins vs San Diego Padres;moneyline;away;;119;111;3.65;BRONZE
2026-07-24T20:28:32.427623+00:00;Miami Marlins vs San Diego Padres;moneyline;away;;119;111;3.65;BRONZE
2026-07-24T20:29:22.689509+00:00;Miami Marlins vs San Diego Padres;spread;home;-1.5;155;163;3.14;BRONZE
2026-07-24T20:29:32.663683+00:00;Miami Marlins vs San Diego Padres;spread;home;-1.5;155;163;3.14;BRONZE
2026-07-24T20:37:24.677191+00:00;New York Mets vs Los Angeles Dodgers;total;over;9.0;-113;-100;6.1;SILVER
2026-07-24T20:37:34.224083+00:00;New York Mets vs Los Angeles Dodgers;total;over;9.0;-113;-100;6.1;SILVER
2026-07-24T20:39:26.223002+00:00;New York Mets vs Los Angeles Dodgers;total;under;9.0;101;-112;5.83;SILVER
2026-07-24T20:39:35.033361+00:00;New York Mets vs Los Angeles Dodgers;total;under;9.0;101;-112;5.83;SILVER
2026-07-24T22:06:57.592598+00:00;New York Mets vs Los Angeles Dodgers;spread;home;1.5;-135;-148;3.74;PENDING
2026-07-24T22:41:31.181344+00:00;Minnesota Twins vs Athletics;total;over;9.5;-106;-113;3.01;PENDING
2026-07-24T22:43:37.379963+00:00;Miami Marlins vs San Diego Padres;spread;away;1.5;-173;-191;3.45;PENDING
2026-07-24T22:44:13.266400+00:00;Detroit Tigers vs Kansas City Royals;moneyline;home;;-262;-321;5.08;SILVER
2026-07-24T22:44:14.595306+00:00;Detroit Tigers vs Kansas City Royals;moneyline;home;;-262;-321;5.08;SILVER
2026-07-24T22:44:41.622167+00:00;Pittsburgh Pirates vs Chicago Cubs;moneyline;home;;-119;-134;5.11;PENDING
2026-07-24T22:44:45.150475+00:00;Pittsburgh Pirates vs Chicago Cubs;total;under;7.5;102;-110;5.49;PENDING
2026-07-24T22:45:13.881692+00:00;Pittsburgh Pirates vs Chicago Cubs;moneyline;home;;-104;-134;10.97;GOLD
2026-07-24T22:45:15.355131+00:00;Pittsburgh Pirates vs Chicago Cubs;moneyline;home;;-104;-134;10.97;GOLD
2026-07-24T22:46:14.479235+00:00;Pittsburgh Pirates vs Chicago Cubs;total;under;7.5;103;-110;5.96;SILVER
2026-07-24T22:46:16.007640+00:00;Pittsburgh Pirates vs Chicago Cubs;total;under;7.5;103;-110;5.96;SILVER
2026-07-24T22:54:01.810537+00:00;Philadelphia Phillies vs New York Yankees;moneyline;home;;-127;-169;10.95;PENDING
2026-07-24T22:54:06.507079+00:00;St. Louis Cardinals vs Cincinnati Reds;moneyline;away;;133;124;3.86;PENDING
2026-07-24T22:58:14.701573+00:00;Miami Marlins vs San Diego Padres;total;over;9.0;102;-106;3.79;PENDING
2026-07-24T22:58:29.681740+00:00;Miami Marlins vs San Diego Padres;total;over;9.0;103;-106;4.27;BRONZE
2026-07-24T22:58:29.963719+00:00;Miami Marlins vs San Diego Padres;total;over;9.0;103;-106;4.27;BRONZE
2026-07-24T23:00:31.275884+00:00;Miami Marlins vs San Diego Padres;total;under;9.0;-115;-106;3.95;BRONZE
2026-07-24T23:00:31.836344+00:00;Miami Marlins vs San Diego Padres;total;under;9.0;-115;-106;3.95;BRONZE
2026-07-24T23:11:35.669937+00:00;Tampa Bay Rays vs Cleveland Guardians;total;under;7.0;108;101;3.37;PENDING
2026-07-24T23:11:39.375775+00:00;Tampa Bay Rays vs Cleveland Guardians;moneyline;home;;-133;-151;5.12;PENDING
2026-07-24T23:12:37.556246+00:00;Tampa Bay Rays vs Cleveland Guardians;total;over;7.0;-122;-114;3.16;BRONZE
2026-07-24T23:12:37.942417+00:00;Tampa Bay Rays vs Cleveland Guardians;total;over;7.0;-122;-114;3.16;BRONZE
2026-07-24T23:13:37.856305+00:00;Miami Marlins vs San Diego Padres;moneyline;home;;-118;-137;6.36;SILVER
2026-07-24T23:13:38.091274+00:00;Miami Marlins vs San Diego Padres;moneyline;home;;-118;-137;6.36;SILVER
2026-07-24T23:14:38.396998+00:00;Tampa Bay Rays vs Cleveland Guardians;total;under;7.0;108;101;3.37;BRONZE
2026-07-24T23:14:38.601707+00:00;Tampa Bay Rays vs Cleveland Guardians;total;under;7.0;108;101;3.37;BRONZE
2026-07-24T23:15:38.988762+00:00;Tampa Bay Rays vs Cleveland Guardians;moneyline;home;;-131;-151;5.73;SILVER
2026-07-24T23:15:39.193561+00:00;Tampa Bay Rays vs Cleveland Guardians;moneyline;home;;-131;-151;5.73;SILVER
2026-07-24T23:21:46.185118+00:00;New York Mets vs Los Angeles Dodgers;moneyline;home;;115;-109;10.82;GOLD
2026-07-24T23:21:57.719880+00:00;New York Mets vs Los Angeles Dodgers;moneyline;home;;110;-109;8.69;PENDING
2026-07-24T23:49:04.200573+00:00;Chicago White Sox vs Houston Astros;moneyline;home;;-130;-191;13.89;PLATINUM
2026-07-24T23:49:29.947360+00:00;Chicago White Sox vs Houston Astros;moneyline;home;;-144;-191;10.08;PENDING
2026-07-24T23:49:33.869248+00:00;Chicago White Sox vs Houston Astros;spread;home;-1.5;143;106;15.23;PENDING
2026-07-24T23:50:04.740384+00:00;Chicago White Sox vs Houston Astros;moneyline;away;;120;156;16.36;PLATINUM
2026-07-24T23:50:04.814512+00:00;Chicago White Sox vs Houston Astros;moneyline;away;;120;156;16.36;PLATINUM
2026-07-24T23:51:05.411958+00:00;Chicago White Sox vs Houston Astros;spread;home;-1.5;152;106;18.25;PLATINUM
2026-07-24T23:51:05.457173+00:00;Chicago White Sox vs Houston Astros;spread;home;-1.5;152;106;18.25;PLATINUM
2026-07-24T23:52:06.008759+00:00;Chicago White Sox vs Houston Astros;spread;away;1.5;-170;-128;12.15;PLATINUM
2026-07-24T23:52:06.130079+00:00;Chicago White Sox vs Houston Astros;spread;away;1.5;-170;-128;12.15;PLATINUM
2026-07-24T23:53:06.582860+00:00;Chicago White Sox vs Houston Astros;total;under;8.5;103;-105;3.82;BRONZE
2026-07-24T23:53:06.753640+00:00;Chicago White Sox vs Houston Astros;total;under;8.5;103;-105;3.82;BRONZE
2026-07-25T00:15:17.845345+00:00;St. Louis Cardinals vs Cincinnati Reds;total;over;8.0;-105;-114;3.85;BRONZE
2026-07-25T00:15:20.074636+00:00;St. Louis Cardinals vs Cincinnati Reds;total;over;8.0;-105;-114;3.85;BRONZE
2026-07-25T00:16:18.500392+00:00;St. Louis Cardinals vs Cincinnati Reds;total;under;8.0;-107;101;3.9;BRONZE
2026-07-25T00:16:20.680670+00:00;St. Louis Cardinals vs Cincinnati Reds;total;under;8.0;-107;101;3.9;BRONZE
2026-07-25T00:23:04.672977+00:00;Minnesota Twins vs Athletics;moneyline;home;;-139;-155;4.32;PENDING
2026-07-25T00:23:23.633803+00:00;Minnesota Twins vs Athletics;moneyline;home;;-131;-155;6.7;SILVER
2026-07-25T00:23:26.824977+00:00;Minnesota Twins vs Athletics;moneyline;home;;-131;-155;6.7;SILVER
2026-07-25T02:18:51.936750+00:00;San Francisco Giants vs Los Angeles Angels;moneyline;home;;-152;-113;13.7;PLATINUM
2026-07-25T02:18:52.671029+00:00;San Francisco Giants vs Los Angeles Angels;moneyline;home;;-152;-113;13.7;PLATINUM
2026-07-25T02:19:34.245146+00:00;San Francisco Giants vs Los Angeles Angels;moneyline;away;;132;-107;16.61;PENDING
2026-07-25T02:19:52.796257+00:00;San Francisco Giants vs Los Angeles Angels;moneyline;away;;139;-107;19.06;PLATINUM
2026-07-25T02:19:53.174569+00:00;San Francisco Giants vs Los Angeles Angels;moneyline;away;;139;-107;19.06;PLATINUM
2026-07-25T02:50:55.259179+00:00;New York Mets vs Los Angeles Dodgers;moneyline;away;;-146;-158;3.09;PENDING
2026-07-25T05:26:13.150751+00:00;New York Mets vs Los Angeles Dodgers;total;under;8.0;-102;-109;3.18;PENDING
2026-07-25T05:29:18.921154+00:00;Washington Nationals vs Arizona Diamondbacks;spread;home;-1.5;155;146;3.53;PENDING
2026-07-25T05:31:17.919269+00:00;Pittsburgh Pirates vs Chicago Cubs;moneyline;home;;-123;-132;3.06;BRONZE
2026-07-25T05:31:18.242877+00:00;Pittsburgh Pirates vs Chicago Cubs;moneyline;home;;-123;-132;3.06;BRONZE
2026-07-25T05:32:18.076216+00:00;Pittsburgh Pirates vs Chicago Cubs;moneyline;away;;112;119;3.3;BRONZE
2026-07-25T05:32:18.410406+00:00;Pittsburgh Pirates vs Chicago Cubs;moneyline;away;;112;119;3.3;BRONZE
2026-07-25T05:41:26.556769+00:00;New York Mets vs Los Angeles Dodgers;spread;away;-1.5;117;109;3.69;PENDING
2026-07-25T05:44:31.690472+00:00;Washington Nationals vs Arizona Diamondbacks;moneyline;home;;-128;-139;3.47;PENDING
2026-07-25T08:09:36.369697+00:00;Texas Rangers vs Seattle Mariners;total;over;7.5;-107;100;3.38;BRONZE
2026-07-25T08:09:36.384140+00:00;Texas Rangers vs Seattle Mariners;total;over;7.5;-107;100;3.38;BRONZE
2026-07-25T08:09:58.802153+00:00;Texas Rangers vs Seattle Mariners;total;under;7.5;-102;-115;5.6;PENDING
2026-07-25T08:11:37.175136+00:00;Texas Rangers vs Seattle Mariners;total;under;7.5;-107;-115;3.36;BRONZE
2026-07-25T08:11:37.175721+00:00;Texas Rangers vs Seattle Mariners;total;under;7.5;-107;-115;3.36;BRONZE
2026-07-25T08:32:12.941780+00:00;Boston Red Sox vs Toronto Blue Jays;total;under;7.5;-103;-110;3.13;PENDING
2026-07-25T08:34:52.334473+00:00;Chicago White Sox vs Houston Astros;total;over;8.5;101;-107;3.75;BRONZE
2026-07-25T08:34:52.334713+00:00;Chicago White Sox vs Houston Astros;total;over;8.5;101;-107;3.75;BRONZE
2026-07-25T08:35:18.964575+00:00;Chicago White Sox vs Houston Astros;total;over;8.5;101;-107;3.75;PENDING
2026-07-25T08:35:52.891178+00:00;Chicago White Sox vs Houston Astros;total;under;8.5;-116;-107;3.89;BRONZE
2026-07-25T08:35:52.929119+00:00;Chicago White Sox vs Houston Astros;total;under;8.5;-116;-107;3.89;BRONZE
2026-07-25T09:06:43.678838+00:00;New York Mets vs Los Angeles Dodgers;total;under;8.0;-109;-117;3.27;PENDING
2026-07-25T10:45:44.138466+00:00;Washington Nationals vs Arizona Diamondbacks;spread;home;-1.5;146;138;3.25;PENDING
2026-07-25T11:20:09.563955+00:00;Milwaukee Brewers vs Colorado Rockies;total;over;8.5;-112;-120;3.14;PENDING
2026-07-25T11:54:46.936191+00:00;San Francisco Giants vs Los Angeles Angels;spread;home;-1.5;167;159;3.0;PENDING
2026-07-25T12:37:13.542928+00:00;New York Mets vs Los Angeles Dodgers;total;under;7.5;102;-113;6.69;PENDING
2026-07-25T12:41:00.884053+00:00;New York Mets vs Los Angeles Dodgers;total;over;7.5;-115;101;7.51;SILVER
2026-07-25T12:41:00.909151+00:00;New York Mets vs Los Angeles Dodgers;total;over;7.5;-115;101;7.51;SILVER
2026-07-25T12:43:01.774421+00:00;New York Mets vs Los Angeles Dodgers;total;under;7.5;102;-113;6.69;SILVER
2026-07-25T12:43:01.780235+00:00;New York Mets vs Los Angeles Dodgers;total;under;7.5;102;-113;6.69;SILVER
2026-07-25T12:51:06.368973+00:00;Chicago White Sox vs Houston Astros;total;over;8.5;-106;-113;3.01;BRONZE
2026-07-25T12:51:06.380415+00:00;Chicago White Sox vs Houston Astros;total;over;8.5;-106;-113;3.01;BRONZE
2026-07-25T12:56:08.746809+00:00;San Francisco Giants vs Los Angeles Angels;total;over;9.0;104;-115;8.35;GOLD
2026-07-25T12:56:09.054320+00:00;San Francisco Giants vs Los Angeles Angels;total;over;9.0;104;-115;8.35;GOLD
2026-07-25T12:56:27.309292+00:00;San Francisco Giants vs Los Angeles Angels;total;over;9.0;-101;-115;6.06;PENDING
2026-07-25T12:57:09.013148+00:00;San Francisco Giants vs Los Angeles Angels;total;under;9.0;-117;102;8.91;GOLD
2026-07-25T12:57:09.307434+00:00;San Francisco Giants vs Los Angeles Angels;total;under;9.0;-117;102;8.91;GOLD
2026-07-25T12:58:09.131480+00:00;Boston Red Sox vs Toronto Blue Jays;moneyline;away;;108;101;3.37;BRONZE
2026-07-25T12:58:09.445750+00:00;Boston Red Sox vs Toronto Blue Jays;moneyline;away;;108;101;3.37;BRONZE
2026-07-25T12:59:09.593856+00:00;Baltimore Orioles vs Atlanta Braves;total;over;9.0;-103;-110;3.13;BRONZE
2026-07-25T12:59:09.908413+00:00;Baltimore Orioles vs Atlanta Braves;total;over;9.0;-103;-110;3.13;BRONZE
2026-07-25T13:00:10.008890+00:00;Baltimore Orioles vs Atlanta Braves;total;under;9.0;-109;-102;3.28;BRONZE
2026-07-25T13:00:10.348686+00:00;Baltimore Orioles vs Atlanta Braves;total;under;9.0;-109;-102;3.28;BRONZE
2026-07-25T13:20:48.428913+00:00;Milwaukee Brewers vs Colorado Rockies;total;over;9.0;106;-103;4.33;PENDING
2026-07-25T13:21:21.979057+00:00;Milwaukee Brewers vs Colorado Rockies;total;over;9.0;106;-103;4.33;BRONZE
2026-07-25T13:21:22.190307+00:00;Milwaukee Brewers vs Colorado Rockies;total;over;9.0;106;-103;4.33;BRONZE
2026-07-25T13:23:22.884953+00:00;Milwaukee Brewers vs Colorado Rockies;total;under;9.0;-119;-109;4.19;BRONZE
2026-07-25T13:23:23.064567+00:00;Milwaukee Brewers vs Colorado Rockies;total;under;9.0;-119;-109;4.19;BRONZE
2026-07-25T13:27:24.840773+00:00;Boston Red Sox vs Toronto Blue Jays;moneyline;home;;-111;-104;3.19;BRONZE
2026-07-25T13:27:24.954850+00:00;Boston Red Sox vs Toronto Blue Jays;moneyline;home;;-111;-104;3.19;BRONZE
2026-07-25T13:27:57.417514+00:00;Boston Red Sox vs Toronto Blue Jays;moneyline;away;;104;-104;3.85;PENDING
2026-07-25T13:34:28.205301+00:00;Pittsburgh Pirates vs Chicago Cubs;moneyline;home;;-130;-120;3.62;BRONZE
2026-07-25T13:34:28.429676+00:00;Pittsburgh Pirates vs Chicago Cubs;moneyline;home;;-130;-120;3.62;BRONZE
2026-07-25T13:35:28.399933+00:00;Pittsburgh Pirates vs Chicago Cubs;moneyline;away;;120;111;4.09;BRONZE
2026-07-25T13:35:28.638286+00:00;Pittsburgh Pirates vs Chicago Cubs;moneyline;away;;120;111;4.09;BRONZE
2026-07-25T13:36:28.768981+00:00;Pittsburgh Pirates vs Chicago Cubs;spread;home;-1.5;163;171;3.04;BRONZE
2026-07-25T13:36:29.025114+00:00;Pittsburgh Pirates vs Chicago Cubs;spread;home;-1.5;163;171;3.04;BRONZE
2026-07-25T13:46:10.320488+00:00;Tampa Bay Rays vs Cleveland Guardians;moneyline;away;;116;107;4.17;PENDING
2026-07-25T13:46:31.438876+00:00;Tampa Bay Rays vs Cleveland Guardians;moneyline;home;;-130;-115;5.67;SILVER
2026-07-25T13:46:32.144437+00:00;Tampa Bay Rays vs Cleveland Guardians;moneyline;home;;-130;-115;5.67;SILVER
2026-07-25T13:47:31.565790+00:00;Washington Nationals vs Arizona Diamondbacks;moneyline;away;;135;127;3.4;BRONZE
2026-07-25T13:47:32.257837+00:00;Washington Nationals vs Arizona Diamondbacks;moneyline;away;;135;127;3.4;BRONZE
2026-07-25T13:48:31.922550+00:00;Tampa Bay Rays vs Cleveland Guardians;moneyline;away;;120;107;5.91;SILVER
2026-07-25T13:48:32.587231+00:00;Tampa Bay Rays vs Cleveland Guardians;moneyline;away;;120;107;5.91;SILVER
2026-07-25T13:49:32.314831+00:00;Tampa Bay Rays vs Cleveland Guardians;spread;home;-1.5;158;172;5.43;SILVER
2026-07-25T13:49:32.905326+00:00;Tampa Bay Rays vs Cleveland Guardians;spread;home;-1.5;158;172;5.43;SILVER
2026-07-25T13:53:34.488643+00:00;New York Mets vs Los Angeles Dodgers;moneyline;home;;152;131;8.33;GOLD
2026-07-25T13:53:34.886814+00:00;New York Mets vs Los Angeles Dodgers;moneyline;home;;152;131;8.33;GOLD
2026-07-25T13:54:35.270463+00:00;New York Mets vs Los Angeles Dodgers;spread;home;1.5;-115;-129;5.05;SILVER
2026-07-25T13:54:35.362254+00:00;New York Mets vs Los Angeles Dodgers;spread;home;1.5;-115;-129;5.05;SILVER
2026-07-25T13:55:35.867643+00:00;New York Mets vs Los Angeles Dodgers;moneyline;away;;-166;-142;6.35;SILVER
2026-07-25T13:55:35.893503+00:00;New York Mets vs Los Angeles Dodgers;moneyline;away;;-166;-142;6.35;SILVER
2026-07-25T13:56:36.433821+00:00;New York Mets vs Los Angeles Dodgers;spread;away;-1.5;104;117;6.37;SILVER
2026-07-25T13:56:36.435114+00:00;New York Mets vs Los Angeles Dodgers;spread;away;-1.5;104;117;6.37;SILVER
2026-07-25T14:14:29.325990+00:00;Detroit Tigers vs Kansas City Royals;moneyline;away;;154;141;5.12;PENDING
2026-07-25T14:14:33.114055+00:00;Detroit Tigers vs Kansas City Royals;total;under;8.0;-103;-115;5.14;PENDING
2026-07-25T14:14:43.909077+00:00;Detroit Tigers vs Kansas City Royals;moneyline;home;;-174;-154;4.74;BRONZE
2026-07-25T14:14:44.232908+00:00;Detroit Tigers vs Kansas City Royals;moneyline;home;;-174;-154;4.74;BRONZE
2026-07-25T14:15:44.162601+00:00;Detroit Tigers vs Kansas City Royals;moneyline;away;;159;141;6.95;SILVER
2026-07-25T14:15:44.457215+00:00;Detroit Tigers vs Kansas City Royals;moneyline;away;;159;141;6.95;SILVER
2026-07-25T14:16:44.392553+00:00;Detroit Tigers vs Kansas City Royals;spread;home;-1.5;123;135;5.38;SILVER
2026-07-25T14:16:44.672483+00:00;Detroit Tigers vs Kansas City Royals;spread;home;-1.5;123;135;5.38;SILVER
2026-07-25T14:17:44.656884+00:00;Detroit Tigers vs Kansas City Royals;spread;away;1.5;-136;-150;3.95;BRONZE
2026-07-25T14:17:44.952144+00:00;Detroit Tigers vs Kansas City Royals;spread;away;1.5;-136;-150;3.95;BRONZE
2026-07-25T14:18:44.896428+00:00;Detroit Tigers vs Kansas City Royals;total;over;8.0;-111;102;6.27;SILVER
2026-07-25T14:18:45.169053+00:00;Detroit Tigers vs Kansas City Royals;total;over;8.0;-111;102;6.27;SILVER
2026-07-25T14:19:39.932493+00:00;Pittsburgh Pirates vs Chicago Cubs;moneyline;away;;116;104;5.56;PENDING
2026-07-25T14:19:45.612460+00:00;Pittsburgh Pirates vs Chicago Cubs;moneyline;home;;-121;-113;3.2;BRONZE
2026-07-25T14:19:45.626215+00:00;Pittsburgh Pirates vs Chicago Cubs;moneyline;home;;-121;-113;3.2;BRONZE
2026-07-25T14:20:45.846356+00:00;Detroit Tigers vs Kansas City Royals;total;under;8.0;-101;-115;6.06;SILVER
2026-07-25T14:20:45.855700+00:00;Detroit Tigers vs Kansas City Royals;total;under;8.0;-101;-115;6.06;SILVER
2026-07-25T14:21:46.309859+00:00;Pittsburgh Pirates vs Chicago Cubs;moneyline;away;;112;104;3.77;BRONZE
2026-07-25T14:21:46.341873+00:00;Pittsburgh Pirates vs Chicago Cubs;moneyline;away;;112;104;3.77;BRONZE
2026-07-25T15:17:09.336218+00:00;Tampa Bay Rays vs Cleveland Guardians;moneyline;home;;-117;-109;3.38;BRONZE
2026-07-25T15:17:10.300874+00:00;Tampa Bay Rays vs Cleveland Guardians;moneyline;home;;-117;-109;3.38;BRONZE
2026-07-25T15:18:09.509434+00:00;Tampa Bay Rays vs Cleveland Guardians;spread;home;-1.5;170;179;3.33;BRONZE
2026-07-25T15:18:10.506410+00:00;Tampa Bay Rays vs Cleveland Guardians;spread;home;-1.5;170;179;3.33;BRONZE
2026-07-25T15:19:09.685851+00:00;Tampa Bay Rays vs Cleveland Guardians;moneyline;away;;108;101;3.37;BRONZE
2026-07-25T15:19:10.709700+00:00;Tampa Bay Rays vs Cleveland Guardians;moneyline;away;;108;101;3.37;BRONZE
2026-07-25T15:32:20.233177+00:00;Philadelphia Phillies vs New York Yankees;moneyline;away;;-112;-121;3.51;PENDING
2026-07-25T15:32:24.256750+00:00;Philadelphia Phillies vs New York Yankees;spread;away;-1.5;144;135;3.69;PENDING
2026-07-25T15:32:27.915934+00:00;Philadelphia Phillies vs New York Yankees;total;over;9.0;-101;-108;3.22;PENDING
2026-07-25T15:33:15.067815+00:00;Washington Nationals vs Arizona Diamondbacks;moneyline;away;;128;120;3.51;BRONZE
2026-07-25T15:33:15.664045+00:00;Washington Nationals vs Arizona Diamondbacks;moneyline;away;;128;120;3.51;BRONZE
2026-07-25T16:42:25.823394+00:00;St. Louis Cardinals vs Cincinnati Reds;moneyline;away;;105;-103;3.86;PENDING
2026-07-25T16:52:37.233029+00:00;Milwaukee Brewers vs Colorado Rockies;spread;home;-1.5;103;-104;3.37;PENDING
2026-07-25T17:11:53.608710+00:00;Detroit Tigers vs Kansas City Royals;moneyline;home;;-171;-188;3.34;PENDING
2026-07-25T17:11:57.366410+00:00;Detroit Tigers vs Kansas City Royals;total;under;7.5;103;-107;4.7;PENDING
2026-07-25T17:12:05.016854+00:00;San Francisco Giants vs Los Angeles Angels;total;over;9.0;-112;-105;3.14;BRONZE
2026-07-25T17:12:05.023065+00:00;San Francisco Giants vs Los Angeles Angels;total;over;9.0;-112;-105;3.14;BRONZE
2026-07-25T17:13:05.200250+00:00;San Francisco Giants vs Los Angeles Angels;total;under;9.0;-100;-107;3.27;BRONZE
2026-07-25T17:14:05.713059+00:00;Detroit Tigers vs Kansas City Royals;moneyline;away;;147;155;3.24;BRONZE
2026-07-25T17:14:05.716381+00:00;Detroit Tigers vs Kansas City Royals;moneyline;away;;147;155;3.24;BRONZE
2026-07-25T17:15:06.195268+00:00;Detroit Tigers vs Kansas City Royals;moneyline;home;;-170;-188;3.55;BRONZE
2026-07-25T17:15:06.209364+00:00;Detroit Tigers vs Kansas City Royals;moneyline;home;;-170;-188;3.55;BRONZE
2026-07-25T17:16:06.687668+00:00;Detroit Tigers vs Kansas City Royals;total;under;7.5;102;-107;4.23;BRONZE
2026-07-25T17:16:06.713036+00:00;Detroit Tigers vs Kansas City Royals;total;under;7.5;102;-107;4.23;BRONZE
2026-07-25T17:28:12.409103+00:00;Texas Rangers vs Seattle Mariners;total;under;7.5;-115;-108;3.01;BRONZE
2026-07-25T17:28:12.488085+00:00;Texas Rangers vs Seattle Mariners;total;under;7.5;-115;-108;3.01;BRONZE
2026-07-25T17:44:20.397667+00:00;Boston Red Sox vs Toronto Blue Jays;total;over;7.0;-122;-107;6.31;SILVER
2026-07-25T17:44:20.644950+00:00;Boston Red Sox vs Toronto Blue Jays;total;under;7.0;108;-105;6.14;PENDING
2026-07-25T17:44:20.654605+00:00;Boston Red Sox vs Toronto Blue Jays;total;over;7.0;-122;-107;6.31;SILVER
2026-07-25T17:46:21.268965+00:00;Boston Red Sox vs Toronto Blue Jays;total;under;7.0;108;-105;6.14;SILVER
2026-07-25T17:46:21.414993+00:00;Boston Red Sox vs Toronto Blue Jays;total;under;7.0;108;-105;6.14;SILVER
2026-07-25T18:09:39.969835+00:00;Minnesota Twins vs Athletics;moneyline;away;;144;134;4.1;PENDING
2026-07-25T18:34:45.097416+00:00;Miami Marlins vs San Diego Padres;moneyline;away;;122;130;3.6;BRONZE
2026-07-25T18:34:45.104660+00:00;Miami Marlins vs San Diego Padres;moneyline;away;;122;130;3.6;BRONZE
2026-07-25T18:34:59.306648+00:00;Miami Marlins vs San Diego Padres;spread;home;-1.5;157;149;3.11;PENDING
2026-07-25T19:10:21.460066+00:00;New York Mets vs Los Angeles Dodgers;total;under;7.5;-113;-121;3.1;PENDING
2026-07-25T19:59:51.531493+00:00;Boston Red Sox vs Toronto Blue Jays;spread;away;1.5;-210;-233;3.18;PENDING
2026-07-25T20:13:03.203669+00:00;San Francisco Giants vs Los Angeles Angels;moneyline;home;;-119;-129;3.54;PENDING
2026-07-25T20:13:07.970785+00:00;San Francisco Giants vs Los Angeles Angels;total;under;8.5;104;-108;5.59;PENDING
2026-07-25T20:13:11.574218+00:00;St. Louis Cardinals vs Cincinnati Reds;total;under;8.0;-102;-111;4.01;PENDING
2026-07-25T20:13:28.866040+00:00;San Francisco Giants vs Los Angeles Angels;moneyline;home;;-129;-165;9.53;GOLD
2026-07-25T20:13:32.264200+00:00;San Francisco Giants vs Los Angeles Angels;moneyline;home;;-129;-165;9.53;GOLD
2026-07-25T20:14:29.253823+00:00;San Francisco Giants vs Los Angeles Angels;moneyline;away;;119;141;10.05;GOLD
2026-07-25T20:14:32.618688+00:00;San Francisco Giants vs Los Angeles Angels;moneyline;away;;119;141;10.05;GOLD
2026-07-25T20:15:15.872922+00:00;Boston Red Sox vs Toronto Blue Jays;moneyline;home;;-115;-124;3.38;PENDING
2026-07-25T20:15:29.565894+00:00;Boston Red Sox vs Toronto Blue Jays;moneyline;home;;-100;-124;9.68;GOLD
2026-07-25T20:15:32.946038+00:00;Boston Red Sox vs Toronto Blue Jays;moneyline;home;;-100;-124;9.68;GOLD
2026-07-25T20:16:29.959277+00:00;San Francisco Giants vs Los Angeles Angels;total;over;8.5;-119;-108;4.65;BRONZE
2026-07-25T20:16:33.322155+00:00;San Francisco Giants vs Los Angeles Angels;total;over;8.5;-119;-108;4.65;BRONZE
2026-07-25T20:17:30.291302+00:00;Boston Red Sox vs Toronto Blue Jays;moneyline;away;;-108;106;6.96;SILVER
2026-07-25T20:17:33.625133+00:00;Boston Red Sox vs Toronto Blue Jays;moneyline;away;;-108;106;6.96;SILVER
2026-07-25T20:18:30.506650+00:00;St. Louis Cardinals vs Cincinnati Reds;total;over;8.0;-108;-101;3.33;BRONZE
2026-07-25T20:18:33.838194+00:00;St. Louis Cardinals vs Cincinnati Reds;total;over;8.0;-108;-101;3.33;BRONZE
2026-07-25T20:20:31.172162+00:00;St. Louis Cardinals vs Cincinnati Reds;total;under;8.0;-104;-111;3.09;BRONZE
2026-07-25T20:20:34.453120+00:00;St. Louis Cardinals vs Cincinnati Reds;total;under;8.0;-104;-111;3.09;BRONZE
2026-07-25T22:16:09.088331+00:00;Philadelphia Phillies vs New York Yankees;moneyline;home;;102;-134;13.55;PENDING
2026-07-25T22:16:09.262521+00:00;Philadelphia Phillies vs New York Yankees;moneyline;home;;112;-134;17.63;PLATINUM
2026-07-25T22:16:13.130748+00:00;Philadelphia Phillies vs New York Yankees;moneyline;home;;112;-134;17.63;PLATINUM
2026-07-25T22:17:09.501343+00:00;Philadelphia Phillies vs New York Yankees;total;under;9.0;-106;-113;3.01;BRONZE
2026-07-25T22:17:13.367956+00:00;Philadelphia Phillies vs New York Yankees;total;under;9.0;-106;-113;3.01;BRONZE
2026-07-25T22:30:15.805924+00:00;Texas Rangers vs Seattle Mariners;total;over;7.5;-104;104;4.0;BRONZE
2026-07-25T22:30:19.446148+00:00;Texas Rangers vs Seattle Mariners;total;over;7.5;-104;104;4.0;BRONZE
2026-07-25T22:32:16.621267+00:00;Texas Rangers vs Seattle Mariners;total;under;7.5;-109;-117;3.27;BRONZE
2026-07-25T22:32:20.235827+00:00;Texas Rangers vs Seattle Mariners;total;under;7.5;-109;-117;3.27;BRONZE
2026-07-25T22:39:27.758120+00:00;Milwaukee Brewers vs Colorado Rockies;total;over;9.0;-103;-115;5.14;PENDING
2026-07-25T23:09:41.713896+00:00;Chicago White Sox vs Houston Astros;total;over;8.5;-114;-105;4.01;BRONZE
2026-07-25T23:09:43.689938+00:00;Chicago White Sox vs Houston Astros;total;over;8.5;-114;-105;4.01;BRONZE
2026-07-25T23:10:41.927495+00:00;Chicago White Sox vs Houston Astros;total;under;8.5;102;-107;4.23;BRONZE
2026-07-25T23:10:43.866410+00:00;Chicago White Sox vs Houston Astros;total;under;8.5;102;-107;4.23;BRONZE
2026-07-25T23:11:42.595972+00:00;Minnesota Twins vs Athletics;total;over;10.0;-109;-101;3.79;BRONZE
2026-07-25T23:11:44.352151+00:00;Minnesota Twins vs Athletics;total;over;10.0;-109;-101;3.79;BRONZE
2026-07-25T23:13:56.761603+00:00;St. Louis Cardinals vs Cincinnati Reds;moneyline;away;;-103;-110;3.13;PENDING
2026-07-25T23:14:00.608259+00:00;St. Louis Cardinals vs Cincinnati Reds;spread;away;1.5;-202;-226;3.52;PENDING
2026-07-25T23:15:04.779468+00:00;Baltimore Orioles vs Atlanta Braves;moneyline;home;;-106;-142;12.31;PENDING
2026-07-25T23:18:43.842106+00:00;Milwaukee Brewers vs Colorado Rockies;moneyline;away;;204;193;3.62;BRONZE
2026-07-25T23:18:45.624201+00:00;Milwaukee Brewers vs Colorado Rockies;moneyline;away;;204;193;3.62;BRONZE
2026-07-25T23:49:57.371820+00:00;Milwaukee Brewers vs Colorado Rockies;total;over;7.5;-103;-113;4.36;BRONZE
2026-07-25T23:49:58.942780+00:00;Milwaukee Brewers vs Colorado Rockies;total;over;7.5;-103;-113;4.36;BRONZE
2026-07-25T23:50:26.949696+00:00;Milwaukee Brewers vs Colorado Rockies;total;over;7.5;-104;-113;3.9;PENDING
2026-07-25T23:50:57.508229+00:00;Milwaukee Brewers vs Colorado Rockies;total;under;7.5;-111;-101;4.69;BRONZE
2026-07-25T23:50:59.067998+00:00;Milwaukee Brewers vs Colorado Rockies;total;under;7.5;-111;-101;4.69;BRONZE
2026-07-26T00:40:09.684967+00:00;Tampa Bay Rays vs Cleveland Guardians;total;under;7.0;100;-107;3.27;PENDING
2026-07-26T00:40:26.015400+00:00;Tampa Bay Rays vs Cleveland Guardians;total;over;7.0;-115;-107;3.48;BRONZE
2026-07-26T00:40:27.525070+00:00;Tampa Bay Rays vs Cleveland Guardians;total;over;7.0;-115;-107;3.48;BRONZE
2026-07-26T00:42:27.183513+00:00;Tampa Bay Rays vs Cleveland Guardians;total;under;7.0;100;-107;3.27;BRONZE
2026-07-26T00:42:28.987108+00:00;Tampa Bay Rays vs Cleveland Guardians;total;under;7.0;100;-107;3.27;BRONZE
2026-07-26T02:20:30.451277+00:00;San Francisco Giants vs Los Angeles Angels;total;over;8.0;100;-107;3.27;BRONZE
2026-07-26T02:20:32.757536+00:00;San Francisco Giants vs Los Angeles Angels;total;over;8.0;100;-107;3.27;PENDING
2026-07-26T02:21:30.783330+00:00;San Francisco Giants vs Los Angeles Angels;total;under;8.0;-115;-107;3.48;BRONZE
2026-07-26T02:24:38.924757+00:00;San Francisco Giants vs Los Angeles Angels;total;over;8.0;100;-107;3.27;BRONZE
2026-07-26T02:25:39.135637+00:00;San Francisco Giants vs Los Angeles Angels;total;under;8.0;-115;-107;3.48;BRONZE
2026-07-26T04:06:24.559689+00:00;Milwaukee Brewers vs Colorado Rockies;moneyline;away;;257;271;3.92;BRONZE
2026-07-26T04:06:27.911691+00:00;Milwaukee Brewers vs Colorado Rockies;moneyline;away;;257;271;3.92;BRONZE
2026-07-26T04:06:42.087271+00:00;Milwaukee Brewers vs Colorado Rockies;spread;home;-1.5;-128;-143;4.6;PENDING
2026-07-26T04:13:25.648069+00:00;Milwaukee Brewers vs Colorado Rockies;spread;home;-1.5;-132;-143;3.32;BRONZE
2026-07-26T04:13:28.896468+00:00;Milwaukee Brewers vs Colorado Rockies;spread;home;-1.5;-132;-143;3.32;BRONZE
2026-07-26T04:14:25.968269+00:00;Milwaukee Brewers vs Colorado Rockies;spread;away;1.5;117;126;4.15;BRONZE
2026-07-26T04:14:29.303837+00:00;Milwaukee Brewers vs Colorado Rockies;spread;away;1.5;117;126;4.15;BRONZE
2026-07-26T04:21:52.018750+00:00;Philadelphia Phillies vs New York Yankees;moneyline;home;;-155;-169;3.25;PENDING
2026-07-26T07:10:42.291262+00:00;Tampa Bay Rays vs Cleveland Guardians;moneyline;home;;-134;-124;3.45;BRONZE
2026-07-26T07:10:47.912828+00:00;Tampa Bay Rays vs Cleveland Guardians;moneyline;home;;-134;-124;3.45;BRONZE
2026-07-26T07:11:23.654596+00:00;Tampa Bay Rays vs Cleveland Guardians;moneyline;away;;120;113;3.18;PENDING
2026-07-26T07:11:42.811812+00:00;Tampa Bay Rays vs Cleveland Guardians;moneyline;away;;121;113;3.62;BRONZE
2026-07-26T07:11:48.398192+00:00;Tampa Bay Rays vs Cleveland Guardians;moneyline;away;;121;113;3.62;BRONZE
2026-07-26T07:12:43.401813+00:00;Tampa Bay Rays vs Cleveland Guardians;spread;home;-1.5;164;172;3.03;BRONZE
2026-07-26T07:12:48.929517+00:00;Tampa Bay Rays vs Cleveland Guardians;spread;home;-1.5;164;172;3.03;BRONZE
2026-07-26T07:25:51.516918+00:00;St. Louis Cardinals vs Cincinnati Reds;total;over;8.5;-117;-101;7.3;SILVER
2026-07-26T07:25:53.363048+00:00;St. Louis Cardinals vs Cincinnati Reds;total;over;8.5;-117;-101;7.3;SILVER
2026-07-26T07:26:40.928636+00:00;St. Louis Cardinals vs Cincinnati Reds;total;under;8.5;104;-114;7.98;PENDING
2026-07-26T07:27:52.377667+00:00;St. Louis Cardinals vs Cincinnati Reds;total;under;8.5;102;-114;7.07;SILVER
2026-07-26T07:27:54.257257+00:00;St. Louis Cardinals vs Cincinnati Reds;total;under;8.5;102;-114;7.07;SILVER
2026-07-26T07:28:46.304709+00:00;Detroit Tigers vs Kansas City Royals;total;under;9.0;103;-108;5.13;PENDING
2026-07-26T07:28:52.727322+00:00;Minnesota Twins vs Athletics;total;over;10.0;-113;-103;4.56;BRONZE
2026-07-26T07:28:54.633226+00:00;Minnesota Twins vs Athletics;total;over;10.0;-113;-103;4.56;BRONZE
2026-07-26T07:29:53.199845+00:00;Detroit Tigers vs Kansas City Royals;total;over;9.0;-117;-106;4.78;BRONZE
2026-07-26T07:29:55.204696+00:00;Detroit Tigers vs Kansas City Royals;total;over;9.0;-117;-106;4.78;BRONZE
2026-07-26T07:30:53.521548+00:00;Minnesota Twins vs Athletics;total;under;10.0;-101;-111;4.48;BRONZE
2026-07-26T07:30:55.583752+00:00;Minnesota Twins vs Athletics;total;under;10.0;-101;-111;4.48;BRONZE
2026-07-26T07:31:51.919736+00:00;Baltimore Orioles vs Atlanta Braves;total;under;8.5;103;-104;3.37;PENDING
2026-07-26T07:31:53.760660+00:00;Baltimore Orioles vs Atlanta Braves;total;over;8.5;-119;-110;3.74;BRONZE
2026-07-26T07:31:55.862798+00:00;Baltimore Orioles vs Atlanta Braves;total;over;8.5;-119;-110;3.74;BRONZE
2026-07-26T07:33:54.591612+00:00;Baltimore Orioles vs Atlanta Braves;total;under;8.5;103;-104;3.37;BRONZE
2026-07-26T07:33:56.995231+00:00;Baltimore Orioles vs Atlanta Braves;total;under;8.5;103;-104;3.37;BRONZE
2026-07-26T07:34:55.102387+00:00;Detroit Tigers vs Kansas City Royals;total;under;9.0;102;-108;4.66;BRONZE
2026-07-26T07:34:57.574457+00:00;Detroit Tigers vs Kansas City Royals;total;under;9.0;102;-108;4.66;BRONZE
2026-07-26T09:53:21.227110+00:00;Milwaukee Brewers vs Colorado Rockies;moneyline;home;;-290;-329;3.04;PENDING
2026-07-26T10:44:47.446337+00:00;Boston Red Sox vs Toronto Blue Jays;moneyline;home;;-131;-142;3.35;PENDING
2026-07-26T10:44:51.681710+00:00;Boston Red Sox vs Toronto Blue Jays;spread;home;-1.5;157;149;3.11;PENDING
2026-07-26T11:51:36.605877+00:00;New York Mets vs Los Angeles Dodgers;total;over;9.0;-112;-120;3.14;PENDING
2026-07-26T12:13:07.771669+00:00;St. Louis Cardinals vs Cincinnati Reds;total;under;8.5;-108;-101;3.33;BRONZE
2026-07-26T12:13:14.966169+00:00;St. Louis Cardinals vs Cincinnati Reds;total;under;8.5;-108;-101;3.33;BRONZE
2026-07-26T12:24:20.284735+00:00;Philadelphia Phillies vs New York Yankees;moneyline;away;;153;162;3.56;BRONZE
2026-07-26T12:31:05.230236+00:00;Philadelphia Phillies vs New York Yankees;spread;home;-1.5;136;126;4.24;PENDING
2026-07-26T12:31:09.479438+00:00;Tampa Bay Rays vs Cleveland Guardians;total;under;7.0;-107;-116;3.75;PENDING
2026-07-26T12:31:14.272676+00:00;Philadelphia Phillies vs New York Yankees;moneyline;away;;153;162;3.56;BRONZE
2026-07-26T12:52:26.350934+00:00;New York Mets vs Los Angeles Dodgers;total;over;9.0;-118;102;9.34;GOLD
2026-07-26T12:52:26.789630+00:00;New York Mets vs Los Angeles Dodgers;total;under;9.0;-102;-115;5.6;PENDING
2026-07-26T12:52:33.506357+00:00;New York Mets vs Los Angeles Dodgers;total;over;9.0;-118;102;9.34;GOLD
2026-07-26T12:54:27.367014+00:00;New York Mets vs Los Angeles Dodgers;total;under;9.0;105;-115;8.8;GOLD
2026-07-26T12:54:34.521835+00:00;New York Mets vs Los Angeles Dodgers;total;under;9.0;105;-115;8.8;GOLD
2026-07-26T13:13:35.828454+00:00;Tampa Bay Rays vs Cleveland Guardians;moneyline;home;;-135;-122;4.53;BRONZE
2026-07-26T13:13:42.508497+00:00;Tampa Bay Rays vs Cleveland Guardians;moneyline;home;;-135;-122;4.53;BRONZE
2026-07-26T13:14:36.378476+00:00;Tampa Bay Rays vs Cleveland Guardians;moneyline;away;;124;113;4.91;BRONZE
2026-07-26T13:14:42.903591+00:00;Tampa Bay Rays vs Cleveland Guardians;moneyline;away;;124;113;4.91;BRONZE
2026-07-26T13:15:36.922884+00:00;Tampa Bay Rays vs Cleveland Guardians;spread;home;-1.5;163;175;4.56;BRONZE
2026-07-26T13:15:43.343669+00:00;Tampa Bay Rays vs Cleveland Guardians;spread;home;-1.5;163;175;4.56;BRONZE
2026-07-26T13:16:37.276432+00:00;Minnesota Twins vs Athletics;moneyline;home;;-135;-148;3.74;BRONZE
2026-07-26T13:16:43.723443+00:00;Minnesota Twins vs Athletics;moneyline;home;;-135;-148;3.74;BRONZE
2026-07-26T13:16:43.828345+00:00;Minnesota Twins vs Athletics;spread;home;-1.5;142;134;3.31;PENDING
2026-07-26T13:17:37.648403+00:00;Minnesota Twins vs Athletics;moneyline;away;;125;136;4.89;BRONZE
2026-07-26T13:17:44.069361+00:00;Minnesota Twins vs Athletics;moneyline;away;;125;136;4.89;BRONZE
2026-07-26T13:18:37.975264+00:00;Minnesota Twins vs Athletics;spread;home;-1.5;143;134;3.7;BRONZE
2026-07-26T13:18:44.734402+00:00;Minnesota Twins vs Athletics;spread;home;-1.5;143;134;3.7;BRONZE
2026-07-26T13:54:56.855354+00:00;Milwaukee Brewers vs Colorado Rockies;moneyline;away;;297;282;3.78;BRONZE
2026-07-26T13:55:02.902992+00:00;Milwaukee Brewers vs Colorado Rockies;moneyline;away;;297;282;3.78;BRONZE
2026-07-26T14:08:01.793837+00:00;New York Mets vs Los Angeles Dodgers;total;over;9.0;100;106;3.0;BRONZE
2026-07-26T14:08:07.506386+00:00;Miami Marlins vs San Diego Padres;total;over;8.5;-118;-109;3.79;BRONZE
2026-07-26T14:08:12.073271+00:00;Miami Marlins vs San Diego Padres;total;under;8.5;105;-103;3.86;PENDING
2026-07-26T14:09:02.070361+00:00;Miami Marlins vs San Diego Padres;total;over;8.5;-118;-109;3.79;BRONZE
2026-07-26T14:09:07.844735+00:00;Miami Marlins vs San Diego Padres;total;under;8.5;105;-103;3.86;BRONZE
2026-07-26T14:10:02.386605+00:00;Miami Marlins vs San Diego Padres;total;under;8.5;105;-103;3.86;BRONZE
2026-07-26T14:10:08.332551+00:00;New York Mets vs Los Angeles Dodgers;total;over;9.0;100;106;3.0;BRONZE
2026-07-26T14:20:20.721135+00:00;Minnesota Twins vs Athletics;moneyline;home;;-138;-154;4.37;PENDING
2026-07-26T14:36:17.171887+00:00;Washington Nationals vs Arizona Diamondbacks;total;over;10.0;-112;-105;3.14;BRONZE
2026-07-26T14:36:19.580400+00:00;Washington Nationals vs Arizona Diamondbacks;total;over;10.0;-112;-105;3.14;BRONZE
2026-07-26T14:37:17.390702+00:00;Washington Nationals vs Arizona Diamondbacks;total;under;10.0;-100;-107;3.27;BRONZE
2026-07-26T14:37:19.820419+00:00;Washington Nationals vs Arizona Diamondbacks;total;under;10.0;-100;-107;3.27;BRONZE
2026-07-26T14:51:45.141930+00:00;Chicago White Sox vs Houston Astros;moneyline;away;;-101;-108;3.22;PENDING
2026-07-26T14:51:48.946000+00:00;Baltimore Orioles vs Atlanta Braves;moneyline;away;;-101;-108;3.22;PENDING
2026-07-26T15:07:28.578026+00:00;Texas Rangers vs Seattle Mariners;total;over;7.0;-113;-121;3.1;BRONZE
2026-07-26T15:07:29.875455+00:00;Texas Rangers vs Seattle Mariners;total;over;7.0;-113;-121;3.1;BRONZE
2026-07-26T15:08:29.104709+00:00;New York Mets vs Los Angeles Dodgers;moneyline;home;;139;130;3.77;BRONZE
2026-07-26T15:08:30.391947+00:00;New York Mets vs Los Angeles Dodgers;moneyline;home;;139;130;3.77;BRONZE
2026-07-26T15:09:29.301550+00:00;Miami Marlins vs San Diego Padres;total;under;8.5;-100;106;3.0;BRONZE
2026-07-26T15:09:30.597219+00:00;Miami Marlins vs San Diego Padres;total;under;8.5;-100;106;3.0;BRONZE
2026-07-26T15:10:29.837826+00:00;New York Mets vs Los Angeles Dodgers;spread;away;-1.5;108;115;3.37;BRONZE
2026-07-26T15:10:31.068590+00:00;New York Mets vs Los Angeles Dodgers;spread;away;-1.5;108;115;3.37;BRONZE
2026-07-26T15:23:06.219002+00:00;Minnesota Twins vs Athletics;total;under;10.0;-105;-112;3.05;PENDING
2026-07-26T15:28:37.049548+00:00;Tampa Bay Rays vs Cleveland Guardians;total;over;7.0;-105;102;3.46;BRONZE
2026-07-26T15:28:38.122677+00:00;Tampa Bay Rays vs Cleveland Guardians;total;over;7.0;-105;102;3.46;BRONZE
2026-07-26T15:38:39.882776+00:00;Chicago White Sox vs Houston Astros;moneyline;home;;-101;-109;3.65;BRONZE
2026-07-26T15:38:40.794734+00:00;Chicago White Sox vs Houston Astros;moneyline;home;;-101;-109;3.65;BRONZE
2026-07-26T15:39:40.634466+00:00;Chicago White Sox vs Houston Astros;spread;home;-1.5;189;180;3.11;BRONZE
2026-07-26T15:39:41.346096+00:00;Chicago White Sox vs Houston Astros;spread;home;-1.5;189;180;3.11;BRONZE
2026-07-26T15:40:41.384664+00:00;Chicago White Sox vs Houston Astros;moneyline;away;;-107;100;3.38;BRONZE
2026-07-26T15:40:41.885479+00:00;Chicago White Sox vs Houston Astros;moneyline;away;;-107;100;3.38;BRONZE
2026-07-26T15:41:19.696221+00:00;Philadelphia Phillies vs New York Yankees;moneyline;home;;-169;-186;3.4;PENDING
2026-07-26T15:58:52.771529+00:00;Tampa Bay Rays vs Cleveland Guardians;total;under;7.0;-113;-121;3.1;BRONZE
2026-07-26T15:58:53.989512+00:00;Tampa Bay Rays vs Cleveland Guardians;total;under;7.0;-113;-121;3.1;BRONZE
2026-07-26T16:00:54.672584+00:00;Boston Red Sox vs Toronto Blue Jays;total;over;7.5;-109;-102;3.28;BRONZE
2026-07-26T16:00:55.048813+00:00;Boston Red Sox vs Toronto Blue Jays;total;over;7.5;-109;-102;3.28;BRONZE
2026-07-26T16:01:37.639235+00:00;Boston Red Sox vs Toronto Blue Jays;total;under;7.5;-102;-110;3.6;PENDING
2026-07-26T16:02:55.588526+00:00;Boston Red Sox vs Toronto Blue Jays;total;under;7.5;-103;-110;3.13;BRONZE
2026-07-26T16:02:55.982013+00:00;Boston Red Sox vs Toronto Blue Jays;total;under;7.5;-103;-110;3.13;BRONZE
2026-07-26T16:25:54.936614+00:00;Milwaukee Brewers vs Colorado Rockies;total;over;8.0;101;-107;3.75;PENDING
2026-07-26T16:26:09.540240+00:00;Milwaukee Brewers vs Colorado Rockies;total;over;8.0;100;-107;3.27;BRONZE
2026-07-26T16:26:12.546517+00:00;Milwaukee Brewers vs Colorado Rockies;total;over;8.0;100;-107;3.27;BRONZE
2026-07-26T16:27:10.166153+00:00;Milwaukee Brewers vs Colorado Rockies;total;under;8.0;-113;-105;3.58;BRONZE
2026-07-26T16:27:12.937271+00:00;Milwaukee Brewers vs Colorado Rockies;total;under;8.0;-113;-105;3.58;BRONZE
2026-07-26T16:40:08.728592+00:00;San Francisco Giants vs Los Angeles Angels;moneyline;away;;101;-106;3.31;PENDING
2026-07-26T16:59:23.858419+00:00;St. Louis Cardinals vs Cincinnati Reds;total;over;8.5;-110;-103;3.24;BRONZE
2026-07-26T16:59:27.726383+00:00;St. Louis Cardinals vs Cincinnati Reds;total;over;8.5;-110;-103;3.24;BRONZE
2026-07-26T17:01:24.701105+00:00;St. Louis Cardinals vs Cincinnati Reds;total;under;8.5;-102;-109;3.18;BRONZE
2026-07-26T17:01:28.863058+00:00;St. Louis Cardinals vs Cincinnati Reds;total;under;8.5;-102;-109;3.18;BRONZE
2026-07-26T17:07:27.502399+00:00;Pittsburgh Pirates vs Chicago Cubs;moneyline;away;;116;123;3.24;BRONZE
2026-07-26T17:07:30.693393+00:00;Pittsburgh Pirates vs Chicago Cubs;moneyline;home;;-121;-134;4.39;PENDING
2026-07-26T17:07:31.528646+00:00;Pittsburgh Pirates vs Chicago Cubs;moneyline;away;;116;123;3.24;BRONZE
2026-07-26T17:07:34.657974+00:00;Pittsburgh Pirates vs Chicago Cubs;spread;home;-1.5;167;155;4.49;PENDING
2026-07-26T17:08:28.058558+00:00;New York Mets vs Los Angeles Dodgers;total;over;8.5;-117;-109;3.38;BRONZE
2026-07-26T17:08:32.019617+00:00;New York Mets vs Los Angeles Dodgers;total;over;8.5;-117;-109;3.38;BRONZE
2026-07-26T17:09:28.558215+00:00;New York Mets vs Los Angeles Dodgers;total;under;8.5;105;-103;3.86;BRONZE
2026-07-26T17:09:32.476546+00:00;New York Mets vs Los Angeles Dodgers;total;under;8.5;105;-103;3.86;BRONZE
2026-07-26T17:24:49.941762+00:00;Miami Marlins vs San Diego Padres;moneyline;away;;113;104;4.23;PENDING
2026-07-26T18:04:10.616878+00:00;Chicago White Sox vs Houston Astros;moneyline;home;;-109;-117;3.27;PENDING
2026-07-26T18:11:16.772031+00:00;Milwaukee Brewers vs Colorado Rockies;total;over;8.0;-107;-115;3.36;PENDING
2026-07-26T18:34:57.467205+00:00;Texas Rangers vs Seattle Mariners;total;over;7.0;-119;-106;5.6;SILVER
2026-07-26T18:34:58.559693+00:00;Texas Rangers vs Seattle Mariners;total;over;7.0;-119;-106;5.6;SILVER
2026-07-26T18:35:27.438610+00:00;Texas Rangers vs Seattle Mariners;total;under;7.0;106;-106;5.66;PENDING
2026-07-26T18:35:57.601744+00:00;Texas Rangers vs Seattle Mariners;total;under;7.0;106;-106;5.66;SILVER
2026-07-26T18:35:58.680195+00:00;Texas Rangers vs Seattle Mariners;total;under;7.0;106;-106;5.66;SILVER
2026-07-26T19:31:41.649277+00:00;San Francisco Giants vs Los Angeles Angels;moneyline;away;;-106;-116;4.18;PENDING
2026-07-26T19:31:46.862560+00:00;Philadelphia Phillies vs New York Yankees;spread;home;-1.5;126;117;3.98;PENDING
2026-07-26T20:12:12.674412+00:00;San Francisco Giants vs Los Angeles Angels;moneyline;home;;111;140;13.74;PLATINUM
2026-07-26T20:12:12.675503+00:00;San Francisco Giants vs Los Angeles Angels;moneyline;home;;111;140;13.74;PLATINUM
2026-07-26T20:13:12.840137+00:00;San Francisco Giants vs Los Angeles Angels;spread;home;1.5;-160;-123;11.57;GOLD
2026-07-26T20:13:12.842003+00:00;San Francisco Giants vs Los Angeles Angels;spread;home;1.5;-160;-123;11.57;GOLD
2026-07-26T20:57:26.518731+00:00;Philadelphia Phillies vs New York Yankees;total;over;8.0;-104;-112;3.5;BRONZE
2026-07-26T20:58:26.714529+00:00;Philadelphia Phillies vs New York Yankees;total;under;8.0;-108;-100;3.85;BRONZE
2026-07-26T20:58:26.714749+00:00;Philadelphia Phillies vs New York Yankees;total;under;8.0;-108;-100;3.85;BRONZE
2026-07-26T22:28:48.466939+00:00;Philadelphia Phillies vs New York Yankees;moneyline;home;;-186;-206;3.39;PENDING
2026-07-26T22:28:52.393106+00:00;Philadelphia Phillies vs New York Yankees;spread;home;-1.5;117;110;3.23;PENDING
2026-07-26T23:28:15.258653+00:00;Philadelphia Phillies vs New York Yankees;moneyline;home;;-206;-248;5.53;PENDING
2026-07-26T23:28:19.163069+00:00;Philadelphia Phillies vs New York Yankees;spread;home;-1.5;110;-111;9.48;PENDING
2026-07-26T23:29:12.836736+00:00;Philadelphia Phillies vs New York Yankees;moneyline;home;;-208;-248;5.24;SILVER
2026-07-26T23:29:12.837246+00:00;Philadelphia Phillies vs New York Yankees;moneyline;home;;-208;-248;5.24;SILVER
2026-07-27T04:41:30.313772+00:00;Pittsburgh Pirates vs Arizona Diamondbacks;moneyline;away;;113;105;3.76;PENDING
2026-07-27T06:17:12.194412+00:00;Chicago White Sox vs New York Yankees;moneyline;away;;-131;-141;3.07;PENDING
2026-07-27T06:17:16.308710+00:00;Chicago White Sox vs New York Yankees;spread;away;-1.5;125;118;3.11;PENDING
2026-07-27T06:21:21.763469+00:00;Athletics vs Boston Red Sox;spread;away;-1.5;101;-107;3.75;PENDING
2026-07-27T06:56:40.770188+00:00;Pittsburgh Pirates vs Arizona Diamondbacks;spread;away;1.5;-185;-204;3.27;PENDING
2026-07-27T06:59:45.930260+00:00;New York Mets vs Atlanta Braves;total;over;8.5;101;-111;5.43;PENDING
2026-07-27T06:59:47.786026+00:00;New York Mets vs Atlanta Braves;total;over;8.5;-104;-111;3.09;BRONZE
2026-07-27T06:59:48.520187+00:00;New York Mets vs Atlanta Braves;total;over;8.5;-104;-111;3.09;BRONZE
2026-07-27T07:47:06.497606+00:00;Detroit Tigers vs Baltimore Orioles;total;over;8.5;-109;101;4.83;BRONZE
2026-07-27T07:47:06.515549+00:00;Detroit Tigers vs Baltimore Orioles;total;over;8.5;-109;101;4.83;BRONZE
2026-07-27T07:47:12.046233+00:00;Detroit Tigers vs Baltimore Orioles;total;under;8.5;-106;-116;4.18;PENDING
2026-07-27T07:49:07.471302+00:00;Detroit Tigers vs Baltimore Orioles;total;under;8.5;-105;-116;4.63;BRONZE
2026-07-27T07:49:07.492962+00:00;Detroit Tigers vs Baltimore Orioles;total;under;8.5;-105;-116;4.63;BRONZE
2026-07-27T08:01:22.257414+00:00;Texas Rangers vs Seattle Mariners;moneyline;away;;-123;-132;3.06;PENDING
2026-07-27T10:32:39.526092+00:00;Texas Rangers vs Seattle Mariners;spread;away;-1.5;136;128;3.39;PENDING
2026-07-27T11:33:13.767070+00:00;Cincinnati Reds vs Cleveland Guardians;total;under;8.5;-100;-112;5.36;PENDING
2026-07-27T11:33:46.486144+00:00;Cincinnati Reds vs Cleveland Guardians;total;over;8.5;-114;-102;5.5;SILVER
2026-07-27T11:33:47.975452+00:00;Cincinnati Reds vs Cleveland Guardians;total;over;8.5;-114;-102;5.5;SILVER
2026-07-27T11:35:47.330409+00:00;Cincinnati Reds vs Cleveland Guardians;total;under;8.5;-100;-112;5.36;SILVER
2026-07-27T11:35:49.112339+00:00;Cincinnati Reds vs Cleveland Guardians;total;under;8.5;-100;-112;5.36;SILVER
2026-07-27T11:47:52.261121+00:00;Washington Nationals vs Toronto Blue Jays;total;over;10.0;-103;-110;3.13;BRONZE
2026-07-27T11:47:55.621273+00:00;Washington Nationals vs Toronto Blue Jays;total;over;10.0;-103;-110;3.13;BRONZE
2026-07-27T11:48:52.442678+00:00;Washington Nationals vs Toronto Blue Jays;total;under;10.0;-111;-104;3.19;BRONZE
2026-07-27T11:48:55.880344+00:00;Washington Nationals vs Toronto Blue Jays;total;under;10.0;-111;-104;3.19;BRONZE
2026-07-27T11:49:24.014526+00:00;Washington Nationals vs Toronto Blue Jays;spread;home;-1.5;158;149;3.49;PENDING
2026-07-27T11:49:28.857802+00:00;Washington Nationals vs Toronto Blue Jays;total;over;10.0;-101;-110;4.07;PENDING
2026-07-27T12:04:57.498318+00:00;Cincinnati Reds vs Cleveland Guardians;moneyline;home;;-170;-157;3.07;BRONZE
2026-07-27T12:05:01.850785+00:00;Cincinnati Reds vs Cleveland Guardians;moneyline;home;;-170;-157;3.07;BRONZE
2026-07-27T12:05:37.594189+00:00;Cincinnati Reds vs Cleveland Guardians;moneyline;away;;152;144;3.17;PENDING
2026-07-27T12:05:57.705314+00:00;Cincinnati Reds vs Cleveland Guardians;moneyline;away;;153;144;3.56;BRONZE
2026-07-27T12:06:02.033207+00:00;Cincinnati Reds vs Cleveland Guardians;moneyline;away;;153;144;3.56;BRONZE
2026-07-27T12:06:57.916531+00:00;Cincinnati Reds vs Cleveland Guardians;spread;home;-1.5;126;133;3.1;BRONZE
2026-07-27T12:07:02.215006+00:00;Cincinnati Reds vs Cleveland Guardians;spread;home;-1.5;126;133;3.1;BRONZE
2026-07-27T12:07:58.158504+00:00;Texas Rangers vs Seattle Mariners;spread;away;-1.5;126;133;3.1;BRONZE
2026-07-27T12:08:02.454812+00:00;Texas Rangers vs Seattle Mariners;spread;away;-1.5;126;133;3.1;BRONZE
2026-07-27T12:59:09.540687+00:00;Pittsburgh Pirates vs Arizona Diamondbacks;total;over;9.0;100;-115;6.52;PENDING
2026-07-27T12:59:22.950683+00:00;Pittsburgh Pirates vs Arizona Diamondbacks;total;over;9.0;100;-115;6.52;SILVER
2026-07-27T12:59:25.216348+00:00;Pittsburgh Pirates vs Arizona Diamondbacks;total;over;9.0;100;-115;6.52;SILVER
2026-07-27T13:00:23.472819+00:00;Pittsburgh Pirates vs Arizona Diamondbacks;total;under;9.0;-113;103;7.69;SILVER
2026-07-27T13:00:25.599999+00:00;Pittsburgh Pirates vs Arizona Diamondbacks;total;under;9.0;-113;103;7.69;SILVER
2026-07-27T13:20:25.803631+00:00;Miami Marlins vs Philadelphia Phillies;moneyline;away;;-166;-185;3.86;PENDING
2026-07-27T13:20:30.131612+00:00;Miami Marlins vs Philadelphia Phillies;spread;away;-1.5;105;-105;4.76;PENDING
2026-07-27T13:53:50.037277+00:00;Washington Nationals vs Toronto Blue Jays;moneyline;away;;112;105;3.3;PENDING
2026-07-27T13:53:55.232205+00:00;Washington Nationals vs Toronto Blue Jays;moneyline;home;;-129;-114;5.75;SILVER
2026-07-27T13:53:56.417068+00:00;Washington Nationals vs Toronto Blue Jays;moneyline;home;;-129;-114;5.75;SILVER
2026-07-27T13:54:55.394998+00:00;Washington Nationals vs Toronto Blue Jays;moneyline;away;;119;105;6.39;SILVER
2026-07-27T13:54:56.587309+00:00;Washington Nationals vs Toronto Blue Jays;moneyline;away;;119;105;6.39;SILVER
2026-07-27T13:55:55.573651+00:00;Washington Nationals vs Toronto Blue Jays;spread;home;-1.5;152;166;5.56;SILVER
2026-07-27T13:55:56.744298+00:00;Washington Nationals vs Toronto Blue Jays;spread;home;-1.5;152;166;5.56;SILVER
2026-07-27T13:56:55.733180+00:00;Washington Nationals vs Toronto Blue Jays;spread;away;1.5;-169;-186;3.4;BRONZE
2026-07-27T13:56:56.901615+00:00;Washington Nationals vs Toronto Blue Jays;spread;away;1.5;-169;-186;3.4;BRONZE
2026-07-27T13:57:55.897603+00:00;Washington Nationals vs Toronto Blue Jays;total;over;10.0;-109;102;5.35;SILVER
2026-07-27T13:57:57.067007+00:00;Washington Nationals vs Toronto Blue Jays;total;over;10.0;-109;102;5.35;SILVER
2026-07-27T13:59:56.568330+00:00;Washington Nationals vs Toronto Blue Jays;total;under;10.0;-103;-114;4.75;BRONZE
2026-07-27T13:59:57.716531+00:00;Washington Nationals vs Toronto Blue Jays;total;under;10.0;-103;-114;4.75;BRONZE
2026-07-27T14:04:01.267655+00:00;St. Louis Cardinals vs Chicago Cubs;total;under;9.5;-102;-109;3.18;PENDING
2026-07-27T14:18:06.497846+00:00;Texas Rangers vs Seattle Mariners;moneyline;home;;122;111;4.95;BRONZE
2026-07-27T14:18:06.503602+00:00;Texas Rangers vs Seattle Mariners;moneyline;home;;122;111;4.95;BRONZE
2026-07-27T14:25:07.751176+00:00;Texas Rangers vs Seattle Mariners;spread;away;-1.5;132;140;3.45;BRONZE
2026-07-27T14:25:07.807324+00:00;Texas Rangers vs Seattle Mariners;spread;away;-1.5;132;140;3.45;BRONZE
2026-07-27T14:37:13.562616+00:00;Los Angeles Angels vs Houston Astros;total;over;8.5;101;-110;5.02;SILVER
2026-07-27T14:37:13.562634+00:00;Los Angeles Angels vs Houston Astros;total;over;8.5;101;-110;5.02;SILVER
2026-07-27T14:37:24.894444+00:00;Los Angeles Angels vs Houston Astros;total;over;8.5;100;-110;4.55;PENDING
2026-07-27T14:38:13.821090+00:00;Los Angeles Angels vs Houston Astros;total;under;8.5;-113;-102;5.06;SILVER
2026-07-27T14:38:13.828701+00:00;Los Angeles Angels vs Houston Astros;total;under;8.5;-113;-102;5.06;SILVER
2026-07-27T14:39:30.129327+00:00;Athletics vs Boston Red Sox;moneyline;away;;-158;-172;3.15;PENDING
2026-07-27T15:32:37.858179+00:00;New York Mets vs Atlanta Braves;moneyline;home;;105;-105;4.76;BRONZE
2026-07-27T15:32:37.900244+00:00;New York Mets vs Atlanta Braves;moneyline;home;;105;-105;4.76;BRONZE
2026-07-27T15:33:38.006501+00:00;New York Mets vs Atlanta Braves;moneyline;away;;-114;-103;4.99;BRONZE
2026-07-27T15:33:38.044156+00:00;New York Mets vs Atlanta Braves;moneyline;away;;-114;-103;4.99;BRONZE
2026-07-27T15:34:38.193704+00:00;New York Mets vs Atlanta Braves;spread;home;1.5;-163;-177;3.01;BRONZE
2026-07-27T15:34:38.217313+00:00;New York Mets vs Atlanta Braves;spread;home;1.5;-163;-177;3.01;BRONZE
2026-07-27T15:35:38.343570+00:00;New York Mets vs Atlanta Braves;spread;away;-1.5;146;158;4.88;BRONZE
2026-07-27T15:35:38.355795+00:00;New York Mets vs Atlanta Braves;spread;away;-1.5;146;158;4.88;BRONZE
2026-07-27T17:35:28.903901+00:00;Cincinnati Reds vs Cleveland Guardians;moneyline;away;;146;138;3.25;BRONZE
2026-07-27T17:35:29.402560+00:00;Cincinnati Reds vs Cleveland Guardians;moneyline;away;;146;138;3.25;BRONZE
2026-07-27T17:47:32.154961+00:00;San Francisco Giants vs Milwaukee Brewers;total;over;8.5;-102;-109;3.18;BRONZE
2026-07-27T17:47:33.131824+00:00;San Francisco Giants vs Milwaukee Brewers;total;over;8.5;-102;-109;3.18;BRONZE
2026-07-27T17:48:08.563980+00:00;San Francisco Giants vs Milwaukee Brewers;total;over;8.5;-100;-109;4.13;PENDING
2026-07-27T17:48:32.385379+00:00;San Francisco Giants vs Milwaukee Brewers;total;under;8.5;-110;-103;3.24;BRONZE
2026-07-27T17:48:33.332123+00:00;San Francisco Giants vs Milwaukee Brewers;total;under;8.5;-110;-103;3.24;BRONZE
2026-07-27T18:33:39.962932+00:00;New York Mets vs Atlanta Braves;total;over;8.5;-111;-120;3.55;PENDING
2026-07-27T18:34:45.650708+00:00;Texas Rangers vs Seattle Mariners;total;over;8.0;-102;-113;4.82;PENDING
2026-07-27T18:34:49.426692+00:00;Texas Rangers vs Seattle Mariners;total;over;8.0;-106;-113;3.01;BRONZE
2026-07-27T18:34:49.432081+00:00;Texas Rangers vs Seattle Mariners;total;over;8.0;-106;-113;3.01;BRONZE
2026-07-27T18:35:49.773771+00:00;Texas Rangers vs Seattle Mariners;total;under;8.0;-106;101;3.43;BRONZE
2026-07-27T18:35:49.773795+00:00;Texas Rangers vs Seattle Mariners;total;under;8.0;-106;101;3.43;BRONZE
2026-07-27T18:49:55.813660+00:00;Texas Rangers vs Seattle Mariners;moneyline;home;;114;-156;23.32;PLATINUM
2026-07-27T18:49:55.920535+00:00;Texas Rangers vs Seattle Mariners;moneyline;home;;114;-156;23.32;PLATINUM
2026-07-27T18:49:58.914462+00:00;Texas Rangers vs Seattle Mariners;moneyline;home;;112;-156;22.59;PENDING
2026-07-27T18:50:56.101510+00:00;Texas Rangers vs Seattle Mariners;moneyline;away;;-124;129;26.77;PLATINUM
2026-07-27T18:50:56.200162+00:00;Texas Rangers vs Seattle Mariners;moneyline;away;;-124;129;26.77;PLATINUM
2026-07-27T19:06:03.104115+00:00;Cincinnati Reds vs Cleveland Guardians;total;over;8.5;-104;-114;4.3;BRONZE
2026-07-27T19:06:03.105277+00:00;Cincinnati Reds vs Cleveland Guardians;total;over;8.5;-104;-114;4.3;BRONZE
2026-07-27T19:07:03.535175+00:00;Cincinnati Reds vs Cleveland Guardians;total;under;8.5;-108;102;4.88;BRONZE
2026-07-27T19:07:03.545682+00:00;Cincinnati Reds vs Cleveland Guardians;total;under;8.5;-108;102;4.88;BRONZE
2026-07-27T19:22:08.455549+00:00;Miami Marlins vs Philadelphia Phillies;moneyline;home;;167;157;3.75;BRONZE
2026-07-27T19:22:08.574745+00:00;Miami Marlins vs Philadelphia Phillies;moneyline;home;;167;157;3.75;BRONZE
2026-07-27T20:16:42.973617+00:00;Pittsburgh Pirates vs Arizona Diamondbacks;total;over;9.5;105;-102;3.4;PENDING
2026-07-27T21:18:56.176326+00:00;San Francisco Giants vs Milwaukee Brewers;total;over;8.5;-108;-116;3.32;BRONZE
2026-07-27T21:18:56.676907+00:00;San Francisco Giants vs Milwaukee Brewers;total;over;8.5;-108;-116;3.32;BRONZE
2026-07-27T21:19:56.375238+00:00;San Francisco Giants vs Milwaukee Brewers;total;under;8.5;-104;103;3.49;BRONZE
2026-07-27T21:19:56.865582+00:00;San Francisco Giants vs Milwaukee Brewers;total;under;8.5;-104;103;3.49;BRONZE
2026-07-27T21:51:09.335864+00:00;Washington Nationals vs Toronto Blue Jays;total;over;10.0;-102;-110;3.6;BRONZE
2026-07-27T21:51:09.605985+00:00;Washington Nationals vs Toronto Blue Jays;total;over;10.0;-102;-110;3.6;BRONZE
2026-07-27T21:53:10.153654+00:00;Washington Nationals vs Toronto Blue Jays;total;under;10.0;-110;-103;3.24;BRONZE
2026-07-27T21:53:10.429875+00:00;Washington Nationals vs Toronto Blue Jays;total;under;10.0;-110;-103;3.24;BRONZE
2026-07-27T21:56:12.234347+00:00;Athletics vs Boston Red Sox;moneyline;home;;158;166;3.1;BRONZE
2026-07-27T21:56:12.414313+00:00;Athletics vs Boston Red Sox;moneyline;home;;158;166;3.1;BRONZE
2026-07-27T21:57:12.836888+00:00;Athletics vs Boston Red Sox;total;over;9.5;-111;101;5.74;SILVER
2026-07-27T21:57:13.021720+00:00;Athletics vs Boston Red Sox;total;over;9.5;-111;101;5.74;SILVER
2026-07-27T21:59:14.208066+00:00;Athletics vs Boston Red Sox;total;under;9.5;-101;-113;5.28;SILVER
2026-07-27T21:59:14.349730+00:00;Athletics vs Boston Red Sox;total;under;9.5;-101;-113;5.28;SILVER
2026-07-27T22:19:49.722828+00:00;New York Mets vs Atlanta Braves;moneyline;home;;-102;-109;3.18;PENDING
2026-07-27T22:32:03.520478+00:00;Pittsburgh Pirates vs Arizona Diamondbacks;total;over;9.5;-102;-113;4.82;PENDING
2026-07-27T22:32:34.053216+00:00;Pittsburgh Pirates vs Arizona Diamondbacks;total;over;9.5;-104;-113;3.9;BRONZE
2026-07-27T22:32:34.106080+00:00;Pittsburgh Pirates vs Arizona Diamondbacks;total;over;9.5;-104;-113;3.9;BRONZE
2026-07-27T22:34:34.814308+00:00;Pittsburgh Pirates vs Arizona Diamondbacks;total;under;9.5;-108;100;3.85;BRONZE
2026-07-27T22:34:34.821023+00:00;Pittsburgh Pirates vs Arizona Diamondbacks;total;under;9.5;-108;100;3.85;BRONZE
2026-07-27T22:42:12.412550+00:00;Detroit Tigers vs Baltimore Orioles;moneyline;home;;-111;-124;4.97;PENDING
2026-07-27T22:42:16.424756+00:00;Detroit Tigers vs Baltimore Orioles;spread;home;-1.5;179;167;4.3;PENDING
2026-07-27T22:42:19.778896+00:00;Athletics vs Boston Red Sox;spread;away;-1.5;-107;-115;3.36;PENDING
2026-07-27T22:42:23.030437+00:00;Miami Marlins vs Philadelphia Phillies;spread;away;-1.5;-105;-112;3.05;PENDING
2026-07-27T22:42:36.826698+00:00;Athletics vs Boston Red Sox;total;under;9.5;-113;-106;3.1;BRONZE
2026-07-27T22:42:36.850561+00:00;Athletics vs Boston Red Sox;total;under;9.5;-113;-106;3.1;BRONZE
2026-07-27T22:47:30.522618+00:00;Pittsburgh Pirates vs Arizona Diamondbacks;moneyline;home;;-125;-135;3.29;PENDING
2026-07-27T22:47:40.017612+00:00;Pittsburgh Pirates vs Arizona Diamondbacks;moneyline;home;;-109;-135;9.21;GOLD
2026-07-27T22:47:40.055209+00:00;Pittsburgh Pirates vs Arizona Diamondbacks;moneyline;home;;-109;-135;9.21;GOLD
2026-07-27T22:49:41.072182+00:00;Pittsburgh Pirates vs Arizona Diamondbacks;moneyline;away;;101;112;5.47;SILVER
2026-07-27T22:49:41.140175+00:00;Pittsburgh Pirates vs Arizona Diamondbacks;moneyline;away;;101;112;5.47;SILVER
2026-07-27T23:09:45.386354+00:00;Los Angeles Angels vs Houston Astros;moneyline;home;;103;-106;4.27;PENDING
2026-07-27T23:20:54.647710+00:00;New York Mets vs Atlanta Braves;moneyline;home;;-108;109;8.52;GOLD
2026-07-27T23:20:55.290065+00:00;New York Mets vs Atlanta Braves;moneyline;home;;-108;109;8.52;GOLD
2026-07-27T23:20:57.390615+00:00;New York Mets vs Atlanta Braves;moneyline;away;;-108;-127;7.19;PENDING
2026-07-27T23:21:01.916664+00:00;New York Mets vs Atlanta Braves;total;over;9.0;107;-109;7.37;PENDING
2026-07-27T23:21:55.116384+00:00;New York Mets vs Atlanta Braves;moneyline;away;;100;-127;10.63;GOLD
2026-07-27T23:21:55.752690+00:00;New York Mets vs Atlanta Braves;moneyline;away;;100;-127;10.63;GOLD
2026-07-27T23:22:55.260243+00:00;St. Louis Cardinals vs Chicago Cubs;total;over;9.5;-103;106;4.52;BRONZE
2026-07-27T23:22:55.860795+00:00;St. Louis Cardinals vs Chicago Cubs;total;over;9.5;-103;106;4.52;BRONZE
2026-07-27T23:23:06.091530+00:00;St. Louis Cardinals vs Chicago Cubs;total;under;9.5;-109;-119;4.02;PENDING
2026-07-27T23:24:56.034626+00:00;St. Louis Cardinals vs Chicago Cubs;total;under;9.5;-109;-119;4.02;BRONZE
2026-07-27T23:24:56.540834+00:00;St. Louis Cardinals vs Chicago Cubs;total;under;9.5;-109;-119;4.02;BRONZE
2026-07-28T00:08:29.937481+00:00;Chicago White Sox vs New York Yankees;moneyline;home;;118;104;6.42;PENDING
2026-07-28T01:13:01.655772+00:00;Athletics vs Boston Red Sox;moneyline;away;;-172;-188;3.13;PENDING
2026-07-28T01:38:17.109202+00:00;St. Louis Cardinals vs Chicago Cubs;moneyline;away;;-117;-199;18.99;PENDING
2026-07-28T01:38:21.207781+00:00;St. Louis Cardinals vs Chicago Cubs;spread;away;-1.5;132;-122;21.57;PENDING
2026-07-28T01:38:48.134725+00:00;St. Louis Cardinals vs Chicago Cubs;moneyline;home;;108;162;25.96;PLATINUM
2026-07-28T01:38:50.739566+00:00;St. Louis Cardinals vs Chicago Cubs;moneyline;home;;108;162;25.96;PLATINUM
2026-07-28T01:42:49.814353+00:00;Athletics vs Boston Red Sox;moneyline;home;;172;184;4.41;BRONZE
2026-07-28T01:42:52.294513+00:00;Athletics vs Boston Red Sox;moneyline;home;;172;184;4.41;BRONZE
2026-07-28T01:43:27.088047+00:00;Athletics vs Boston Red Sox;moneyline;away;;-188;-228;6.09;PENDING
2026-07-28T01:43:50.017449+00:00;Athletics vs Boston Red Sox;moneyline;away;;-188;-228;6.09;SILVER
2026-07-28T01:43:52.496101+00:00;Athletics vs Boston Red Sox;moneyline;away;;-188;-228;6.09;SILVER
2026-07-28T01:50:34.453328+00:00;San Francisco Giants vs Milwaukee Brewers;moneyline;home;;117;-101;8.29;PENDING
2026-07-28T01:50:53.174552+00:00;San Francisco Giants vs Milwaukee Brewers;moneyline;home;;123;-101;10.76;GOLD
2026-07-28T01:50:55.474753+00:00;San Francisco Giants vs Milwaukee Brewers;moneyline;home;;123;-101;10.76;GOLD
2026-07-28T01:52:53.910570+00:00;San Francisco Giants vs Milwaukee Brewers;moneyline;away;;-134;-120;4.99;BRONZE
2026-07-28T01:52:57.548823+00:00;San Francisco Giants vs Milwaukee Brewers;moneyline;away;;-134;-120;4.99;BRONZE
2026-07-28T05:18:02.160568+00:00;San Francisco Giants vs Milwaukee Brewers;total;under;7.5;-101;-113;5.28;PENDING
2026-07-28T08:01:12.606212+00:00;Washington Nationals vs Toronto Blue Jays;total;over;8.5;-116;-108;3.43;BRONZE
2026-07-28T08:01:12.635318+00:00;Washington Nationals vs Toronto Blue Jays;total;over;8.5;-116;-108;3.43;BRONZE
2026-07-28T08:01:23.708197+00:00;Washington Nationals vs Toronto Blue Jays;total;under;8.5;101;-106;3.31;PENDING
2026-07-28T08:03:13.365968+00:00;Washington Nationals vs Toronto Blue Jays;total;under;8.5;101;-106;3.31;BRONZE
2026-07-28T08:03:13.421520+00:00;Washington Nationals vs Toronto Blue Jays;total;under;8.5;101;-106;3.31;BRONZE
2026-07-28T08:04:13.628630+00:00;San Francisco Giants vs Milwaukee Brewers;moneyline;home;;121;131;4.52;BRONZE
2026-07-28T08:04:13.687197+00:00;San Francisco Giants vs Milwaukee Brewers;moneyline;home;;121;131;4.52;BRONZE
2026-07-28T08:05:13.867849+00:00;San Francisco Giants vs Milwaukee Brewers;total;over;7.5;-102;104;3.01;BRONZE
2026-07-28T08:05:13.958497+00:00;San Francisco Giants vs Milwaukee Brewers;total;over;7.5;-102;104;3.01;BRONZE
2026-07-28T08:06:14.142869+00:00;San Francisco Giants vs Milwaukee Brewers;moneyline;away;;-134;-145;3.24;BRONZE
2026-07-28T08:06:14.237679+00:00;San Francisco Giants vs Milwaukee Brewers;moneyline;away;;-134;-145;3.24;BRONZE
2026-07-28T08:49:28.958278+00:00;San Francisco Giants vs Milwaukee Brewers;moneyline;home;;130;137;3.04;BRONZE
2026-07-28T08:49:28.963308+00:00;San Francisco Giants vs Milwaukee Brewers;moneyline;home;;130;137;3.04;BRONZE
2026-07-28T08:49:43.542574+00:00;San Francisco Giants vs Milwaukee Brewers;moneyline;away;;-138;-152;3.87;PENDING
2026-07-28T13:33:02.801918+00:00;Chicago White Sox vs New York Yankees;total;under;8.0;-103;-112;3.96;PENDING
2026-07-28T13:33:27.083538+00:00;Chicago White Sox vs New York Yankees;total;over;8.0;-112;-101;5.14;SILVER
2026-07-28T13:33:28.981289+00:00;Chicago White Sox vs New York Yankees;total;over;8.0;-112;-101;5.14;SILVER
2026-07-28T13:34:27.511046+00:00;Pittsburgh Pirates vs Arizona Diamondbacks;total;under;9.0;-106;101;3.43;BRONZE
2026-07-28T13:34:29.434777+00:00;Pittsburgh Pirates vs Arizona Diamondbacks;total;under;9.0;-106;101;3.43;BRONZE
2026-07-28T13:35:27.686170+00:00;Chicago White Sox vs New York Yankees;total;under;8.0;-103;-112;3.96;BRONZE
2026-07-28T13:35:29.618894+00:00;Chicago White Sox vs New York Yankees;total;under;8.0;-103;-112;3.96;BRONZE
2026-07-28T13:57:23.243643+00:00;Pittsburgh Pirates vs Arizona Diamondbacks;total;under;9.0;-104;-111;3.09;PENDING
2026-07-28T13:57:37.973164+00:00;Pittsburgh Pirates vs Arizona Diamondbacks;total;over;9.0;-114;-101;6.01;SILVER
2026-07-28T13:57:40.330311+00:00;Pittsburgh Pirates vs Arizona Diamondbacks;total;over;9.0;-114;-101;6.01;SILVER
2026-07-28T14:12:36.786367+00:00;Athletics vs Boston Red Sox;spread;away;-1.5;111;104;3.32;PENDING
2026-07-28T14:12:40.968604+00:00;Chicago White Sox vs New York Yankees;moneyline;home;;122;115;3.15;PENDING
2026-07-28T14:27:54.359514+00:00;Chicago White Sox vs New York Yankees;spread;home;1.5;-138;-150;3.36;PENDING
2026-07-28T14:27:56.244393+00:00;Pittsburgh Pirates vs Arizona Diamondbacks;total;over;9.0;-101;-109;3.65;BRONZE
2026-07-28T14:28:01.041096+00:00;Pittsburgh Pirates vs Arizona Diamondbacks;total;over;9.0;-101;-109;3.65;BRONZE
2026-07-28T14:28:56.536620+00:00;Pittsburgh Pirates vs Arizona Diamondbacks;total;under;9.0;-111;-103;3.68;BRONZE
2026-07-28T14:35:01.906662+00:00;Pittsburgh Pirates vs Arizona Diamondbacks;total;under;9.0;-111;-103;3.68;BRONZE
2026-07-28T14:58:16.982178+00:00;G1 Cincinnati Reds vs G1 Cleveland Guardians;spread;home;-1.5;131;124;3.03;PENDING
2026-07-28T15:13:16.294585+00:00;Athletics vs Boston Red Sox;moneyline;home;;136;128;3.39;BRONZE
2026-07-28T15:13:17.017310+00:00;Athletics vs Boston Red Sox;moneyline;home;;136;128;3.39;BRONZE
2026-07-28T15:14:16.753532+00:00;Pittsburgh Pirates vs Arizona Diamondbacks;total;over;9.0;-106;-113;3.01;BRONZE
2026-07-28T15:14:17.446717+00:00;Pittsburgh Pirates vs Arizona Diamondbacks;total;over;9.0;-106;-113;3.01;BRONZE
2026-07-28T15:28:24.146979+00:00;San Diego Padres vs Colorado Rockies;moneyline;away;;173;185;4.4;BRONZE
2026-07-28T15:28:24.696976+00:00;San Diego Padres vs Colorado Rockies;moneyline;away;;173;185;4.4;BRONZE
2026-07-28T15:28:37.433989+00:00;San Diego Padres vs Colorado Rockies;moneyline;home;;-179;-204;4.39;PENDING
2026-07-28T15:28:40.961135+00:00;San Diego Padres vs Colorado Rockies;spread;home;-1.5;119;108;5.02;PENDING
2026-07-28T15:42:52.942619+00:00;Minnesota Twins vs Kansas City Royals;moneyline;home;;-148;-168;4.8;PENDING
2026-07-28T15:43:07.709854+00:00;Minnesota Twins vs Kansas City Royals;spread;home;-1.5;138;127;4.62;PENDING
2026-07-28T15:43:29.810605+00:00;Minnesota Twins vs Kansas City Royals;moneyline;away;;144;154;4.1;BRONZE
2026-07-28T15:43:31.786317+00:00;Minnesota Twins vs Kansas City Royals;moneyline;away;;144;154;4.1;BRONZE
2026-07-28T15:58:38.596347+00:00;G1 Cincinnati Reds vs G1 Cleveland Guardians;total;under;9.0;-103;103;3.0;BRONZE
2026-07-28T15:58:44.300702+00:00;G1 Cincinnati Reds vs G1 Cleveland Guardians;total;under;9.0;-103;103;3.0;BRONZE
2026-07-28T15:59:39.007382+00:00;Tampa Bay Rays vs Texas Rangers;total;over;8.0;-106;-113;3.01;BRONZE
2026-07-28T15:59:44.883149+00:00;Tampa Bay Rays vs Texas Rangers;total;over;8.0;-106;-113;3.01;BRONZE
2026-07-28T16:00:39.436223+00:00;Tampa Bay Rays vs Texas Rangers;total;under;8.0;-106;101;3.43;BRONZE
2026-07-28T16:00:45.381909+00:00;Tampa Bay Rays vs Texas Rangers;total;under;8.0;-106;101;3.43;BRONZE
2026-07-28T16:13:43.700464+00:00;Chicago White Sox vs New York Yankees;moneyline;home;;113;106;3.29;BRONZE
2026-07-28T16:13:49.465634+00:00;Chicago White Sox vs New York Yankees;moneyline;home;;115;106;4.19;PENDING
2026-07-28T16:13:50.227653+00:00;Chicago White Sox vs New York Yankees;moneyline;home;;113;106;3.29;BRONZE
2026-07-28T16:14:43.936534+00:00;Chicago White Sox vs New York Yankees;spread;home;1.5;-147;-160;3.29;BRONZE
2026-07-28T16:14:50.504026+00:00;Chicago White Sox vs New York Yankees;spread;home;1.5;-147;-160;3.29;BRONZE
2026-07-28T16:15:44.167699+00:00;Chicago White Sox vs New York Yankees;spread;away;-1.5;133;144;4.72;BRONZE
2026-07-28T16:15:50.780090+00:00;Chicago White Sox vs New York Yankees;spread;away;-1.5;133;144;4.72;BRONZE
2026-07-28T16:28:50.803805+00:00;G1 Cincinnati Reds vs G1 Cleveland Guardians;total;over;9.0;-115;-104;4.92;BRONZE
2026-07-28T16:28:55.126366+00:00;G1 Cincinnati Reds vs G1 Cleveland Guardians;total;over;9.0;-115;-104;4.92;BRONZE
2026-07-28T16:29:02.932484+00:00;G1 Cincinnati Reds vs G1 Cleveland Guardians;total;under;9.0;-101;-108;3.22;PENDING
2026-07-28T16:29:51.043472+00:00;Tampa Bay Rays vs Texas Rangers;moneyline;away;;160;151;3.46;BRONZE
2026-07-28T16:29:55.359905+00:00;Tampa Bay Rays vs Texas Rangers;moneyline;away;;160;151;3.46;BRONZE
2026-07-28T16:30:51.223391+00:00;G1 Cincinnati Reds vs G1 Cleveland Guardians;total;under;9.0;102;-108;4.66;BRONZE
2026-07-28T16:30:55.571222+00:00;G1 Cincinnati Reds vs G1 Cleveland Guardians;total;under;9.0;102;-108;4.66;BRONZE
2026-07-28T16:43:15.815875+00:00;Minnesota Twins vs Kansas City Royals;spread;home;-1.5;127;119;3.52;PENDING
2026-07-28T16:43:57.892651+00:00;Minnesota Twins vs Kansas City Royals;spread;home;-1.5;127;119;3.52;BRONZE
2026-07-28T16:44:03.505531+00:00;Minnesota Twins vs Kansas City Royals;spread;home;-1.5;127;119;3.52;BRONZE
2026-08-07T15:48:35.714283+00:00;Arizona Diamondbacks vs Los Angeles Dodgers;total;under;9.0;102;-110;5.49;PENDING
2026-08-07T17:17:38.791275+00:00;Seattle Mariners vs Tampa Bay Rays;total;over;7.0;104;-103;3.39;PENDING
2026-08-07T17:39:58.335840+00:00;San Diego Padres vs Houston Astros;moneyline;away;;107;100;3.38;PENDING
2026-08-07T18:20:27.173094+00:00;Philadelphia Phillies vs Toronto Blue Jays;moneyline;away;;190;178;4.14;PENDING
2026-08-07T19:35:19.728232+00:00;New York Yankees vs Atlanta Braves;moneyline;away;;123;112;4.93;PENDING
2026-08-07T20:14:53.993375+00:00;Boston Red Sox vs Athletics;total;over;8.5;103;-107;4.7;PENDING
2026-08-07T21:06:34.469744+00:00;Milwaukee Brewers vs Minnesota Twins;spread;home;-1.5;126;119;3.1;PENDING
2026-08-07T21:50:28.967475+00:00;San Francisco Giants vs Detroit Tigers;moneyline;away;;-126;-136;3.25;PENDING
2026-08-07T21:50:32.944620+00:00;San Francisco Giants vs Detroit Tigers;spread;away;-1.5;130;123;3.04;PENDING
2026-08-07T22:03:53.836724+00:00;Washington Nationals vs Cincinnati Reds;moneyline;home;;-113;-121;3.1;PENDING
2026-08-07T22:06:00.714781+00:00;Philadelphia Phillies vs Toronto Blue Jays;total;under;7.5;101;-106;3.31;PENDING
2026-08-07T22:42:42.972650+00:00;Pittsburgh Pirates vs New York Mets;total;over;8.5;101;-108;4.18;PENDING
2026-08-07T23:06:14.387987+00:00;New York Yankees vs Atlanta Braves;spread;away;1.5;-169;-184;3.03;PENDING
2026-08-07T23:06:18.005965+00:00;New York Yankees vs Atlanta Braves;total;under;8.0;100;-112;5.36;PENDING
2026-08-07T23:16:35.400925+00:00;Boston Red Sox vs Athletics;moneyline;home;;-256;-330;6.3;PENDING
2026-08-08T00:17:39.323304+00:00;Texas Rangers vs Baltimore Orioles;moneyline;home;;-143;-165;5.49;PENDING
2026-08-08T01:42:46.071751+00:00;San Diego Padres vs Houston Astros;moneyline;home;;-116;-135;6.52;PENDING
2026-08-08T04:47:32.191494+00:00;Boston Red Sox vs Athletics;spread;home;-1.5;-111;-120;3.55;PENDING
2026-08-08T05:34:05.772911+00:00;Miami Marlins vs Los Angeles Angels;total;under;8.0;-102;-114;5.21;PENDING
2026-08-08T06:05:26.614825+00:00;Seattle Mariners vs Tampa Bay Rays;total;under;7.0;102;-106;3.79;PENDING
2026-08-08T07:48:35.311114+00:00;New York Yankees vs Atlanta Braves;total;under;7.5;-104;-123;7.57;PENDING
2026-08-08T10:34:16.417582+00:00;Boston Red Sox vs Athletics;moneyline;home;;-230;-257;3.18;PENDING
2026-08-08T11:19:48.100462+00:00;Boston Red Sox vs Athletics;spread;home;-1.5;-120;-129;3.17;PENDING
2026-08-08T12:10:23.825106+00:00;San Diego Padres vs Houston Astros;moneyline;away;;110;103;3.33;PENDING
2026-08-08T12:19:34.399086+00:00;Arizona Diamondbacks vs Los Angeles Dodgers;total;under;8.5;100;-107;3.27;PENDING
2026-08-08T12:20:38.802939+00:00;New York Yankees vs Atlanta Braves;moneyline;away;;-128;-138;3.18;PENDING
2026-08-08T12:35:52.819479+00:00;Chicago White Sox vs Cleveland Guardians;total;under;7.5;-101;-116;6.43;PENDING
2026-08-08T12:36:57.420213+00:00;Miami Marlins vs Los Angeles Angels;total;under;7.5;102;-107;4.23;PENDING
2026-08-08T12:53:08.810404+00:00;Kansas City Royals vs Chicago Cubs;total;under;9.5;-107;-118;4.5;PENDING
2026-08-08T13:24:33.104001+00:00;San Francisco Giants vs Detroit Tigers;moneyline;away;;-105;-115;4.24;PENDING
2026-08-08T13:24:36.348479+00:00;San Francisco Giants vs Detroit Tigers;spread;away;-1.5;155;146;3.53;PENDING
2026-08-08T13:33:45.277023+00:00;Pittsburgh Pirates vs New York Mets;moneyline;away;;124;111;5.8;PENDING
2026-08-08T13:51:00.880692+00:00;Texas Rangers vs Baltimore Orioles;moneyline;home;;-137;-149;3.4;PENDING
2026-08-08T13:51:04.107189+00:00;Texas Rangers vs Baltimore Orioles;spread;home;-1.5;158;150;3.1;PENDING
2026-08-08T14:08:18.898643+00:00;Miami Marlins vs Los Angeles Angels;total;under;7.5;-107;-115;3.36;PENDING
2026-08-08T14:08:23.035920+00:00;Kansas City Royals vs Chicago Cubs;moneyline;home;;152;143;3.57;PENDING
2026-08-08T14:23:53.645293+00:00;Milwaukee Brewers vs Minnesota Twins;moneyline;away;;133;125;3.43;PENDING
2026-08-08T15:08:30.960091+00:00;Miami Marlins vs Los Angeles Angels;total;under;7.5;-115;-123;3.03;PENDING
2026-08-08T15:51:08.810275+00:00;Arizona Diamondbacks vs Los Angeles Dodgers;spread;away;-1.5;101;-109;4.61;PENDING
2026-08-08T15:52:13.744728+00:00;New York Yankees vs Atlanta Braves;spread;away;-1.5;134;124;4.27;PENDING
2026-08-08T16:05:27.788706+00:00;Arizona Diamondbacks vs Los Angeles Dodgers;moneyline;away;;-166;-186;4.04;PENDING
2026-08-08T16:06:33.711921+00:00;Chicago White Sox vs Cleveland Guardians;moneyline;away;;-122;-131;3.09;PENDING
2026-08-08T16:52:12.958100+00:00;Boston Red Sox vs Athletics;total;over;9.0;-108;-118;4.07;PENDING
2026-08-08T17:09:28.740084+00:00;Kansas City Royals vs Chicago Cubs;spread;home;1.5;-106;-113;3.01;PENDING
2026-08-08T17:21:40.685944+00:00;Boston Red Sox vs Athletics;total;under;9.0;-106;-115;3.8;PENDING
2026-08-08T18:01:11.350718+00:00;San Francisco Giants vs Detroit Tigers;total;under;8.0;-104;-111;3.09;PENDING
2026-08-08T18:22:33.096654+00:00;New York Yankees vs Atlanta Braves;moneyline;away;;-138;-150;3.36;PENDING
2026-08-08T18:22:36.416376+00:00;New York Yankees vs Atlanta Braves;spread;away;-1.5;124;117;3.13;PENDING
2026-08-08T18:39:51.754925+00:00;Philadelphia Phillies vs Toronto Blue Jays;moneyline;home;;-156;-173;3.84;PENDING
2026-08-08T18:39:55.175026+00:00;Philadelphia Phillies vs Toronto Blue Jays;spread;home;-1.5;128;120;3.51;PENDING
2026-08-08T19:37:34.732237+00:00;Boston Red Sox vs Athletics;spread;home;-1.5;-129;-143;4.28;PENDING
2026-08-08T20:05:56.164515+00:00;Pittsburgh Pirates vs New York Mets;total;over;9.0;100;-117;7.26;PENDING
2026-08-08T20:26:14.913372+00:00;Kansas City Royals vs Chicago Cubs;moneyline;home;;143;135;3.29;PENDING
2026-08-08T20:38:26.699038+00:00;Chicago White Sox vs Cleveland Guardians;total;under;7.0;105;-103;3.86;PENDING
2026-08-08T20:40:31.508477+00:00;Philadelphia Phillies vs Toronto Blue Jays;total;under;9.5;-106;-116;4.18;PENDING
2026-08-08T21:36:07.723243+00:00;Pittsburgh Pirates vs New York Mets;moneyline;away;;111;103;3.79;PENDING
2026-08-08T21:36:10.903669+00:00;Pittsburgh Pirates vs New York Mets;spread;away;1.5;-171;-191;3.86;PENDING
2026-08-08T22:11:36.861660+00:00;Philadelphia Phillies vs Toronto Blue Jays;moneyline;home;;-173;-207;6.02;PENDING
2026-08-08T22:11:40.417710+00:00;Philadelphia Phillies vs Toronto Blue Jays;spread;home;-1.5;120;101;8.64;PENDING
2026-08-08T22:11:43.819882+00:00;Philadelphia Phillies vs Toronto Blue Jays;total;under;9.0;107;-121;11.77;PENDING
2026-08-08T22:44:12.413211+00:00;San Diego Padres vs Houston Astros;total;over;8.0;101;-107;3.75;PENDING
2026-08-08T22:52:22.037773+00:00;Washington Nationals vs Cincinnati Reds;moneyline;home;;122;-101;10.36;PENDING
2026-08-08T23:11:40.155556+00:00;Milwaukee Brewers vs Minnesota Twins;moneyline;home;;-147;-159;3.06;PENDING
2026-08-08T23:11:44.719506+00:00;Milwaukee Brewers vs Minnesota Twins;total;under;8.0;-108;-119;4.44;PENDING
2026-08-08T23:11:48.005112+00:00;Kansas City Royals vs Chicago Cubs;moneyline;home;;135;117;7.66;PENDING
2026-08-08T23:11:51.524067+00:00;Kansas City Royals vs Chicago Cubs;total;under;9.0;-100;-119;7.98;PENDING
2026-08-08T23:28:01.790351+00:00;Chicago White Sox vs Cleveland Guardians;total;under;7.0;-103;-111;3.55;PENDING
2026-08-08T23:28:05.870738+00:00;St. Louis Cardinals vs Colorado Rockies;moneyline;away;;138;103;14.71;PENDING
2026-08-08T23:28:09.347010+00:00;St. Louis Cardinals vs Colorado Rockies;total;over;9.0;104;-108;5.59;PENDING
2026-08-08T23:28:12.396416+00:00;Texas Rangers vs Baltimore Orioles;moneyline;away;;124;-108;14.02;PENDING
2026-08-08T23:43:21.650561+00:00;Chicago White Sox vs Cleveland Guardians;moneyline;home;;111;-105;7.47;PENDING
2026-08-08T23:53:30.421829+00:00;Arizona Diamondbacks vs Los Angeles Dodgers;spread;away;-1.5;-109;-117;3.27;PENDING
2026-08-09T00:29:48.449302+00:00;Seattle Mariners vs Tampa Bay Rays;moneyline;home;;-116;-125;3.33;PENDING
2026-08-09T00:29:52.199570+00:00;Seattle Mariners vs Tampa Bay Rays;spread;home;-1.5;183;172;3.89;PENDING
2026-08-09T01:26:23.729173+00:00;Seattle Mariners vs Tampa Bay Rays;moneyline;home;;-125;-136;3.59;PENDING
2026-08-09T01:26:27.149418+00:00;Seattle Mariners vs Tampa Bay Rays;spread;home;-1.5;172;162;3.68;PENDING
2026-08-09T02:11:49.217999+00:00;Seattle Mariners vs Tampa Bay Rays;moneyline;home;;-136;-178;10.0;PENDING
2026-08-09T02:11:53.616206+00:00;Seattle Mariners vs Tampa Bay Rays;total;under;7.0;-106;-123;6.71;PENDING
2026-08-09T02:58:16.498214+00:00;Chicago White Sox vs Cleveland Guardians;moneyline;away;;102;-105;3.35;PENDING
2026-08-09T04:29:00.704888+00:00;Texas Rangers vs Baltimore Orioles;total;under;8.5;-107;-116;3.75;PENDING
2026-08-09T05:59:42.321433+00:00;Texas Rangers vs Baltimore Orioles;total;under;8.0;-100;-107;3.27;PENDING
2026-08-09T10:56:10.874390+00:00;Pittsburgh Pirates vs New York Mets;total;under;8.0;101;-108;4.18;PENDING
2026-08-09T12:07:53.002412+00:00;Seattle Mariners vs Tampa Bay Rays;moneyline;away;;105;-103;3.86;PENDING
2026-08-09T12:32:09.434994+00:00;Chicago White Sox vs Cleveland Guardians;moneyline;away;;-105;-115;4.24;PENDING
2026-08-09T12:34:14.801938+00:00;Philadelphia Phillies vs Toronto Blue Jays;spread;home;-1.5;113;106;3.29;PENDING
2026-08-09T12:49:28.339486+00:00;San Francisco Giants vs Detroit Tigers;spread;away;-1.5;153;144;3.56;PENDING
2026-08-09T12:58:37.460571+00:00;Arizona Diamondbacks vs Los Angeles Dodgers;spread;away;-1.5;120;113;3.18;PENDING
2026-08-09T13:25:00.402602+00:00;Milwaukee Brewers vs Minnesota Twins;spread;home;-1.5;-103;-110;3.13;PENDING
2026-08-09T13:35:11.034714+00:00;San Francisco Giants vs Detroit Tigers;moneyline;away;;-112;-120;3.14;PENDING
2026-08-09T13:35:15.019857+00:00;Boston Red Sox vs Athletics;total;under;9.5;-104;-112;3.5;PENDING
2026-08-09T13:47:26.794361+00:00;Texas Rangers vs Baltimore Orioles;moneyline;away;;123;114;4.04;PENDING
2026-08-09T13:58:34.619412+00:00;Pittsburgh Pirates vs New York Mets;spread;home;-1.5;157;149;3.11;PENDING
2026-08-09T13:58:38.520371+00:00;Seattle Mariners vs Tampa Bay Rays;total;under;7.5;-101;-109;3.65;PENDING
2026-08-09T14:05:46.945984+00:00;Boston Red Sox vs Athletics;moneyline;away;;224;213;3.4;PENDING
2026-08-09T14:17:57.039640+00:00;Chicago White Sox vs Cleveland Guardians;spread;away;-1.5;152;144;3.17;PENDING
2026-08-09T14:20:01.646279+00:00;Boston Red Sox vs Athletics;spread;away;1.5;109;101;3.83;PENDING
2026-08-09T15:05:36.637701+00:00;Philadelphia Phillies vs Toronto Blue Jays;moneyline;home;;-191;-227;5.45;PENDING
2026-08-09T15:05:40.271561+00:00;Philadelphia Phillies vs Toronto Blue Jays;spread;home;-1.5;106;-103;4.33;PENDING
2026-08-09T15:05:43.697307+00:00;Philadelphia Phillies vs Toronto Blue Jays;total;over;8.5;100;-108;3.7;PENDING
2026-08-09T15:18:02.228784+00:00;Chicago White Sox vs Cleveland Guardians;moneyline;away;;-115;-124;3.38;PENDING
2026-08-09T15:18:06.649325+00:00;Chicago White Sox vs Cleveland Guardians;spread;away;-1.5;144;131;5.33;PENDING
2026-08-09T15:21:11.558221+00:00;Boston Red Sox vs Athletics;moneyline;away;;213;203;3.19;PENDING
2026-08-09T15:26:19.516693+00:00;Milwaukee Brewers vs Minnesota Twins;total;under;7.0;108;-103;5.25;PENDING
2026-08-09T15:48:39.185761+00:00;New York Yankees vs Atlanta Braves;total;over;8.5;-101;-108;3.22;PENDING
2026-08-09T15:55:47.332241+00:00;Milwaukee Brewers vs Minnesota Twins;moneyline;home;;-238;-265;3.01;PENDING
2026-08-09T16:03:56.384161+00:00;Washington Nationals vs Cincinnati Reds;moneyline;home;;-106;-116;4.18;PENDING
2026-08-09T16:11:05.333833+00:00;Milwaukee Brewers vs Minnesota Twins;spread;home;-1.5;-110;-118;3.23;PENDING
2026-08-09T16:19:15.008018+00:00;Washington Nationals vs Cincinnati Reds;total;under;9.0;104;-123;11.13;PENDING
2026-08-09T16:21:19.782751+00:00;Philadelphia Phillies vs Toronto Blue Jays;spread;home;-1.5;-103;-110;3.13;PENDING
2026-08-09T16:40:36.300805+00:00;Miami Marlins vs Los Angeles Angels;total;under;8.5;-106;-113;3.01;PENDING
2026-08-09T16:42:40.839736+00:00;San Diego Padres vs Houston Astros;total;over;9.0;102;-106;3.79;PENDING
2026-08-09T17:07:00.369404+00:00;Boston Red Sox vs Athletics;moneyline;away;;203;191;3.96;PENDING
2026-08-09T17:28:18.973835+00:00;Pittsburgh Pirates vs New York Mets;moneyline;home;;-131;-141;3.07;PENDING
2026-08-09T17:43:32.437047+00:00;Pittsburgh Pirates vs New York Mets;moneyline;away;;119;-175;28.25;PENDING
2026-08-09T17:51:41.658655+00:00;San Francisco Giants vs Detroit Tigers;spread;away;-1.5;144;131;5.33;PENDING
2026-08-09T18:11:54.071312+00:00;Milwaukee Brewers vs Minnesota Twins;moneyline;home;;-265;-301;3.28;PENDING
2026-08-09T18:11:58.807162+00:00;Milwaukee Brewers vs Minnesota Twins;total;under;7.0;-103;-111;3.55;PENDING
2026-08-09T18:19:05.507240+00:00;Chicago White Sox vs Cleveland Guardians;moneyline;away;;-124;-347;28.69;PENDING
2026-08-09T18:21:10.351777+00:00;Kansas City Royals vs Chicago Cubs;moneyline;away;;-160;-194;6.74;PENDING
2026-08-09T18:21:13.922329+00:00;Kansas City Royals vs Chicago Cubs;total;over;10.5;101;-112;5.83;PENDING
2026-08-09T18:49:25.721809+00:00;Texas Rangers vs Baltimore Orioles;moneyline;away;;114;-172;26.1;PENDING
2026-08-09T20:15:52.299887+00:00;Arizona Diamondbacks vs Los Angeles Dodgers;moneyline;home;;121;106;6.79;PENDING
2026-08-09T20:15:56.801903+00:00;Arizona Diamondbacks vs Los Angeles Dodgers;total;under;8.5;102;-116;7.82;PENDING
2026-08-10T00:37:19.582839+00:00;St. Louis Cardinals vs Philadelphia Phillies;moneyline;home;;-101;-108;3.22;PENDING
2026-08-10T04:38:51.640603+00:00;Toronto Blue Jays vs Boston Red Sox;moneyline;away;;-156;-169;3.0;PENDING
2026-08-10T05:39:12.687632+00:00;Los Angeles Angels vs Texas Rangers;total;under;8.5;-103;-115;5.14;PENDING
2026-08-10T06:57:40.293129+00:00;Los Angeles Dodgers vs Kansas City Royals;spread;home;-1.5;-123;-134;3.68;PENDING
2026-08-10T07:24:51.511874+00:00;Toronto Blue Jays vs Boston Red Sox;spread;away;-1.5;108;101;3.37;PENDING
2026-08-10T11:53:35.742647+00:00;Los Angeles Angels vs Texas Rangers;moneyline;home;;107;-100;3.38;PENDING
2026-08-10T12:57:07.400362+00:00;Athletics vs Tampa Bay Rays;total;over;10.0;-101;-112;4.89;PENDING
2026-08-10T12:59:12.260709+00:00;Los Angeles Dodgers vs Kansas City Royals;total;under;7.5;-101;-118;7.17;PENDING
2026-08-10T13:26:28.154128+00:00;Arizona Diamondbacks vs Colorado Rockies;moneyline;home;;-170;-196;4.91;PENDING
2026-08-10T13:26:32.417261+00:00;Arizona Diamondbacks vs Colorado Rockies;spread;home;-1.5;123;105;8.07;PENDING
2026-08-10T14:35:09.098618+00:00;Los Angeles Dodgers vs Kansas City Royals;moneyline;away;;248;232;4.6;PENDING
2026-08-10T16:34:10.581120+00:00;San Francisco Giants vs Houston Astros;moneyline;home;;136;128;3.39;PENDING
2026-08-10T16:49:21.731192+00:00;San Francisco Giants vs Houston Astros;total;under;8.5;-107;-115;3.36;PENDING
2026-08-10T17:42:56.114492+00:00;Minnesota Twins vs Baltimore Orioles;moneyline;away;;-107;-116;3.75;PENDING
2026-08-10T17:43:02.568391+00:00;Minnesota Twins vs Baltimore Orioles;spread;away;-1.5;153;144;3.56;PENDING
2026-08-10T19:19:06.013506+00:00;San Diego Padres vs Milwaukee Brewers;moneyline;away;;-110;-119;3.6;PENDING
2026-08-10T20:19:35.626416+00:00;San Diego Padres vs Milwaukee Brewers;spread;away;-1.5;157;149;3.11;PENDING
2026-08-10T21:59:41.490608+00:00;St. Louis Cardinals vs Philadelphia Phillies;moneyline;away;;-109;-118;3.65;PENDING
2026-08-10T22:30:14.188445+00:00;Los Angeles Angels vs Texas Rangers;spread;home;1.5;-155;-169;3.25;PENDING
2026-08-10T23:15:00.764102+00:00;Toronto Blue Jays vs Boston Red Sox;total;under;8.0;101;-106;3.31;PENDING
2026-08-10T23:45:30.097139+00:00;Minnesota Twins vs Baltimore Orioles;moneyline;home;;-103;-131;10.53;PENDING
2026-08-10T23:45:33.582340+00:00;Minnesota Twins vs Baltimore Orioles;total;under;8.0;102;-107;4.23;PENDING
2026-08-11T01:45:57.404296+00:00;Arizona Diamondbacks vs Colorado Rockies;moneyline;home;;-196;-255;7.82;PENDING
2026-08-11T01:46:01.150347+00:00;Arizona Diamondbacks vs Colorado Rockies;spread;home;-1.5;105;-117;9.53;PENDING
2026-08-11T01:46:04.883520+00:00;Arizona Diamondbacks vs Colorado Rockies;total;under;8.5;-101;-114;5.67;PENDING
2026-08-11T01:46:08.018925+00:00;Los Angeles Angels vs Texas Rangers;moneyline;home;;-100;-126;10.32;PENDING
2026-08-11T01:47:12.369839+00:00;Athletics vs Tampa Bay Rays;moneyline;away;;-156;-182;5.58;PENDING
2026-08-11T01:47:15.472773+00:00;Athletics vs Tampa Bay Rays;spread;away;-1.5;101;-111;5.43;PENDING
2026-08-11T01:49:20.022389+00:00;Los Angeles Dodgers vs Kansas City Royals;total;under;7.0;108;101;3.37;PENDING
2026-08-11T06:12:05.776526+00:00;Toronto Blue Jays vs Boston Red Sox;total;under;7.0;106;-105;5.22;PENDING
2026-08-11T06:13:10.318543+00:00;Minnesota Twins vs Baltimore Orioles;total;over;9.5;103;-108;5.13;PENDING
2026-08-11T06:18:16.186140+00:00;Miami Marlins vs Pittsburgh Pirates;total;under;7.0;-102;-111;4.01;PENDING
2026-08-11T10:57:38.252691+00:00;New York Yankees vs Seattle Mariners;total;under;8.0;-106;-114;3.41;PENDING
2026-08-11T11:04:45.963006+00:00;Miami Marlins vs Pittsburgh Pirates;total;under;7.0;-111;-120;3.55;PENDING
2026-08-11T11:10:53.292971+00:00;San Diego Padres vs Milwaukee Brewers;total;under;7.5;-103;-116;5.52;PENDING
2026-08-11T11:29:06.385314+00:00;Toronto Blue Jays vs Boston Red Sox;total;under;7.0;-105;-115;4.24;PENDING
2026-08-11T14:02:44.617848+00:00;Athletics vs Tampa Bay Rays;total;over;10.0;-107;-115;3.36;PENDING
2026-08-11T14:42:23.219722+00:00;San Diego Padres vs Milwaukee Brewers;moneyline;home;;122;111;4.95;PENDING
2026-08-11T14:42:36.942107+00:00;San Diego Padres vs Milwaukee Brewers;spread;home;1.5;-144;-157;3.39;PENDING
2026-08-11T15:18:21.589973+00:00;Athletics vs Tampa Bay Rays;spread;away;-1.5;-104;-111;3.09;PENDING
2026-08-11T15:39:41.433424+00:00;St. Louis Cardinals vs Philadelphia Phillies;total;under;8.0;-101;-115;6.06;PENDING
2026-08-11T17:15:50.928037+00:00;Los Angeles Angels vs Texas Rangers;moneyline;away;;-140;-151;3.04;PENDING
2026-08-11T17:16:01.936302+00:00;Los Angeles Angels vs Texas Rangers;spread;away;-1.5;114;105;4.21;PENDING
2026-08-17T14:44:21.658410+00:00;G1 Cincinnati Reds vs G1 St. Louis Cardinals;total;under;9.5;-112;-120;3.14;PENDING
2026-08-18T16:39:37.461581+00:00;Chicago Cubs vs Chicago White Sox;total;over;9.0;-103;-111;3.55;PENDING
2026-08-18T16:39:37.524763+00:00;Chicago Cubs vs Chicago White Sox;total;over;9.0;-103;-111;3.55;PENDING
2026-08-22T13:20:19.258576+00:00;Philadelphia Phillies vs St. Louis Cardinals;moneyline;home;;-128;-147;5.67;PENDING
2026-08-22T13:20:23.041774+00:00;Philadelphia Phillies vs St. Louis Cardinals;spread;home;-1.5;156;139;6.64;PENDING
2026-08-22T13:35:36.678301+00:00;San Diego Padres vs Minnesota Twins;moneyline;away;;141;123;7.47;PENDING
2026-08-22T13:35:40.308139+00:00;San Diego Padres vs Minnesota Twins;spread;away;1.5;-149;-166;4.11;PENDING
2026-08-22T14:14:13.651788+00:00;Milwaukee Brewers vs Atlanta Braves;moneyline;away;;158;144;5.43;PENDING
2026-08-22T15:14:54.416123+00:00;New York Yankees vs Toronto Blue Jays;total;under;6.5;107;-104;5.24;PENDING
2026-08-22T16:06:39.347100+00:00;Chicago White Sox vs New York Mets;total;over;8.5;102;-105;3.35;PENDING
2026-08-22T16:15:50.172383+00:00;Los Angeles Dodgers vs Pittsburgh Pirates;total;over;7.5;-104;-112;3.5;PENDING
2026-08-22T17:00:25.435901+00:00;Miami Marlins vs Washington Nationals;total;under;7.5;-103;-116;5.52;PENDING
2026-08-23T16:18:31.917562+00:00;Colorado Rockies vs Cleveland Guardians;total;under;11.0;104;-104;3.85;PENDING
2026-08-23T16:18:53.629942+00:00;Colorado Rockies vs Cleveland Guardians;total;under;11.0;104;-104;3.85;PENDING
2026-08-23T16:33:03.143815+00:00;Colorado Rockies vs Cleveland Guardians;total;under;11.0;-104;-116;5.07;PENDING
2026-08-23T16:33:10.592738+00:00;Colorado Rockies vs Cleveland Guardians;moneyline;home;;151;142;3.59;PENDING
2026-08-23T16:33:47.759217+00:00;Colorado Rockies vs Cleveland Guardians;moneyline;home;;151;142;3.59;PENDING
2026-08-24T17:43:49.511777+00:00;San Francisco Giants vs Cincinnati Reds;total;under;7.5;-113;-121;3.1;PENDING
2026-08-24T17:44:14.415527+00:00;Los Angeles Angels vs Cleveland Guardians;total;under;7.5;-100;-107;3.27;PENDING
2026-08-24T17:44:51.157561+00:00;San Francisco Giants vs Cincinnati Reds;total;under;7.5;-113;-121;3.1;PENDING
2026-08-24T17:45:03.199426+00:00;Los Angeles Angels vs Cleveland Guardians;total;under;7.5;-100;-107;3.27;PENDING
2026-08-24T17:45:09.401580+00:00;Los Angeles Angels vs Cleveland Guardians;total;under;7.5;-100;-107;3.27;PENDING
2026-08-24T17:45:10.458484+00:00;San Francisco Giants vs Cincinnati Reds;total;under;7.5;-113;-121;3.1;PENDING
2026-08-24T17:45:14.936353+00:00;Los Angeles Angels vs Cleveland Guardians;total;under;7.5;-100;-107;3.27;PENDING
2026-08-24T17:45:22.858508+00:00;San Francisco Giants vs Cincinnati Reds;total;under;7.5;-113;-121;3.1;PENDING
2026-08-24T17:45:30.246623+00:00;San Francisco Giants vs Cincinnati Reds;total;under;7.5;-113;-121;3.1;PENDING
2026-08-24T17:45:33.174301+00:00;Los Angeles Angels vs Cleveland Guardians;total;under;7.5;-100;-107;3.27;PENDING
2026-08-24T17:45:33.929443+00:00;San Francisco Giants vs Cincinnati Reds;total;under;7.5;-113;-121;3.1;PENDING
2026-08-24T17:45:39.118184+00:00;San Francisco Giants vs Cincinnati Reds;total;under;7.5;-113;-121;3.1;PENDING
2026-08-24T17:45:41.313657+00:00;San Francisco Giants vs Cincinnati Reds;total;under;7.5;-113;-121;3.1;PENDING
2026-08-24T17:46:06.364941+00:00;Los Angeles Angels vs Cleveland Guardians;total;under;7.5;-100;-107;3.27;PENDING
2026-08-24T17:46:08.522357+00:00;Los Angeles Angels vs Cleveland Guardians;total;under;7.5;-100;-107;3.27;PENDING
2026-08-24T17:46:08.535417+00:00;Los Angeles Angels vs Cleveland Guardians;total;under;7.5;-100;-107;3.27;PENDING
2026-08-24T17:46:10.243477+00:00;Los Angeles Angels vs Cleveland Guardians;total;under;7.5;-100;-107;3.27;PENDING
2026-08-26T11:34:05.016205+00:00;New York Yankees vs Houston Astros;moneyline;away;;125;115;4.44;PENDING
2026-08-26T11:34:06.245562+00:00;New York Yankees vs Houston Astros;moneyline;away;;125;115;4.44;PENDING
2026-08-26T11:34:08.267100+00:00;New York Yankees vs Houston Astros;moneyline;away;;125;115;4.44;PENDING
2026-08-26T11:34:09.094124+00:00;New York Yankees vs Houston Astros;moneyline;away;;125;115;4.44;PENDING
2026-08-26T11:34:16.441163+00:00;New York Yankees vs Houston Astros;moneyline;away;;125;115;4.44;PENDING
2026-08-26T11:34:17.328401+00:00;New York Yankees vs Houston Astros;moneyline;away;;125;115;4.44;PENDING
2026-08-26T11:34:18.826158+00:00;New York Yankees vs Houston Astros;moneyline;away;;125;115;4.44;PENDING
2026-08-26T11:34:18.888980+00:00;New York Yankees vs Houston Astros;moneyline;away;;125;115;4.44;PENDING
2026-08-26T11:34:21.675798+00:00;New York Yankees vs Houston Astros;moneyline;away;;125;115;4.44;PENDING
2026-08-26T11:34:21.887738+00:00;New York Yankees vs Houston Astros;moneyline;away;;125;115;4.44;PENDING
2026-08-26T11:34:23.866101+00:00;New York Yankees vs Houston Astros;moneyline;away;;125;115;4.44;PENDING
2026-08-26T11:34:30.191381+00:00;New York Yankees vs Houston Astros;moneyline;away;;125;115;4.44;PENDING
2026-08-26T11:34:30.197376+00:00;New York Yankees vs Houston Astros;moneyline;away;;125;115;4.44;PENDING
2026-08-26T11:34:30.609453+00:00;New York Yankees vs Houston Astros;moneyline;away;;125;115;4.44;PENDING
2026-08-26T11:34:34.312896+00:00;New York Yankees vs Houston Astros;moneyline;away;;125;115;4.44;PENDING
2026-08-26T11:34:34.993298+00:00;New York Yankees vs Houston Astros;moneyline;away;;125;115;4.44;PENDING
2026-08-26T11:34:37.105118+00:00;New York Yankees vs Houston Astros;moneyline;away;;125;115;4.44;PENDING
2026-08-26T11:34:37.167683+00:00;New York Yankees vs Houston Astros;moneyline;away;;125;115;4.44;PENDING
2026-08-26T11:34:45.139448+00:00;New York Yankees vs Houston Astros;moneyline;away;;125;115;4.44;PENDING
2026-08-26T11:34:48.021840+00:00;New York Yankees vs Houston Astros;moneyline;away;;125;115;4.44;PENDING
2026-08-26T11:34:54.879287+00:00;New York Yankees vs Houston Astros;moneyline;away;;125;115;4.44;PENDING
2026-08-26T11:34:56.615796+00:00;New York Yankees vs Houston Astros;moneyline;away;;125;115;4.44;PENDING
2026-08-26T11:35:01.929438+00:00;New York Yankees vs Houston Astros;moneyline;away;;125;115;4.44;PENDING
2026-08-26T16:57:49.807127+00:00;New York Yankees vs Houston Astros;spread;away;1.5;-167;-183;3.27;PENDING
2026-08-26T16:57:50.492080+00:00;New York Yankees vs Houston Astros;spread;away;1.5;-167;-183;3.27;PENDING
2026-08-26T16:57:51.769067+00:00;Arizona Diamondbacks vs Chicago Cubs;total;under;8.5;-103;-111;3.55;PENDING
2026-08-26T16:57:52.633644+00:00;Arizona Diamondbacks vs Chicago Cubs;total;under;8.5;-103;-111;3.55;PENDING
2026-08-26T16:58:11.340881+00:00;Miami Marlins vs Boston Red Sox;moneyline;home;;137;119;7.59;PENDING
2026-08-26T16:58:11.836218+00:00;Miami Marlins vs Boston Red Sox;moneyline;home;;135;119;6.81;PENDING
2026-08-26T16:58:13.334463+00:00;New York Yankees vs Houston Astros;spread;away;1.5;-167;-183;3.27;PENDING
2026-08-26T16:58:14.088588+00:00;New York Yankees vs Houston Astros;spread;away;1.5;-167;-183;3.27;PENDING
2026-08-26T16:58:15.743342+00:00;Miami Marlins vs Boston Red Sox;spread;home;1.5;-130;-141;3.39;PENDING
2026-08-26T16:58:32.681086+00:00;Miami Marlins vs Boston Red Sox;spread;home;1.5;-128;-141;4.04;PENDING
2026-08-26T16:58:34.788007+00:00;Miami Marlins vs Boston Red Sox;moneyline;home;;137;119;7.59;PENDING
2026-08-26T16:58:35.515587+00:00;Miami Marlins vs Boston Red Sox;moneyline;home;;137;119;7.59;PENDING
2026-08-26T16:58:37.023591+00:00;Toronto Blue Jays vs Kansas City Royals;moneyline;home;;-135;-149;4.0;PENDING
2026-08-26T16:58:37.350641+00:00;Toronto Blue Jays vs Kansas City Royals;moneyline;home;;-135;-149;4.0;PENDING
2026-08-26T16:58:40.612498+00:00;Toronto Blue Jays vs Kansas City Royals;spread;home;-1.5;150;141;3.6;PENDING
2026-08-26T16:58:41.917942+00:00;Arizona Diamondbacks vs Chicago Cubs;total;under;8.5;-103;-111;3.55;PENDING
2026-08-26T16:58:43.970099+00:00;Arizona Diamondbacks vs Chicago Cubs;total;under;8.5;-103;-111;3.55;PENDING
2026-08-26T16:58:45.863061+00:00;New York Yankees vs Houston Astros;spread;away;1.5;-167;-183;3.27;PENDING
2026-08-26T16:58:46.238348+00:00;New York Yankees vs Houston Astros;spread;away;1.5;-167;-183;3.27;PENDING
2026-08-26T16:58:48.883988+00:00;Arizona Diamondbacks vs Chicago Cubs;total;under;8.5;-103;-111;3.55;PENDING
2026-08-26T16:58:54.738189+00:00;Arizona Diamondbacks vs Chicago Cubs;total;under;8.5;-103;-111;3.55;PENDING
2026-08-26T16:58:55.651362+00:00;New York Yankees vs Houston Astros;spread;away;1.5;-167;-183;3.27;PENDING
2026-08-26T16:58:56.124673+00:00;Miami Marlins vs Boston Red Sox;spread;home;1.5;-128;-141;4.04;PENDING
2026-08-26T16:58:56.775479+00:00;Miami Marlins vs Boston Red Sox;spread;home;1.5;-128;-141;4.04;PENDING
2026-08-26T16:58:57.237980+00:00;New York Yankees vs Houston Astros;spread;away;1.5;-167;-183;3.27;PENDING
2026-08-26T16:58:58.430791+00:00;New York Yankees vs Houston Astros;spread;away;1.5;-167;-183;3.27;PENDING
2026-08-26T16:58:59.259824+00:00;Miami Marlins vs Boston Red Sox;moneyline;home;;135;119;6.81;PENDING
2026-08-26T16:58:59.775151+00:00;New York Yankees vs Houston Astros;spread;away;1.5;-167;-183;3.27;PENDING
2026-08-26T16:59:00.010486+00:00;New York Yankees vs Houston Astros;spread;away;1.5;-167;-183;3.27;PENDING
2026-08-26T16:59:00.254509+00:00;New York Yankees vs Houston Astros;spread;away;1.5;-167;-183;3.27;PENDING
2026-08-26T16:59:00.800913+00:00;Toronto Blue Jays vs Kansas City Royals;spread;home;-1.5;150;141;3.6;PENDING
2026-08-26T16:59:02.821044+00:00;New York Yankees vs Houston Astros;spread;away;1.5;-167;-183;3.27;PENDING
2026-08-26T16:59:03.090308+00:00;New York Yankees vs Houston Astros;spread;away;1.5;-167;-183;3.27;PENDING
2026-08-26T16:59:04.289350+00:00;Chicago White Sox vs Texas Rangers;total;over;8.0;101;-109;4.61;PENDING
2026-08-26T16:59:07.074549+00:00;Miami Marlins vs Boston Red Sox;moneyline;home;;137;119;7.59;PENDING
2026-08-26T16:59:07.257661+00:00;Miami Marlins vs Boston Red Sox;moneyline;home;;137;119;7.59;PENDING
2026-08-26T16:59:07.793282+00:00;Miami Marlins vs Boston Red Sox;moneyline;home;;135;119;6.81;PENDING
2026-08-26T16:59:07.880537+00:00;New York Yankees vs Houston Astros;spread;away;1.5;-167;-183;3.27;PENDING
2026-08-26T16:59:08.170598+00:00;Seattle Mariners vs Philadelphia Phillies;total;over;7.0;107;-106;6.12;PENDING
2026-08-26T16:59:08.503065+00:00;Arizona Diamondbacks vs Chicago Cubs;total;under;8.5;-103;-111;3.55;PENDING
2026-08-26T16:59:10.240601+00:00;New York Yankees vs Houston Astros;spread;away;1.5;-167;-183;3.27;PENDING
2026-08-26T16:59:10.364366+00:00;New York Yankees vs Houston Astros;spread;away;1.5;-167;-183;3.27;PENDING
2026-08-26T16:59:10.754950+00:00;Miami Marlins vs Boston Red Sox;spread;home;1.5;-128;-141;4.04;PENDING
2026-08-26T16:59:15.374999+00:00;Detroit Tigers vs Tampa Bay Rays;total;under;7.5;102;-111;5.9;PENDING
2026-08-26T16:59:16.157907+00:00;New York Yankees vs Houston Astros;spread;away;1.5;-167;-183;3.27;PENDING
2026-08-26T16:59:17.463716+00:00;Toronto Blue Jays vs Kansas City Royals;moneyline;home;;-135;-149;4.0;PENDING
2026-08-26T16:59:18.206915+00:00;Toronto Blue Jays vs Kansas City Royals;moneyline;home;;-135;-149;4.0;PENDING
2026-08-26T16:59:18.692683+00:00;Miami Marlins vs Boston Red Sox;moneyline;home;;135;119;6.81;PENDING
2026-08-26T16:59:21.140446+00:00;Miami Marlins vs Boston Red Sox;moneyline;home;;135;119;6.81;PENDING
2026-08-26T16:59:21.863849+00:00;Miami Marlins vs Boston Red Sox;moneyline;home;;137;119;7.59;PENDING
2026-08-26T16:59:22.256667+00:00;Miami Marlins vs Boston Red Sox;moneyline;home;;135;119;6.81;PENDING
2026-08-26T16:59:23.404465+00:00;Miami Marlins vs Boston Red Sox;moneyline;home;;135;119;6.81;PENDING
2026-08-26T16:59:24.426415+00:00;Miami Marlins vs Boston Red Sox;moneyline;home;;135;119;6.81;PENDING
2026-08-26T16:59:24.865234+00:00;Chicago White Sox vs Texas Rangers;total;over;8.0;101;-109;4.61;PENDING
2026-08-26T16:59:25.875908+00:00;New York Yankees vs Houston Astros;spread;away;1.5;-167;-183;3.27;PENDING
2026-08-26T16:59:25.976559+00:00;Arizona Diamondbacks vs Chicago Cubs;total;under;8.5;-103;-111;3.55;PENDING
2026-08-26T16:59:29.648136+00:00;Miami Marlins vs Boston Red Sox;moneyline;home;;137;119;7.59;PENDING
2026-08-26T16:59:30.085584+00:00;New York Yankees vs Houston Astros;spread;away;1.5;-167;-183;3.27;PENDING
2026-08-26T16:59:31.337985+00:00;Miami Marlins vs Boston Red Sox;spread;home;1.5;-128;-141;4.04;PENDING
2026-08-26T16:59:31.867801+00:00;Miami Marlins vs Boston Red Sox;spread;home;1.5;-130;-141;3.39;PENDING
2026-08-26T16:59:32.081439+00:00;Miami Marlins vs Boston Red Sox;moneyline;home;;135;119;6.81;PENDING
2026-08-26T16:59:32.555101+00:00;Toronto Blue Jays vs Kansas City Royals;moneyline;home;;-137;-149;3.4;PENDING
2026-08-26T16:59:33.347695+00:00;Miami Marlins vs Boston Red Sox;spread;home;1.5;-130;-141;3.39;PENDING
2026-08-26T16:59:33.494260+00:00;Arizona Diamondbacks vs Chicago Cubs;total;under;8.5;-103;-111;3.55;PENDING
2026-08-26T16:59:34.150262+00:00;Miami Marlins vs Boston Red Sox;moneyline;home;;137;119;7.59;PENDING
2026-08-26T16:59:35.380461+00:00;Miami Marlins vs Boston Red Sox;moneyline;home;;137;119;7.59;PENDING
2026-08-26T16:59:35.561960+00:00;New York Yankees vs Houston Astros;spread;away;1.5;-167;-183;3.27;PENDING
2026-08-26T16:59:37.346318+00:00;Miami Marlins vs Boston Red Sox;moneyline;home;;137;119;7.59;PENDING
2026-08-26T16:59:39.570844+00:00;Toronto Blue Jays vs Kansas City Royals;spread;home;-1.5;150;141;3.6;PENDING
2026-08-26T16:59:40.389877+00:00;Miami Marlins vs Boston Red Sox;spread;home;1.5;-130;-141;3.39;PENDING
2026-08-26T16:59:42.486540+00:00;Miami Marlins vs Boston Red Sox;spread;home;1.5;-130;-141;3.39;PENDING
2026-08-26T16:59:43.807734+00:00;Miami Marlins vs Boston Red Sox;spread;home;1.5;-128;-141;4.04;PENDING
2026-08-26T16:59:44.879593+00:00;Toronto Blue Jays vs Kansas City Royals;spread;home;-1.5;150;141;3.6;PENDING
2026-08-26T16:59:44.931577+00:00;Miami Marlins vs Boston Red Sox;spread;home;1.5;-130;-141;3.39;PENDING
2026-08-26T16:59:45.844313+00:00;Chicago White Sox vs Texas Rangers;total;over;8.0;101;-109;4.61;PENDING
2026-08-26T16:59:46.525499+00:00;Toronto Blue Jays vs Kansas City Royals;moneyline;home;;-135;-149;4.0;PENDING
2026-08-26T16:59:46.955953+00:00;Seattle Mariners vs Philadelphia Phillies;total;over;7.0;107;-106;6.12;PENDING
2026-08-26T16:59:47.621676+00:00;Miami Marlins vs Boston Red Sox;moneyline;home;;135;119;6.81;PENDING
2026-08-26T16:59:47.681766+00:00;New York Yankees vs Houston Astros;spread;away;1.5;-167;-183;3.27;PENDING
2026-08-26T16:59:48.099883+00:00;Miami Marlins vs Boston Red Sox;spread;home;1.5;-130;-141;3.39;PENDING
2026-08-26T16:59:51.090694+00:00;Miami Marlins vs Boston Red Sox;spread;home;1.5;-128;-141;4.04;PENDING
2026-08-26T16:59:51.738731+00:00;Miami Marlins vs Boston Red Sox;spread;home;1.5;-130;-141;3.39;PENDING
2026-08-26T16:59:52.503759+00:00;Toronto Blue Jays vs Kansas City Royals;spread;home;-1.5;149;141;3.21;PENDING
2026-08-26T16:59:53.003218+00:00;Toronto Blue Jays vs Kansas City Royals;moneyline;home;;-135;-149;4.0;PENDING
2026-08-26T16:59:56.098603+00:00;Miami Marlins vs Boston Red Sox;spread;home;1.5;-128;-141;4.04;PENDING
2026-08-26T16:59:56.427944+00:00;Chicago White Sox vs Texas Rangers;total;over;8.0;101;-109;4.61;PENDING
2026-08-26T16:59:56.666764+00:00;Miami Marlins vs Boston Red Sox;spread;home;1.5;-130;-141;3.39;PENDING
2026-08-26T16:59:57.867261+00:00;Miami Marlins vs Boston Red Sox;moneyline;home;;135;119;6.81;PENDING
2026-08-26T16:59:59.547486+00:00;Miami Marlins vs Boston Red Sox;moneyline;home;;137;119;7.59;PENDING
2026-08-26T17:00:00.224587+00:00;Miami Marlins vs Boston Red Sox;spread;home;1.5;-128;-141;4.04;PENDING
2026-08-26T17:00:00.231968+00:00;Toronto Blue Jays vs Kansas City Royals;moneyline;home;;-135;-149;4.0;PENDING
2026-08-26T17:00:00.827178+00:00;Miami Marlins vs Boston Red Sox;spread;home;1.5;-130;-141;3.39;PENDING
2026-08-26T17:00:01.451487+00:00;New York Yankees vs Houston Astros;spread;away;1.5;-167;-183;3.27;PENDING
2026-08-26T17:00:01.590517+00:00;Toronto Blue Jays vs Kansas City Royals;moneyline;home;;-135;-149;4.0;PENDING
2026-08-26T17:00:02.125924+00:00;Toronto Blue Jays vs Kansas City Royals;moneyline;home;;-135;-149;4.0;PENDING
2026-08-26T17:00:03.963021+00:00;Toronto Blue Jays vs Kansas City Royals;spread;home;-1.5;150;141;3.6;PENDING
2026-08-26T17:00:04.713699+00:00;Toronto Blue Jays vs Kansas City Royals;moneyline;home;;-135;-149;4.0;PENDING
2026-08-26T17:00:05.471978+00:00;Detroit Tigers vs Tampa Bay Rays;total;under;7.5;102;-111;5.9;PENDING
2026-08-26T17:00:06.127137+00:00;Toronto Blue Jays vs Kansas City Royals;moneyline;home;;-135;-149;4.0;PENDING
2026-08-26T17:00:06.348674+00:00;Miami Marlins vs Boston Red Sox;spread;home;1.5;-128;-141;4.04;PENDING
2026-08-26T17:00:06.422457+00:00;Chicago White Sox vs Texas Rangers;total;over;8.0;101;-109;4.61;PENDING
2026-08-26T17:00:07.478895+00:00;Toronto Blue Jays vs Kansas City Royals;moneyline;home;;-135;-149;4.0;PENDING
2026-08-26T17:00:08.148799+00:00;Seattle Mariners vs Philadelphia Phillies;total;over;7.0;107;-106;6.12;PENDING
2026-08-26T17:00:08.610650+00:00;Toronto Blue Jays vs Kansas City Royals;spread;home;-1.5;150;141;3.6;PENDING
2026-08-26T17:00:09.967868+00:00;Toronto Blue Jays vs Kansas City Royals;moneyline;home;;-135;-149;4.0;PENDING
2026-08-26T17:00:10.005584+00:00;Toronto Blue Jays vs Kansas City Royals;moneyline;home;;-135;-149;4.0;PENDING
2026-08-26T17:00:10.039038+00:00;Miami Marlins vs Boston Red Sox;spread;home;1.5;-130;-141;3.39;PENDING
2026-08-26T17:00:10.378337+00:00;Miami Marlins vs Boston Red Sox;moneyline;home;;137;119;7.59;PENDING
2026-08-26T17:00:12.602150+00:00;Toronto Blue Jays vs Kansas City Royals;moneyline;home;;-137;-149;3.4;PENDING
2026-08-26T17:00:12.668846+00:00;Toronto Blue Jays vs Kansas City Royals;moneyline;home;;-135;-149;4.0;PENDING
2026-08-26T17:00:12.933935+00:00;Toronto Blue Jays vs Kansas City Royals;spread;home;-1.5;150;141;3.6;PENDING
2026-08-26T17:00:14.669635+00:00;Toronto Blue Jays vs Kansas City Royals;spread;home;-1.5;150;141;3.6;PENDING
2026-08-26T17:00:15.210081+00:00;Toronto Blue Jays vs Kansas City Royals;spread;home;-1.5;150;141;3.6;PENDING
2026-08-26T17:00:16.440057+00:00;Toronto Blue Jays vs Kansas City Royals;spread;home;-1.5;150;141;3.6;PENDING
2026-08-26T17:00:16.452469+00:00;Toronto Blue Jays vs Kansas City Royals;spread;home;-1.5;150;141;3.6;PENDING
2026-08-26T17:00:17.577225+00:00;Seattle Mariners vs Philadelphia Phillies;total;over;7.0;107;-106;6.12;PENDING
2026-08-26T17:00:19.462679+00:00;Seattle Mariners vs Philadelphia Phillies;total;over;7.0;107;-106;6.12;PENDING
2026-08-26T17:00:19.887155+00:00;Toronto Blue Jays vs Kansas City Royals;spread;home;-1.5;150;141;3.6;PENDING
2026-08-26T17:00:20.477406+00:00;Toronto Blue Jays vs Kansas City Royals;spread;home;-1.5;150;141;3.6;PENDING
2026-08-26T17:00:21.432217+00:00;Chicago White Sox vs Texas Rangers;total;over;8.0;101;-109;4.61;PENDING
2026-08-26T17:00:22.004173+00:00;Detroit Tigers vs Tampa Bay Rays;total;under;7.5;-101;-111;4.48;PENDING
2026-08-26T17:00:22.131303+00:00;Toronto Blue Jays vs Kansas City Royals;spread;home;-1.5;150;141;3.6;PENDING
2026-08-26T17:00:22.397718+00:00;Miami Marlins vs Boston Red Sox;spread;home;1.5;-128;-141;4.04;PENDING
2026-08-26T17:00:22.989462+00:00;Chicago White Sox vs Texas Rangers;total;over;8.0;101;-109;4.61;PENDING
2026-08-26T17:00:23.094346+00:00;Detroit Tigers vs Tampa Bay Rays;total;under;7.5;-101;-111;4.48;PENDING
2026-08-26T17:00:23.999083+00:00;Toronto Blue Jays vs Kansas City Royals;moneyline;home;;-135;-149;4.0;PENDING
2026-08-26T17:00:25.097766+00:00;Detroit Tigers vs Tampa Bay Rays;total;under;7.5;-101;-111;4.48;PENDING
2026-08-26T17:00:26.730158+00:00;Toronto Blue Jays vs Kansas City Royals;moneyline;home;;-137;-149;3.4;PENDING
2026-08-26T17:00:27.767273+00:00;Chicago White Sox vs Texas Rangers;total;over;8.0;101;-109;4.61;PENDING
2026-08-26T17:00:29.174023+00:00;Chicago White Sox vs Texas Rangers;total;over;8.0;101;-109;4.61;PENDING
2026-08-26T17:00:30.516244+00:00;Chicago White Sox vs Texas Rangers;total;over;8.0;101;-109;4.61;PENDING
2026-08-26T17:00:31.052385+00:00;Toronto Blue Jays vs Kansas City Royals;moneyline;home;;-135;-149;4.0;PENDING
2026-08-26T17:00:32.023557+00:00;Toronto Blue Jays vs Kansas City Royals;moneyline;home;;-135;-149;4.0;PENDING
2026-08-26T17:00:32.832893+00:00;Chicago White Sox vs Texas Rangers;total;over;8.0;101;-109;4.61;PENDING
2026-08-26T17:00:34.682570+00:00;Miami Marlins vs Boston Red Sox;spread;home;1.5;-128;-141;4.04;PENDING
2026-08-26T17:00:35.263804+00:00;Toronto Blue Jays vs Kansas City Royals;spread;home;-1.5;149;141;3.21;PENDING
2026-08-26T17:00:36.270966+00:00;Seattle Mariners vs Philadelphia Phillies;total;over;7.0;107;-106;6.12;PENDING
2026-08-26T17:00:36.875671+00:00;Chicago White Sox vs Texas Rangers;total;over;8.0;101;-109;4.61;PENDING
2026-08-26T17:00:39.130587+00:00;Chicago White Sox vs Texas Rangers;total;over;8.0;101;-109;4.61;PENDING
2026-08-26T17:00:39.439015+00:00;Chicago White Sox vs Texas Rangers;total;over;8.0;101;-109;4.61;PENDING
2026-08-26T17:00:41.664498+00:00;Toronto Blue Jays vs Kansas City Royals;moneyline;home;;-135;-149;4.0;PENDING
2026-08-26T17:00:43.421981+00:00;Seattle Mariners vs Philadelphia Phillies;total;over;7.0;107;-106;6.12;PENDING
2026-08-26T17:00:44.244109+00:00;Chicago White Sox vs Texas Rangers;total;over;8.0;101;-109;4.61;PENDING
2026-08-26T17:00:45.753695+00:00;Toronto Blue Jays vs Kansas City Royals;spread;home;-1.5;150;141;3.6;PENDING
2026-08-26T17:00:45.789469+00:00;Chicago White Sox vs Texas Rangers;total;over;8.0;101;-109;4.61;PENDING
2026-08-26T17:00:47.461605+00:00;Seattle Mariners vs Philadelphia Phillies;total;over;7.0;107;-106;6.12;PENDING
2026-08-26T17:00:50.547480+00:00;Toronto Blue Jays vs Kansas City Royals;spread;home;-1.5;149;141;3.21;PENDING
2026-08-26T17:00:50.564191+00:00;Toronto Blue Jays vs Kansas City Royals;spread;home;-1.5;150;141;3.6;PENDING
2026-08-26T17:00:50.719478+00:00;Seattle Mariners vs Philadelphia Phillies;total;over;7.0;107;-106;6.12;PENDING
2026-08-26T17:00:52.449264+00:00;Toronto Blue Jays vs Kansas City Royals;spread;home;-1.5;150;141;3.6;PENDING
2026-08-26T17:00:53.361672+00:00;Toronto Blue Jays vs Kansas City Royals;spread;home;-1.5;150;141;3.6;PENDING
2026-08-26T17:00:54.372316+00:00;Seattle Mariners vs Philadelphia Phillies;total;over;7.0;107;-106;6.12;PENDING
2026-08-26T17:00:54.707790+00:00;Seattle Mariners vs Philadelphia Phillies;total;over;7.0;107;-106;6.12;PENDING
2026-08-26T17:00:56.543786+00:00;Toronto Blue Jays vs Kansas City Royals;moneyline;home;;-137;-149;3.4;PENDING
2026-08-26T17:00:58.020386+00:00;Detroit Tigers vs Tampa Bay Rays;total;under;7.5;102;-111;5.9;PENDING
2026-08-26T17:00:58.277533+00:00;Chicago White Sox vs Texas Rangers;total;over;8.0;101;-109;4.61;PENDING
2026-08-26T17:00:58.436319+00:00;Seattle Mariners vs Philadelphia Phillies;total;over;7.0;107;-106;6.12;PENDING
2026-08-26T17:01:00.844648+00:00;Seattle Mariners vs Philadelphia Phillies;total;over;7.0;107;-106;6.12;PENDING
2026-08-26T17:01:00.926921+00:00;Chicago White Sox vs Texas Rangers;total;over;8.0;101;-109;4.61;PENDING
2026-08-26T17:01:01.693497+00:00;Seattle Mariners vs Philadelphia Phillies;total;over;7.0;107;-106;6.12;PENDING
2026-08-26T17:01:01.747498+00:00;Chicago White Sox vs Texas Rangers;total;over;8.0;101;-109;4.61;PENDING
2026-08-26T17:01:02.874755+00:00;Detroit Tigers vs Tampa Bay Rays;total;under;7.5;102;-111;5.9;PENDING
2026-08-26T17:01:05.401988+00:00;Detroit Tigers vs Tampa Bay Rays;total;under;7.5;102;-111;5.9;PENDING
2026-08-26T17:01:06.345523+00:00;Detroit Tigers vs Tampa Bay Rays;total;under;7.5;102;-111;5.9;PENDING
2026-08-26T17:01:06.958142+00:00;Seattle Mariners vs Philadelphia Phillies;total;over;7.0;107;-106;6.12;PENDING
2026-08-26T17:01:08.243894+00:00;Toronto Blue Jays vs Kansas City Royals;spread;home;-1.5;150;141;3.6;PENDING
2026-08-26T17:01:09.188825+00:00;Seattle Mariners vs Philadelphia Phillies;total;over;7.0;107;-106;6.12;PENDING
2026-08-26T17:01:09.540800+00:00;Detroit Tigers vs Tampa Bay Rays;total;under;7.5;102;-111;5.9;PENDING
2026-08-26T17:01:10.975456+00:00;Detroit Tigers vs Tampa Bay Rays;total;under;7.5;-101;-111;4.48;PENDING
2026-08-26T17:01:14.548338+00:00;Chicago White Sox vs Texas Rangers;total;over;8.0;101;-109;4.61;PENDING
2026-08-26T17:01:14.962857+00:00;Chicago White Sox vs Texas Rangers;total;over;8.0;101;-109;4.61;PENDING
2026-08-26T17:01:16.390120+00:00;Detroit Tigers vs Tampa Bay Rays;total;under;7.5;102;-111;5.9;PENDING
2026-08-26T17:01:16.450125+00:00;Seattle Mariners vs Philadelphia Phillies;total;over;7.0;107;-106;6.12;PENDING
2026-08-26T17:01:17.067605+00:00;Detroit Tigers vs Tampa Bay Rays;total;under;7.5;-101;-111;4.48;PENDING
2026-08-26T17:01:20.157380+00:00;Detroit Tigers vs Tampa Bay Rays;total;under;7.5;-101;-111;4.48;PENDING
2026-08-26T17:01:20.271178+00:00;Toronto Blue Jays vs Kansas City Royals;spread;home;-1.5;149;141;3.21;PENDING
2026-08-26T17:01:23.410848+00:00;Detroit Tigers vs Tampa Bay Rays;total;under;7.5;102;-111;5.9;PENDING
2026-08-26T17:01:26.332709+00:00;Seattle Mariners vs Philadelphia Phillies;total;over;7.0;107;-106;6.12;PENDING
2026-08-26T17:01:28.664266+00:00;Seattle Mariners vs Philadelphia Phillies;total;over;7.0;107;-106;6.12;PENDING
2026-08-26T17:01:28.732509+00:00;Seattle Mariners vs Philadelphia Phillies;total;over;7.0;107;-106;6.12;PENDING
2026-08-26T17:01:29.373487+00:00;Chicago White Sox vs Texas Rangers;total;over;8.0;101;-109;4.61;PENDING
2026-08-26T17:01:29.868824+00:00;Chicago White Sox vs Texas Rangers;total;over;8.0;101;-109;4.61;PENDING
2026-08-26T17:01:30.828006+00:00;Detroit Tigers vs Tampa Bay Rays;total;under;7.5;102;-111;5.9;PENDING
2026-08-26T17:01:33.535961+00:00;Detroit Tigers vs Tampa Bay Rays;total;under;7.5;102;-111;5.9;PENDING
2026-08-26T17:01:38.258350+00:00;Detroit Tigers vs Tampa Bay Rays;total;under;7.5;102;-111;5.9;PENDING
2026-08-26T17:01:50.007480+00:00;Seattle Mariners vs Philadelphia Phillies;total;over;7.0;107;-106;6.12;PENDING
2026-08-26T17:01:50.338208+00:00;Detroit Tigers vs Tampa Bay Rays;total;under;7.5;-101;-111;4.48;PENDING
2026-08-26T17:01:50.349440+00:00;Detroit Tigers vs Tampa Bay Rays;total;under;7.5;-101;-111;4.48;PENDING
2026-08-26T17:01:50.833066+00:00;Seattle Mariners vs Philadelphia Phillies;total;over;7.0;107;-106;6.12;PENDING
2026-08-26T17:01:51.944559+00:00;Seattle Mariners vs Philadelphia Phillies;total;over;7.0;107;-106;6.12;PENDING
2026-08-26T17:01:58.740222+00:00;Detroit Tigers vs Tampa Bay Rays;total;under;7.5;102;-111;5.9;PENDING
2026-08-26T17:02:10.959006+00:00;Detroit Tigers vs Tampa Bay Rays;total;under;7.5;-101;-111;4.48;PENDING
2026-08-26T17:02:14.335473+00:00;Detroit Tigers vs Tampa Bay Rays;total;under;7.5;-101;-111;4.48;PENDING
2026-08-26T17:11:03.232741+00:00;Detroit Tigers vs Tampa Bay Rays;moneyline;home;;-114;-130;5.75;PENDING
2026-08-26T17:11:06.840214+00:00;Arizona Diamondbacks vs Chicago Cubs;total;under;8.5;-105;-114;3.85;PENDING
2026-08-26T17:11:13.212895+00:00;Detroit Tigers vs Tampa Bay Rays;moneyline;home;;-114;-130;5.75;PENDING
2026-08-26T17:11:13.575168+00:00;Detroit Tigers vs Tampa Bay Rays;moneyline;home;;-114;-130;5.75;PENDING
2026-08-26T17:11:16.258390+00:00;Detroit Tigers vs Tampa Bay Rays;moneyline;home;;-114;-130;5.75;PENDING
2026-08-26T17:11:16.995969+00:00;Detroit Tigers vs Tampa Bay Rays;moneyline;home;;-114;-130;5.75;PENDING
2026-08-26T17:11:17.527622+00:00;Arizona Diamondbacks vs Chicago Cubs;total;under;8.5;-105;-114;3.85;PENDING
2026-08-26T17:11:18.634181+00:00;Arizona Diamondbacks vs Chicago Cubs;total;under;8.5;-105;-114;3.85;PENDING
2026-08-26T17:11:21.216236+00:00;Arizona Diamondbacks vs Chicago Cubs;total;under;8.5;-105;-114;3.85;PENDING
2026-08-26T17:11:22.222850+00:00;Detroit Tigers vs Tampa Bay Rays;moneyline;home;;-114;-130;5.75;PENDING
2026-08-26T17:11:23.469699+00:00;Detroit Tigers vs Tampa Bay Rays;moneyline;home;;-114;-130;5.75;PENDING
2026-08-26T17:11:25.805215+00:00;Detroit Tigers vs Tampa Bay Rays;moneyline;home;;-114;-130;5.75;PENDING
2026-08-26T17:11:27.004217+00:00;Detroit Tigers vs Tampa Bay Rays;moneyline;home;;-114;-130;5.75;PENDING
2026-08-26T17:11:27.138489+00:00;Detroit Tigers vs Tampa Bay Rays;moneyline;home;;-114;-130;5.75;PENDING
2026-08-26T17:11:30.101843+00:00;Detroit Tigers vs Tampa Bay Rays;moneyline;home;;-114;-130;5.75;PENDING
2026-08-26T17:11:30.724092+00:00;Arizona Diamondbacks vs Chicago Cubs;total;under;8.5;-105;-114;3.85;PENDING
2026-08-26T17:11:30.918592+00:00;Arizona Diamondbacks vs Chicago Cubs;total;under;8.5;-105;-114;3.85;PENDING
2026-08-26T17:11:33.758118+00:00;Arizona Diamondbacks vs Chicago Cubs;total;under;8.5;-105;-114;3.85;PENDING
2026-08-26T17:11:33.857453+00:00;Detroit Tigers vs Tampa Bay Rays;moneyline;home;;-114;-130;5.75;PENDING
2026-08-26T17:11:36.636515+00:00;Detroit Tigers vs Tampa Bay Rays;moneyline;home;;-114;-130;5.75;PENDING
2026-08-26T17:11:36.888158+00:00;Detroit Tigers vs Tampa Bay Rays;moneyline;home;;-114;-130;5.75;PENDING
2026-08-26T17:11:37.138217+00:00;Detroit Tigers vs Tampa Bay Rays;moneyline;home;;-114;-130;5.75;PENDING
2026-08-26T17:11:39.837214+00:00;Arizona Diamondbacks vs Chicago Cubs;total;under;8.5;-105;-114;3.85;PENDING
2026-08-26T17:11:40.600236+00:00;Arizona Diamondbacks vs Chicago Cubs;total;under;8.5;-105;-114;3.85;PENDING
2026-08-26T17:11:41.104563+00:00;Arizona Diamondbacks vs Chicago Cubs;total;under;8.5;-105;-114;3.85;PENDING
2026-08-26T17:11:41.305982+00:00;Detroit Tigers vs Tampa Bay Rays;moneyline;home;;-114;-130;5.75;PENDING
2026-08-26T17:11:42.682064+00:00;Detroit Tigers vs Tampa Bay Rays;moneyline;home;;-114;-130;5.75;PENDING
2026-08-26T17:11:44.681967+00:00;Detroit Tigers vs Tampa Bay Rays;moneyline;home;;-114;-130;5.75;PENDING
2026-08-26T17:11:46.442623+00:00;Arizona Diamondbacks vs Chicago Cubs;total;under;8.5;-105;-114;3.85;PENDING
2026-08-26T17:11:47.223538+00:00;Detroit Tigers vs Tampa Bay Rays;moneyline;home;;-114;-130;5.75;PENDING
2026-08-26T17:11:47.288094+00:00;Detroit Tigers vs Tampa Bay Rays;moneyline;home;;-114;-130;5.75;PENDING
2026-08-26T17:11:50.836349+00:00;Arizona Diamondbacks vs Chicago Cubs;total;under;8.5;-105;-114;3.85;PENDING
2026-08-26T17:11:50.890657+00:00;Detroit Tigers vs Tampa Bay Rays;moneyline;home;;-114;-130;5.75;PENDING
2026-08-26T17:11:55.767133+00:00;Arizona Diamondbacks vs Chicago Cubs;total;under;8.5;-105;-114;3.85;PENDING
2026-08-26T17:11:55.944933+00:00;Detroit Tigers vs Tampa Bay Rays;moneyline;home;;-114;-130;5.75;PENDING
2026-08-26T17:11:57.424754+00:00;Detroit Tigers vs Tampa Bay Rays;moneyline;home;;-114;-130;5.75;PENDING
2026-08-26T17:12:01.161635+00:00;Arizona Diamondbacks vs Chicago Cubs;total;under;8.5;-105;-114;3.85;PENDING
2026-08-26T17:26:10.820557+00:00;San Francisco Giants vs Cincinnati Reds;total;under;7.5;-100;-120;8.33;PENDING
2026-08-26T17:26:12.600354+00:00;San Francisco Giants vs Cincinnati Reds;total;under;7.5;-101;-120;7.88;PENDING
2026-08-26T17:26:16.268255+00:00;San Francisco Giants vs Cincinnati Reds;total;under;7.5;-100;-120;8.33;PENDING
2026-08-26T17:26:22.844641+00:00;San Francisco Giants vs Cincinnati Reds;total;under;7.5;-100;-120;8.33;PENDING
2026-08-26T17:26:30.847996+00:00;San Francisco Giants vs Cincinnati Reds;total;under;7.5;-100;-120;8.33;PENDING
2026-08-26T17:26:31.637947+00:00;San Francisco Giants vs Cincinnati Reds;total;under;7.5;-101;-120;7.88;PENDING
2026-08-26T17:26:32.693056+00:00;San Francisco Giants vs Cincinnati Reds;total;under;7.5;-100;-120;8.33;PENDING
2026-08-26T17:26:34.415303+00:00;San Francisco Giants vs Cincinnati Reds;total;under;7.5;-101;-120;7.88;PENDING
2026-08-26T17:26:35.451288+00:00;San Francisco Giants vs Cincinnati Reds;total;under;7.5;-100;-120;8.33;PENDING
2026-08-26T17:26:35.776817+00:00;San Francisco Giants vs Cincinnati Reds;total;under;7.5;-101;-120;7.88;PENDING
2026-08-26T17:26:38.591056+00:00;San Francisco Giants vs Cincinnati Reds;total;under;7.5;-101;-120;7.88;PENDING
2026-08-26T17:26:45.268511+00:00;San Francisco Giants vs Cincinnati Reds;total;under;7.5;-100;-120;8.33;PENDING
2026-08-26T17:26:47.703267+00:00;San Francisco Giants vs Cincinnati Reds;total;under;7.5;-101;-120;7.88;PENDING
2026-08-26T17:26:48.984324+00:00;San Francisco Giants vs Cincinnati Reds;total;under;7.5;-100;-120;8.33;PENDING
2026-08-26T17:26:49.372872+00:00;San Francisco Giants vs Cincinnati Reds;total;under;7.5;-100;-120;8.33;PENDING
2026-08-26T17:26:49.590533+00:00;San Francisco Giants vs Cincinnati Reds;total;under;7.5;-100;-120;8.33;PENDING
2026-08-26T17:26:50.084069+00:00;San Francisco Giants vs Cincinnati Reds;total;under;7.5;-100;-120;8.33;PENDING
2026-08-26T17:26:53.980737+00:00;San Francisco Giants vs Cincinnati Reds;total;under;7.5;-101;-120;7.88;PENDING
2026-08-26T17:26:54.139882+00:00;San Francisco Giants vs Cincinnati Reds;total;under;7.5;-100;-120;8.33;PENDING
2026-08-26T17:26:57.207414+00:00;San Francisco Giants vs Cincinnati Reds;total;under;7.5;-100;-120;8.33;PENDING
2026-08-26T17:26:59.514238+00:00;San Francisco Giants vs Cincinnati Reds;total;under;7.5;-101;-120;7.88;PENDING
2026-08-26T17:26:59.989702+00:00;San Francisco Giants vs Cincinnati Reds;total;under;7.5;-100;-120;8.33;PENDING
2026-08-26T17:27:07.333540+00:00;San Francisco Giants vs Cincinnati Reds;total;under;7.5;-100;-120;8.33;PENDING
2026-08-26T17:41:12.943800+00:00;Arizona Diamondbacks vs Chicago Cubs;moneyline;away;;-103;-110;3.13;PENDING
2026-08-26T17:41:17.409591+00:00;Arizona Diamondbacks vs Chicago Cubs;moneyline;away;;-103;-110;3.13;PENDING
2026-08-26T17:41:23.495852+00:00;Arizona Diamondbacks vs Chicago Cubs;moneyline;away;;-103;-110;3.13;PENDING
2026-08-26T17:41:29.421925+00:00;Arizona Diamondbacks vs Chicago Cubs;moneyline;away;;-103;-110;3.13;PENDING
2026-08-26T17:41:38.541236+00:00;Arizona Diamondbacks vs Chicago Cubs;moneyline;away;;-103;-110;3.13;PENDING
2026-08-26T17:41:42.732695+00:00;Arizona Diamondbacks vs Chicago Cubs;moneyline;away;;-103;-110;3.13;PENDING
2026-08-26T17:41:47.648400+00:00;Arizona Diamondbacks vs Chicago Cubs;moneyline;away;;-103;-110;3.13;PENDING
2026-08-26T17:41:50.229104+00:00;Arizona Diamondbacks vs Chicago Cubs;moneyline;away;;-103;-110;3.13;PENDING
2026-08-26T17:41:59.997520+00:00;Arizona Diamondbacks vs Chicago Cubs;moneyline;away;;-103;-110;3.13;PENDING
2026-08-26T17:42:02.947012+00:00;Arizona Diamondbacks vs Chicago Cubs;moneyline;away;;-103;-110;3.13;PENDING
2026-08-26T17:42:02.978582+00:00;Arizona Diamondbacks vs Chicago Cubs;moneyline;away;;-103;-110;3.13;PENDING
2026-08-26T17:42:03.138358+00:00;Arizona Diamondbacks vs Chicago Cubs;moneyline;away;;-103;-110;3.13;PENDING
2026-08-26T17:42:06.713367+00:00;Arizona Diamondbacks vs Chicago Cubs;moneyline;away;;-103;-110;3.13;PENDING
2026-08-26T17:42:07.099572+00:00;Arizona Diamondbacks vs Chicago Cubs;moneyline;away;;-103;-110;3.13;PENDING
2026-08-26T17:42:10.521627+00:00;Arizona Diamondbacks vs Chicago Cubs;moneyline;away;;-103;-110;3.13;PENDING
2026-08-26T17:56:19.805987+00:00;Arizona Diamondbacks vs Chicago Cubs;moneyline;away;;-104;-112;3.5;PENDING
2026-08-26T17:56:36.867965+00:00;Arizona Diamondbacks vs Chicago Cubs;moneyline;away;;-104;-112;3.5;PENDING
2026-08-26T17:56:55.295359+00:00;Arizona Diamondbacks vs Chicago Cubs;moneyline;away;;-104;-112;3.5;PENDING
2026-08-26T17:56:55.653185+00:00;Arizona Diamondbacks vs Chicago Cubs;moneyline;away;;-104;-112;3.5;PENDING
2026-08-26T17:56:57.473888+00:00;Arizona Diamondbacks vs Chicago Cubs;moneyline;away;;-104;-112;3.5;PENDING
2026-08-26T17:57:01.662624+00:00;Arizona Diamondbacks vs Chicago Cubs;moneyline;away;;-104;-112;3.5;PENDING
2026-08-26T17:57:10.622200+00:00;Arizona Diamondbacks vs Chicago Cubs;moneyline;away;;-104;-112;3.5;PENDING
2026-08-26T17:57:15.193814+00:00;Arizona Diamondbacks vs Chicago Cubs;moneyline;away;;-104;-112;3.5;PENDING
2026-08-26T19:42:42.005506+00:00;Atlanta Braves vs Los Angeles Dodgers;moneyline;home;;116;108;3.7;PENDING
2026-08-26T19:42:49.274568+00:00;Atlanta Braves vs Los Angeles Dodgers;moneyline;home;;115;108;3.26;PENDING
2026-08-26T19:42:51.797495+00:00;Atlanta Braves vs Los Angeles Dodgers;moneyline;home;;115;108;3.26;PENDING
2026-08-26T19:42:58.154377+00:00;Atlanta Braves vs Los Angeles Dodgers;moneyline;home;;115;108;3.26;PENDING
2026-08-26T19:42:59.913754+00:00;Atlanta Braves vs Los Angeles Dodgers;moneyline;home;;116;108;3.7;PENDING
2026-08-26T19:43:03.422422+00:00;Atlanta Braves vs Los Angeles Dodgers;moneyline;home;;115;108;3.26;PENDING
2026-08-26T19:43:05.507619+00:00;Atlanta Braves vs Los Angeles Dodgers;moneyline;home;;115;108;3.26;PENDING
2026-08-26T19:43:05.543273+00:00;Atlanta Braves vs Los Angeles Dodgers;moneyline;home;;115;108;3.26;PENDING
2026-08-26T19:43:05.958760+00:00;Atlanta Braves vs Los Angeles Dodgers;moneyline;home;;115;108;3.26;PENDING
2026-08-26T19:43:07.421275+00:00;Atlanta Braves vs Los Angeles Dodgers;moneyline;home;;116;108;3.7;PENDING
2026-08-26T19:43:10.905445+00:00;Atlanta Braves vs Los Angeles Dodgers;moneyline;home;;115;108;3.26;PENDING
2026-08-26T19:43:11.752282+00:00;Atlanta Braves vs Los Angeles Dodgers;moneyline;home;;116;108;3.7;PENDING
2026-08-26T19:43:13.456165+00:00;Atlanta Braves vs Los Angeles Dodgers;moneyline;home;;115;108;3.26;PENDING
2026-08-26T19:43:23.716802+00:00;Atlanta Braves vs Los Angeles Dodgers;moneyline;home;;115;108;3.26;PENDING
2026-08-26T19:43:24.085701+00:00;Atlanta Braves vs Los Angeles Dodgers;moneyline;home;;115;108;3.26;PENDING
2026-08-26T20:12:18.195078+00:00;Los Angeles Angels vs Cleveland Guardians;moneyline;away;;-134;-166;8.24;PENDING
2026-08-26T20:12:19.932555+00:00;Los Angeles Angels vs Cleveland Guardians;moneyline;away;;-134;-166;8.24;PENDING
2026-08-26T20:12:21.247560+00:00;Los Angeles Angels vs Cleveland Guardians;moneyline;away;;-134;-166;8.24;PENDING
2026-08-26T20:12:22.232637+00:00;Los Angeles Angels vs Cleveland Guardians;moneyline;away;;-133;-166;8.53;PENDING
2026-08-26T20:12:22.695750+00:00;Los Angeles Angels vs Cleveland Guardians;moneyline;away;;-134;-166;8.24;PENDING
2026-08-26T20:12:22.701530+00:00;Los Angeles Angels vs Cleveland Guardians;spread;away;-1.5;121;-100;9.5;PENDING
2026-08-26T20:12:23.912847+00:00;Los Angeles Angels vs Cleveland Guardians;moneyline;away;;-134;-166;8.24;PENDING
2026-08-26T20:12:24.311034+00:00;Los Angeles Angels vs Cleveland Guardians;spread;away;-1.5;121;-100;9.5;PENDING
2026-08-26T20:12:24.912188+00:00;Los Angeles Angels vs Cleveland Guardians;spread;away;-1.5;121;-100;9.5;PENDING
2026-08-26T20:12:26.238806+00:00;Los Angeles Angels vs Cleveland Guardians;spread;away;-1.5;122;-100;9.91;PENDING
2026-08-26T20:12:26.317836+00:00;Los Angeles Angels vs Cleveland Guardians;moneyline;away;;-134;-166;8.24;PENDING
2026-08-26T20:12:27.089184+00:00;Los Angeles Angels vs Cleveland Guardians;spread;away;-1.5;121;-100;9.5;PENDING
2026-08-26T20:12:27.889160+00:00;Los Angeles Angels vs Cleveland Guardians;spread;away;-1.5;121;-100;9.5;PENDING
2026-08-26T20:12:28.210079+00:00;Los Angeles Angels vs Cleveland Guardians;total;over;8.5;-105;-112;3.05;PENDING
2026-08-26T20:12:28.374250+00:00;Los Angeles Angels vs Cleveland Guardians;moneyline;away;;-134;-166;8.24;PENDING
2026-08-26T20:12:28.554201+00:00;Los Angeles Angels vs Cleveland Guardians;total;over;8.5;-105;-112;3.05;PENDING
2026-08-26T20:12:28.778699+00:00;Los Angeles Angels vs Cleveland Guardians;total;over;8.5;-105;-112;3.05;PENDING
2026-08-26T20:12:29.102433+00:00;Los Angeles Angels vs Cleveland Guardians;moneyline;away;;-133;-166;8.53;PENDING
2026-08-26T20:12:29.804140+00:00;Los Angeles Angels vs Cleveland Guardians;total;over;8.5;-104;-112;3.5;PENDING
2026-08-26T20:12:30.502936+00:00;Los Angeles Angels vs Cleveland Guardians;spread;away;-1.5;121;-100;9.5;PENDING
2026-08-26T20:12:31.027445+00:00;Los Angeles Angels vs Cleveland Guardians;moneyline;away;;-134;-166;8.24;PENDING
2026-08-26T20:12:31.104148+00:00;Los Angeles Angels vs Cleveland Guardians;total;over;8.5;-105;-112;3.05;PENDING
2026-08-26T20:12:32.018062+00:00;Los Angeles Angels vs Cleveland Guardians;total;over;8.5;-105;-112;3.05;PENDING
2026-08-26T20:12:32.588178+00:00;Los Angeles Angels vs Cleveland Guardians;spread;away;-1.5;121;-100;9.5;PENDING
2026-08-26T20:12:33.332339+00:00;Los Angeles Angels vs Cleveland Guardians;spread;away;-1.5;122;-100;9.91;PENDING
2026-08-26T20:12:33.482281+00:00;Los Angeles Angels vs Cleveland Guardians;moneyline;away;;-134;-166;8.24;PENDING
2026-08-26T20:12:34.405913+00:00;Los Angeles Angels vs Cleveland Guardians;total;over;8.5;-105;-112;3.05;PENDING
2026-08-26T20:12:34.907199+00:00;Los Angeles Angels vs Cleveland Guardians;spread;away;-1.5;121;-100;9.5;PENDING
2026-08-26T20:12:35.250659+00:00;Los Angeles Angels vs Cleveland Guardians;moneyline;away;;-134;-166;8.24;PENDING
2026-08-26T20:12:36.831754+00:00;Los Angeles Angels vs Cleveland Guardians;total;over;8.5;-104;-112;3.5;PENDING
2026-08-26T20:12:37.252119+00:00;Los Angeles Angels vs Cleveland Guardians;spread;away;-1.5;121;-100;9.5;PENDING
2026-08-26T20:12:37.281261+00:00;Los Angeles Angels vs Cleveland Guardians;total;over;8.5;-104;-112;3.5;PENDING
2026-08-26T20:12:37.685030+00:00;Los Angeles Angels vs Cleveland Guardians;moneyline;away;;-134;-166;8.24;PENDING
2026-08-26T20:12:38.497596+00:00;Los Angeles Angels vs Cleveland Guardians;total;over;8.5;-104;-112;3.5;PENDING
2026-08-26T20:12:38.835446+00:00;Los Angeles Angels vs Cleveland Guardians;spread;away;-1.5;121;-100;9.5;PENDING
2026-08-26T20:12:41.154658+00:00;Los Angeles Angels vs Cleveland Guardians;total;over;8.5;-105;-112;3.05;PENDING
2026-08-26T20:12:41.774742+00:00;Los Angeles Angels vs Cleveland Guardians;spread;away;-1.5;121;-100;9.5;PENDING
2026-08-26T20:12:42.364294+00:00;Los Angeles Angels vs Cleveland Guardians;total;over;8.5;-105;-112;3.05;PENDING
2026-08-26T20:12:44.375117+00:00;Los Angeles Angels vs Cleveland Guardians;moneyline;away;;-133;-166;8.53;PENDING
2026-08-26T20:12:45.692384+00:00;Los Angeles Angels vs Cleveland Guardians;moneyline;away;;-134;-166;8.24;PENDING
2026-08-26T20:12:45.701980+00:00;Los Angeles Angels vs Cleveland Guardians;total;over;8.5;-105;-112;3.05;PENDING
2026-08-26T20:12:45.880262+00:00;Los Angeles Angels vs Cleveland Guardians;moneyline;away;;-134;-166;8.24;PENDING
2026-08-26T20:12:48.843734+00:00;Los Angeles Angels vs Cleveland Guardians;spread;away;-1.5;122;-100;9.91;PENDING
2026-08-26T20:12:49.005091+00:00;Los Angeles Angels vs Cleveland Guardians;spread;away;-1.5;121;-100;9.5;PENDING
2026-08-26T20:12:49.618124+00:00;Los Angeles Angels vs Cleveland Guardians;spread;away;-1.5;121;-100;9.5;PENDING
2026-08-26T20:12:52.951239+00:00;Los Angeles Angels vs Cleveland Guardians;total;over;8.5;-104;-112;3.5;PENDING
2026-08-26T20:12:53.275562+00:00;Los Angeles Angels vs Cleveland Guardians;total;over;8.5;-105;-112;3.05;PENDING
2026-08-26T20:12:53.365288+00:00;Los Angeles Angels vs Cleveland Guardians;total;over;8.5;-105;-112;3.05;PENDING
2026-08-26T20:12:58.188868+00:00;Los Angeles Angels vs Cleveland Guardians;moneyline;away;;-133;-166;8.53;PENDING
2026-08-26T20:13:00.853187+00:00;Los Angeles Angels vs Cleveland Guardians;moneyline;away;;-133;-166;8.53;PENDING
2026-08-26T20:13:01.859861+00:00;Los Angeles Angels vs Cleveland Guardians;moneyline;away;;-134;-166;8.24;PENDING
2026-08-26T20:13:02.036541+00:00;Los Angeles Angels vs Cleveland Guardians;spread;away;-1.5;122;-100;9.91;PENDING
2026-08-26T20:13:02.613413+00:00;Los Angeles Angels vs Cleveland Guardians;moneyline;away;;-133;-166;8.53;PENDING
2026-08-26T20:13:04.363847+00:00;Los Angeles Angels vs Cleveland Guardians;spread;away;-1.5;122;-100;9.91;PENDING
2026-08-26T20:13:05.113432+00:00;Los Angeles Angels vs Cleveland Guardians;spread;away;-1.5;121;-100;9.5;PENDING
2026-08-26T20:13:05.480203+00:00;Los Angeles Angels vs Cleveland Guardians;total;over;8.5;-104;-112;3.5;PENDING
2026-08-26T20:13:06.414293+00:00;Los Angeles Angels vs Cleveland Guardians;spread;away;-1.5;122;-100;9.91;PENDING
2026-08-26T20:13:08.554750+00:00;Los Angeles Angels vs Cleveland Guardians;total;over;8.5;-104;-112;3.5;PENDING
2026-08-26T20:13:09.442225+00:00;Los Angeles Angels vs Cleveland Guardians;moneyline;away;;-133;-166;8.53;PENDING
2026-08-26T20:13:09.538705+00:00;Los Angeles Angels vs Cleveland Guardians;total;over;8.5;-105;-112;3.05;PENDING
2026-08-26T20:13:09.758326+00:00;Los Angeles Angels vs Cleveland Guardians;total;over;8.5;-104;-112;3.5;PENDING
2026-08-26T20:13:11.430882+00:00;Los Angeles Angels vs Cleveland Guardians;moneyline;away;;-133;-166;8.53;PENDING
2026-08-26T20:13:13.534780+00:00;Los Angeles Angels vs Cleveland Guardians;spread;away;-1.5;122;-100;9.91;PENDING
2026-08-26T20:13:15.129536+00:00;Los Angeles Angels vs Cleveland Guardians;moneyline;away;;-134;-166;8.24;PENDING
2026-08-26T20:13:15.298048+00:00;Los Angeles Angels vs Cleveland Guardians;spread;away;-1.5;122;-100;9.91;PENDING
2026-08-26T20:13:16.884942+00:00;Los Angeles Angels vs Cleveland Guardians;total;over;8.5;-104;-112;3.5;PENDING
2026-08-26T20:13:18.260644+00:00;Los Angeles Angels vs Cleveland Guardians;spread;away;-1.5;121;-100;9.5;PENDING
2026-08-26T20:13:19.581212+00:00;Los Angeles Angels vs Cleveland Guardians;total;over;8.5;-104;-112;3.5;PENDING
2026-08-26T20:13:23.182538+00:00;Los Angeles Angels vs Cleveland Guardians;total;over;8.5;-105;-112;3.05;PENDING
2026-08-26T21:27:14.448719+00:00;Toronto Blue Jays vs Kansas City Royals;total;under;8.5;104;-106;4.74;PENDING
2026-08-26T21:27:15.025452+00:00;Toronto Blue Jays vs Kansas City Royals;total;under;8.5;104;-106;4.74;PENDING
2026-08-26T21:27:16.131406+00:00;Toronto Blue Jays vs Kansas City Royals;total;under;8.5;104;-106;4.74;PENDING
2026-08-26T21:27:16.131898+00:00;Toronto Blue Jays vs Kansas City Royals;total;under;8.5;104;-106;4.74;PENDING
2026-08-26T21:27:23.145676+00:00;Toronto Blue Jays vs Kansas City Royals;total;under;8.5;104;-106;4.74;PENDING
2026-08-26T21:27:26.689212+00:00;Toronto Blue Jays vs Kansas City Royals;total;under;8.5;104;-106;4.74;PENDING
2026-08-26T21:27:34.728955+00:00;Toronto Blue Jays vs Kansas City Royals;total;under;8.5;104;-106;4.74;PENDING
2026-08-26T21:27:35.057145+00:00;Toronto Blue Jays vs Kansas City Royals;total;under;8.5;104;-106;4.74;PENDING
2026-08-26T21:27:35.167993+00:00;Toronto Blue Jays vs Kansas City Royals;total;under;8.5;104;-106;4.74;PENDING
2026-08-26T21:27:39.123478+00:00;Toronto Blue Jays vs Kansas City Royals;total;under;8.5;104;-106;4.74;PENDING
2026-08-26T21:27:41.879929+00:00;Toronto Blue Jays vs Kansas City Royals;total;under;8.5;104;-106;4.74;PENDING
2026-08-26T21:27:42.726997+00:00;Toronto Blue Jays vs Kansas City Royals;total;under;8.5;104;-106;4.74;PENDING
2026-08-26T21:27:43.874741+00:00;Toronto Blue Jays vs Kansas City Royals;total;under;8.5;104;-106;4.74;PENDING
2026-08-26T21:27:44.850309+00:00;Toronto Blue Jays vs Kansas City Royals;total;under;8.5;104;-106;4.74;PENDING
2026-08-26T21:27:48.512051+00:00;Toronto Blue Jays vs Kansas City Royals;total;under;8.5;104;-106;4.74;PENDING
2026-08-26T21:27:50.160339+00:00;Toronto Blue Jays vs Kansas City Royals;total;under;8.5;104;-106;4.74;PENDING
2026-08-26T21:32:04.286072+00:00;Toronto Blue Jays vs Kansas City Royals;total;under;8.5;104;-106;4.74;PENDING
2026-08-26T21:32:05.413872+00:00;Toronto Blue Jays vs Kansas City Royals;total;under;8.5;104;-106;4.74;PENDING
2026-08-26T21:32:06.087479+00:00;Toronto Blue Jays vs Kansas City Royals;total;under;8.5;104;-106;4.74;PENDING
2026-08-26T21:32:09.131361+00:00;Toronto Blue Jays vs Kansas City Royals;total;under;8.5;104;-106;4.74;PENDING
2026-08-26T21:32:09.814739+00:00;Toronto Blue Jays vs Kansas City Royals;total;under;8.5;104;-106;4.74;PENDING
2026-08-26T21:32:12.800924+00:00;Toronto Blue Jays vs Kansas City Royals;total;under;8.5;104;-106;4.74;PENDING
2026-08-26T21:32:13.159128+00:00;Toronto Blue Jays vs Kansas City Royals;total;under;8.5;104;-106;4.74;PENDING
2026-08-26T22:08:02.828483+00:00;New York Yankees vs Houston Astros;moneyline;away;;115;107;3.72;PENDING
2026-08-26T22:08:03.932495+00:00;New York Yankees vs Houston Astros;moneyline;away;;115;107;3.72;PENDING
2026-08-26T22:08:04.756360+00:00;New York Yankees vs Houston Astros;moneyline;away;;115;107;3.72;PENDING
2026-08-26T22:08:07.208914+00:00;New York Yankees vs Houston Astros;moneyline;away;;115;107;3.72;PENDING
2026-08-26T22:08:08.542608+00:00;New York Yankees vs Houston Astros;moneyline;away;;115;107;3.72;PENDING
2026-08-26T22:08:23.963802+00:00;New York Yankees vs Houston Astros;moneyline;away;;115;107;3.72;PENDING
2026-08-26T22:08:24.150341+00:00;New York Yankees vs Houston Astros;moneyline;away;;115;107;3.72;PENDING
2026-08-26T22:08:26.022958+00:00;New York Yankees vs Houston Astros;moneyline;away;;115;107;3.72;PENDING
2026-08-26T22:08:27.137624+00:00;New York Yankees vs Houston Astros;moneyline;away;;115;107;3.72;PENDING
2026-08-26T22:08:27.624002+00:00;New York Yankees vs Houston Astros;moneyline;away;;115;107;3.72;PENDING
2026-08-26T22:08:28.502446+00:00;New York Yankees vs Houston Astros;moneyline;away;;115;107;3.72;PENDING
2026-08-26T22:08:35.611533+00:00;New York Yankees vs Houston Astros;moneyline;away;;115;107;3.72;PENDING
2026-08-26T22:08:36.583998+00:00;New York Yankees vs Houston Astros;moneyline;away;;115;107;3.72;PENDING
2026-08-26T22:08:36.589146+00:00;New York Yankees vs Houston Astros;moneyline;away;;115;107;3.72;PENDING
2026-08-26T22:08:37.043184+00:00;New York Yankees vs Houston Astros;moneyline;away;;115;107;3.72;PENDING
2026-08-26T22:08:39.654130+00:00;New York Yankees vs Houston Astros;moneyline;away;;115;107;3.72;PENDING
2026-08-26T22:08:44.772528+00:00;New York Yankees vs Houston Astros;moneyline;away;;115;107;3.72;PENDING
2026-08-26T22:08:49.748601+00:00;New York Yankees vs Houston Astros;moneyline;away;;115;107;3.72;PENDING
2026-08-26T22:08:57.272108+00:00;New York Yankees vs Houston Astros;moneyline;away;;115;107;3.72;PENDING
2026-08-26T22:08:57.283170+00:00;New York Yankees vs Houston Astros;moneyline;away;;115;107;3.72;PENDING
2026-08-26T22:09:00.055096+00:00;New York Yankees vs Houston Astros;moneyline;away;;115;107;3.72;PENDING
2026-08-26T22:09:01.761512+00:00;New York Yankees vs Houston Astros;moneyline;away;;115;107;3.72;PENDING
2026-08-26T22:09:02.792574+00:00;New York Yankees vs Houston Astros;moneyline;away;;115;107;3.72;PENDING
2026-08-26T22:23:19.279141+00:00;Washington Nationals vs Colorado Rockies;moneyline;home;;-124;-135;3.64;PENDING
2026-08-26T22:23:19.904534+00:00;Washington Nationals vs Colorado Rockies;moneyline;home;;-124;-135;3.64;PENDING
2026-08-26T22:23:23.988994+00:00;Washington Nationals vs Colorado Rockies;spread;home;-1.5;162;148;5.34;PENDING
2026-08-26T22:23:24.018466+00:00;Washington Nationals vs Colorado Rockies;spread;home;-1.5;162;148;5.34;PENDING
2026-08-26T22:23:36.078097+00:00;Washington Nationals vs Colorado Rockies;moneyline;home;;-124;-135;3.64;PENDING
2026-08-26T22:23:37.860387+00:00;Washington Nationals vs Colorado Rockies;moneyline;home;;-124;-135;3.64;PENDING
2026-08-26T22:23:38.765538+00:00;Washington Nationals vs Colorado Rockies;moneyline;home;;-124;-135;3.64;PENDING
2026-08-26T22:23:39.243057+00:00;Washington Nationals vs Colorado Rockies;moneyline;home;;-124;-135;3.64;PENDING
2026-08-26T22:23:40.803564+00:00;Washington Nationals vs Colorado Rockies;spread;home;-1.5;162;148;5.34;PENDING
2026-08-26T22:23:41.077926+00:00;Washington Nationals vs Colorado Rockies;moneyline;home;;-124;-135;3.64;PENDING
2026-08-26T22:23:41.628634+00:00;Washington Nationals vs Colorado Rockies;spread;home;-1.5;162;148;5.34;PENDING
2026-08-26T22:23:42.212749+00:00;Washington Nationals vs Colorado Rockies;spread;home;-1.5;162;148;5.34;PENDING
2026-08-26T22:23:42.512253+00:00;Washington Nationals vs Colorado Rockies;moneyline;home;;-124;-135;3.64;PENDING
2026-08-26T22:23:42.603480+00:00;Washington Nationals vs Colorado Rockies;spread;home;-1.5;162;148;5.34;PENDING
2026-08-26T22:23:46.254252+00:00;Washington Nationals vs Colorado Rockies;moneyline;home;;-124;-135;3.64;PENDING
2026-08-26T22:23:46.256555+00:00;Washington Nationals vs Colorado Rockies;spread;home;-1.5;162;148;5.34;PENDING
2026-08-26T22:23:46.686508+00:00;Washington Nationals vs Colorado Rockies;spread;home;-1.5;162;148;5.34;PENDING
2026-08-26T22:23:46.867703+00:00;Washington Nationals vs Colorado Rockies;moneyline;home;;-124;-135;3.64;PENDING
2026-08-26T22:23:46.979334+00:00;Washington Nationals vs Colorado Rockies;moneyline;home;;-124;-135;3.64;PENDING
2026-08-26T22:23:47.020471+00:00;Washington Nationals vs Colorado Rockies;moneyline;home;;-124;-135;3.64;PENDING
2026-08-26T22:23:49.394490+00:00;Washington Nationals vs Colorado Rockies;moneyline;home;;-124;-135;3.64;PENDING
2026-08-26T22:23:49.763772+00:00;Washington Nationals vs Colorado Rockies;spread;home;-1.5;162;148;5.34;PENDING
2026-08-26T22:23:50.689687+00:00;Washington Nationals vs Colorado Rockies;spread;home;-1.5;162;148;5.34;PENDING
2026-08-26T22:23:50.857908+00:00;Washington Nationals vs Colorado Rockies;spread;home;-1.5;162;148;5.34;PENDING
2026-08-26T22:23:50.898948+00:00;Washington Nationals vs Colorado Rockies;spread;home;-1.5;162;148;5.34;PENDING
2026-08-26T22:23:52.838152+00:00;Washington Nationals vs Colorado Rockies;spread;home;-1.5;162;148;5.34;PENDING
2026-08-26T22:23:54.957902+00:00;Washington Nationals vs Colorado Rockies;moneyline;home;;-124;-135;3.64;PENDING
2026-08-26T22:23:58.208888+00:00;Washington Nationals vs Colorado Rockies;spread;home;-1.5;162;148;5.34;PENDING
2026-08-26T22:24:02.843121+00:00;Washington Nationals vs Colorado Rockies;moneyline;home;;-124;-135;3.64;PENDING
2026-08-26T22:24:06.858491+00:00;Washington Nationals vs Colorado Rockies;spread;home;-1.5;162;148;5.34;PENDING
2026-08-26T22:24:11.117458+00:00;Washington Nationals vs Colorado Rockies;moneyline;home;;-124;-135;3.64;PENDING
2026-08-26T22:24:11.122030+00:00;Washington Nationals vs Colorado Rockies;moneyline;home;;-124;-135;3.64;PENDING
2026-08-26T22:24:12.562574+00:00;Washington Nationals vs Colorado Rockies;moneyline;home;;-124;-135;3.64;PENDING
2026-08-26T22:24:13.121882+00:00;Washington Nationals vs Colorado Rockies;moneyline;home;;-124;-135;3.64;PENDING
2026-08-26T22:24:13.576458+00:00;Washington Nationals vs Colorado Rockies;moneyline;home;;-124;-135;3.64;PENDING
2026-08-26T22:24:14.857825+00:00;Washington Nationals vs Colorado Rockies;spread;home;-1.5;162;148;5.34;PENDING
2026-08-26T22:24:15.224863+00:00;Washington Nationals vs Colorado Rockies;spread;home;-1.5;162;148;5.34;PENDING
2026-08-26T22:24:15.731361+00:00;Washington Nationals vs Colorado Rockies;moneyline;home;;-124;-135;3.64;PENDING
2026-08-26T22:24:15.970064+00:00;Washington Nationals vs Colorado Rockies;moneyline;home;;-124;-135;3.64;PENDING
2026-08-26T22:24:16.127181+00:00;Washington Nationals vs Colorado Rockies;spread;home;-1.5;162;148;5.34;PENDING
2026-08-26T22:24:16.781992+00:00;Washington Nationals vs Colorado Rockies;spread;home;-1.5;162;148;5.34;PENDING
2026-08-26T22:24:16.964687+00:00;Washington Nationals vs Colorado Rockies;spread;home;-1.5;162;148;5.34;PENDING
2026-08-26T22:24:18.314640+00:00;Washington Nationals vs Colorado Rockies;moneyline;home;;-124;-135;3.64;PENDING
2026-08-26T22:24:19.838303+00:00;Washington Nationals vs Colorado Rockies;spread;home;-1.5;162;148;5.34;PENDING
2026-08-26T22:24:21.726491+00:00;Washington Nationals vs Colorado Rockies;spread;home;-1.5;162;148;5.34;PENDING
2026-08-26T22:42:35.211002+00:00;Toronto Blue Jays vs Kansas City Royals;total;under;8.5;-106;-113;3.01;PENDING
2026-08-26T22:42:35.465698+00:00;Toronto Blue Jays vs Kansas City Royals;total;under;8.5;-106;-113;3.01;PENDING
2026-08-26T22:42:35.466264+00:00;Toronto Blue Jays vs Kansas City Royals;total;under;8.5;-106;-113;3.01;PENDING
2026-08-26T22:42:37.071230+00:00;Toronto Blue Jays vs Kansas City Royals;total;under;8.5;-106;-113;3.01;PENDING
2026-08-26T22:42:41.094485+00:00;Toronto Blue Jays vs Kansas City Royals;total;under;8.5;-106;-113;3.01;PENDING
2026-08-26T22:42:55.125664+00:00;Toronto Blue Jays vs Kansas City Royals;total;under;8.5;-106;-113;3.01;PENDING
2026-08-26T22:42:55.993872+00:00;Toronto Blue Jays vs Kansas City Royals;total;under;8.5;-106;-113;3.01;PENDING
2026-08-26T22:42:56.236478+00:00;Toronto Blue Jays vs Kansas City Royals;total;under;8.5;-106;-113;3.01;PENDING
2026-08-26T22:43:00.187849+00:00;Toronto Blue Jays vs Kansas City Royals;total;under;8.5;-106;-113;3.01;PENDING
2026-08-26T22:43:01.192953+00:00;Toronto Blue Jays vs Kansas City Royals;total;under;8.5;-106;-113;3.01;PENDING
2026-08-26T22:43:04.612854+00:00;Toronto Blue Jays vs Kansas City Royals;total;under;8.5;-106;-113;3.01;PENDING
2026-08-26T22:43:05.186485+00:00;Toronto Blue Jays vs Kansas City Royals;total;under;8.5;-106;-113;3.01;PENDING
2026-08-26T22:43:05.434112+00:00;Toronto Blue Jays vs Kansas City Royals;total;under;8.5;-106;-113;3.01;PENDING
2026-08-26T22:43:06.764446+00:00;Toronto Blue Jays vs Kansas City Royals;total;under;8.5;-106;-113;3.01;PENDING
2026-08-26T22:43:07.388388+00:00;Toronto Blue Jays vs Kansas City Royals;total;under;8.5;-106;-113;3.01;PENDING
2026-08-26T22:43:10.579785+00:00;Toronto Blue Jays vs Kansas City Royals;total;under;8.5;-106;-113;3.01;PENDING
2026-08-26T22:43:13.208463+00:00;Toronto Blue Jays vs Kansas City Royals;total;under;8.5;-106;-113;3.01;PENDING
2026-08-26T22:43:20.179798+00:00;Toronto Blue Jays vs Kansas City Royals;total;under;8.5;-106;-113;3.01;PENDING
2026-08-26T22:43:27.566478+00:00;Toronto Blue Jays vs Kansas City Royals;total;under;8.5;-106;-113;3.01;PENDING
2026-08-26T22:43:28.228398+00:00;Toronto Blue Jays vs Kansas City Royals;total;under;8.5;-106;-113;3.01;PENDING
2026-08-26T22:43:28.718554+00:00;Toronto Blue Jays vs Kansas City Royals;total;under;8.5;-106;-113;3.01;PENDING
2026-08-26T22:43:29.624285+00:00;Toronto Blue Jays vs Kansas City Royals;total;under;8.5;-106;-113;3.01;PENDING
2026-08-26T22:43:30.487757+00:00;Toronto Blue Jays vs Kansas City Royals;total;under;8.5;-106;-113;3.01;PENDING
2026-08-26T22:43:58.592996+00:00;Miami Marlins vs Boston Red Sox;moneyline;home;;119;-104;10.43;PENDING
2026-08-26T22:44:00.113851+00:00;Miami Marlins vs Boston Red Sox;moneyline;home;;119;-104;10.43;PENDING
2026-08-26T22:44:00.161250+00:00;Miami Marlins vs Boston Red Sox;moneyline;home;;119;-104;10.43;PENDING
2026-08-26T22:44:05.121357+00:00;Miami Marlins vs Boston Red Sox;moneyline;home;;119;-104;10.43;PENDING
2026-08-26T22:44:05.362887+00:00;Miami Marlins vs Boston Red Sox;moneyline;home;;119;-104;10.43;PENDING
2026-08-26T22:44:09.116697+00:00;Miami Marlins vs Boston Red Sox;moneyline;home;;119;-104;10.43;PENDING
2026-08-26T22:44:09.231374+00:00;Miami Marlins vs Boston Red Sox;moneyline;home;;119;-104;10.43;PENDING
2026-08-26T22:44:09.562021+00:00;Miami Marlins vs Boston Red Sox;moneyline;home;;119;-104;10.43;PENDING
2026-08-26T22:44:10.833100+00:00;Miami Marlins vs Boston Red Sox;moneyline;home;;119;-104;10.43;PENDING
2026-08-26T22:44:12.042702+00:00;Miami Marlins vs Boston Red Sox;moneyline;home;;119;-104;10.43;PENDING
2026-08-26T22:44:14.550035+00:00;Miami Marlins vs Boston Red Sox;moneyline;home;;119;-104;10.43;PENDING
2026-08-26T22:44:17.133763+00:00;Miami Marlins vs Boston Red Sox;moneyline;home;;119;-104;10.43;PENDING
2026-08-26T22:44:23.748033+00:00;Miami Marlins vs Boston Red Sox;moneyline;home;;119;-104;10.43;PENDING
2026-08-26T22:44:31.299727+00:00;Miami Marlins vs Boston Red Sox;moneyline;home;;119;-104;10.43;PENDING
2026-08-26T22:44:32.039632+00:00;Miami Marlins vs Boston Red Sox;moneyline;home;;119;-104;10.43;PENDING
2026-08-26T22:44:32.750364+00:00;Miami Marlins vs Boston Red Sox;moneyline;home;;119;-104;10.43;PENDING
2026-08-26T22:44:34.001848+00:00;Miami Marlins vs Boston Red Sox;moneyline;home;;119;-104;10.43;PENDING
2026-08-26T22:44:34.302074+00:00;Miami Marlins vs Boston Red Sox;moneyline;home;;119;-104;10.43;PENDING
2026-08-26T22:49:41.189057+00:00;Miami Marlins vs Boston Red Sox;moneyline;home;;119;-104;10.43;PENDING
2026-08-26T22:49:41.513074+00:00;Miami Marlins vs Boston Red Sox;moneyline;home;;119;-104;10.43;PENDING
2026-08-26T22:49:41.572233+00:00;Miami Marlins vs Boston Red Sox;moneyline;home;;119;-104;10.43;PENDING
2026-08-26T22:49:41.981385+00:00;Miami Marlins vs Boston Red Sox;moneyline;home;;119;-104;10.43;PENDING
2026-08-26T22:49:45.731148+00:00;Miami Marlins vs Boston Red Sox;moneyline;home;;119;-104;10.43;PENDING
2026-08-26T23:12:46.245067+00:00;Toronto Blue Jays vs Kansas City Royals;moneyline;home;;-149;-184;7.64;PENDING
2026-08-26T23:12:48.554675+00:00;Toronto Blue Jays vs Kansas City Royals;moneyline;home;;-149;-184;7.64;PENDING
2026-08-26T23:12:49.520602+00:00;Toronto Blue Jays vs Kansas City Royals;moneyline;home;;-149;-184;7.64;PENDING
2026-08-26T23:12:49.808965+00:00;Toronto Blue Jays vs Kansas City Royals;moneyline;home;;-149;-184;7.64;PENDING
2026-08-26T23:12:54.060322+00:00;Toronto Blue Jays vs Kansas City Royals;moneyline;home;;-149;-184;7.64;PENDING
2026-08-26T23:12:55.282033+00:00;Toronto Blue Jays vs Kansas City Royals;moneyline;home;;-149;-184;7.64;PENDING
2026-08-26T23:12:56.081146+00:00;Toronto Blue Jays vs Kansas City Royals;moneyline;home;;-149;-184;7.64;PENDING
2026-08-26T23:12:56.090298+00:00;Toronto Blue Jays vs Kansas City Royals;moneyline;home;;-149;-184;7.64;PENDING
2026-08-26T23:12:56.226759+00:00;Toronto Blue Jays vs Kansas City Royals;moneyline;home;;-149;-184;7.64;PENDING
2026-08-26T23:12:58.499800+00:00;Toronto Blue Jays vs Kansas City Royals;moneyline;home;;-149;-184;7.64;PENDING
2026-08-26T23:12:59.258068+00:00;Toronto Blue Jays vs Kansas City Royals;moneyline;home;;-149;-184;7.64;PENDING
2026-08-26T23:13:16.181462+00:00;Toronto Blue Jays vs Kansas City Royals;moneyline;home;;-149;-184;7.64;PENDING
2026-08-26T23:13:18.099317+00:00;Toronto Blue Jays vs Kansas City Royals;moneyline;home;;-149;-184;7.64;PENDING
2026-08-26T23:13:18.432602+00:00;Toronto Blue Jays vs Kansas City Royals;moneyline;home;;-149;-184;7.64;PENDING
2026-08-26T23:13:23.141619+00:00;Toronto Blue Jays vs Kansas City Royals;moneyline;home;;-149;-184;7.64;PENDING
2026-08-26T23:13:23.221870+00:00;Toronto Blue Jays vs Kansas City Royals;moneyline;home;;-149;-184;7.64;PENDING
2026-08-26T23:13:25.632360+00:00;Toronto Blue Jays vs Kansas City Royals;moneyline;home;;-149;-184;7.64;PENDING
2026-08-26T23:13:29.656751+00:00;Toronto Blue Jays vs Kansas City Royals;moneyline;home;;-149;-184;7.64;PENDING
2026-08-26T23:13:29.685156+00:00;Toronto Blue Jays vs Kansas City Royals;moneyline;home;;-149;-184;7.64;PENDING
2026-08-26T23:13:32.741292+00:00;Toronto Blue Jays vs Kansas City Royals;moneyline;home;;-149;-184;7.64;PENDING
2026-08-26T23:13:33.537988+00:00;Toronto Blue Jays vs Kansas City Royals;moneyline;home;;-149;-184;7.64;PENDING
2026-08-26T23:13:36.839751+00:00;Toronto Blue Jays vs Kansas City Royals;moneyline;home;;-149;-184;7.64;PENDING
2026-08-26T23:13:40.802948+00:00;Toronto Blue Jays vs Kansas City Royals;moneyline;home;;-149;-184;7.64;PENDING
2026-08-26T23:13:51.985893+00:00;New York Mets vs Milwaukee Brewers;moneyline;home;;138;129;3.78;PENDING
2026-08-26T23:13:52.515993+00:00;New York Mets vs Milwaukee Brewers;moneyline;home;;138;129;3.78;PENDING
2026-08-26T23:13:53.724092+00:00;New York Mets vs Milwaukee Brewers;moneyline;home;;138;129;3.78;PENDING
2026-08-26T23:13:54.045753+00:00;New York Mets vs Milwaukee Brewers;moneyline;home;;138;129;3.78;PENDING
2026-08-26T23:13:55.245475+00:00;New York Mets vs Milwaukee Brewers;total;over;8.0;-107;-118;4.5;PENDING
2026-08-26T23:13:55.978657+00:00;New York Mets vs Milwaukee Brewers;total;over;8.0;-107;-118;4.5;PENDING
2026-08-26T23:13:56.766727+00:00;New York Mets vs Milwaukee Brewers;total;over;8.0;-107;-118;4.5;PENDING
2026-08-26T23:13:58.047095+00:00;New York Mets vs Milwaukee Brewers;moneyline;home;;138;129;3.78;PENDING
2026-08-26T23:13:58.401727+00:00;New York Mets vs Milwaukee Brewers;total;over;8.0;-107;-118;4.5;PENDING
2026-08-26T23:13:58.893119+00:00;New York Mets vs Milwaukee Brewers;moneyline;home;;138;129;3.78;PENDING
2026-08-26T23:14:00.830537+00:00;New York Mets vs Milwaukee Brewers;moneyline;home;;138;129;3.78;PENDING
2026-08-26T23:14:00.920993+00:00;New York Mets vs Milwaukee Brewers;moneyline;home;;138;129;3.78;PENDING
2026-08-26T23:14:01.018865+00:00;New York Mets vs Milwaukee Brewers;moneyline;home;;138;129;3.78;PENDING
2026-08-26T23:14:01.621890+00:00;New York Mets vs Milwaukee Brewers;total;over;8.0;-107;-118;4.5;PENDING
2026-08-26T23:14:02.361723+00:00;New York Mets vs Milwaukee Brewers;moneyline;home;;138;129;3.78;PENDING
2026-08-26T23:14:02.737183+00:00;New York Mets vs Milwaukee Brewers;moneyline;home;;138;129;3.78;PENDING
2026-08-26T23:14:02.910616+00:00;New York Mets vs Milwaukee Brewers;total;over;8.0;-107;-118;4.5;PENDING
2026-08-26T23:14:04.739201+00:00;New York Mets vs Milwaukee Brewers;total;over;8.0;-107;-118;4.5;PENDING
2026-08-26T23:14:05.095469+00:00;New York Mets vs Milwaukee Brewers;total;over;8.0;-107;-118;4.5;PENDING
2026-08-26T23:14:05.596025+00:00;New York Mets vs Milwaukee Brewers;total;over;8.0;-107;-118;4.5;PENDING
2026-08-26T23:14:05.729679+00:00;New York Mets vs Milwaukee Brewers;total;over;8.0;-107;-118;4.5;PENDING
2026-08-26T23:14:06.522812+00:00;New York Mets vs Milwaukee Brewers;total;over;8.0;-107;-118;4.5;PENDING
2026-08-26T23:14:19.856212+00:00;New York Mets vs Milwaukee Brewers;moneyline;home;;138;129;3.78;PENDING
2026-08-26T23:14:21.452636+00:00;New York Mets vs Milwaukee Brewers;moneyline;home;;138;129;3.78;PENDING
2026-08-26T23:14:21.957693+00:00;New York Mets vs Milwaukee Brewers;moneyline;home;;138;129;3.78;PENDING
2026-08-26T23:14:22.947065+00:00;New York Mets vs Milwaukee Brewers;total;over;8.0;-107;-118;4.5;PENDING
2026-08-26T23:14:25.254013+00:00;New York Mets vs Milwaukee Brewers;total;over;8.0;-107;-118;4.5;PENDING
2026-08-26T23:14:25.350833+00:00;New York Mets vs Milwaukee Brewers;total;over;8.0;-107;-118;4.5;PENDING
2026-08-26T23:14:26.755751+00:00;New York Mets vs Milwaukee Brewers;moneyline;home;;138;129;3.78;PENDING
2026-08-26T23:14:27.137413+00:00;New York Mets vs Milwaukee Brewers;moneyline;home;;138;129;3.78;PENDING
2026-08-26T23:14:29.931604+00:00;New York Mets vs Milwaukee Brewers;moneyline;home;;138;129;3.78;PENDING
2026-08-26T23:14:30.385161+00:00;New York Mets vs Milwaukee Brewers;total;over;8.0;-107;-118;4.5;PENDING
2026-08-26T23:14:30.907960+00:00;New York Mets vs Milwaukee Brewers;total;over;8.0;-107;-118;4.5;PENDING
2026-08-26T23:14:33.219512+00:00;New York Mets vs Milwaukee Brewers;total;over;8.0;-107;-118;4.5;PENDING
2026-08-26T23:14:33.320110+00:00;New York Mets vs Milwaukee Brewers;moneyline;home;;138;129;3.78;PENDING
2026-08-26T23:14:33.690958+00:00;New York Mets vs Milwaukee Brewers;moneyline;home;;138;129;3.78;PENDING
2026-08-26T23:14:36.658413+00:00;New York Mets vs Milwaukee Brewers;moneyline;home;;138;129;3.78;PENDING
2026-08-26T23:14:36.938948+00:00;New York Mets vs Milwaukee Brewers;total;over;8.0;-107;-118;4.5;PENDING
2026-08-26T23:14:37.131401+00:00;New York Mets vs Milwaukee Brewers;total;over;8.0;-107;-118;4.5;PENDING
2026-08-26T23:14:37.346106+00:00;New York Mets vs Milwaukee Brewers;moneyline;home;;138;129;3.78;PENDING
2026-08-26T23:14:40.084411+00:00;New York Mets vs Milwaukee Brewers;total;over;8.0;-107;-118;4.5;PENDING
2026-08-26T23:14:40.839749+00:00;New York Mets vs Milwaukee Brewers;moneyline;home;;138;129;3.78;PENDING
2026-08-26T23:14:41.055947+00:00;New York Mets vs Milwaukee Brewers;total;over;8.0;-107;-118;4.5;PENDING
2026-08-26T23:14:44.682056+00:00;New York Mets vs Milwaukee Brewers;total;over;8.0;-107;-118;4.5;PENDING
2026-08-26T23:20:45.929050+00:00;New York Mets vs Milwaukee Brewers;moneyline;home;;138;129;3.78;PENDING
2026-08-26T23:20:49.453621+00:00;New York Mets vs Milwaukee Brewers;total;over;8.0;-107;-118;4.5;PENDING
2026-08-27T03:42:18.037456+00:00;Atlanta Braves vs Los Angeles Dodgers;total;under;7.0;102;-111;5.9;PENDING
2026-08-27T03:42:18.122632+00:00;Atlanta Braves vs Los Angeles Dodgers;total;under;7.0;102;-111;5.9;PENDING
2026-08-27T03:42:21.665580+00:00;Atlanta Braves vs Los Angeles Dodgers;total;under;7.0;102;-111;5.9;PENDING
2026-08-27T03:42:21.693053+00:00;Atlanta Braves vs Los Angeles Dodgers;total;under;7.0;102;-111;5.9;PENDING
2026-08-27T03:42:22.461905+00:00;Atlanta Braves vs Los Angeles Dodgers;total;under;7.0;102;-111;5.9;PENDING
2026-08-27T03:42:33.687213+00:00;Atlanta Braves vs Los Angeles Dodgers;total;under;7.0;102;-111;5.9;PENDING
2026-08-27T03:42:34.098516+00:00;Atlanta Braves vs Los Angeles Dodgers;total;under;7.0;102;-111;5.9;PENDING
2026-08-27T03:42:34.276641+00:00;Atlanta Braves vs Los Angeles Dodgers;total;under;7.0;102;-111;5.9;PENDING
2026-08-27T03:42:38.301526+00:00;Atlanta Braves vs Los Angeles Dodgers;total;under;7.0;102;-111;5.9;PENDING
2026-08-27T03:42:38.301533+00:00;Atlanta Braves vs Los Angeles Dodgers;total;under;7.0;102;-111;5.9;PENDING
2026-08-27T03:42:38.614475+00:00;Atlanta Braves vs Los Angeles Dodgers;total;under;7.0;102;-111;5.9;PENDING
2026-08-27T03:42:50.945183+00:00;Atlanta Braves vs Los Angeles Dodgers;total;under;7.0;102;-111;5.9;PENDING
2026-08-27T03:45:02.608705+00:00;Atlanta Braves vs Los Angeles Dodgers;total;under;7.0;102;-111;5.9;PENDING
2026-08-27T03:45:04.520912+00:00;Atlanta Braves vs Los Angeles Dodgers;total;under;7.0;102;-111;5.9;PENDING
2026-08-27T03:45:04.596886+00:00;Atlanta Braves vs Los Angeles Dodgers;total;under;7.0;102;-111;5.9;PENDING
2026-08-27T03:45:04.723062+00:00;Atlanta Braves vs Los Angeles Dodgers;total;under;7.0;102;-111;5.9;PENDING
2026-08-27T03:45:06.302441+00:00;Atlanta Braves vs Los Angeles Dodgers;total;under;7.0;102;-111;5.9;PENDING
2026-08-27T03:45:07.465040+00:00;Atlanta Braves vs Los Angeles Dodgers;total;under;7.0;102;-111;5.9;PENDING
2026-08-27T03:45:10.329689+00:00;Atlanta Braves vs Los Angeles Dodgers;total;under;7.0;102;-111;5.9;PENDING
2026-08-27T03:45:10.850363+00:00;Atlanta Braves vs Los Angeles Dodgers;total;under;7.0;102;-111;5.9;PENDING
2026-08-27T03:45:12.931904+00:00;Atlanta Braves vs Los Angeles Dodgers;total;under;7.0;102;-111;5.9;PENDING
2026-08-27T03:45:15.764749+00:00;Atlanta Braves vs Los Angeles Dodgers;total;under;7.0;102;-111;5.9;PENDING
2026-08-27T03:45:15.845228+00:00;Atlanta Braves vs Los Angeles Dodgers;total;under;7.0;102;-111;5.9;PENDING
2026-08-27T04:44:36.313623+00:00;New York Yankees vs Houston Astros;total;over;8.5;-101;-111;4.48;PENDING
2026-08-27T04:44:36.382956+00:00;New York Yankees vs Houston Astros;total;over;8.5;-101;-111;4.48;PENDING
2026-08-27T04:44:42.984581+00:00;New York Yankees vs Houston Astros;total;over;8.5;-101;-111;4.48;PENDING
2026-08-27T04:44:43.083845+00:00;New York Yankees vs Houston Astros;total;over;8.5;-101;-111;4.48;PENDING
2026-08-27T04:44:43.572600+00:00;New York Yankees vs Houston Astros;total;over;8.5;-101;-111;4.48;PENDING
2026-08-27T04:44:51.795036+00:00;New York Yankees vs Houston Astros;total;over;8.5;-101;-111;4.48;PENDING
2026-08-27T04:44:52.050222+00:00;New York Yankees vs Houston Astros;total;over;8.5;-101;-111;4.48;PENDING
2026-08-27T04:44:54.046001+00:00;New York Yankees vs Houston Astros;total;over;8.5;-101;-111;4.48;PENDING
2026-08-27T04:44:56.206315+00:00;New York Yankees vs Houston Astros;total;over;8.5;-101;-111;4.48;PENDING
2026-08-27T04:44:56.293423+00:00;New York Yankees vs Houston Astros;total;over;8.5;-101;-111;4.48;PENDING
2026-08-27T04:44:56.483938+00:00;New York Yankees vs Houston Astros;total;over;8.5;-101;-111;4.48;PENDING
2026-08-27T04:45:07.668974+00:00;New York Yankees vs Houston Astros;total;over;8.5;-101;-111;4.48;PENDING
2026-08-27T04:45:21.806250+00:00;New York Yankees vs Houston Astros;total;over;8.5;-101;-111;4.48;PENDING
2026-08-27T04:45:23.262914+00:00;New York Yankees vs Houston Astros;total;over;8.5;-101;-111;4.48;PENDING
2026-08-27T04:45:24.060005+00:00;New York Yankees vs Houston Astros;total;over;8.5;-101;-111;4.48;PENDING
2026-08-27T04:45:24.956049+00:00;New York Yankees vs Houston Astros;total;over;8.5;-101;-111;4.48;PENDING
2026-08-27T04:45:25.005963+00:00;New York Yankees vs Houston Astros;total;over;8.5;-101;-111;4.48;PENDING
2026-08-27T04:45:27.481231+00:00;New York Yankees vs Houston Astros;total;over;8.5;-101;-111;4.48;PENDING
2026-08-27T04:45:28.281675+00:00;New York Yankees vs Houston Astros;total;over;8.5;-101;-111;4.48;PENDING
2026-08-27T04:45:28.649701+00:00;New York Yankees vs Houston Astros;total;over;8.5;-101;-111;4.48;PENDING
2026-08-27T04:47:31.161345+00:00;New York Yankees vs Houston Astros;total;over;8.5;-101;-111;4.48;PENDING
2026-08-27T04:47:31.446940+00:00;New York Yankees vs Houston Astros;total;over;8.5;-101;-111;4.48;PENDING
2026-08-27T04:47:31.622905+00:00;New York Yankees vs Houston Astros;total;over;8.5;-101;-111;4.48;PENDING
2026-08-27T05:28:05.017257+00:00;Atlanta Braves vs Los Angeles Dodgers;total;under;7.0;-111;-119;3.19;PENDING
2026-08-27T05:28:06.360939+00:00;Atlanta Braves vs Los Angeles Dodgers;total;under;7.0;-111;-119;3.19;PENDING
2026-08-27T05:28:09.307718+00:00;Atlanta Braves vs Los Angeles Dodgers;total;under;7.0;-111;-119;3.19;PENDING
2026-08-27T05:28:10.350507+00:00;Atlanta Braves vs Los Angeles Dodgers;total;under;7.0;-111;-119;3.19;PENDING
2026-08-27T05:28:10.372330+00:00;Atlanta Braves vs Los Angeles Dodgers;total;under;7.0;-111;-119;3.19;PENDING
2026-08-27T05:28:10.491852+00:00;Atlanta Braves vs Los Angeles Dodgers;total;under;7.0;-111;-119;3.19;PENDING
2026-08-27T05:28:21.331445+00:00;Atlanta Braves vs Los Angeles Dodgers;total;under;7.0;-111;-119;3.19;PENDING
2026-08-27T05:28:35.339769+00:00;Atlanta Braves vs Los Angeles Dodgers;total;under;7.0;-111;-119;3.19;PENDING
2026-08-27T05:28:37.175631+00:00;Atlanta Braves vs Los Angeles Dodgers;total;under;7.0;-111;-119;3.19;PENDING
2026-08-27T05:28:37.721590+00:00;Atlanta Braves vs Los Angeles Dodgers;total;under;7.0;-111;-119;3.19;PENDING
2026-08-27T05:28:39.470770+00:00;Atlanta Braves vs Los Angeles Dodgers;total;under;7.0;-111;-119;3.19;PENDING
2026-08-27T05:28:39.925937+00:00;Atlanta Braves vs Los Angeles Dodgers;total;under;7.0;-111;-119;3.19;PENDING
2026-08-27T05:28:40.542555+00:00;Atlanta Braves vs Los Angeles Dodgers;total;under;7.0;-111;-119;3.19;PENDING
2026-08-27T05:28:41.570169+00:00;Atlanta Braves vs Los Angeles Dodgers;total;under;7.0;-111;-119;3.19;PENDING
2026-08-27T05:28:42.446645+00:00;Atlanta Braves vs Los Angeles Dodgers;total;under;7.0;-111;-119;3.19;PENDING
2026-08-27T05:28:43.614560+00:00;Atlanta Braves vs Los Angeles Dodgers;total;under;7.0;-111;-119;3.19;PENDING
2026-08-27T05:28:44.316283+00:00;Atlanta Braves vs Los Angeles Dodgers;total;under;7.0;-111;-119;3.19;PENDING
2026-08-27T05:28:45.399261+00:00;Atlanta Braves vs Los Angeles Dodgers;total;under;7.0;-111;-119;3.19;PENDING
2026-08-27T05:28:49.728915+00:00;Atlanta Braves vs Los Angeles Dodgers;total;under;7.0;-111;-119;3.19;PENDING
2026-08-27T05:28:50.094680+00:00;Atlanta Braves vs Los Angeles Dodgers;total;under;7.0;-111;-119;3.19;PENDING
2026-08-27T05:28:58.976913+00:00;Atlanta Braves vs Los Angeles Dodgers;total;under;7.0;-111;-119;3.19;PENDING
2026-08-27T05:28:59.044747+00:00;Atlanta Braves vs Los Angeles Dodgers;total;under;7.0;-111;-119;3.19;PENDING
2026-08-27T05:29:00.596794+00:00;Atlanta Braves vs Los Angeles Dodgers;total;under;7.0;-111;-119;3.19;PENDING
2026-08-27T07:39:21.749513+00:00;Washington Nationals vs Colorado Rockies;moneyline;home;;-113;-126;4.84;PENDING
2026-08-27T07:39:22.356511+00:00;Washington Nationals vs Colorado Rockies;moneyline;home;;-113;-126;4.84;PENDING
2026-08-27T07:39:22.903536+00:00;Washington Nationals vs Colorado Rockies;moneyline;home;;-113;-126;4.84;PENDING
2026-08-27T07:39:24.242752+00:00;Washington Nationals vs Colorado Rockies;moneyline;home;;-113;-126;4.84;PENDING
2026-08-27T07:39:25.241578+00:00;Washington Nationals vs Colorado Rockies;moneyline;home;;-113;-126;4.84;PENDING
2026-08-27T07:39:26.474469+00:00;Washington Nationals vs Colorado Rockies;moneyline;home;;-113;-126;4.84;PENDING
2026-08-27T07:39:26.847094+00:00;Washington Nationals vs Colorado Rockies;spread;home;-1.5;175;162;4.73;PENDING
2026-08-27T07:39:27.034159+00:00;Washington Nationals vs Colorado Rockies;spread;home;-1.5;175;162;4.73;PENDING
2026-08-27T07:39:27.067813+00:00;Washington Nationals vs Colorado Rockies;spread;home;-1.5;175;162;4.73;PENDING
2026-08-27T07:39:28.608782+00:00;Washington Nationals vs Colorado Rockies;spread;home;-1.5;175;162;4.73;PENDING
2026-08-27T07:39:29.457290+00:00;Washington Nationals vs Colorado Rockies;spread;home;-1.5;175;162;4.73;PENDING
2026-08-27T07:39:29.915966+00:00;Washington Nationals vs Colorado Rockies;spread;home;-1.5;175;162;4.73;PENDING
2026-08-27T07:39:40.975327+00:00;Washington Nationals vs Colorado Rockies;moneyline;home;;-113;-126;4.84;PENDING
2026-08-27T07:39:41.749408+00:00;Washington Nationals vs Colorado Rockies;moneyline;home;;-113;-126;4.84;PENDING
2026-08-27T07:39:42.092220+00:00;Washington Nationals vs Colorado Rockies;moneyline;home;;-113;-126;4.84;PENDING
2026-08-27T07:39:42.179998+00:00;Washington Nationals vs Colorado Rockies;moneyline;home;;-113;-126;4.84;PENDING
2026-08-27T07:39:43.795779+00:00;Washington Nationals vs Colorado Rockies;spread;home;-1.5;175;162;4.73;PENDING
2026-08-27T07:39:45.648466+00:00;Washington Nationals vs Colorado Rockies;spread;home;-1.5;175;162;4.73;PENDING
2026-08-27T07:39:46.061475+00:00;Washington Nationals vs Colorado Rockies;spread;home;-1.5;175;162;4.73;PENDING
2026-08-27T07:39:46.126852+00:00;Washington Nationals vs Colorado Rockies;moneyline;home;;-113;-126;4.84;PENDING
2026-08-27T07:39:46.131849+00:00;Washington Nationals vs Colorado Rockies;spread;home;-1.5;175;162;4.73;PENDING
2026-08-27T07:39:46.382744+00:00;Washington Nationals vs Colorado Rockies;moneyline;home;;-113;-126;4.84;PENDING
2026-08-27T07:39:48.462429+00:00;Washington Nationals vs Colorado Rockies;moneyline;home;;-113;-126;4.84;PENDING
2026-08-27T07:39:48.564747+00:00;Washington Nationals vs Colorado Rockies;moneyline;home;;-113;-126;4.84;PENDING
2026-08-27T07:39:49.893763+00:00;Washington Nationals vs Colorado Rockies;spread;home;-1.5;175;162;4.73;PENDING
2026-08-27T07:39:50.135617+00:00;Washington Nationals vs Colorado Rockies;spread;home;-1.5;175;162;4.73;PENDING
2026-08-27T07:39:50.507863+00:00;Washington Nationals vs Colorado Rockies;moneyline;home;;-113;-126;4.84;PENDING
2026-08-27T07:39:51.953184+00:00;Washington Nationals vs Colorado Rockies;spread;home;-1.5;175;162;4.73;PENDING
2026-08-27T07:39:52.237065+00:00;Washington Nationals vs Colorado Rockies;spread;home;-1.5;175;162;4.73;PENDING
2026-08-27T07:39:54.009405+00:00;Washington Nationals vs Colorado Rockies;spread;home;-1.5;175;162;4.73;PENDING
2026-08-27T07:39:54.878571+00:00;Washington Nationals vs Colorado Rockies;moneyline;home;;-113;-126;4.84;PENDING
2026-08-27T07:39:58.340462+00:00;Washington Nationals vs Colorado Rockies;spread;home;-1.5;175;162;4.73;PENDING
2026-08-27T07:40:15.153869+00:00;Washington Nationals vs Colorado Rockies;moneyline;home;;-113;-126;4.84;PENDING
2026-08-27T07:40:16.686571+00:00;Washington Nationals vs Colorado Rockies;moneyline;home;;-113;-126;4.84;PENDING
2026-08-27T07:40:18.129285+00:00;Washington Nationals vs Colorado Rockies;moneyline;home;;-113;-126;4.84;PENDING
2026-08-27T07:40:18.211092+00:00;Washington Nationals vs Colorado Rockies;moneyline;home;;-113;-126;4.84;PENDING
2026-08-27T07:40:18.601604+00:00;Washington Nationals vs Colorado Rockies;spread;home;-1.5;175;162;4.73;PENDING
2026-08-27T07:40:19.392534+00:00;Washington Nationals vs Colorado Rockies;moneyline;home;;-113;-126;4.84;PENDING
2026-08-27T07:40:19.424961+00:00;Washington Nationals vs Colorado Rockies;moneyline;home;;-113;-126;4.84;PENDING
2026-08-27T07:40:20.453247+00:00;Washington Nationals vs Colorado Rockies;spread;home;-1.5;175;162;4.73;PENDING
2026-08-27T07:40:21.654103+00:00;Washington Nationals vs Colorado Rockies;spread;home;-1.5;175;162;4.73;PENDING
2026-08-27T07:40:22.533361+00:00;Washington Nationals vs Colorado Rockies;spread;home;-1.5;175;162;4.73;PENDING
2026-08-27T07:40:23.480374+00:00;Washington Nationals vs Colorado Rockies;spread;home;-1.5;175;162;4.73;PENDING
2026-08-27T07:40:23.696260+00:00;Washington Nationals vs Colorado Rockies;spread;home;-1.5;175;162;4.73;PENDING
2026-08-27T07:40:29.407004+00:00;Washington Nationals vs Colorado Rockies;moneyline;home;;-113;-126;4.84;PENDING
2026-08-27T07:40:32.798705+00:00;Washington Nationals vs Colorado Rockies;spread;home;-1.5;175;162;4.73;PENDING
2026-08-27T11:47:05.106128+00:00;New York Mets vs Milwaukee Brewers;total;under;7.0;105;-102;3.4;PENDING
2026-08-27T11:47:10.204956+00:00;New York Mets vs Milwaukee Brewers;total;under;7.0;105;-102;3.4;PENDING
2026-08-27T11:47:23.113078+00:00;New York Mets vs Milwaukee Brewers;total;under;7.0;105;-102;3.4;PENDING
2026-08-27T11:47:25.665342+00:00;New York Mets vs Milwaukee Brewers;total;under;7.0;105;-102;3.4;PENDING
2026-08-27T11:47:26.798503+00:00;New York Mets vs Milwaukee Brewers;total;under;7.0;105;-102;3.4;PENDING
2026-08-27T11:47:31.090955+00:00;New York Mets vs Milwaukee Brewers;total;under;7.0;105;-102;3.4;PENDING
2026-08-27T11:47:36.661378+00:00;New York Mets vs Milwaukee Brewers;total;under;7.0;105;-102;3.4;PENDING
2026-08-27T11:47:36.744310+00:00;New York Mets vs Milwaukee Brewers;total;under;7.0;105;-102;3.4;PENDING
2026-08-27T11:47:36.789866+00:00;New York Mets vs Milwaukee Brewers;total;under;7.0;105;-102;3.4;PENDING
2026-08-27T11:47:57.509671+00:00;New York Mets vs Milwaukee Brewers;total;under;7.0;105;-102;3.4;PENDING
2026-08-27T11:48:01.721491+00:00;New York Mets vs Milwaukee Brewers;total;under;7.0;105;-102;3.4;PENDING
2026-08-27T11:48:02.986930+00:00;New York Mets vs Milwaukee Brewers;total;under;7.0;105;-102;3.4;PENDING
2026-08-27T11:49:39.437525+00:00;New York Mets vs Milwaukee Brewers;total;under;7.0;105;-102;3.4;PENDING
2026-08-27T11:49:42.963315+00:00;New York Mets vs Milwaukee Brewers;total;under;7.0;105;-102;3.4;PENDING
2026-08-27T11:49:43.059379+00:00;New York Mets vs Milwaukee Brewers;total;under;7.0;105;-102;3.4;PENDING
2026-08-27T11:49:44.072754+00:00;New York Mets vs Milwaukee Brewers;total;under;7.0;105;-102;3.4;PENDING
2026-08-27T11:49:50.667652+00:00;New York Mets vs Milwaukee Brewers;total;under;7.0;105;-102;3.4;PENDING
2026-08-27T11:49:50.669710+00:00;New York Mets vs Milwaukee Brewers;total;under;7.0;105;-102;3.4;PENDING
2026-08-27T11:49:53.544711+00:00;New York Mets vs Milwaukee Brewers;total;under;7.0;105;-102;3.4;PENDING
2026-08-27T11:49:53.818655+00:00;New York Mets vs Milwaukee Brewers;total;under;7.0;105;-102;3.4;PENDING
2026-08-27T11:49:55.647909+00:00;New York Mets vs Milwaukee Brewers;total;under;7.0;105;-102;3.4;PENDING
2026-08-27T11:49:56.682337+00:00;New York Mets vs Milwaukee Brewers;total;under;7.0;105;-102;3.4;PENDING
2026-08-27T11:49:57.051267+00:00;New York Mets vs Milwaukee Brewers;total;under;7.0;105;-102;3.4;PENDING
2026-08-27T12:17:38.314271+00:00;New York Yankees vs Houston Astros;total;over;8.0;-106;-114;3.41;PENDING
2026-08-27T12:17:38.751006+00:00;New York Yankees vs Houston Astros;total;over;8.0;-106;-114;3.41;PENDING
2026-08-27T12:17:39.516054+00:00;New York Yankees vs Houston Astros;total;over;8.0;-106;-114;3.41;PENDING
2026-08-27T12:17:44.962519+00:00;New York Yankees vs Houston Astros;total;over;8.0;-106;-114;3.41;PENDING
2026-08-27T12:17:51.370026+00:00;New York Yankees vs Houston Astros;total;over;8.0;-106;-114;3.41;PENDING
2026-08-27T12:17:51.398084+00:00;New York Yankees vs Houston Astros;total;over;8.0;-106;-114;3.41;PENDING
2026-08-27T12:17:51.510762+00:00;New York Yankees vs Houston Astros;total;over;8.0;-106;-114;3.41;PENDING
2026-08-27T12:17:51.537263+00:00;New York Yankees vs Houston Astros;total;over;8.0;-106;-114;3.41;PENDING
2026-08-27T12:18:03.895489+00:00;New York Yankees vs Houston Astros;total;over;8.0;-106;-114;3.41;PENDING
2026-08-27T12:18:04.848738+00:00;New York Yankees vs Houston Astros;total;over;8.0;-106;-114;3.41;PENDING
2026-08-27T12:18:08.284732+00:00;New York Yankees vs Houston Astros;total;over;8.0;-106;-114;3.41;PENDING
2026-08-27T12:18:08.285037+00:00;New York Yankees vs Houston Astros;total;over;8.0;-106;-114;3.41;PENDING
2026-08-27T12:18:08.467603+00:00;New York Yankees vs Houston Astros;total;over;8.0;-106;-114;3.41;PENDING
2026-08-27T12:18:11.248243+00:00;New York Yankees vs Houston Astros;total;over;8.0;-106;-114;3.41;PENDING
2026-08-27T12:18:11.249610+00:00;New York Yankees vs Houston Astros;total;over;8.0;-106;-114;3.41;PENDING
2026-08-27T12:18:11.624929+00:00;New York Yankees vs Houston Astros;total;over;8.0;-106;-114;3.41;PENDING
2026-08-27T12:18:15.076919+00:00;New York Yankees vs Houston Astros;total;over;8.0;-106;-114;3.41;PENDING
2026-08-27T12:18:15.872089+00:00;New York Yankees vs Houston Astros;total;over;8.0;-106;-114;3.41;PENDING
2026-08-27T12:18:21.760586+00:00;New York Yankees vs Houston Astros;total;over;8.0;-106;-114;3.41;PENDING
2026-08-27T12:18:22.593261+00:00;New York Yankees vs Houston Astros;total;over;8.0;-106;-114;3.41;PENDING
2026-08-27T12:20:55.314054+00:00;New York Yankees vs Houston Astros;total;over;8.0;-106;-114;3.41;PENDING
2026-08-27T12:20:55.500760+00:00;New York Yankees vs Houston Astros;total;over;8.0;-106;-114;3.41;PENDING
2026-08-27T12:20:55.835406+00:00;New York Yankees vs Houston Astros;total;over;8.0;-106;-114;3.41;PENDING
2026-08-27T13:00:33.834866+00:00;Atlanta Braves vs Los Angeles Dodgers;total;under;6.5;106;-104;4.78;PENDING
2026-08-27T13:00:38.098337+00:00;Atlanta Braves vs Los Angeles Dodgers;total;under;6.5;106;-104;4.78;PENDING
2026-08-27T13:00:38.899778+00:00;Atlanta Braves vs Los Angeles Dodgers;total;under;6.5;106;-104;4.78;PENDING
2026-08-27T13:00:41.225792+00:00;Atlanta Braves vs Los Angeles Dodgers;total;under;6.5;106;-104;4.78;PENDING
2026-08-27T13:00:56.754719+00:00;Atlanta Braves vs Los Angeles Dodgers;total;under;6.5;106;-104;4.78;PENDING
2026-08-27T13:00:58.404224+00:00;Atlanta Braves vs Los Angeles Dodgers;total;under;6.5;106;-104;4.78;PENDING
2026-08-27T13:01:02.920446+00:00;Atlanta Braves vs Los Angeles Dodgers;total;under;6.5;106;-104;4.78;PENDING
2026-08-27T13:01:05.089478+00:00;Atlanta Braves vs Los Angeles Dodgers;total;under;6.5;106;-104;4.78;PENDING
2026-08-27T13:01:09.346856+00:00;Atlanta Braves vs Los Angeles Dodgers;total;under;6.5;106;-104;4.78;PENDING
2026-08-27T13:01:11.157347+00:00;Atlanta Braves vs Los Angeles Dodgers;total;under;6.5;106;-104;4.78;PENDING
2026-08-27T13:01:11.662176+00:00;Atlanta Braves vs Los Angeles Dodgers;total;under;6.5;106;-104;4.78;PENDING
2026-08-27T13:01:11.888808+00:00;Atlanta Braves vs Los Angeles Dodgers;total;under;6.5;106;-104;4.78;PENDING
2026-08-27T13:01:12.114876+00:00;Atlanta Braves vs Los Angeles Dodgers;total;under;6.5;106;-104;4.78;PENDING
2026-08-27T13:01:12.724055+00:00;Atlanta Braves vs Los Angeles Dodgers;total;under;6.5;106;-104;4.78;PENDING
2026-08-27T13:01:13.031811+00:00;Atlanta Braves vs Los Angeles Dodgers;total;under;6.5;106;-104;4.78;PENDING
2026-08-27T13:01:20.049606+00:00;Atlanta Braves vs Los Angeles Dodgers;total;under;6.5;106;-104;4.78;PENDING
2026-08-27T13:01:21.224070+00:00;Atlanta Braves vs Los Angeles Dodgers;total;under;6.5;106;-104;4.78;PENDING
2026-08-27T13:01:25.383342+00:00;Atlanta Braves vs Los Angeles Dodgers;total;under;6.5;106;-104;4.78;PENDING
2026-08-27T13:01:29.006461+00:00;Atlanta Braves vs Los Angeles Dodgers;total;under;6.5;106;-104;4.78;PENDING
2026-08-27T13:01:29.839376+00:00;Atlanta Braves vs Los Angeles Dodgers;total;under;6.5;106;-104;4.78;PENDING
2026-08-27T13:01:30.394551+00:00;Atlanta Braves vs Los Angeles Dodgers;total;under;6.5;106;-104;4.78;PENDING
2026-08-27T13:01:30.961130+00:00;Atlanta Braves vs Los Angeles Dodgers;total;under;6.5;106;-104;4.78;PENDING
2026-08-27T13:01:32.850192+00:00;Atlanta Braves vs Los Angeles Dodgers;total;under;6.5;106;-104;4.78;PENDING
2026-08-27T13:11:19.267938+00:00;Washington Nationals vs Colorado Rockies;spread;home;-1.5;162;152;3.82;PENDING
2026-08-27T13:11:23.249696+00:00;Washington Nationals vs Colorado Rockies;total;over;9.5;103;-104;3.37;PENDING
2026-08-27T13:11:26.024476+00:00;Washington Nationals vs Colorado Rockies;spread;home;-1.5;162;152;3.82;PENDING
2026-08-27T13:11:27.971435+00:00;Washington Nationals vs Colorado Rockies;spread;home;-1.5;162;152;3.82;PENDING
2026-08-27T13:11:28.576206+00:00;Washington Nationals vs Colorado Rockies;spread;home;-1.5;162;152;3.82;PENDING
2026-08-27T13:11:29.610880+00:00;Washington Nationals vs Colorado Rockies;total;over;9.5;103;-104;3.37;PENDING
2026-08-27T13:11:31.417190+00:00;Washington Nationals vs Colorado Rockies;total;over;9.5;103;-104;3.37;PENDING
2026-08-27T13:11:31.977515+00:00;Washington Nationals vs Colorado Rockies;total;over;9.5;103;-104;3.37;PENDING
2026-08-27T13:11:32.242462+00:00;Washington Nationals vs Colorado Rockies;spread;home;-1.5;162;152;3.82;PENDING
2026-08-27T13:11:36.236145+00:00;Washington Nationals vs Colorado Rockies;total;over;9.5;103;-104;3.37;PENDING
2026-08-27T13:11:37.083361+00:00;Washington Nationals vs Colorado Rockies;spread;home;-1.5;162;152;3.82;PENDING
2026-08-27T13:11:37.145028+00:00;Washington Nationals vs Colorado Rockies;spread;home;-1.5;162;152;3.82;PENDING
2026-08-27T13:11:37.748942+00:00;Washington Nationals vs Colorado Rockies;spread;home;-1.5;162;152;3.82;PENDING
2026-08-27T13:11:38.893463+00:00;Washington Nationals vs Colorado Rockies;spread;home;-1.5;162;152;3.82;PENDING
2026-08-27T13:11:40.716328+00:00;Washington Nationals vs Colorado Rockies;spread;home;-1.5;162;152;3.82;PENDING
2026-08-27T13:11:40.973082+00:00;Washington Nationals vs Colorado Rockies;total;over;9.5;103;-104;3.37;PENDING
2026-08-27T13:11:41.804267+00:00;Washington Nationals vs Colorado Rockies;total;over;9.5;103;-104;3.37;PENDING
2026-08-27T13:11:42.509139+00:00;Washington Nationals vs Colorado Rockies;total;over;9.5;103;-104;3.37;PENDING
2026-08-27T13:11:42.674346+00:00;Washington Nationals vs Colorado Rockies;total;over;9.5;103;-104;3.37;PENDING
2026-08-27T13:11:43.670103+00:00;Washington Nationals vs Colorado Rockies;spread;home;-1.5;162;152;3.82;PENDING
2026-08-27T13:11:45.001849+00:00;Washington Nationals vs Colorado Rockies;total;over;9.5;103;-104;3.37;PENDING
2026-08-27T13:11:45.478111+00:00;Washington Nationals vs Colorado Rockies;spread;home;-1.5;162;152;3.82;PENDING
2026-08-27T13:11:47.205201+00:00;Washington Nationals vs Colorado Rockies;total;over;9.5;103;-104;3.37;PENDING
2026-08-27T13:11:47.404975+00:00;Washington Nationals vs Colorado Rockies;spread;home;-1.5;162;152;3.82;PENDING
2026-08-27T13:11:48.106360+00:00;Washington Nationals vs Colorado Rockies;spread;home;-1.5;162;152;3.82;PENDING
2026-08-27T13:11:49.385186+00:00;Washington Nationals vs Colorado Rockies;total;over;9.5;103;-104;3.37;PENDING
2026-08-27T13:11:51.267724+00:00;Washington Nationals vs Colorado Rockies;total;over;9.5;103;-104;3.37;PENDING
2026-08-27T13:11:51.703578+00:00;Washington Nationals vs Colorado Rockies;total;over;9.5;103;-104;3.37;PENDING
2026-08-27T13:12:03.292219+00:00;Washington Nationals vs Colorado Rockies;spread;home;-1.5;162;152;3.82;PENDING
2026-08-27T13:12:06.353584+00:00;Washington Nationals vs Colorado Rockies;total;over;9.5;103;-104;3.37;PENDING
2026-08-27T13:12:09.665135+00:00;Washington Nationals vs Colorado Rockies;spread;home;-1.5;162;152;3.82;PENDING
2026-08-27T13:12:09.741629+00:00;Washington Nationals vs Colorado Rockies;spread;home;-1.5;162;152;3.82;PENDING
2026-08-27T13:12:11.803413+00:00;Washington Nationals vs Colorado Rockies;spread;home;-1.5;162;152;3.82;PENDING
2026-08-27T13:12:12.785653+00:00;Washington Nationals vs Colorado Rockies;total;over;9.5;103;-104;3.37;PENDING
2026-08-27T13:12:14.044703+00:00;Washington Nationals vs Colorado Rockies;total;over;9.5;103;-104;3.37;PENDING
2026-08-27T13:12:14.977305+00:00;Washington Nationals vs Colorado Rockies;total;over;9.5;103;-104;3.37;PENDING
2026-08-27T13:12:15.139446+00:00;Washington Nationals vs Colorado Rockies;spread;home;-1.5;162;152;3.82;PENDING
2026-08-27T13:12:16.826875+00:00;Washington Nationals vs Colorado Rockies;spread;home;-1.5;162;152;3.82;PENDING
2026-08-27T13:12:17.143042+00:00;Washington Nationals vs Colorado Rockies;spread;home;-1.5;162;152;3.82;PENDING
2026-08-27T13:12:17.513565+00:00;Washington Nationals vs Colorado Rockies;spread;home;-1.5;162;152;3.82;PENDING
2026-08-27T13:12:18.840008+00:00;Washington Nationals vs Colorado Rockies;spread;home;-1.5;162;152;3.82;PENDING
2026-08-27T13:12:18.972122+00:00;Washington Nationals vs Colorado Rockies;total;over;9.5;103;-104;3.37;PENDING
2026-08-27T13:12:20.479790+00:00;Washington Nationals vs Colorado Rockies;total;over;9.5;103;-104;3.37;PENDING
2026-08-27T13:12:21.064807+00:00;Washington Nationals vs Colorado Rockies;total;over;9.5;103;-104;3.37;PENDING
2026-08-27T13:12:22.205728+00:00;Washington Nationals vs Colorado Rockies;total;over;9.5;103;-104;3.37;PENDING
2026-08-27T13:12:22.534561+00:00;Washington Nationals vs Colorado Rockies;total;over;9.5;103;-104;3.37;PENDING
2026-08-27T13:26:26.808563+00:00;Washington Nationals vs Colorado Rockies;moneyline;home;;-126;-136;3.25;PENDING
2026-08-27T13:26:28.961096+00:00;Washington Nationals vs Colorado Rockies;moneyline;home;;-126;-136;3.25;PENDING
2026-08-27T13:26:29.481292+00:00;Washington Nationals vs Colorado Rockies;moneyline;home;;-126;-136;3.25;PENDING
2026-08-27T13:26:31.025238+00:00;Washington Nationals vs Colorado Rockies;moneyline;home;;-126;-136;3.25;PENDING
2026-08-27T13:26:31.421138+00:00;Washington Nationals vs Colorado Rockies;moneyline;home;;-126;-136;3.25;PENDING
2026-08-27T13:26:33.217304+00:00;Washington Nationals vs Colorado Rockies;moneyline;home;;-126;-136;3.25;PENDING
2026-08-27T13:26:38.275685+00:00;Washington Nationals vs Colorado Rockies;moneyline;home;;-126;-136;3.25;PENDING
2026-08-27T13:26:39.535569+00:00;Washington Nationals vs Colorado Rockies;moneyline;home;;-126;-136;3.25;PENDING
2026-08-27T13:26:40.358241+00:00;Washington Nationals vs Colorado Rockies;moneyline;home;;-126;-136;3.25;PENDING
2026-08-27T13:26:44.836936+00:00;Washington Nationals vs Colorado Rockies;moneyline;home;;-126;-136;3.25;PENDING
2026-08-27T13:26:49.551341+00:00;Washington Nationals vs Colorado Rockies;moneyline;home;;-126;-136;3.25;PENDING
2026-08-27T13:26:50.831084+00:00;Washington Nationals vs Colorado Rockies;moneyline;home;;-126;-136;3.25;PENDING
2026-08-27T13:26:50.859130+00:00;Washington Nationals vs Colorado Rockies;moneyline;home;;-126;-136;3.25;PENDING
2026-08-27T13:26:53.807900+00:00;Washington Nationals vs Colorado Rockies;moneyline;home;;-126;-136;3.25;PENDING
2026-08-27T13:26:54.781042+00:00;Washington Nationals vs Colorado Rockies;moneyline;home;;-126;-136;3.25;PENDING
2026-08-27T13:26:54.913937+00:00;Washington Nationals vs Colorado Rockies;moneyline;home;;-126;-136;3.25;PENDING
2026-08-27T13:26:58.389524+00:00;Washington Nationals vs Colorado Rockies;moneyline;home;;-126;-136;3.25;PENDING
2026-08-27T13:26:59.719933+00:00;Washington Nationals vs Colorado Rockies;moneyline;home;;-126;-136;3.25;PENDING
2026-08-27T13:27:01.421191+00:00;Washington Nationals vs Colorado Rockies;moneyline;home;;-126;-136;3.25;PENDING
2026-08-27T13:27:13.950031+00:00;Washington Nationals vs Colorado Rockies;moneyline;home;;-126;-136;3.25;PENDING
2026-08-27T13:27:20.311413+00:00;Washington Nationals vs Colorado Rockies;moneyline;home;;-126;-136;3.25;PENDING
2026-08-27T13:27:22.447325+00:00;Washington Nationals vs Colorado Rockies;moneyline;home;;-126;-136;3.25;PENDING
2026-08-27T13:27:24.040678+00:00;Washington Nationals vs Colorado Rockies;moneyline;home;;-126;-136;3.25;PENDING
2026-08-27T13:30:43.718027+00:00;Atlanta Braves vs Los Angeles Dodgers;moneyline;home;;-110;-122;4.68;PENDING
2026-08-27T13:30:44.142825+00:00;Atlanta Braves vs Los Angeles Dodgers;moneyline;home;;-110;-122;4.68;PENDING
2026-08-27T13:30:47.485682+00:00;Atlanta Braves vs Los Angeles Dodgers;spread;home;-1.5;207;186;6.84;PENDING
2026-08-27T13:30:47.830779+00:00;Atlanta Braves vs Los Angeles Dodgers;spread;home;-1.5;207;186;6.84;PENDING
2026-08-27T13:30:49.758039+00:00;Atlanta Braves vs Los Angeles Dodgers;moneyline;home;;-110;-122;4.68;PENDING
2026-08-27T13:30:52.860577+00:00;Atlanta Braves vs Los Angeles Dodgers;moneyline;home;;-110;-122;4.68;PENDING
2026-08-27T13:30:53.683159+00:00;Atlanta Braves vs Los Angeles Dodgers;spread;home;-1.5;207;186;6.84;PENDING
2026-08-27T13:30:54.608443+00:00;Atlanta Braves vs Los Angeles Dodgers;moneyline;home;;-110;-122;4.68;PENDING
2026-08-27T13:30:56.090433+00:00;Atlanta Braves vs Los Angeles Dodgers;moneyline;home;;-110;-122;4.68;PENDING
2026-08-27T13:30:57.267129+00:00;Atlanta Braves vs Los Angeles Dodgers;spread;home;-1.5;207;186;6.84;PENDING
2026-08-27T13:30:57.347933+00:00;Atlanta Braves vs Los Angeles Dodgers;moneyline;home;;-110;-122;4.68;PENDING
2026-08-27T13:30:58.760617+00:00;Atlanta Braves vs Los Angeles Dodgers;spread;home;-1.5;207;186;6.84;PENDING
2026-08-27T13:31:00.423039+00:00;Atlanta Braves vs Los Angeles Dodgers;spread;home;-1.5;207;186;6.84;PENDING
2026-08-27T13:31:01.123227+00:00;Atlanta Braves vs Los Angeles Dodgers;moneyline;home;;-110;-122;4.68;PENDING
2026-08-27T13:31:01.429969+00:00;Atlanta Braves vs Los Angeles Dodgers;moneyline;home;;-110;-122;4.68;PENDING
2026-08-27T13:31:01.486975+00:00;Atlanta Braves vs Los Angeles Dodgers;spread;home;-1.5;207;186;6.84;PENDING
2026-08-27T13:31:02.534225+00:00;Atlanta Braves vs Los Angeles Dodgers;moneyline;home;;-110;-122;4.68;PENDING
2026-08-27T13:31:03.793840+00:00;Atlanta Braves vs Los Angeles Dodgers;moneyline;home;;-110;-122;4.68;PENDING
2026-08-27T13:31:04.798457+00:00;Atlanta Braves vs Los Angeles Dodgers;moneyline;home;;-110;-122;4.68;PENDING
2026-08-27T13:31:04.925403+00:00;Atlanta Braves vs Los Angeles Dodgers;spread;home;-1.5;207;186;6.84;PENDING
2026-08-27T13:31:06.094535+00:00;Atlanta Braves vs Los Angeles Dodgers;moneyline;home;;-110;-122;4.68;PENDING
2026-08-27T13:31:06.100331+00:00;Atlanta Braves vs Los Angeles Dodgers;spread;home;-1.5;207;186;6.84;PENDING
2026-08-27T13:31:06.243475+00:00;Atlanta Braves vs Los Angeles Dodgers;spread;home;-1.5;207;186;6.84;PENDING
2026-08-27T13:31:08.763052+00:00;Atlanta Braves vs Los Angeles Dodgers;spread;home;-1.5;207;186;6.84;PENDING
2026-08-27T13:31:08.795364+00:00;Atlanta Braves vs Los Angeles Dodgers;spread;home;-1.5;207;186;6.84;PENDING
2026-08-27T13:31:09.796454+00:00;Atlanta Braves vs Los Angeles Dodgers;spread;home;-1.5;207;186;6.84;PENDING
2026-08-27T13:31:18.394668+00:00;Atlanta Braves vs Los Angeles Dodgers;moneyline;home;;-110;-122;4.68;PENDING
2026-08-27T13:31:21.692552+00:00;Atlanta Braves vs Los Angeles Dodgers;spread;home;-1.5;207;186;6.84;PENDING
2026-08-27T13:31:25.029176+00:00;Atlanta Braves vs Los Angeles Dodgers;moneyline;home;;-110;-122;4.68;PENDING
2026-08-27T13:31:27.446338+00:00;Atlanta Braves vs Los Angeles Dodgers;moneyline;home;;-110;-122;4.68;PENDING
2026-08-27T13:31:28.466603+00:00;Atlanta Braves vs Los Angeles Dodgers;spread;home;-1.5;207;186;6.84;PENDING
2026-08-27T13:31:28.730208+00:00;Atlanta Braves vs Los Angeles Dodgers;moneyline;home;;-110;-122;4.68;PENDING
2026-08-27T13:31:31.575999+00:00;Atlanta Braves vs Los Angeles Dodgers;spread;home;-1.5;207;186;6.84;PENDING
2026-08-27T13:31:32.436879+00:00;Atlanta Braves vs Los Angeles Dodgers;spread;home;-1.5;207;186;6.84;PENDING
2026-08-27T13:31:32.682081+00:00;Atlanta Braves vs Los Angeles Dodgers;moneyline;home;;-110;-122;4.68;PENDING
2026-08-27T13:31:34.655576+00:00;Atlanta Braves vs Los Angeles Dodgers;moneyline;home;;-110;-122;4.68;PENDING
2026-08-27T13:31:34.841790+00:00;Atlanta Braves vs Los Angeles Dodgers;moneyline;home;;-110;-122;4.68;PENDING
2026-08-27T13:31:36.244716+00:00;Atlanta Braves vs Los Angeles Dodgers;moneyline;home;;-110;-122;4.68;PENDING
2026-08-27T13:31:36.840676+00:00;Atlanta Braves vs Los Angeles Dodgers;moneyline;home;;-110;-122;4.68;PENDING
2026-08-27T13:31:38.056971+00:00;Atlanta Braves vs Los Angeles Dodgers;spread;home;-1.5;207;186;6.84;PENDING
2026-08-27T13:31:38.451593+00:00;Atlanta Braves vs Los Angeles Dodgers;spread;home;-1.5;207;186;6.84;PENDING
2026-08-27T13:31:39.902716+00:00;Atlanta Braves vs Los Angeles Dodgers;spread;home;-1.5;207;186;6.84;PENDING
2026-08-27T13:31:42.923638+00:00;Atlanta Braves vs Los Angeles Dodgers;moneyline;home;;-110;-122;4.68;PENDING
2026-08-27T13:31:43.361110+00:00;Atlanta Braves vs Los Angeles Dodgers;spread;home;-1.5;207;186;6.84;PENDING
2026-08-27T13:31:46.419589+00:00;Atlanta Braves vs Los Angeles Dodgers;spread;home;-1.5;207;186;6.84;PENDING
2026-08-27T13:31:48.892777+00:00;Atlanta Braves vs Los Angeles Dodgers;spread;home;-1.5;207;186;6.84;PENDING
2026-08-27T13:41:52.434800+00:00;Washington Nationals vs Colorado Rockies;total;over;9.5;-104;-115;4.69;PENDING
2026-08-27T13:41:53.733396+00:00;Washington Nationals vs Colorado Rockies;total;over;9.5;-104;-115;4.69;PENDING
2026-08-27T13:41:54.073358+00:00;Washington Nationals vs Colorado Rockies;total;over;9.5;-104;-115;4.69;PENDING
2026-08-27T13:42:00.024286+00:00;Washington Nationals vs Colorado Rockies;total;over;9.5;-104;-115;4.69;PENDING
2026-08-27T13:42:04.094213+00:00;Washington Nationals vs Colorado Rockies;total;over;9.5;-104;-115;4.69;PENDING
2026-08-27T13:42:04.717665+00:00;Washington Nationals vs Colorado Rockies;total;over;9.5;-104;-115;4.69;PENDING
2026-08-27T13:42:06.358549+00:00;Washington Nationals vs Colorado Rockies;total;over;9.5;-104;-115;4.69;PENDING
2026-08-27T13:42:07.753351+00:00;Washington Nationals vs Colorado Rockies;total;over;9.5;-104;-115;4.69;PENDING
2026-08-27T13:42:11.753476+00:00;Washington Nationals vs Colorado Rockies;total;over;9.5;-104;-115;4.69;PENDING
2026-08-27T13:42:13.165950+00:00;Washington Nationals vs Colorado Rockies;total;over;9.5;-104;-115;4.69;PENDING
2026-08-27T13:42:13.316701+00:00;Washington Nationals vs Colorado Rockies;total;over;9.5;-104;-115;4.69;PENDING
2026-08-27T13:42:14.701011+00:00;Washington Nationals vs Colorado Rockies;total;over;9.5;-104;-115;4.69;PENDING
2026-08-27T13:42:15.155279+00:00;Washington Nationals vs Colorado Rockies;total;over;9.5;-104;-115;4.69;PENDING
2026-08-27T13:42:15.601315+00:00;Washington Nationals vs Colorado Rockies;total;over;9.5;-104;-115;4.69;PENDING
2026-08-27T13:42:28.205742+00:00;Washington Nationals vs Colorado Rockies;total;over;9.5;-104;-115;4.69;PENDING
2026-08-27T13:42:33.974329+00:00;Washington Nationals vs Colorado Rockies;total;over;9.5;-104;-115;4.69;PENDING
2026-08-27T13:42:38.796001+00:00;Washington Nationals vs Colorado Rockies;total;over;9.5;-104;-115;4.69;PENDING
2026-08-27T13:42:40.038535+00:00;Washington Nationals vs Colorado Rockies;total;over;9.5;-104;-115;4.69;PENDING
2026-08-27T13:42:43.789122+00:00;Washington Nationals vs Colorado Rockies;total;over;9.5;-104;-115;4.69;PENDING
2026-08-27T13:42:45.706870+00:00;Washington Nationals vs Colorado Rockies;total;over;9.5;-104;-115;4.69;PENDING
2026-08-27T13:42:45.852014+00:00;Washington Nationals vs Colorado Rockies;total;over;9.5;-104;-115;4.69;PENDING
2026-08-27T13:42:49.466831+00:00;Washington Nationals vs Colorado Rockies;total;over;9.5;-104;-115;4.69;PENDING
2026-08-27T13:42:54.586003+00:00;Washington Nationals vs Colorado Rockies;total;over;9.5;-104;-115;4.69;PENDING
2026-08-27T14:02:58.385659+00:00;New York Mets vs Milwaukee Brewers;moneyline;home;;180;169;3.93;PENDING
2026-08-27T14:03:01.988127+00:00;New York Mets vs Milwaukee Brewers;spread;home;1.5;-101;-110;4.07;PENDING
2026-08-27T14:03:02.301263+00:00;New York Mets vs Milwaukee Brewers;moneyline;home;;180;169;3.93;PENDING
2026-08-27T14:03:02.618400+00:00;New York Mets vs Milwaukee Brewers;moneyline;home;;180;169;3.93;PENDING
2026-08-27T14:03:04.425586+00:00;New York Mets vs Milwaukee Brewers;moneyline;home;;180;169;3.93;PENDING
2026-08-27T14:03:04.673211+00:00;New York Mets vs Milwaukee Brewers;moneyline;home;;180;169;3.93;PENDING
2026-08-27T14:03:06.131955+00:00;New York Mets vs Milwaukee Brewers;spread;home;1.5;-101;-110;4.07;PENDING
2026-08-27T14:03:06.936599+00:00;New York Mets vs Milwaukee Brewers;spread;home;1.5;-101;-110;4.07;PENDING
2026-08-27T14:03:08.159440+00:00;New York Mets vs Milwaukee Brewers;spread;home;1.5;-101;-110;4.07;PENDING
2026-08-27T14:03:08.285321+00:00;New York Mets vs Milwaukee Brewers;moneyline;home;;180;169;3.93;PENDING
2026-08-27T14:03:08.970886+00:00;New York Mets vs Milwaukee Brewers;spread;home;1.5;-101;-110;4.07;PENDING
2026-08-27T14:03:12.390960+00:00;New York Mets vs Milwaukee Brewers;spread;home;1.5;-101;-110;4.07;PENDING
2026-08-27T14:03:12.931594+00:00;New York Mets vs Milwaukee Brewers;moneyline;home;;180;169;3.93;PENDING
2026-08-27T14:03:13.434155+00:00;New York Mets vs Milwaukee Brewers;moneyline;home;;180;169;3.93;PENDING
2026-08-27T14:03:16.603082+00:00;New York Mets vs Milwaukee Brewers;moneyline;home;;180;169;3.93;PENDING
2026-08-27T14:03:16.688327+00:00;New York Mets vs Milwaukee Brewers;spread;home;1.5;-101;-110;4.07;PENDING
2026-08-27T14:03:17.011769+00:00;New York Mets vs Milwaukee Brewers;spread;home;1.5;-101;-110;4.07;PENDING
2026-08-27T14:03:19.715756+00:00;New York Mets vs Milwaukee Brewers;moneyline;home;;180;169;3.93;PENDING
2026-08-27T14:03:20.980337+00:00;New York Mets vs Milwaukee Brewers;spread;home;1.5;-101;-110;4.07;PENDING
2026-08-27T14:03:23.032385+00:00;New York Mets vs Milwaukee Brewers;moneyline;home;;180;169;3.93;PENDING
2026-08-27T14:03:23.335438+00:00;New York Mets vs Milwaukee Brewers;spread;home;1.5;-101;-110;4.07;PENDING
2026-08-27T14:03:24.827297+00:00;New York Mets vs Milwaukee Brewers;moneyline;home;;180;169;3.93;PENDING
2026-08-27T14:03:24.984246+00:00;New York Mets vs Milwaukee Brewers;moneyline;home;;180;169;3.93;PENDING
2026-08-27T14:03:25.642244+00:00;New York Mets vs Milwaukee Brewers;moneyline;home;;180;169;3.93;PENDING
2026-08-27T14:03:26.528697+00:00;New York Mets vs Milwaukee Brewers;spread;home;1.5;-101;-110;4.07;PENDING
2026-08-27T14:03:26.619535+00:00;New York Mets vs Milwaukee Brewers;moneyline;home;;180;169;3.93;PENDING
2026-08-27T14:03:28.856234+00:00;New York Mets vs Milwaukee Brewers;spread;home;1.5;-101;-110;4.07;PENDING
2026-08-27T14:03:29.466846+00:00;New York Mets vs Milwaukee Brewers;spread;home;1.5;-101;-110;4.07;PENDING
2026-08-27T14:03:30.475725+00:00;New York Mets vs Milwaukee Brewers;spread;home;1.5;-101;-110;4.07;PENDING
2026-08-27T14:03:35.707856+00:00;New York Mets vs Milwaukee Brewers;spread;home;1.5;-101;-110;4.07;PENDING
2026-08-27T14:03:37.990711+00:00;New York Mets vs Milwaukee Brewers;moneyline;home;;180;169;3.93;PENDING
2026-08-27T14:03:38.871667+00:00;New York Mets vs Milwaukee Brewers;moneyline;home;;180;169;3.93;PENDING
2026-08-27T14:03:41.339481+00:00;New York Mets vs Milwaukee Brewers;spread;home;1.5;-101;-110;4.07;PENDING
2026-08-27T14:03:42.295641+00:00;New York Mets vs Milwaukee Brewers;spread;home;1.5;-101;-110;4.07;PENDING
2026-08-27T14:03:44.640466+00:00;New York Mets vs Milwaukee Brewers;moneyline;home;;180;169;3.93;PENDING
2026-08-27T14:03:48.436263+00:00;New York Mets vs Milwaukee Brewers;spread;home;1.5;-101;-110;4.07;PENDING
2026-08-27T14:03:49.716744+00:00;New York Mets vs Milwaukee Brewers;moneyline;home;;180;169;3.93;PENDING
2026-08-27T14:03:49.971875+00:00;New York Mets vs Milwaukee Brewers;moneyline;home;;180;169;3.93;PENDING
2026-08-27T14:03:52.772959+00:00;New York Mets vs Milwaukee Brewers;moneyline;home;;180;169;3.93;PENDING
2026-08-27T14:03:53.481688+00:00;New York Mets vs Milwaukee Brewers;spread;home;1.5;-101;-110;4.07;PENDING
2026-08-27T14:03:54.350734+00:00;New York Mets vs Milwaukee Brewers;moneyline;home;;180;169;3.93;PENDING
2026-08-27T14:03:54.658554+00:00;New York Mets vs Milwaukee Brewers;moneyline;home;;180;169;3.93;PENDING
2026-08-27T14:03:56.191442+00:00;New York Mets vs Milwaukee Brewers;spread;home;1.5;-101;-110;4.07;PENDING
2026-08-27T14:03:58.241153+00:00;New York Mets vs Milwaukee Brewers;spread;home;1.5;-101;-110;4.07;PENDING
2026-08-27T14:03:58.353955+00:00;New York Mets vs Milwaukee Brewers;spread;home;1.5;-101;-110;4.07;PENDING
2026-08-27T14:04:04.389225+00:00;New York Mets vs Milwaukee Brewers;spread;home;1.5;-101;-110;4.07;PENDING
2026-08-27T17:12:44.948167+00:00;Washington Nationals vs Colorado Rockies;moneyline;home;;-136;-157;5.67;PENDING
2026-08-27T17:12:45.162468+00:00;Washington Nationals vs Colorado Rockies;moneyline;home;;-136;-157;5.67;PENDING
2026-08-27T17:12:46.293619+00:00;Washington Nationals vs Colorado Rockies;moneyline;home;;-136;-157;5.67;PENDING
2026-08-27T17:12:47.677045+00:00;Washington Nationals vs Colorado Rockies;moneyline;home;;-136;-157;5.67;PENDING
2026-08-27T17:12:47.868868+00:00;Washington Nationals vs Colorado Rockies;moneyline;home;;-136;-157;5.67;PENDING
2026-08-27T17:12:51.940554+00:00;Washington Nationals vs Colorado Rockies;moneyline;home;;-136;-157;5.67;PENDING
2026-08-27T17:13:01.451018+00:00;Washington Nationals vs Colorado Rockies;moneyline;home;;-136;-157;5.67;PENDING
2026-08-27T17:13:01.451879+00:00;Washington Nationals vs Colorado Rockies;moneyline;home;;-136;-157;5.67;PENDING
2026-08-27T17:13:02.809387+00:00;Washington Nationals vs Colorado Rockies;moneyline;home;;-136;-157;5.67;PENDING
2026-08-27T17:13:05.894153+00:00;Washington Nationals vs Colorado Rockies;moneyline;home;;-136;-157;5.67;PENDING
2026-08-28T12:33:54.286811+00:00;Cleveland Guardians vs Kansas City Royals;total;under;7.5;101;-109;4.61;PENDING
2026-08-28T12:33:56.386793+00:00;Cleveland Guardians vs Kansas City Royals;total;under;7.5;101;-109;4.61;PENDING
2026-08-28T12:33:58.555609+00:00;Cleveland Guardians vs Kansas City Royals;total;under;7.5;101;-109;4.61;PENDING
2026-08-28T12:34:06.475241+00:00;Cleveland Guardians vs Kansas City Royals;total;under;7.5;101;-109;4.61;PENDING
2026-08-28T12:34:07.981399+00:00;Cleveland Guardians vs Kansas City Royals;total;under;7.5;101;-109;4.61;PENDING
2026-08-28T12:34:10.071548+00:00;Cleveland Guardians vs Kansas City Royals;total;under;7.5;101;-109;4.61;PENDING
2026-08-28T12:34:12.620251+00:00;Cleveland Guardians vs Kansas City Royals;total;under;7.5;101;-109;4.61;PENDING
2026-08-28T12:34:13.718565+00:00;Cleveland Guardians vs Kansas City Royals;total;under;7.5;101;-109;4.61;PENDING
2026-08-28T12:34:14.719845+00:00;Cleveland Guardians vs Kansas City Royals;total;under;7.5;101;-109;4.61;PENDING
2026-08-28T12:34:14.810442+00:00;Cleveland Guardians vs Kansas City Royals;total;under;7.5;101;-109;4.61;PENDING
2026-08-28T12:34:15.364375+00:00;Cleveland Guardians vs Kansas City Royals;total;under;7.5;101;-109;4.61;PENDING
2026-08-28T12:34:15.615095+00:00;Cleveland Guardians vs Kansas City Royals;total;under;7.5;101;-109;4.61;PENDING
2026-08-28T12:34:16.363970+00:00;Cleveland Guardians vs Kansas City Royals;total;under;7.5;101;-109;4.61;PENDING
2026-08-28T12:34:24.159422+00:00;Cleveland Guardians vs Kansas City Royals;total;under;7.5;101;-109;4.61;PENDING
2026-08-28T12:35:37.782240+00:00;Cleveland Guardians vs Kansas City Royals;total;under;7.5;101;-109;4.61;PENDING
2026-08-28T12:35:38.886240+00:00;Cleveland Guardians vs Kansas City Royals;total;under;7.5;101;-109;4.61;PENDING
2026-08-28T12:35:42.547349+00:00;Cleveland Guardians vs Kansas City Royals;total;under;7.5;101;-109;4.61;PENDING
2026-08-28T12:35:43.527845+00:00;Cleveland Guardians vs Kansas City Royals;total;under;7.5;101;-109;4.61;PENDING
2026-08-28T12:35:43.674284+00:00;Cleveland Guardians vs Kansas City Royals;total;under;7.5;101;-109;4.61;PENDING
2026-08-28T12:35:43.681086+00:00;Cleveland Guardians vs Kansas City Royals;total;under;7.5;101;-109;4.61;PENDING
2026-08-28T12:35:44.801114+00:00;Cleveland Guardians vs Kansas City Royals;total;under;7.5;101;-109;4.61;PENDING
2026-08-28T12:35:48.470932+00:00;Cleveland Guardians vs Kansas City Royals;total;under;7.5;101;-109;4.61;PENDING
2026-08-28T12:36:36.292479+00:00;Cleveland Guardians vs Kansas City Royals;total;under;7.5;101;-109;4.61;PENDING
2026-08-28T13:00:07.673813+00:00;St. Louis Cardinals vs Pittsburgh Pirates;total;over;7.5;102;-110;5.49;PENDING
2026-08-28T13:00:09.369308+00:00;St. Louis Cardinals vs Pittsburgh Pirates;total;over;7.5;102;-110;5.49;PENDING
2026-08-28T13:00:19.280569+00:00;St. Louis Cardinals vs Pittsburgh Pirates;total;over;7.5;102;-110;5.49;PENDING
2026-08-28T13:00:19.545011+00:00;St. Louis Cardinals vs Pittsburgh Pirates;total;over;7.5;102;-110;5.49;PENDING
2026-08-28T13:00:23.612316+00:00;St. Louis Cardinals vs Pittsburgh Pirates;total;over;7.5;102;-110;5.49;PENDING
2026-08-28T13:00:23.917635+00:00;St. Louis Cardinals vs Pittsburgh Pirates;total;over;7.5;102;-110;5.49;PENDING
2026-08-28T13:00:29.112228+00:00;St. Louis Cardinals vs Pittsburgh Pirates;total;over;7.5;102;-110;5.49;PENDING
2026-08-28T13:00:29.988095+00:00;St. Louis Cardinals vs Pittsburgh Pirates;total;over;7.5;102;-110;5.49;PENDING
2026-08-28T13:00:30.930908+00:00;St. Louis Cardinals vs Pittsburgh Pirates;total;over;7.5;102;-110;5.49;PENDING
2026-08-28T13:00:32.030872+00:00;St. Louis Cardinals vs Pittsburgh Pirates;total;over;7.5;102;-110;5.49;PENDING
2026-08-28T13:00:32.462562+00:00;St. Louis Cardinals vs Pittsburgh Pirates;total;over;7.5;102;-110;5.49;PENDING
2026-08-28T13:00:32.670002+00:00;St. Louis Cardinals vs Pittsburgh Pirates;total;over;7.5;102;-110;5.49;PENDING
2026-08-28T13:00:33.665227+00:00;St. Louis Cardinals vs Pittsburgh Pirates;total;over;7.5;102;-110;5.49;PENDING
2026-08-28T13:00:35.534853+00:00;St. Louis Cardinals vs Pittsburgh Pirates;total;over;7.5;102;-110;5.49;PENDING
2026-08-28T13:00:55.981335+00:00;St. Louis Cardinals vs Pittsburgh Pirates;total;over;7.5;102;-110;5.49;PENDING
2026-08-28T13:00:57.187994+00:00;St. Louis Cardinals vs Pittsburgh Pirates;total;over;7.5;102;-110;5.49;PENDING
2026-08-28T13:00:59.145166+00:00;St. Louis Cardinals vs Pittsburgh Pirates;total;over;7.5;102;-110;5.49;PENDING
2026-08-28T13:00:59.982300+00:00;St. Louis Cardinals vs Pittsburgh Pirates;total;over;7.5;102;-110;5.49;PENDING
2026-08-28T13:01:00.197476+00:00;St. Louis Cardinals vs Pittsburgh Pirates;total;over;7.5;102;-110;5.49;PENDING
2026-08-28T13:01:02.263827+00:00;St. Louis Cardinals vs Pittsburgh Pirates;total;over;7.5;102;-110;5.49;PENDING
2026-08-28T13:01:02.395970+00:00;St. Louis Cardinals vs Pittsburgh Pirates;total;over;7.5;102;-110;5.49;PENDING
2026-08-28T13:03:34.974044+00:00;New York Yankees vs Boston Red Sox;total;under;7.5;-108;-120;4.81;PENDING
2026-08-28T13:03:35.193700+00:00;New York Yankees vs Boston Red Sox;total;under;7.5;-108;-120;4.81;PENDING
2026-08-28T13:03:35.771759+00:00;New York Yankees vs Boston Red Sox;total;under;7.5;-108;-120;4.81;PENDING
2026-08-28T13:03:37.409315+00:00;New York Yankees vs Boston Red Sox;total;under;7.5;-108;-120;4.81;PENDING
2026-08-28T13:03:37.894145+00:00;New York Yankees vs Boston Red Sox;total;under;7.5;-108;-120;4.81;PENDING
2026-08-28T13:03:38.189986+00:00;New York Yankees vs Boston Red Sox;total;under;7.5;-108;-120;4.81;PENDING
2026-08-28T13:03:38.890923+00:00;New York Yankees vs Boston Red Sox;total;under;7.5;-108;-120;4.81;PENDING
2026-08-28T13:03:40.956166+00:00;New York Yankees vs Boston Red Sox;total;under;7.5;-108;-120;4.81;PENDING
2026-08-28T13:04:00.607154+00:00;New York Yankees vs Boston Red Sox;total;under;7.5;-108;-120;4.81;PENDING
2026-08-28T13:04:03.955692+00:00;New York Yankees vs Boston Red Sox;total;under;7.5;-108;-120;4.81;PENDING
2026-08-28T13:04:04.797596+00:00;New York Yankees vs Boston Red Sox;total;under;7.5;-108;-120;4.81;PENDING
2026-08-28T13:04:05.190041+00:00;New York Yankees vs Boston Red Sox;total;under;7.5;-108;-120;4.81;PENDING
2026-08-28T13:04:05.581259+00:00;New York Yankees vs Boston Red Sox;total;under;7.5;-108;-120;4.81;PENDING
2026-08-28T13:04:09.025981+00:00;New York Yankees vs Boston Red Sox;total;under;7.5;-108;-120;4.81;PENDING
2026-08-28T13:04:10.075740+00:00;New York Yankees vs Boston Red Sox;total;under;7.5;-108;-120;4.81;PENDING
2026-08-28T13:04:15.122088+00:00;New York Yankees vs Boston Red Sox;total;under;7.5;-108;-120;4.81;PENDING
2026-08-28T13:04:15.702037+00:00;New York Yankees vs Boston Red Sox;total;under;7.5;-108;-120;4.81;PENDING
2026-08-28T13:04:18.986236+00:00;Cleveland Guardians vs Kansas City Royals;total;under;7.5;-109;-121;4.75;PENDING
2026-08-28T13:04:25.273358+00:00;New York Yankees vs Boston Red Sox;total;under;7.5;-108;-120;4.81;PENDING
2026-08-28T13:04:25.850001+00:00;New York Yankees vs Boston Red Sox;total;under;7.5;-108;-120;4.81;PENDING
2026-08-28T13:04:28.195058+00:00;Cleveland Guardians vs Kansas City Royals;total;under;7.5;-109;-121;4.75;PENDING
2026-08-28T13:04:29.010206+00:00;New York Yankees vs Boston Red Sox;total;under;7.5;-108;-120;4.81;PENDING
2026-08-28T13:04:29.783861+00:00;Cleveland Guardians vs Kansas City Royals;total;under;7.5;-109;-121;4.75;PENDING
2026-08-28T13:04:29.914919+00:00;New York Yankees vs Boston Red Sox;total;under;7.5;-108;-120;4.81;PENDING
2026-08-28T13:04:32.284315+00:00;Cleveland Guardians vs Kansas City Royals;total;under;7.5;-109;-121;4.75;PENDING
2026-08-28T13:04:33.188917+00:00;Cleveland Guardians vs Kansas City Royals;total;under;7.5;-109;-121;4.75;PENDING
2026-08-28T13:04:44.794479+00:00;Cleveland Guardians vs Kansas City Royals;total;under;7.5;-109;-121;4.75;PENDING
2026-08-28T13:04:46.540707+00:00;Cleveland Guardians vs Kansas City Royals;total;under;7.5;-109;-121;4.75;PENDING
2026-08-28T13:04:46.757530+00:00;Cleveland Guardians vs Kansas City Royals;total;under;7.5;-109;-121;4.75;PENDING
2026-08-28T13:04:46.792910+00:00;Cleveland Guardians vs Kansas City Royals;total;under;7.5;-109;-121;4.75;PENDING
2026-08-28T13:04:49.231883+00:00;Cleveland Guardians vs Kansas City Royals;total;under;7.5;-109;-121;4.75;PENDING
2026-08-28T13:04:49.512688+00:00;Cleveland Guardians vs Kansas City Royals;total;under;7.5;-109;-121;4.75;PENDING
2026-08-28T13:04:49.883069+00:00;Cleveland Guardians vs Kansas City Royals;total;under;7.5;-109;-121;4.75;PENDING
2026-08-28T13:04:50.238863+00:00;Cleveland Guardians vs Kansas City Royals;total;under;7.5;-109;-121;4.75;PENDING
2026-08-28T13:06:07.591188+00:00;Cleveland Guardians vs Kansas City Royals;total;under;7.5;-109;-121;4.75;PENDING
2026-08-28T13:06:10.222587+00:00;Cleveland Guardians vs Kansas City Royals;total;under;7.5;-109;-121;4.75;PENDING
2026-08-28T13:06:10.370099+00:00;Cleveland Guardians vs Kansas City Royals;total;under;7.5;-109;-121;4.75;PENDING
2026-08-28T13:06:10.387112+00:00;Cleveland Guardians vs Kansas City Royals;total;under;7.5;-109;-121;4.75;PENDING
2026-08-28T13:06:10.908089+00:00;Cleveland Guardians vs Kansas City Royals;total;under;7.5;-109;-121;4.75;PENDING
2026-08-28T13:06:13.972909+00:00;Cleveland Guardians vs Kansas City Royals;total;under;7.5;-109;-121;4.75;PENDING
2026-08-28T13:06:14.469520+00:00;Cleveland Guardians vs Kansas City Royals;total;under;7.5;-109;-121;4.75;PENDING
2026-08-28T13:06:20.250160+00:00;Cleveland Guardians vs Kansas City Royals;total;under;7.5;-109;-121;4.75;PENDING
2026-08-28T13:06:48.437607+00:00;St. Louis Cardinals vs Pittsburgh Pirates;total;over;7.5;102;-110;5.49;PENDING
2026-08-28T13:06:51.804285+00:00;New York Yankees vs Boston Red Sox;total;under;7.5;-108;-120;4.81;PENDING
2026-08-28T13:06:55.702082+00:00;Cleveland Guardians vs Kansas City Royals;total;under;7.5;-109;-121;4.75;PENDING
2026-08-28T13:06:55.813970+00:00;St. Louis Cardinals vs Pittsburgh Pirates;total;over;7.5;102;-110;5.49;PENDING
2026-08-28T13:06:59.452633+00:00;New York Yankees vs Boston Red Sox;total;under;7.5;-108;-120;4.81;PENDING
2026-08-28T13:07:02.808987+00:00;Cleveland Guardians vs Kansas City Royals;total;under;7.5;-109;-121;4.75;PENDING
2026-08-28T13:18:56.707527+00:00;Minnesota Twins vs Chicago White Sox;moneyline;home;;-114;-128;5.11;PENDING
2026-08-28T13:18:56.836087+00:00;Minnesota Twins vs Chicago White Sox;moneyline;home;;-114;-128;5.11;PENDING
2026-08-28T13:18:57.686538+00:00;Minnesota Twins vs Chicago White Sox;moneyline;home;;-114;-128;5.11;PENDING
2026-08-28T13:18:59.984197+00:00;Minnesota Twins vs Chicago White Sox;moneyline;home;;-114;-128;5.11;PENDING
2026-08-28T13:19:00.835393+00:00;Minnesota Twins vs Chicago White Sox;moneyline;home;;-114;-128;5.11;PENDING
2026-08-28T13:19:00.836718+00:00;Minnesota Twins vs Chicago White Sox;spread;home;-1.5;176;164;4.35;PENDING
2026-08-28T13:19:01.165056+00:00;Minnesota Twins vs Chicago White Sox;moneyline;home;;-114;-128;5.11;PENDING
2026-08-28T13:19:01.397872+00:00;Minnesota Twins vs Chicago White Sox;moneyline;home;;-114;-128;5.11;PENDING
2026-08-28T13:19:02.037896+00:00;Minnesota Twins vs Chicago White Sox;moneyline;home;;-114;-128;5.11;PENDING
2026-08-28T13:19:07.855966+00:00;Minnesota Twins vs Chicago White Sox;moneyline;home;;-114;-128;5.11;PENDING
2026-08-28T13:19:12.893830+00:00;Minnesota Twins vs Chicago White Sox;moneyline;home;;-114;-128;5.11;PENDING
2026-08-28T13:19:17.627429+00:00;Minnesota Twins vs Chicago White Sox;moneyline;home;;-114;-128;5.11;PENDING
2026-08-28T13:19:17.990781+00:00;Minnesota Twins vs Chicago White Sox;spread;home;-1.5;176;164;4.35;PENDING
2026-08-28T13:19:19.913728+00:00;Minnesota Twins vs Chicago White Sox;moneyline;home;;-114;-128;5.11;PENDING
2026-08-28T13:19:20.531191+00:00;Minnesota Twins vs Chicago White Sox;moneyline;home;;-114;-128;5.11;PENDING
2026-08-28T13:19:21.173221+00:00;Minnesota Twins vs Chicago White Sox;moneyline;home;;-114;-128;5.11;PENDING
2026-08-28T13:19:21.315212+00:00;Minnesota Twins vs Chicago White Sox;spread;home;-1.5;176;164;4.35;PENDING
2026-08-28T13:19:21.769789+00:00;Minnesota Twins vs Chicago White Sox;spread;home;-1.5;176;164;4.35;PENDING
2026-08-28T13:19:22.468167+00:00;Minnesota Twins vs Chicago White Sox;spread;home;-1.5;176;164;4.35;PENDING
2026-08-28T13:19:22.800462+00:00;Minnesota Twins vs Chicago White Sox;spread;home;-1.5;176;164;4.35;PENDING
2026-08-28T13:19:22.953747+00:00;Minnesota Twins vs Chicago White Sox;spread;home;-1.5;176;164;4.35;PENDING
2026-08-28T13:19:23.290010+00:00;Minnesota Twins vs Chicago White Sox;spread;home;-1.5;176;164;4.35;PENDING
2026-08-28T13:19:24.844400+00:00;Minnesota Twins vs Chicago White Sox;spread;home;-1.5;176;164;4.35;PENDING
2026-08-28T13:19:31.361835+00:00;Minnesota Twins vs Chicago White Sox;spread;home;-1.5;176;164;4.35;PENDING
2026-08-28T13:19:35.756228+00:00;Minnesota Twins vs Chicago White Sox;spread;home;-1.5;176;164;4.35;PENDING
2026-08-28T13:19:38.819582+00:00;Minnesota Twins vs Chicago White Sox;spread;home;-1.5;176;164;4.35;PENDING
2026-08-28T13:19:40.992235+00:00;Minnesota Twins vs Chicago White Sox;spread;home;-1.5;176;164;4.35;PENDING
2026-08-28T13:19:41.850827+00:00;Minnesota Twins vs Chicago White Sox;spread;home;-1.5;176;164;4.35;PENDING
2026-08-28T13:22:21.266093+00:00;Minnesota Twins vs Chicago White Sox;moneyline;home;;-114;-128;5.11;PENDING
2026-08-28T13:22:23.507379+00:00;Minnesota Twins vs Chicago White Sox;moneyline;home;;-114;-128;5.11;PENDING
2026-08-28T13:22:24.143770+00:00;Minnesota Twins vs Chicago White Sox;moneyline;home;;-114;-128;5.11;PENDING
2026-08-28T13:22:25.246411+00:00;Minnesota Twins vs Chicago White Sox;spread;home;-1.5;176;164;4.35;PENDING
2026-08-28T13:22:26.929519+00:00;Minnesota Twins vs Chicago White Sox;spread;home;-1.5;176;164;4.35;PENDING
2026-08-28T13:22:27.661340+00:00;Minnesota Twins vs Chicago White Sox;spread;home;-1.5;176;164;4.35;PENDING
2026-08-28T13:22:29.016275+00:00;Minnesota Twins vs Chicago White Sox;moneyline;home;;-114;-128;5.11;PENDING
2026-08-28T13:22:32.121273+00:00;Minnesota Twins vs Chicago White Sox;moneyline;home;;-114;-128;5.11;PENDING
2026-08-28T13:22:32.317486+00:00;Minnesota Twins vs Chicago White Sox;spread;home;-1.5;176;164;4.35;PENDING
2026-08-28T13:22:35.420601+00:00;Minnesota Twins vs Chicago White Sox;spread;home;-1.5;176;164;4.35;PENDING
2026-08-28T13:22:37.586804+00:00;Minnesota Twins vs Chicago White Sox;moneyline;home;;-114;-128;5.11;PENDING
2026-08-28T13:22:41.778646+00:00;Minnesota Twins vs Chicago White Sox;moneyline;home;;-114;-128;5.11;PENDING
2026-08-28T13:22:41.895734+00:00;Minnesota Twins vs Chicago White Sox;spread;home;-1.5;176;164;4.35;PENDING
2026-08-28T13:22:43.694715+00:00;Minnesota Twins vs Chicago White Sox;moneyline;home;;-114;-128;5.11;PENDING
2026-08-28T13:22:44.976743+00:00;Minnesota Twins vs Chicago White Sox;spread;home;-1.5;176;164;4.35;PENDING
2026-08-28T13:22:47.032188+00:00;Minnesota Twins vs Chicago White Sox;moneyline;home;;-114;-128;5.11;PENDING
2026-08-28T13:22:47.443979+00:00;Minnesota Twins vs Chicago White Sox;spread;home;-1.5;176;164;4.35;PENDING
2026-08-28T13:22:50.863479+00:00;Minnesota Twins vs Chicago White Sox;spread;home;-1.5;176;164;4.35;PENDING
2026-08-28T13:39:12.648825+00:00;Detroit Tigers vs Los Angeles Dodgers;moneyline;home;;196;165;10.47;PENDING
2026-08-28T13:39:13.347512+00:00;Detroit Tigers vs Los Angeles Dodgers;moneyline;home;;196;165;10.47;PENDING
2026-08-28T13:39:14.526214+00:00;Detroit Tigers vs Los Angeles Dodgers;moneyline;home;;196;165;10.47;PENDING
2026-08-28T13:39:17.229972+00:00;Detroit Tigers vs Los Angeles Dodgers;spread;home;1.5;109;-108;7.85;PENDING
2026-08-28T13:39:18.435147+00:00;Detroit Tigers vs Los Angeles Dodgers;spread;home;1.5;109;-108;7.85;PENDING
2026-08-28T13:39:18.887685+00:00;Detroit Tigers vs Los Angeles Dodgers;spread;home;1.5;109;-108;7.85;PENDING
2026-08-28T13:39:35.633867+00:00;Detroit Tigers vs Los Angeles Dodgers;moneyline;home;;196;165;10.47;PENDING
2026-08-28T13:39:38.668499+00:00;Detroit Tigers vs Los Angeles Dodgers;spread;home;1.5;109;-108;7.85;PENDING
2026-08-28T13:39:38.879404+00:00;Detroit Tigers vs Los Angeles Dodgers;moneyline;home;;196;165;10.47;PENDING
2026-08-28T13:39:39.108001+00:00;Detroit Tigers vs Los Angeles Dodgers;moneyline;home;;196;165;10.47;PENDING
2026-08-28T13:39:40.273924+00:00;Detroit Tigers vs Los Angeles Dodgers;moneyline;home;;196;165;10.47;PENDING
2026-08-28T13:39:40.654286+00:00;Detroit Tigers vs Los Angeles Dodgers;moneyline;home;;196;165;10.47;PENDING
2026-08-28T13:39:41.715905+00:00;Detroit Tigers vs Los Angeles Dodgers;moneyline;home;;196;165;10.47;PENDING
2026-08-28T13:39:41.994018+00:00;Detroit Tigers vs Los Angeles Dodgers;moneyline;home;;196;165;10.47;PENDING
2026-08-28T13:39:42.729436+00:00;Detroit Tigers vs Los Angeles Dodgers;spread;home;1.5;109;-108;7.85;PENDING
2026-08-28T13:39:43.783705+00:00;Detroit Tigers vs Los Angeles Dodgers;spread;home;1.5;109;-108;7.85;PENDING
2026-08-28T13:39:44.303665+00:00;Detroit Tigers vs Los Angeles Dodgers;spread;home;1.5;109;-108;7.85;PENDING
2026-08-28T13:39:45.278931+00:00;Detroit Tigers vs Los Angeles Dodgers;spread;home;1.5;109;-108;7.85;PENDING
2026-08-28T13:39:46.098123+00:00;Detroit Tigers vs Los Angeles Dodgers;spread;home;1.5;109;-108;7.85;PENDING
2026-08-28T13:39:46.213609+00:00;Detroit Tigers vs Los Angeles Dodgers;spread;home;1.5;109;-108;7.85;PENDING
2026-08-28T13:39:47.084056+00:00;Detroit Tigers vs Los Angeles Dodgers;moneyline;home;;196;165;10.47;PENDING
2026-08-28T13:39:50.236450+00:00;Detroit Tigers vs Los Angeles Dodgers;moneyline;home;;196;165;10.47;PENDING
2026-08-28T13:39:50.727298+00:00;Detroit Tigers vs Los Angeles Dodgers;spread;home;1.5;109;-108;7.85;PENDING
2026-08-28T13:39:55.079362+00:00;Detroit Tigers vs Los Angeles Dodgers;spread;home;1.5;109;-108;7.85;PENDING
2026-08-28T13:39:55.319909+00:00;Detroit Tigers vs Los Angeles Dodgers;moneyline;home;;196;165;10.47;PENDING
2026-08-28T13:39:55.722199+00:00;Detroit Tigers vs Los Angeles Dodgers;moneyline;home;;196;165;10.47;PENDING
2026-08-28T13:39:56.306507+00:00;Detroit Tigers vs Los Angeles Dodgers;moneyline;home;;196;165;10.47;PENDING
2026-08-28T13:39:57.960793+00:00;Detroit Tigers vs Los Angeles Dodgers;moneyline;home;;196;165;10.47;PENDING
2026-08-28T13:39:59.039674+00:00;Detroit Tigers vs Los Angeles Dodgers;spread;home;1.5;109;-108;7.85;PENDING
2026-08-28T13:39:59.078930+00:00;Detroit Tigers vs Los Angeles Dodgers;moneyline;home;;196;165;10.47;PENDING
2026-08-28T13:39:59.349115+00:00;Detroit Tigers vs Los Angeles Dodgers;spread;home;1.5;109;-108;7.85;PENDING
2026-08-28T13:40:00.137543+00:00;Detroit Tigers vs Los Angeles Dodgers;spread;home;1.5;109;-108;7.85;PENDING
2026-08-28T13:40:01.313693+00:00;Detroit Tigers vs Los Angeles Dodgers;spread;home;1.5;109;-108;7.85;PENDING
2026-08-28T13:40:02.390372+00:00;Detroit Tigers vs Los Angeles Dodgers;moneyline;home;;196;165;10.47;PENDING
2026-08-28T13:40:02.527719+00:00;Detroit Tigers vs Los Angeles Dodgers;spread;home;1.5;109;-108;7.85;PENDING
2026-08-28T13:40:03.197623+00:00;Detroit Tigers vs Los Angeles Dodgers;moneyline;home;;196;165;10.47;PENDING
2026-08-28T13:40:04.052465+00:00;Detroit Tigers vs Los Angeles Dodgers;moneyline;home;;196;165;10.47;PENDING
2026-08-28T13:40:05.302420+00:00;Detroit Tigers vs Los Angeles Dodgers;moneyline;home;;196;165;10.47;PENDING
2026-08-28T13:40:06.171664+00:00;Detroit Tigers vs Los Angeles Dodgers;spread;home;1.5;109;-108;7.85;PENDING
2026-08-28T13:40:06.529462+00:00;Detroit Tigers vs Los Angeles Dodgers;moneyline;home;;196;165;10.47;PENDING
2026-08-28T13:40:07.214510+00:00;Detroit Tigers vs Los Angeles Dodgers;moneyline;home;;196;165;10.47;PENDING
2026-08-28T13:40:08.058713+00:00;Detroit Tigers vs Los Angeles Dodgers;spread;home;1.5;109;-108;7.85;PENDING
2026-08-28T13:40:08.518992+00:00;Detroit Tigers vs Los Angeles Dodgers;spread;home;1.5;109;-108;7.85;PENDING
2026-08-28T13:40:09.907767+00:00;Detroit Tigers vs Los Angeles Dodgers;spread;home;1.5;109;-108;7.85;PENDING
2026-08-28T13:40:10.975381+00:00;Detroit Tigers vs Los Angeles Dodgers;spread;home;1.5;109;-108;7.85;PENDING
2026-08-28T13:40:11.284474+00:00;Detroit Tigers vs Los Angeles Dodgers;spread;home;1.5;109;-108;7.85;PENDING
2026-08-28T13:49:50.074534+00:00;New York Mets vs Houston Astros;moneyline;home;;110;-103;6.15;PENDING
2026-08-28T13:49:52.418192+00:00;New York Mets vs Houston Astros;moneyline;home;;110;-103;6.15;PENDING
2026-08-28T13:49:53.898528+00:00;New York Mets vs Houston Astros;moneyline;home;;110;-103;6.15;PENDING
2026-08-28T13:49:54.354018+00:00;New York Mets vs Houston Astros;moneyline;home;;110;-103;6.15;PENDING
2026-08-28T13:49:54.794915+00:00;New York Mets vs Houston Astros;spread;home;1.5;-158;-173;3.36;PENDING
2026-08-28T13:49:56.020316+00:00;New York Mets vs Houston Astros;moneyline;home;;110;-103;6.15;PENDING
2026-08-28T13:49:56.353824+00:00;New York Mets vs Houston Astros;moneyline;home;;110;-103;6.15;PENDING
2026-08-28T13:49:56.915030+00:00;New York Mets vs Houston Astros;spread;home;1.5;-158;-173;3.36;PENDING
2026-08-28T13:49:57.793597+00:00;New York Mets vs Houston Astros;spread;home;1.5;-158;-173;3.36;PENDING
2026-08-28T13:49:58.613590+00:00;New York Mets vs Houston Astros;spread;home;1.5;-158;-173;3.36;PENDING
2026-08-28T13:50:00.095002+00:00;New York Mets vs Houston Astros;spread;home;1.5;-158;-173;3.36;PENDING
2026-08-28T13:50:00.554398+00:00;New York Mets vs Houston Astros;spread;home;1.5;-158;-173;3.36;PENDING
2026-08-28T13:50:02.541576+00:00;New York Mets vs Houston Astros;moneyline;home;;110;-103;6.15;PENDING
2026-08-28T13:50:03.063905+00:00;New York Mets vs Houston Astros;moneyline;home;;110;-103;6.15;PENDING
2026-08-28T13:50:05.571279+00:00;New York Mets vs Houston Astros;moneyline;home;;110;-103;6.15;PENDING
2026-08-28T13:50:07.184536+00:00;New York Mets vs Houston Astros;spread;home;1.5;-158;-173;3.36;PENDING
2026-08-28T13:50:09.385500+00:00;New York Mets vs Houston Astros;moneyline;home;;110;-103;6.15;PENDING
2026-08-28T13:50:09.844239+00:00;New York Mets vs Houston Astros;spread;home;1.5;-158;-173;3.36;PENDING
2026-08-28T13:50:09.890067+00:00;New York Mets vs Houston Astros;moneyline;home;;110;-103;6.15;PENDING
2026-08-28T13:50:11.366128+00:00;New York Mets vs Houston Astros;spread;home;1.5;-158;-173;3.36;PENDING
2026-08-28T13:50:13.422340+00:00;New York Mets vs Houston Astros;moneyline;home;;110;-103;6.15;PENDING
2026-08-28T13:50:13.734626+00:00;New York Mets vs Houston Astros;spread;home;1.5;-158;-173;3.36;PENDING
2026-08-28T13:50:14.064834+00:00;New York Mets vs Houston Astros;moneyline;home;;110;-103;6.15;PENDING
2026-08-28T13:50:14.316611+00:00;New York Mets vs Houston Astros;spread;home;1.5;-158;-173;3.36;PENDING
2026-08-28T13:50:14.503306+00:00;New York Mets vs Houston Astros;moneyline;home;;110;-103;6.15;PENDING
2026-08-28T13:50:17.026585+00:00;New York Mets vs Houston Astros;spread;home;1.5;-158;-173;3.36;PENDING
2026-08-28T13:50:18.404693+00:00;New York Mets vs Houston Astros;spread;home;1.5;-158;-173;3.36;PENDING
2026-08-28T13:50:18.775498+00:00;New York Mets vs Houston Astros;moneyline;home;;110;-103;6.15;PENDING
2026-08-28T13:50:19.949404+00:00;New York Mets vs Houston Astros;spread;home;1.5;-158;-173;3.36;PENDING
2026-08-28T13:50:20.704928+00:00;New York Mets vs Houston Astros;moneyline;home;;110;-103;6.15;PENDING
2026-08-28T13:50:20.923112+00:00;New York Mets vs Houston Astros;moneyline;home;;110;-103;6.15;PENDING
2026-08-28T13:50:21.379324+00:00;New York Mets vs Houston Astros;moneyline;home;;110;-103;6.15;PENDING
2026-08-28T13:50:21.660323+00:00;New York Mets vs Houston Astros;moneyline;home;;110;-103;6.15;PENDING
2026-08-28T13:50:22.593321+00:00;New York Mets vs Houston Astros;spread;home;1.5;-158;-173;3.36;PENDING
2026-08-28T13:50:24.185849+00:00;New York Mets vs Houston Astros;spread;home;1.5;-158;-173;3.36;PENDING
2026-08-28T13:50:24.556088+00:00;New York Mets vs Houston Astros;spread;home;1.5;-158;-173;3.36;PENDING
2026-08-28T13:50:24.960103+00:00;New York Mets vs Houston Astros;moneyline;home;;110;-103;6.15;PENDING
2026-08-28T13:50:25.241762+00:00;New York Mets vs Houston Astros;spread;home;1.5;-158;-173;3.36;PENDING
2026-08-28T13:50:25.831145+00:00;New York Mets vs Houston Astros;spread;home;1.5;-158;-173;3.36;PENDING
2026-08-28T13:50:28.132220+00:00;New York Mets vs Houston Astros;moneyline;home;;110;-103;6.15;PENDING
2026-08-28T13:50:28.693729+00:00;New York Mets vs Houston Astros;spread;home;1.5;-158;-173;3.36;PENDING
2026-08-28T13:50:30.130267+00:00;New York Mets vs Houston Astros;moneyline;home;;110;-103;6.15;PENDING
2026-08-28T13:50:30.800440+00:00;New York Mets vs Houston Astros;moneyline;home;;110;-103;6.15;PENDING
2026-08-28T13:50:31.896138+00:00;New York Mets vs Houston Astros;spread;home;1.5;-158;-173;3.36;PENDING
2026-08-28T13:50:33.970042+00:00;New York Mets vs Houston Astros;spread;home;1.5;-158;-173;3.36;PENDING
2026-08-28T13:50:34.795690+00:00;New York Mets vs Houston Astros;spread;home;1.5;-158;-173;3.36;PENDING
2026-08-28T14:06:10.855166+00:00;Toronto Blue Jays vs Seattle Mariners;moneyline;away;;150;131;7.6;PENDING
2026-08-28T14:06:10.911536+00:00;Toronto Blue Jays vs Seattle Mariners;moneyline;away;;150;131;7.6;PENDING
2026-08-28T14:06:10.959549+00:00;Toronto Blue Jays vs Seattle Mariners;moneyline;away;;150;131;7.6;PENDING
2026-08-28T14:06:12.380386+00:00;Toronto Blue Jays vs Seattle Mariners;moneyline;away;;150;131;7.6;PENDING
2026-08-28T14:06:14.511807+00:00;Toronto Blue Jays vs Seattle Mariners;moneyline;away;;150;131;7.6;PENDING
2026-08-28T14:06:15.351429+00:00;Toronto Blue Jays vs Seattle Mariners;spread;away;1.5;-149;-163;3.45;PENDING
2026-08-28T14:06:15.868026+00:00;Toronto Blue Jays vs Seattle Mariners;spread;away;1.5;-149;-163;3.45;PENDING
2026-08-28T14:06:16.173080+00:00;Toronto Blue Jays vs Seattle Mariners;spread;away;1.5;-149;-163;3.45;PENDING
2026-08-28T14:06:18.593906+00:00;Toronto Blue Jays vs Seattle Mariners;spread;away;1.5;-149;-163;3.45;PENDING
2026-08-28T14:06:22.399057+00:00;Toronto Blue Jays vs Seattle Mariners;moneyline;away;;150;131;7.6;PENDING
2026-08-28T14:06:23.188644+00:00;Toronto Blue Jays vs Seattle Mariners;spread;away;1.5;-149;-163;3.45;PENDING
2026-08-28T14:06:24.147044+00:00;Toronto Blue Jays vs Seattle Mariners;moneyline;away;;150;131;7.6;PENDING
2026-08-28T14:06:25.388335+00:00;Toronto Blue Jays vs Seattle Mariners;moneyline;away;;150;131;7.6;PENDING
2026-08-28T14:06:26.125832+00:00;Toronto Blue Jays vs Seattle Mariners;moneyline;away;;150;131;7.6;PENDING
2026-08-28T14:06:26.164767+00:00;Toronto Blue Jays vs Seattle Mariners;spread;away;1.5;-149;-163;3.45;PENDING
2026-08-28T14:06:28.069238+00:00;Toronto Blue Jays vs Seattle Mariners;spread;away;1.5;-149;-163;3.45;PENDING
2026-08-28T14:06:28.366584+00:00;Toronto Blue Jays vs Seattle Mariners;moneyline;away;;150;131;7.6;PENDING
2026-08-28T14:06:28.396064+00:00;Toronto Blue Jays vs Seattle Mariners;moneyline;away;;150;131;7.6;PENDING
2026-08-28T14:06:29.122939+00:00;Toronto Blue Jays vs Seattle Mariners;spread;away;1.5;-149;-163;3.45;PENDING
2026-08-28T14:06:29.992629+00:00;Toronto Blue Jays vs Seattle Mariners;spread;away;1.5;-149;-163;3.45;PENDING
2026-08-28T14:06:31.947172+00:00;Toronto Blue Jays vs Seattle Mariners;spread;away;1.5;-149;-163;3.45;PENDING
2026-08-28T14:06:32.458688+00:00;Toronto Blue Jays vs Seattle Mariners;spread;away;1.5;-149;-163;3.45;PENDING
2026-08-28T14:06:32.696523+00:00;Toronto Blue Jays vs Seattle Mariners;moneyline;away;;150;131;7.6;PENDING
2026-08-28T14:06:33.953415+00:00;Toronto Blue Jays vs Seattle Mariners;moneyline;away;;150;131;7.6;PENDING
2026-08-28T14:06:36.582439+00:00;Toronto Blue Jays vs Seattle Mariners;spread;away;1.5;-149;-163;3.45;PENDING
2026-08-28T14:06:37.310023+00:00;Toronto Blue Jays vs Seattle Mariners;moneyline;away;;150;131;7.6;PENDING
2026-08-28T14:06:37.612044+00:00;Toronto Blue Jays vs Seattle Mariners;spread;away;1.5;-149;-163;3.45;PENDING
2026-08-28T14:06:37.635769+00:00;Toronto Blue Jays vs Seattle Mariners;moneyline;away;;150;131;7.6;PENDING
2026-08-28T14:06:40.767497+00:00;Toronto Blue Jays vs Seattle Mariners;moneyline;away;;150;131;7.6;PENDING
2026-08-28T14:06:41.108558+00:00;Toronto Blue Jays vs Seattle Mariners;moneyline;away;;150;131;7.6;PENDING
2026-08-28T14:06:41.496951+00:00;Toronto Blue Jays vs Seattle Mariners;spread;away;1.5;-149;-163;3.45;PENDING
2026-08-28T14:06:42.737206+00:00;Toronto Blue Jays vs Seattle Mariners;spread;away;1.5;-149;-163;3.45;PENDING
2026-08-28T14:06:45.067668+00:00;Toronto Blue Jays vs Seattle Mariners;moneyline;away;;150;131;7.6;PENDING
2026-08-28T14:06:45.995949+00:00;Toronto Blue Jays vs Seattle Mariners;moneyline;away;;150;131;7.6;PENDING
2026-08-28T14:06:46.623246+00:00;Toronto Blue Jays vs Seattle Mariners;moneyline;away;;150;131;7.6;PENDING
2026-08-28T14:06:47.032786+00:00;Toronto Blue Jays vs Seattle Mariners;spread;away;1.5;-149;-163;3.45;PENDING
2026-08-28T14:06:47.062126+00:00;Toronto Blue Jays vs Seattle Mariners;moneyline;away;;150;131;7.6;PENDING
2026-08-28T14:06:47.873484+00:00;Toronto Blue Jays vs Seattle Mariners;moneyline;away;;150;131;7.6;PENDING
2026-08-28T14:06:49.336967+00:00;Toronto Blue Jays vs Seattle Mariners;moneyline;away;;150;131;7.6;PENDING
2026-08-28T14:06:49.380339+00:00;Toronto Blue Jays vs Seattle Mariners;spread;away;1.5;-149;-163;3.45;PENDING
2026-08-28T14:06:49.947621+00:00;Toronto Blue Jays vs Seattle Mariners;spread;away;1.5;-149;-163;3.45;PENDING
2026-08-28T14:06:50.882562+00:00;Toronto Blue Jays vs Seattle Mariners;spread;away;1.5;-149;-163;3.45;PENDING
2026-08-28T14:06:50.906207+00:00;Toronto Blue Jays vs Seattle Mariners;spread;away;1.5;-149;-163;3.45;PENDING
2026-08-28T14:06:51.371038+00:00;Toronto Blue Jays vs Seattle Mariners;spread;away;1.5;-149;-163;3.45;PENDING
2026-08-28T14:06:51.730195+00:00;Toronto Blue Jays vs Seattle Mariners;spread;away;1.5;-149;-163;3.45;PENDING
2026-08-28T14:06:53.707980+00:00;Toronto Blue Jays vs Seattle Mariners;spread;away;1.5;-149;-163;3.45;PENDING
2026-08-28T14:09:59.327869+00:00;Athletics vs Baltimore Orioles;moneyline;home;;117;101;7.37;PENDING
2026-08-28T14:10:02.969702+00:00;Athletics vs Baltimore Orioles;spread;home;1.5;-134;-151;4.81;PENDING
2026-08-28T14:10:22.107142+00:00;Athletics vs Baltimore Orioles;moneyline;home;;117;101;7.37;PENDING
2026-08-28T14:10:22.890999+00:00;Athletics vs Baltimore Orioles;moneyline;home;;117;101;7.37;PENDING
2026-08-28T14:10:23.115439+00:00;Athletics vs Baltimore Orioles;moneyline;home;;117;101;7.37;PENDING
2026-08-28T14:10:25.339744+00:00;Athletics vs Baltimore Orioles;moneyline;home;;117;101;7.37;PENDING
2026-08-28T14:10:26.402387+00:00;Athletics vs Baltimore Orioles;spread;home;1.5;-134;-151;4.81;PENDING
2026-08-28T14:10:26.827930+00:00;Athletics vs Baltimore Orioles;spread;home;1.5;-134;-151;4.81;PENDING
2026-08-28T14:10:27.363299+00:00;Athletics vs Baltimore Orioles;spread;home;1.5;-134;-151;4.81;PENDING
2026-08-28T14:10:29.026713+00:00;Athletics vs Baltimore Orioles;spread;home;1.5;-134;-151;4.81;PENDING
2026-08-28T14:10:29.199745+00:00;Athletics vs Baltimore Orioles;moneyline;home;;117;101;7.37;PENDING
2026-08-28T14:10:32.578248+00:00;Athletics vs Baltimore Orioles;moneyline;home;;117;101;7.37;PENDING
2026-08-28T14:10:33.185332+00:00;Athletics vs Baltimore Orioles;spread;home;1.5;-134;-151;4.81;PENDING
2026-08-28T14:10:34.199758+00:00;Athletics vs Baltimore Orioles;moneyline;home;;117;101;7.37;PENDING
2026-08-28T14:10:35.614485+00:00;Athletics vs Baltimore Orioles;moneyline;home;;117;101;7.37;PENDING
2026-08-28T14:10:36.524636+00:00;Athletics vs Baltimore Orioles;moneyline;home;;117;101;7.37;PENDING
2026-08-28T14:10:37.342446+00:00;Athletics vs Baltimore Orioles;spread;home;1.5;-134;-151;4.81;PENDING
2026-08-28T14:10:38.281009+00:00;Athletics vs Baltimore Orioles;moneyline;home;;117;101;7.37;PENDING
2026-08-28T14:10:38.570312+00:00;Athletics vs Baltimore Orioles;moneyline;home;;117;101;7.37;PENDING
2026-08-28T14:10:38.981889+00:00;Athletics vs Baltimore Orioles;spread;home;1.5;-134;-151;4.81;PENDING
2026-08-28T14:10:39.476702+00:00;Athletics vs Baltimore Orioles;spread;home;1.5;-134;-151;4.81;PENDING
2026-08-28T14:10:40.814889+00:00;Athletics vs Baltimore Orioles;spread;home;1.5;-134;-151;4.81;PENDING
2026-08-28T14:10:42.885115+00:00;Athletics vs Baltimore Orioles;moneyline;home;;117;101;7.37;PENDING
2026-08-28T14:10:43.206873+00:00;Athletics vs Baltimore Orioles;spread;home;1.5;-134;-151;4.81;PENDING
2026-08-28T14:10:43.559530+00:00;Athletics vs Baltimore Orioles;spread;home;1.5;-134;-151;4.81;PENDING
2026-08-28T14:10:44.912738+00:00;Athletics vs Baltimore Orioles;moneyline;home;;117;101;7.37;PENDING
2026-08-28T14:10:46.969253+00:00;Athletics vs Baltimore Orioles;spread;home;1.5;-134;-151;4.81;PENDING
2026-08-28T14:10:48.358134+00:00;Athletics vs Baltimore Orioles;spread;home;1.5;-134;-151;4.81;PENDING
2026-08-28T14:10:48.591343+00:00;Athletics vs Baltimore Orioles;moneyline;home;;117;101;7.37;PENDING
2026-08-28T14:10:49.325788+00:00;Athletics vs Baltimore Orioles;moneyline;home;;117;101;7.37;PENDING
2026-08-28T14:10:53.105873+00:00;Athletics vs Baltimore Orioles;spread;home;1.5;-134;-151;4.81;PENDING
2026-08-28T14:10:53.230228+00:00;Athletics vs Baltimore Orioles;spread;home;1.5;-134;-151;4.81;PENDING
2026-08-28T14:10:54.079880+00:00;Athletics vs Baltimore Orioles;moneyline;home;;117;101;7.37;PENDING
2026-08-28T14:10:57.020356+00:00;Athletics vs Baltimore Orioles;moneyline;home;;117;101;7.37;PENDING
2026-08-28T14:10:57.085289+00:00;Athletics vs Baltimore Orioles;moneyline;home;;117;101;7.37;PENDING
2026-08-28T14:10:57.358484+00:00;Athletics vs Baltimore Orioles;moneyline;home;;117;101;7.37;PENDING
2026-08-28T14:10:57.803775+00:00;Athletics vs Baltimore Orioles;moneyline;home;;117;101;7.37;PENDING
2026-08-28T14:10:58.605543+00:00;Athletics vs Baltimore Orioles;moneyline;home;;117;101;7.37;PENDING
2026-08-28T14:10:58.630437+00:00;Athletics vs Baltimore Orioles;spread;home;1.5;-134;-151;4.81;PENDING
2026-08-28T14:10:59.831045+00:00;Athletics vs Baltimore Orioles;moneyline;home;;117;101;7.37;PENDING
2026-08-28T14:11:01.317494+00:00;Athletics vs Baltimore Orioles;spread;home;1.5;-134;-151;4.81;PENDING
2026-08-28T14:11:01.325813+00:00;Athletics vs Baltimore Orioles;spread;home;1.5;-134;-151;4.81;PENDING
2026-08-28T14:11:01.802102+00:00;Athletics vs Baltimore Orioles;spread;home;1.5;-134;-151;4.81;PENDING
2026-08-28T14:11:02.320384+00:00;Athletics vs Baltimore Orioles;spread;home;1.5;-134;-151;4.81;PENDING
2026-08-28T14:11:02.733707+00:00;Athletics vs Baltimore Orioles;spread;home;1.5;-134;-151;4.81;PENDING
2026-08-28T14:11:03.954334+00:00;Athletics vs Baltimore Orioles;spread;home;1.5;-134;-151;4.81;PENDING
2026-08-29T12:37:29.688814+00:00;Detroit Tigers vs Los Angeles Dodgers;total;over;7.0;-100;-119;7.98;PENDING
2026-08-29T12:37:33.571222+00:00;Detroit Tigers vs Los Angeles Dodgers;total;over;7.0;-100;-119;7.98;PENDING
2026-08-29T12:37:35.624529+00:00;Detroit Tigers vs Los Angeles Dodgers;total;over;7.0;-100;-119;7.98;PENDING
2026-08-29T12:37:37.585413+00:00;Detroit Tigers vs Los Angeles Dodgers;total;over;7.0;-100;-119;7.98;PENDING
2026-08-29T12:37:37.937616+00:00;Detroit Tigers vs Los Angeles Dodgers;total;over;7.0;-100;-119;7.98;PENDING
2026-08-29T12:37:38.047521+00:00;Detroit Tigers vs Los Angeles Dodgers;total;over;7.0;-100;-119;7.98;PENDING
2026-08-29T12:37:41.243926+00:00;Detroit Tigers vs Los Angeles Dodgers;total;over;7.0;-100;-119;7.98;PENDING
2026-08-29T12:37:49.914321+00:00;Detroit Tigers vs Los Angeles Dodgers;total;over;7.0;-100;-119;7.98;PENDING
2026-08-29T12:37:49.915491+00:00;Detroit Tigers vs Los Angeles Dodgers;total;over;7.0;-100;-119;7.98;PENDING
2026-08-29T12:37:50.091928+00:00;Detroit Tigers vs Los Angeles Dodgers;total;over;7.0;-100;-119;7.98;PENDING
2026-08-29T12:37:50.254039+00:00;Detroit Tigers vs Los Angeles Dodgers;total;over;7.0;-100;-119;7.98;PENDING
2026-08-29T12:37:51.521222+00:00;Detroit Tigers vs Los Angeles Dodgers;total;over;7.0;-100;-119;7.98;PENDING
2026-08-29T12:37:51.705210+00:00;Detroit Tigers vs Los Angeles Dodgers;total;over;7.0;-100;-119;7.98;PENDING
2026-08-29T12:37:53.138813+00:00;Detroit Tigers vs Los Angeles Dodgers;total;over;7.0;-100;-119;7.98;PENDING
2026-08-29T12:37:58.131120+00:00;Detroit Tigers vs Los Angeles Dodgers;total;over;7.0;-100;-119;7.98;PENDING
2026-08-29T12:38:07.965021+00:00;Detroit Tigers vs Los Angeles Dodgers;total;over;7.0;-100;-119;7.98;PENDING
2026-08-29T12:38:11.233877+00:00;Detroit Tigers vs Los Angeles Dodgers;total;over;7.0;-100;-119;7.98;PENDING
2026-08-29T12:38:12.660023+00:00;Detroit Tigers vs Los Angeles Dodgers;total;over;7.0;-100;-119;7.98;PENDING
2026-08-29T12:38:14.143476+00:00;Detroit Tigers vs Los Angeles Dodgers;total;over;7.0;-100;-119;7.98;PENDING
2026-08-29T12:38:14.257937+00:00;Detroit Tigers vs Los Angeles Dodgers;total;over;7.0;-100;-119;7.98;PENDING
2026-08-29T12:38:14.501114+00:00;Detroit Tigers vs Los Angeles Dodgers;total;over;7.0;-100;-119;7.98;PENDING
2026-08-29T12:38:23.290748+00:00;Detroit Tigers vs Los Angeles Dodgers;total;over;7.0;-100;-119;7.98;PENDING
2026-08-29T12:38:27.974384+00:00;Detroit Tigers vs Los Angeles Dodgers;total;over;7.0;-100;-119;7.98;PENDING
2026-08-29T13:05:07.471094+00:00;Athletics vs Baltimore Orioles;moneyline;home;;132;122;4.31;PENDING
2026-08-29T13:05:07.727862+00:00;Athletics vs Baltimore Orioles;moneyline;home;;132;122;4.31;PENDING
2026-08-29T13:05:08.046904+00:00;Athletics vs Baltimore Orioles;moneyline;home;;132;122;4.31;PENDING
2026-08-29T13:05:08.690266+00:00;Athletics vs Baltimore Orioles;moneyline;home;;132;122;4.31;PENDING
2026-08-29T13:05:10.669643+00:00;Athletics vs Baltimore Orioles;moneyline;home;;132;122;4.31;PENDING
2026-08-29T13:05:12.065040+00:00;Athletics vs Baltimore Orioles;moneyline;home;;132;122;4.31;PENDING
2026-08-29T13:05:13.182135+00:00;Athletics vs Baltimore Orioles;moneyline;home;;132;122;4.31;PENDING
2026-08-29T13:05:16.885889+00:00;Athletics vs Baltimore Orioles;moneyline;home;;132;122;4.31;PENDING
2026-08-29T13:05:28.775938+00:00;Athletics vs Baltimore Orioles;moneyline;home;;132;122;4.31;PENDING
2026-08-29T13:05:31.179800+00:00;Athletics vs Baltimore Orioles;moneyline;home;;132;122;4.31;PENDING
2026-08-29T13:05:33.271209+00:00;Athletics vs Baltimore Orioles;moneyline;home;;132;122;4.31;PENDING
2026-08-29T13:05:33.806642+00:00;Athletics vs Baltimore Orioles;moneyline;home;;132;122;4.31;PENDING
2026-08-29T13:05:34.966984+00:00;Athletics vs Baltimore Orioles;moneyline;home;;132;122;4.31;PENDING
2026-08-29T13:05:38.492711+00:00;Athletics vs Baltimore Orioles;moneyline;home;;132;122;4.31;PENDING
2026-08-29T13:05:44.788305+00:00;Athletics vs Baltimore Orioles;moneyline;home;;132;122;4.31;PENDING
2026-08-29T13:05:48.164491+00:00;Athletics vs Baltimore Orioles;moneyline;home;;132;122;4.31;PENDING
2026-08-29T13:05:49.803085+00:00;Athletics vs Baltimore Orioles;moneyline;home;;132;122;4.31;PENDING
2026-08-29T13:05:50.163469+00:00;Athletics vs Baltimore Orioles;moneyline;home;;132;122;4.31;PENDING
2026-08-29T13:05:53.383476+00:00;Athletics vs Baltimore Orioles;moneyline;home;;132;122;4.31;PENDING
2026-08-29T13:05:54.507198+00:00;Athletics vs Baltimore Orioles;moneyline;home;;132;122;4.31;PENDING
2026-08-29T13:05:55.027159+00:00;Athletics vs Baltimore Orioles;moneyline;home;;132;122;4.31;PENDING
2026-08-29T13:05:55.509752+00:00;Athletics vs Baltimore Orioles;moneyline;home;;132;122;4.31;PENDING
2026-08-29T13:05:56.710477+00:00;Athletics vs Baltimore Orioles;moneyline;home;;132;122;4.31;PENDING
2026-08-29T13:52:52.802683+00:00;Milwaukee Brewers vs Texas Rangers;total;over;8.0;-104;-114;4.3;PENDING
2026-08-29T13:53:03.904376+00:00;Milwaukee Brewers vs Texas Rangers;total;over;8.0;-104;-114;4.3;PENDING
2026-08-29T13:53:03.912778+00:00;Milwaukee Brewers vs Texas Rangers;total;over;8.0;-104;-114;4.3;PENDING
2026-08-29T13:53:07.124333+00:00;Milwaukee Brewers vs Texas Rangers;total;over;8.0;-104;-114;4.3;PENDING
2026-08-29T13:53:10.757276+00:00;Milwaukee Brewers vs Texas Rangers;total;over;8.0;-104;-114;4.3;PENDING
2026-08-29T13:53:11.072626+00:00;Milwaukee Brewers vs Texas Rangers;total;over;8.0;-104;-114;4.3;PENDING
2026-08-29T13:53:13.233313+00:00;Milwaukee Brewers vs Texas Rangers;total;over;8.0;-104;-114;4.3;PENDING
2026-08-29T13:53:17.997781+00:00;Milwaukee Brewers vs Texas Rangers;total;over;8.0;-104;-114;4.3;PENDING
2026-08-29T13:53:21.559016+00:00;Milwaukee Brewers vs Texas Rangers;total;over;8.0;-104;-114;4.3;PENDING
2026-08-29T13:53:21.680153+00:00;Milwaukee Brewers vs Texas Rangers;total;over;8.0;-104;-114;4.3;PENDING
2026-08-29T13:53:22.193729+00:00;Milwaukee Brewers vs Texas Rangers;total;over;8.0;-104;-114;4.3;PENDING
2026-08-29T13:53:23.071069+00:00;Milwaukee Brewers vs Texas Rangers;total;over;8.0;-104;-114;4.3;PENDING
2026-08-29T13:53:23.583138+00:00;Milwaukee Brewers vs Texas Rangers;total;over;8.0;-104;-114;4.3;PENDING
2026-08-29T13:53:24.107778+00:00;Milwaukee Brewers vs Texas Rangers;total;over;8.0;-104;-114;4.3;PENDING
2026-08-29T13:53:26.390688+00:00;Milwaukee Brewers vs Texas Rangers;total;over;8.0;-104;-114;4.3;PENDING
2026-08-29T13:53:29.123268+00:00;Milwaukee Brewers vs Texas Rangers;total;over;8.0;-104;-114;4.3;PENDING
2026-08-29T13:53:37.835784+00:00;Milwaukee Brewers vs Texas Rangers;total;over;8.0;-104;-114;4.3;PENDING
2026-08-29T13:53:37.993052+00:00;Milwaukee Brewers vs Texas Rangers;total;over;8.0;-104;-114;4.3;PENDING
2026-08-29T13:53:38.206836+00:00;Milwaukee Brewers vs Texas Rangers;total;over;8.0;-104;-114;4.3;PENDING
2026-08-29T13:53:38.863980+00:00;Milwaukee Brewers vs Texas Rangers;total;over;8.0;-104;-114;4.3;PENDING
2026-08-29T13:53:46.573685+00:00;Milwaukee Brewers vs Texas Rangers;total;over;8.0;-104;-114;4.3;PENDING
2026-08-29T13:53:47.354637+00:00;Milwaukee Brewers vs Texas Rangers;total;over;8.0;-104;-114;4.3;PENDING
2026-08-29T13:53:49.087200+00:00;Milwaukee Brewers vs Texas Rangers;total;over;8.0;-104;-114;4.3;PENDING
2026-08-29T14:23:32.795837+00:00;Toronto Blue Jays vs Seattle Mariners;moneyline;away;;111;-100;5.21;PENDING
2026-08-29T14:23:33.825103+00:00;Toronto Blue Jays vs Seattle Mariners;moneyline;away;;111;-100;5.21;PENDING
2026-08-29T14:23:38.332905+00:00;Toronto Blue Jays vs Seattle Mariners;moneyline;away;;111;-100;5.21;PENDING
2026-08-29T14:23:39.551839+00:00;Toronto Blue Jays vs Seattle Mariners;moneyline;away;;111;-100;5.21;PENDING
2026-08-29T14:23:42.488548+00:00;Toronto Blue Jays vs Seattle Mariners;moneyline;away;;111;-100;5.21;PENDING
2026-08-29T14:23:43.393927+00:00;Toronto Blue Jays vs Seattle Mariners;moneyline;away;;111;-100;5.21;PENDING
2026-08-29T14:23:43.453771+00:00;Toronto Blue Jays vs Seattle Mariners;moneyline;away;;111;-100;5.21;PENDING
2026-08-29T14:23:44.802718+00:00;Toronto Blue Jays vs Seattle Mariners;moneyline;away;;111;-100;5.21;PENDING
2026-08-29T14:23:45.244361+00:00;Toronto Blue Jays vs Seattle Mariners;moneyline;away;;111;-100;5.21;PENDING
2026-08-29T14:23:45.763152+00:00;Toronto Blue Jays vs Seattle Mariners;moneyline;away;;111;-100;5.21;PENDING
2026-08-29T14:23:46.277902+00:00;Toronto Blue Jays vs Seattle Mariners;moneyline;away;;111;-100;5.21;PENDING
2026-08-29T14:23:48.028707+00:00;Toronto Blue Jays vs Seattle Mariners;moneyline;away;;111;-100;5.21;PENDING
2026-08-29T14:23:57.290746+00:00;Toronto Blue Jays vs Seattle Mariners;moneyline;away;;111;-100;5.21;PENDING
2026-08-29T14:23:57.316628+00:00;Toronto Blue Jays vs Seattle Mariners;moneyline;away;;111;-100;5.21;PENDING
2026-08-29T14:23:58.957672+00:00;Toronto Blue Jays vs Seattle Mariners;moneyline;away;;111;-100;5.21;PENDING
2026-08-29T14:24:01.147710+00:00;Toronto Blue Jays vs Seattle Mariners;moneyline;away;;111;-100;5.21;PENDING
2026-08-29T14:24:01.212365+00:00;Toronto Blue Jays vs Seattle Mariners;moneyline;away;;111;-100;5.21;PENDING
2026-08-29T14:24:08.678625+00:00;Toronto Blue Jays vs Seattle Mariners;moneyline;away;;111;-100;5.21;PENDING
2026-08-29T14:24:09.300299+00:00;Toronto Blue Jays vs Seattle Mariners;moneyline;away;;111;-100;5.21;PENDING
2026-08-29T14:24:13.000668+00:00;Toronto Blue Jays vs Seattle Mariners;moneyline;away;;111;-100;5.21;PENDING
2026-08-29T14:24:13.865855+00:00;Toronto Blue Jays vs Seattle Mariners;moneyline;away;;111;-100;5.21;PENDING
2026-08-29T14:24:20.647235+00:00;Toronto Blue Jays vs Seattle Mariners;moneyline;away;;111;-100;5.21;PENDING
2026-08-29T14:24:20.961801+00:00;Toronto Blue Jays vs Seattle Mariners;moneyline;away;;111;-100;5.21;PENDING
2026-08-29T14:52:21.354939+00:00;Atlanta Braves vs Colorado Rockies;total;under;9.0;-105;-112;3.05;PENDING
2026-08-29T14:52:21.686283+00:00;Atlanta Braves vs Colorado Rockies;total;under;9.0;-105;-112;3.05;PENDING
2026-08-29T14:52:23.218423+00:00;Atlanta Braves vs Colorado Rockies;total;under;9.0;-105;-112;3.05;PENDING
2026-08-29T14:52:25.474852+00:00;Atlanta Braves vs Colorado Rockies;total;under;9.0;-105;-112;3.05;PENDING
2026-08-29T14:52:25.827679+00:00;Atlanta Braves vs Colorado Rockies;total;under;9.0;-105;-112;3.05;PENDING
2026-08-29T14:52:28.139333+00:00;Atlanta Braves vs Colorado Rockies;total;under;9.0;-105;-112;3.05;PENDING
2026-08-29T14:52:31.542718+00:00;Atlanta Braves vs Colorado Rockies;total;under;9.0;-105;-112;3.05;PENDING
2026-08-29T14:52:32.166560+00:00;Atlanta Braves vs Colorado Rockies;total;under;9.0;-105;-112;3.05;PENDING
2026-08-29T14:52:40.932434+00:00;Atlanta Braves vs Colorado Rockies;total;under;9.0;-105;-112;3.05;PENDING
2026-08-29T14:52:41.418900+00:00;Atlanta Braves vs Colorado Rockies;total;under;9.0;-105;-112;3.05;PENDING
2026-08-29T14:52:46.475360+00:00;Atlanta Braves vs Colorado Rockies;total;under;9.0;-105;-112;3.05;PENDING
2026-08-29T14:52:49.586977+00:00;Atlanta Braves vs Colorado Rockies;total;under;9.0;-105;-112;3.05;PENDING
2026-08-29T14:53:04.921571+00:00;Atlanta Braves vs Colorado Rockies;total;under;9.0;-105;-112;3.05;PENDING
2026-08-29T14:53:09.867845+00:00;Atlanta Braves vs Colorado Rockies;total;under;9.0;-105;-112;3.05;PENDING
2026-08-29T14:53:14.695079+00:00;Atlanta Braves vs Colorado Rockies;total;under;9.0;-105;-112;3.05;PENDING
2026-08-29T14:53:15.276136+00:00;Atlanta Braves vs Colorado Rockies;total;under;9.0;-105;-112;3.05;PENDING
2026-08-29T14:53:17.649945+00:00;Atlanta Braves vs Colorado Rockies;total;under;9.0;-105;-112;3.05;PENDING
2026-08-29T14:53:17.953705+00:00;Atlanta Braves vs Colorado Rockies;total;under;9.0;-105;-112;3.05;PENDING
2026-08-29T14:53:19.847917+00:00;Atlanta Braves vs Colorado Rockies;total;under;9.0;-105;-112;3.05;PENDING
2026-08-29T14:53:20.453010+00:00;Atlanta Braves vs Colorado Rockies;total;under;9.0;-105;-112;3.05;PENDING
2026-08-29T14:53:20.871142+00:00;Atlanta Braves vs Colorado Rockies;total;under;9.0;-105;-112;3.05;PENDING
2026-08-29T14:53:21.031992+00:00;Atlanta Braves vs Colorado Rockies;total;under;9.0;-105;-112;3.05;PENDING
2026-08-29T14:53:21.105007+00:00;Atlanta Braves vs Colorado Rockies;total;under;9.0;-105;-112;3.05;PENDING
2026-08-29T15:42:32.003740+00:00;Chicago Cubs vs Cincinnati Reds;moneyline;home;;-179;-196;3.11;PENDING
2026-08-29T15:42:33.142209+00:00;Chicago Cubs vs Cincinnati Reds;moneyline;home;;-179;-196;3.11;PENDING
2026-08-29T15:42:48.856113+00:00;Chicago Cubs vs Cincinnati Reds;moneyline;home;;-179;-196;3.11;PENDING
2026-08-29T15:42:51.051435+00:00;Chicago Cubs vs Cincinnati Reds;moneyline;home;;-179;-196;3.11;PENDING
2026-08-29T15:42:51.461056+00:00;Chicago Cubs vs Cincinnati Reds;moneyline;home;;-179;-196;3.11;PENDING
2026-08-29T15:42:53.167177+00:00;Chicago Cubs vs Cincinnati Reds;spread;home;-1.5;116;106;4.63;PENDING
2026-08-29T15:42:53.580881+00:00;Chicago Cubs vs Cincinnati Reds;moneyline;home;;-179;-196;3.11;PENDING
2026-08-29T15:42:53.896327+00:00;Chicago Cubs vs Cincinnati Reds;moneyline;home;;-179;-196;3.11;PENDING
2026-08-29T15:42:55.100528+00:00;Chicago Cubs vs Cincinnati Reds;moneyline;home;;-179;-196;3.11;PENDING
2026-08-29T15:42:55.125352+00:00;Chicago Cubs vs Cincinnati Reds;moneyline;home;;-179;-196;3.11;PENDING
2026-08-29T15:42:56.091727+00:00;Chicago Cubs vs Cincinnati Reds;moneyline;home;;-179;-196;3.11;PENDING
2026-08-29T15:42:56.249897+00:00;Chicago Cubs vs Cincinnati Reds;moneyline;home;;-179;-196;3.11;PENDING
2026-08-29T15:42:57.474717+00:00;Chicago Cubs vs Cincinnati Reds;moneyline;home;;-179;-196;3.11;PENDING
2026-08-29T15:42:59.825147+00:00;Chicago Cubs vs Cincinnati Reds;spread;home;-1.5;116;106;4.63;PENDING
2026-08-29T15:43:02.917230+00:00;Chicago Cubs vs Cincinnati Reds;spread;home;-1.5;116;106;4.63;PENDING
2026-08-29T15:43:05.944708+00:00;Chicago Cubs vs Cincinnati Reds;moneyline;home;;-179;-196;3.11;PENDING
2026-08-29T15:43:06.024779+00:00;Chicago Cubs vs Cincinnati Reds;moneyline;home;;-179;-196;3.11;PENDING
2026-08-29T15:43:06.025385+00:00;Chicago Cubs vs Cincinnati Reds;moneyline;home;;-179;-196;3.11;PENDING
2026-08-29T15:43:06.534896+00:00;Chicago Cubs vs Cincinnati Reds;moneyline;home;;-179;-196;3.11;PENDING
2026-08-29T15:43:09.978693+00:00;Chicago Cubs vs Cincinnati Reds;spread;home;-1.5;116;106;4.63;PENDING
2026-08-29T15:43:12.103361+00:00;Chicago Cubs vs Cincinnati Reds;spread;home;-1.5;116;106;4.63;PENDING
2026-08-29T15:43:12.620172+00:00;Chicago Cubs vs Cincinnati Reds;spread;home;-1.5;116;106;4.63;PENDING
2026-08-29T15:43:12.702101+00:00;Chicago Cubs vs Cincinnati Reds;moneyline;home;;-179;-196;3.11;PENDING
2026-08-29T15:43:14.770092+00:00;Chicago Cubs vs Cincinnati Reds;spread;home;-1.5;116;106;4.63;PENDING
2026-08-29T15:43:16.348551+00:00;Chicago Cubs vs Cincinnati Reds;spread;home;-1.5;116;106;4.63;PENDING
2026-08-29T15:43:16.464919+00:00;Chicago Cubs vs Cincinnati Reds;moneyline;home;;-179;-196;3.11;PENDING
2026-08-29T15:43:17.267183+00:00;Chicago Cubs vs Cincinnati Reds;spread;home;-1.5;116;106;4.63;PENDING
2026-08-29T15:43:18.556189+00:00;Chicago Cubs vs Cincinnati Reds;spread;home;-1.5;116;106;4.63;PENDING
2026-08-29T15:43:18.860502+00:00;Chicago Cubs vs Cincinnati Reds;spread;home;-1.5;116;106;4.63;PENDING
2026-08-29T15:43:21.172281+00:00;Chicago Cubs vs Cincinnati Reds;moneyline;home;;-179;-196;3.11;PENDING
2026-08-29T15:43:22.828224+00:00;Chicago Cubs vs Cincinnati Reds;moneyline;home;;-179;-196;3.11;PENDING
2026-08-29T15:43:27.005996+00:00;Chicago Cubs vs Cincinnati Reds;moneyline;home;;-179;-196;3.11;PENDING
2026-08-29T15:43:27.100473+00:00;Chicago Cubs vs Cincinnati Reds;moneyline;home;;-179;-196;3.11;PENDING
2026-08-29T15:43:27.306302+00:00;Chicago Cubs vs Cincinnati Reds;spread;home;-1.5;116;106;4.63;PENDING
2026-08-29T15:43:27.384599+00:00;Chicago Cubs vs Cincinnati Reds;moneyline;home;;-179;-196;3.11;PENDING
2026-08-29T15:43:28.288922+00:00;Chicago Cubs vs Cincinnati Reds;spread;home;-1.5;116;106;4.63;PENDING
2026-08-29T15:43:30.045042+00:00;Chicago Cubs vs Cincinnati Reds;spread;home;-1.5;116;106;4.63;PENDING
2026-08-29T15:43:30.910680+00:00;Chicago Cubs vs Cincinnati Reds;spread;home;-1.5;116;106;4.63;PENDING
2026-08-29T15:43:32.159086+00:00;Chicago Cubs vs Cincinnati Reds;spread;home;-1.5;116;106;4.63;PENDING
2026-08-29T15:43:37.769606+00:00;Chicago Cubs vs Cincinnati Reds;spread;home;-1.5;116;106;4.63;PENDING
2026-08-29T15:43:38.734306+00:00;Chicago Cubs vs Cincinnati Reds;spread;home;-1.5;116;106;4.63;PENDING
2026-08-29T15:43:42.243219+00:00;Chicago Cubs vs Cincinnati Reds;spread;home;-1.5;116;106;4.63;PENDING
2026-08-29T15:43:44.022627+00:00;Chicago Cubs vs Cincinnati Reds;spread;home;-1.5;116;106;4.63;PENDING
2026-08-29T15:43:48.732049+00:00;Chicago Cubs vs Cincinnati Reds;spread;home;-1.5;116;106;4.63;PENDING
2026-08-29T15:44:02.345464+00:00;Chicago Cubs vs Cincinnati Reds;spread;home;-1.5;116;106;4.63;PENDING
2026-08-29T15:44:06.373656+00:00;Chicago Cubs vs Cincinnati Reds;spread;home;-1.5;116;106;4.63;PENDING
2026-08-29T16:08:46.102678+00:00;Minnesota Twins vs Chicago White Sox;moneyline;away;;107;-100;3.38;PENDING
2026-08-29T16:08:47.551199+00:00;Minnesota Twins vs Chicago White Sox;moneyline;away;;107;-100;3.38;PENDING
2026-08-29T16:08:51.104544+00:00;Minnesota Twins vs Chicago White Sox;moneyline;away;;107;-100;3.38;PENDING
2026-08-29T16:08:51.336099+00:00;Minnesota Twins vs Chicago White Sox;moneyline;away;;107;-100;3.38;PENDING
2026-08-29T16:08:52.474541+00:00;Minnesota Twins vs Chicago White Sox;moneyline;away;;107;-100;3.38;PENDING
2026-08-29T16:08:52.527695+00:00;Minnesota Twins vs Chicago White Sox;moneyline;away;;107;-100;3.38;PENDING
2026-08-29T16:08:59.656024+00:00;Minnesota Twins vs Chicago White Sox;moneyline;away;;107;-100;3.38;PENDING
2026-08-29T16:09:02.148286+00:00;Minnesota Twins vs Chicago White Sox;moneyline;away;;107;-100;3.38;PENDING
2026-08-29T16:09:03.963811+00:00;Minnesota Twins vs Chicago White Sox;moneyline;away;;107;-100;3.38;PENDING
2026-08-29T16:09:07.056872+00:00;Minnesota Twins vs Chicago White Sox;moneyline;away;;107;-100;3.38;PENDING
2026-08-29T16:09:07.877983+00:00;Minnesota Twins vs Chicago White Sox;moneyline;away;;107;-100;3.38;PENDING
2026-08-29T16:09:09.619492+00:00;Minnesota Twins vs Chicago White Sox;moneyline;away;;107;-100;3.38;PENDING
2026-08-29T16:09:12.313249+00:00;Minnesota Twins vs Chicago White Sox;moneyline;away;;107;-100;3.38;PENDING
2026-08-29T16:09:12.741031+00:00;Minnesota Twins vs Chicago White Sox;moneyline;away;;107;-100;3.38;PENDING
2026-08-29T16:09:14.268301+00:00;Minnesota Twins vs Chicago White Sox;moneyline;away;;107;-100;3.38;PENDING
2026-08-29T16:09:24.192577+00:00;Minnesota Twins vs Chicago White Sox;moneyline;away;;107;-100;3.38;PENDING
2026-08-29T16:09:27.804231+00:00;Minnesota Twins vs Chicago White Sox;moneyline;away;;107;-100;3.38;PENDING
2026-08-29T16:09:32.031824+00:00;Minnesota Twins vs Chicago White Sox;moneyline;away;;107;-100;3.38;PENDING
2026-08-29T16:09:40.886460+00:00;Minnesota Twins vs Chicago White Sox;moneyline;away;;107;-100;3.38;PENDING
2026-08-29T16:11:53.725222+00:00;Minnesota Twins vs Chicago White Sox;moneyline;away;;107;-100;3.38;PENDING
2026-08-29T16:11:54.030569+00:00;Minnesota Twins vs Chicago White Sox;moneyline;away;;107;-100;3.38;PENDING
2026-08-29T16:11:56.550895+00:00;Minnesota Twins vs Chicago White Sox;moneyline;away;;107;-100;3.38;PENDING
2026-08-29T16:11:56.928643+00:00;Minnesota Twins vs Chicago White Sox;moneyline;away;;107;-100;3.38;PENDING
2026-08-29T16:48:44.226971+00:00;G1 New York Yankees vs G1 Boston Red Sox;moneyline;away;;106;-101;3.39;PENDING
2026-08-29T16:48:44.664750+00:00;G1 New York Yankees vs G1 Boston Red Sox;moneyline;away;;106;-101;3.39;PENDING
2026-08-29T16:48:45.876253+00:00;G1 New York Yankees vs G1 Boston Red Sox;moneyline;away;;106;-101;3.39;PENDING
2026-08-29T16:48:49.938105+00:00;G1 New York Yankees vs G1 Boston Red Sox;moneyline;away;;106;-101;3.39;PENDING
2026-08-29T16:48:59.042963+00:00;G1 New York Yankees vs G1 Boston Red Sox;moneyline;away;;106;-101;3.39;PENDING
2026-08-29T16:49:05.753913+00:00;G1 New York Yankees vs G1 Boston Red Sox;moneyline;away;;106;-101;3.39;PENDING
2026-08-29T16:49:07.423116+00:00;G1 New York Yankees vs G1 Boston Red Sox;moneyline;away;;106;-101;3.39;PENDING
2026-08-29T16:49:12.323688+00:00;G1 New York Yankees vs G1 Boston Red Sox;moneyline;away;;106;-101;3.39;PENDING
2026-08-29T16:49:23.596395+00:00;G1 New York Yankees vs G1 Boston Red Sox;moneyline;away;;106;-101;3.39;PENDING
2026-08-29T16:49:24.070420+00:00;G1 New York Yankees vs G1 Boston Red Sox;moneyline;away;;106;-101;3.39;PENDING
2026-08-29T16:49:24.744802+00:00;G1 New York Yankees vs G1 Boston Red Sox;moneyline;away;;106;-101;3.39;PENDING
2026-08-29T16:49:28.590373+00:00;G1 New York Yankees vs G1 Boston Red Sox;moneyline;away;;106;-101;3.39;PENDING
2026-08-29T16:49:29.247272+00:00;G1 New York Yankees vs G1 Boston Red Sox;moneyline;away;;106;-101;3.39;PENDING
2026-08-29T16:49:30.756865+00:00;G1 New York Yankees vs G1 Boston Red Sox;moneyline;away;;106;-101;3.39;PENDING
2026-08-29T16:49:36.347791+00:00;G1 New York Yankees vs G1 Boston Red Sox;moneyline;away;;106;-101;3.39;PENDING
2026-08-29T16:49:37.768945+00:00;G1 New York Yankees vs G1 Boston Red Sox;moneyline;away;;106;-101;3.39;PENDING
2026-08-29T16:49:42.748563+00:00;G1 New York Yankees vs G1 Boston Red Sox;moneyline;away;;106;-101;3.39;PENDING
2026-08-29T17:28:14.081189+00:00;Chicago Cubs vs Cincinnati Reds;spread;home;-1.5;106;-102;3.86;PENDING
2026-08-29T17:28:17.913039+00:00;Chicago Cubs vs Cincinnati Reds;spread;home;-1.5;106;-102;3.86;PENDING
2026-08-29T17:28:18.633807+00:00;Chicago Cubs vs Cincinnati Reds;spread;home;-1.5;106;-102;3.86;PENDING
2026-08-29T17:28:19.862260+00:00;Chicago Cubs vs Cincinnati Reds;spread;home;-1.5;106;-102;3.86;PENDING
2026-08-29T17:28:32.282344+00:00;Chicago Cubs vs Cincinnati Reds;spread;home;-1.5;106;-102;3.86;PENDING
2026-08-29T17:28:36.527066+00:00;Chicago Cubs vs Cincinnati Reds;spread;home;-1.5;106;-102;3.86;PENDING
2026-08-29T17:28:37.837729+00:00;Chicago Cubs vs Cincinnati Reds;spread;home;-1.5;106;-102;3.86;PENDING
2026-08-29T17:28:42.654726+00:00;Chicago Cubs vs Cincinnati Reds;spread;home;-1.5;106;-102;3.86;PENDING
2026-08-29T17:29:02.754144+00:00;Chicago Cubs vs Cincinnati Reds;spread;home;-1.5;106;-102;3.86;PENDING
2026-08-29T17:29:07.339807+00:00;Chicago Cubs vs Cincinnati Reds;spread;home;-1.5;106;-102;3.86;PENDING
2026-08-29T17:29:07.394272+00:00;Chicago Cubs vs Cincinnati Reds;spread;home;-1.5;106;-102;3.86;PENDING
2026-08-29T17:29:43.501953+00:00;Chicago Cubs vs Cincinnati Reds;spread;home;-1.5;106;-102;3.86;PENDING
2026-08-29T17:29:50.951754+00:00;Chicago Cubs vs Cincinnati Reds;spread;home;-1.5;106;-102;3.86;PENDING
2026-08-29T17:29:52.533493+00:00;Chicago Cubs vs Cincinnati Reds;spread;home;-1.5;106;-102;3.86;PENDING
2026-08-29T17:29:52.549967+00:00;Chicago Cubs vs Cincinnati Reds;spread;home;-1.5;106;-102;3.86;PENDING
2026-08-29T17:29:53.019378+00:00;Chicago Cubs vs Cincinnati Reds;spread;home;-1.5;106;-102;3.86;PENDING
2026-08-29T17:29:53.197234+00:00;Chicago Cubs vs Cincinnati Reds;spread;home;-1.5;106;-102;3.86;PENDING
2026-08-29T17:29:53.377110+00:00;Chicago Cubs vs Cincinnati Reds;spread;home;-1.5;106;-102;3.86;PENDING
2026-08-29T17:29:53.628605+00:00;Chicago Cubs vs Cincinnati Reds;spread;home;-1.5;106;-102;3.86;PENDING
2026-08-29T17:29:55.245652+00:00;Chicago Cubs vs Cincinnati Reds;spread;home;-1.5;106;-102;3.86;PENDING
2026-08-29T17:29:57.026147+00:00;Chicago Cubs vs Cincinnati Reds;spread;home;-1.5;106;-102;3.86;PENDING
2026-08-29T17:29:57.708624+00:00;Chicago Cubs vs Cincinnati Reds;spread;home;-1.5;106;-102;3.86;PENDING
2026-08-29T17:29:57.959530+00:00;Chicago Cubs vs Cincinnati Reds;spread;home;-1.5;106;-102;3.86;PENDING
2026-08-29T17:34:40.776054+00:00;G2 New York Yankees vs G2 Boston Red Sox;moneyline;home;;-125;-135;3.29;PENDING
2026-08-29T17:34:41.349853+00:00;G2 New York Yankees vs G2 Boston Red Sox;moneyline;home;;-125;-135;3.29;PENDING
2026-08-29T17:34:50.039121+00:00;G2 New York Yankees vs G2 Boston Red Sox;moneyline;home;;-125;-135;3.29;PENDING
2026-08-29T17:34:52.311478+00:00;G2 New York Yankees vs G2 Boston Red Sox;moneyline;home;;-125;-135;3.29;PENDING
2026-08-29T17:34:53.380077+00:00;G2 New York Yankees vs G2 Boston Red Sox;moneyline;home;;-125;-135;3.29;PENDING
2026-08-29T17:34:57.724272+00:00;G2 New York Yankees vs G2 Boston Red Sox;moneyline;home;;-125;-135;3.29;PENDING
2026-08-29T17:34:59.380318+00:00;G2 New York Yankees vs G2 Boston Red Sox;moneyline;home;;-125;-135;3.29;PENDING
2026-08-29T17:34:59.578962+00:00;G2 New York Yankees vs G2 Boston Red Sox;moneyline;home;;-125;-135;3.29;PENDING
2026-08-29T17:34:59.809788+00:00;G2 New York Yankees vs G2 Boston Red Sox;moneyline;home;;-125;-135;3.29;PENDING
2026-08-29T17:35:00.201132+00:00;G2 New York Yankees vs G2 Boston Red Sox;moneyline;home;;-125;-135;3.29;PENDING
2026-08-29T17:35:00.668735+00:00;G2 New York Yankees vs G2 Boston Red Sox;moneyline;home;;-125;-135;3.29;PENDING
2026-08-29T17:35:01.298135+00:00;G2 New York Yankees vs G2 Boston Red Sox;moneyline;home;;-125;-135;3.29;PENDING
2026-08-29T17:35:02.169422+00:00;G2 New York Yankees vs G2 Boston Red Sox;moneyline;home;;-125;-135;3.29;PENDING
2026-08-29T17:35:04.584993+00:00;G2 New York Yankees vs G2 Boston Red Sox;moneyline;home;;-125;-135;3.29;PENDING
2026-08-29T17:35:05.454523+00:00;G2 New York Yankees vs G2 Boston Red Sox;moneyline;home;;-125;-135;3.29;PENDING
2026-08-29T17:35:06.333632+00:00;G2 New York Yankees vs G2 Boston Red Sox;moneyline;home;;-125;-135;3.29;PENDING
2026-08-29T17:35:12.883457+00:00;G2 New York Yankees vs G2 Boston Red Sox;moneyline;home;;-125;-135;3.29;PENDING
2026-08-29T17:35:20.197463+00:00;G2 New York Yankees vs G2 Boston Red Sox;moneyline;home;;-125;-135;3.29;PENDING
2026-08-29T17:35:20.791260+00:00;G2 New York Yankees vs G2 Boston Red Sox;moneyline;home;;-125;-135;3.29;PENDING
2026-08-29T17:35:21.325841+00:00;G2 New York Yankees vs G2 Boston Red Sox;moneyline;home;;-125;-135;3.29;PENDING
2026-08-29T17:35:21.650498+00:00;G2 New York Yankees vs G2 Boston Red Sox;moneyline;home;;-125;-135;3.29;PENDING
2026-08-29T17:35:26.424660+00:00;G2 New York Yankees vs G2 Boston Red Sox;moneyline;home;;-125;-135;3.29;PENDING
2026-08-29T17:35:28.422987+00:00;G2 New York Yankees vs G2 Boston Red Sox;moneyline;home;;-125;-135;3.29;PENDING
2026-08-29T18:09:41.833982+00:00;New York Mets vs Houston Astros;moneyline;home;;-133;-145;3.55;PENDING
2026-08-29T18:09:41.834837+00:00;New York Mets vs Houston Astros;moneyline;home;;-133;-145;3.55;PENDING
2026-08-29T18:09:41.912977+00:00;New York Mets vs Houston Astros;moneyline;home;;-133;-145;3.55;PENDING
2026-08-29T18:09:43.367413+00:00;New York Mets vs Houston Astros;moneyline;home;;-133;-145;3.55;PENDING
2026-08-29T18:09:45.643525+00:00;New York Mets vs Houston Astros;spread;home;-1.5;159;145;5.41;PENDING
2026-08-29T18:09:46.214956+00:00;New York Mets vs Houston Astros;spread;home;-1.5;159;145;5.41;PENDING
2026-08-29T18:09:46.439069+00:00;New York Mets vs Houston Astros;spread;home;-1.5;159;145;5.41;PENDING
2026-08-29T18:09:46.706760+00:00;New York Mets vs Houston Astros;moneyline;home;;-133;-145;3.55;PENDING
2026-08-29T18:09:47.584309+00:00;New York Mets vs Houston Astros;spread;home;-1.5;159;145;5.41;PENDING
2026-08-29T18:09:50.372651+00:00;New York Mets vs Houston Astros;spread;home;-1.5;159;145;5.41;PENDING
2026-08-29T18:09:54.713003+00:00;New York Mets vs Houston Astros;moneyline;home;;-133;-145;3.55;PENDING
2026-08-29T18:09:56.997182+00:00;New York Mets vs Houston Astros;moneyline;home;;-133;-145;3.55;PENDING
2026-08-29T18:09:57.778660+00:00;New York Mets vs Houston Astros;spread;home;-1.5;159;145;5.41;PENDING
2026-08-29T18:10:00.842083+00:00;New York Mets vs Houston Astros;spread;home;-1.5;159;145;5.41;PENDING
2026-08-29T18:10:10.920711+00:00;New York Mets vs Houston Astros;moneyline;home;;-133;-145;3.55;PENDING
2026-08-29T18:10:11.221949+00:00;New York Mets vs Houston Astros;moneyline;home;;-133;-145;3.55;PENDING
2026-08-29T18:10:14.563836+00:00;New York Mets vs Houston Astros;spread;home;-1.5;159;145;5.41;PENDING
2026-08-29T18:10:14.676242+00:00;New York Mets vs Houston Astros;spread;home;-1.5;159;145;5.41;PENDING
2026-08-29T18:10:14.811785+00:00;New York Mets vs Houston Astros;moneyline;home;;-133;-145;3.55;PENDING
2026-08-29T18:10:17.732429+00:00;New York Mets vs Houston Astros;moneyline;home;;-133;-145;3.55;PENDING
2026-08-29T18:10:22.098937+00:00;New York Mets vs Houston Astros;moneyline;home;;-133;-145;3.55;PENDING
2026-08-29T18:10:22.166113+00:00;New York Mets vs Houston Astros;spread;home;-1.5;159;145;5.41;PENDING
2026-08-29T18:10:23.167477+00:00;New York Mets vs Houston Astros;spread;home;-1.5;159;145;5.41;PENDING
2026-08-29T18:10:25.579672+00:00;New York Mets vs Houston Astros;spread;home;-1.5;159;145;5.41;PENDING
2026-08-29T18:10:31.724342+00:00;New York Mets vs Houston Astros;moneyline;home;;-133;-145;3.55;PENDING
2026-08-29T18:10:33.916239+00:00;New York Mets vs Houston Astros;moneyline;home;;-133;-145;3.55;PENDING
2026-08-29T18:10:36.900527+00:00;New York Mets vs Houston Astros;moneyline;home;;-133;-145;3.55;PENDING
2026-08-29T18:10:37.550382+00:00;New York Mets vs Houston Astros;moneyline;home;;-133;-145;3.55;PENDING
2026-08-29T18:10:40.494513+00:00;New York Mets vs Houston Astros;spread;home;-1.5;159;145;5.41;PENDING
2026-08-29T18:10:47.661442+00:00;New York Mets vs Houston Astros;spread;home;-1.5;159;145;5.41;PENDING
2026-08-29T18:10:48.804628+00:00;New York Mets vs Houston Astros;spread;home;-1.5;159;145;5.41;PENDING
2026-08-29T18:10:52.146267+00:00;New York Mets vs Houston Astros;spread;home;-1.5;159;145;5.41;PENDING
2026-08-29T18:13:28.136451+00:00;Chicago Cubs vs Cincinnati Reds;moneyline;home;;-196;-225;4.35;PENDING
2026-08-29T18:13:46.186491+00:00;Chicago Cubs vs Cincinnati Reds;moneyline;home;;-196;-225;4.35;PENDING
2026-08-29T18:13:46.533404+00:00;Chicago Cubs vs Cincinnati Reds;moneyline;home;;-196;-225;4.35;PENDING
2026-08-29T18:13:51.968212+00:00;Chicago Cubs vs Cincinnati Reds;moneyline;home;;-196;-225;4.35;PENDING
2026-08-29T18:13:52.649203+00:00;Chicago Cubs vs Cincinnati Reds;moneyline;home;;-196;-225;4.35;PENDING
2026-08-29T18:13:52.676230+00:00;Chicago Cubs vs Cincinnati Reds;moneyline;home;;-196;-225;4.35;PENDING
2026-08-29T18:13:53.095183+00:00;Chicago Cubs vs Cincinnati Reds;moneyline;home;;-196;-225;4.35;PENDING
2026-08-29T18:13:56.661602+00:00;Chicago Cubs vs Cincinnati Reds;moneyline;home;;-196;-225;4.35;PENDING
2026-08-29T18:13:56.741708+00:00;Chicago Cubs vs Cincinnati Reds;moneyline;home;;-196;-225;4.35;PENDING
2026-08-29T18:14:03.800560+00:00;Chicago Cubs vs Cincinnati Reds;moneyline;home;;-196;-225;4.35;PENDING
2026-08-29T18:14:07.407064+00:00;Chicago Cubs vs Cincinnati Reds;moneyline;home;;-196;-225;4.35;PENDING
2026-08-29T18:14:07.666474+00:00;Chicago Cubs vs Cincinnati Reds;moneyline;home;;-196;-225;4.35;PENDING
2026-08-29T18:14:08.410162+00:00;Chicago Cubs vs Cincinnati Reds;moneyline;home;;-196;-225;4.35;PENDING
2026-08-29T18:14:10.382014+00:00;Chicago Cubs vs Cincinnati Reds;moneyline;home;;-196;-225;4.35;PENDING
2026-08-29T18:14:20.737619+00:00;Chicago Cubs vs Cincinnati Reds;moneyline;home;;-196;-225;4.35;PENDING
2026-08-29T18:14:23.337454+00:00;Chicago Cubs vs Cincinnati Reds;moneyline;home;;-196;-225;4.35;PENDING
2026-08-29T18:16:24.793659+00:00;Chicago Cubs vs Cincinnati Reds;moneyline;home;;-196;-225;4.35;PENDING
2026-08-29T18:16:27.225023+00:00;Chicago Cubs vs Cincinnati Reds;moneyline;home;;-196;-225;4.35;PENDING
2026-08-29T18:16:27.449368+00:00;Chicago Cubs vs Cincinnati Reds;moneyline;home;;-196;-225;4.35;PENDING
2026-08-29T18:16:27.714588+00:00;Chicago Cubs vs Cincinnati Reds;moneyline;home;;-196;-225;4.35;PENDING
2026-08-29T18:16:27.788525+00:00;Chicago Cubs vs Cincinnati Reds;moneyline;home;;-196;-225;4.35;PENDING
2026-08-29T18:16:28.225788+00:00;Chicago Cubs vs Cincinnati Reds;moneyline;home;;-196;-225;4.35;PENDING
2026-08-29T18:16:29.140524+00:00;New York Mets vs Houston Astros;moneyline;home;;-133;-145;3.55;PENDING
2026-08-29T18:16:30.060152+00:00;Chicago Cubs vs Cincinnati Reds;moneyline;home;;-196;-225;4.35;PENDING
2026-08-29T18:16:30.942882+00:00;New York Mets vs Houston Astros;moneyline;home;;-133;-145;3.55;PENDING
2026-08-29T18:16:31.466037+00:00;New York Mets vs Houston Astros;moneyline;home;;-133;-145;3.55;PENDING
2026-08-29T18:16:31.810811+00:00;New York Mets vs Houston Astros;moneyline;home;;-133;-145;3.55;PENDING
2026-08-29T18:16:31.980326+00:00;New York Mets vs Houston Astros;moneyline;home;;-133;-145;3.55;PENDING
2026-08-29T18:16:32.326095+00:00;New York Mets vs Houston Astros;moneyline;home;;-133;-145;3.55;PENDING
2026-08-29T18:16:32.769532+00:00;New York Mets vs Houston Astros;spread;home;-1.5;159;145;5.41;PENDING
2026-08-29T18:16:33.716489+00:00;New York Mets vs Houston Astros;moneyline;home;;-133;-145;3.55;PENDING
2026-08-29T18:16:34.625228+00:00;New York Mets vs Houston Astros;spread;home;-1.5;159;145;5.41;PENDING
2026-08-29T18:16:35.258114+00:00;New York Mets vs Houston Astros;spread;home;-1.5;159;145;5.41;PENDING
2026-08-29T18:16:36.996188+00:00;New York Mets vs Houston Astros;spread;home;-1.5;159;145;5.41;PENDING
2026-08-29T18:16:37.108260+00:00;New York Mets vs Houston Astros;spread;home;-1.5;159;145;5.41;PENDING
2026-08-29T18:16:37.609756+00:00;New York Mets vs Houston Astros;spread;home;-1.5;159;145;5.41;PENDING
2026-08-29T18:16:38.078883+00:00;New York Mets vs Houston Astros;spread;home;-1.5;159;145;5.41;PENDING
2026-08-29T19:27:27.892722+00:00;G1 San Francisco Giants vs G1 Arizona Diamondbacks;moneyline;away;;-106;-114;3.41;PENDING
2026-08-29T19:27:28.249828+00:00;G1 San Francisco Giants vs G1 Arizona Diamondbacks;moneyline;away;;-106;-114;3.41;PENDING
2026-08-29T19:27:30.376196+00:00;G1 San Francisco Giants vs G1 Arizona Diamondbacks;moneyline;away;;-106;-114;3.41;PENDING
2026-08-29T19:27:30.715728+00:00;G1 San Francisco Giants vs G1 Arizona Diamondbacks;moneyline;away;;-106;-114;3.41;PENDING
2026-08-29T19:27:30.784660+00:00;G1 San Francisco Giants vs G1 Arizona Diamondbacks;moneyline;away;;-106;-114;3.41;PENDING
2026-08-29T19:27:31.541364+00:00;G1 San Francisco Giants vs G1 Arizona Diamondbacks;moneyline;away;;-106;-114;3.41;PENDING
2026-08-29T19:27:31.892916+00:00;G1 San Francisco Giants vs G1 Arizona Diamondbacks;spread;away;-1.5;158;147;4.26;PENDING
2026-08-29T19:27:32.022275+00:00;G1 San Francisco Giants vs G1 Arizona Diamondbacks;moneyline;away;;-106;-114;3.41;PENDING
2026-08-29T19:27:32.075790+00:00;G1 San Francisco Giants vs G1 Arizona Diamondbacks;spread;away;-1.5;158;147;4.26;PENDING
2026-08-29T19:27:34.169250+00:00;G1 San Francisco Giants vs G1 Arizona Diamondbacks;spread;away;-1.5;158;147;4.26;PENDING
2026-08-29T19:27:34.322445+00:00;G1 San Francisco Giants vs G1 Arizona Diamondbacks;spread;away;-1.5;158;147;4.26;PENDING
2026-08-29T19:27:34.714864+00:00;G1 San Francisco Giants vs G1 Arizona Diamondbacks;spread;away;-1.5;158;147;4.26;PENDING
2026-08-29T19:27:34.722142+00:00;G1 San Francisco Giants vs G1 Arizona Diamondbacks;spread;away;-1.5;158;147;4.26;PENDING
2026-08-29T19:27:35.964928+00:00;G1 San Francisco Giants vs G1 Arizona Diamondbacks;spread;away;-1.5;158;147;4.26;PENDING
2026-08-29T19:27:40.407447+00:00;G1 San Francisco Giants vs G1 Arizona Diamondbacks;moneyline;away;;-106;-114;3.41;PENDING
2026-08-29T19:27:43.372966+00:00;G1 San Francisco Giants vs G1 Arizona Diamondbacks;spread;away;-1.5;158;147;4.26;PENDING
2026-08-29T19:27:46.996373+00:00;G1 San Francisco Giants vs G1 Arizona Diamondbacks;moneyline;away;;-106;-114;3.41;PENDING
2026-08-29T19:27:47.643267+00:00;G1 San Francisco Giants vs G1 Arizona Diamondbacks;moneyline;away;;-106;-114;3.41;PENDING
2026-08-29T19:27:49.867981+00:00;G1 San Francisco Giants vs G1 Arizona Diamondbacks;spread;away;-1.5;158;147;4.26;PENDING
2026-08-29T19:27:50.826618+00:00;G1 San Francisco Giants vs G1 Arizona Diamondbacks;spread;away;-1.5;158;147;4.26;PENDING
2026-08-29T19:27:52.254032+00:00;G1 San Francisco Giants vs G1 Arizona Diamondbacks;moneyline;away;;-106;-114;3.41;PENDING
2026-08-29T19:27:55.481725+00:00;G1 San Francisco Giants vs G1 Arizona Diamondbacks;spread;away;-1.5;158;147;4.26;PENDING
2026-08-29T19:27:59.485609+00:00;G1 San Francisco Giants vs G1 Arizona Diamondbacks;moneyline;away;;-106;-114;3.41;PENDING
2026-08-29T19:28:02.448584+00:00;G1 San Francisco Giants vs G1 Arizona Diamondbacks;moneyline;away;;-106;-114;3.41;PENDING
2026-08-29T19:28:02.549944+00:00;G1 San Francisco Giants vs G1 Arizona Diamondbacks;spread;away;-1.5;158;147;4.26;PENDING
2026-08-29T19:28:05.712515+00:00;G1 San Francisco Giants vs G1 Arizona Diamondbacks;spread;away;-1.5;158;147;4.26;PENDING
2026-08-29T19:28:07.960478+00:00;G1 San Francisco Giants vs G1 Arizona Diamondbacks;moneyline;away;;-106;-114;3.41;PENDING
2026-08-29T19:28:11.600231+00:00;G1 San Francisco Giants vs G1 Arizona Diamondbacks;spread;away;-1.5;158;147;4.26;PENDING
2026-08-29T19:28:26.568652+00:00;G1 San Francisco Giants vs G1 Arizona Diamondbacks;moneyline;away;;-106;-114;3.41;PENDING
2026-08-29T19:28:29.386650+00:00;G1 San Francisco Giants vs G1 Arizona Diamondbacks;spread;away;-1.5;158;147;4.26;PENDING
2026-08-29T19:34:10.117440+00:00;G1 San Francisco Giants vs G1 Arizona Diamondbacks;moneyline;away;;-106;-114;3.41;PENDING
2026-08-29T19:34:12.096031+00:00;G1 San Francisco Giants vs G1 Arizona Diamondbacks;moneyline;away;;-106;-114;3.41;PENDING
2026-08-29T19:34:12.273505+00:00;G1 San Francisco Giants vs G1 Arizona Diamondbacks;moneyline;away;;-106;-114;3.41;PENDING
2026-08-29T19:34:14.002683+00:00;G1 San Francisco Giants vs G1 Arizona Diamondbacks;spread;away;-1.5;158;147;4.26;PENDING
2026-08-29T19:34:15.589201+00:00;G1 San Francisco Giants vs G1 Arizona Diamondbacks;spread;away;-1.5;158;147;4.26;PENDING
2026-08-29T19:34:15.870330+00:00;G1 San Francisco Giants vs G1 Arizona Diamondbacks;spread;away;-1.5;158;147;4.26;PENDING
2026-08-29T19:34:22.823306+00:00;G1 San Francisco Giants vs G1 Arizona Diamondbacks;moneyline;away;;-106;-114;3.41;PENDING
2026-08-29T19:34:23.051844+00:00;G1 San Francisco Giants vs G1 Arizona Diamondbacks;moneyline;away;;-106;-114;3.41;PENDING
2026-08-29T19:34:24.613218+00:00;G1 San Francisco Giants vs G1 Arizona Diamondbacks;moneyline;away;;-106;-114;3.41;PENDING
2026-08-29T19:34:25.508270+00:00;G1 San Francisco Giants vs G1 Arizona Diamondbacks;moneyline;away;;-106;-114;3.41;PENDING
2026-08-29T19:34:25.549791+00:00;G1 San Francisco Giants vs G1 Arizona Diamondbacks;moneyline;away;;-106;-114;3.41;PENDING
2026-08-29T19:34:26.222920+00:00;G1 San Francisco Giants vs G1 Arizona Diamondbacks;spread;away;-1.5;158;147;4.26;PENDING
2026-08-29T19:34:26.708668+00:00;G1 San Francisco Giants vs G1 Arizona Diamondbacks;spread;away;-1.5;158;147;4.26;PENDING
2026-08-29T19:34:28.440686+00:00;G1 San Francisco Giants vs G1 Arizona Diamondbacks;spread;away;-1.5;158;147;4.26;PENDING
2026-08-29T19:34:28.728159+00:00;G1 San Francisco Giants vs G1 Arizona Diamondbacks;spread;away;-1.5;158;147;4.26;PENDING
2026-08-29T19:34:29.165836+00:00;G1 San Francisco Giants vs G1 Arizona Diamondbacks;spread;away;-1.5;158;147;4.26;PENDING
2026-08-29T20:05:47.001936+00:00;G2 New York Yankees vs G2 Boston Red Sox;spread;home;-1.5;169;160;3.35;PENDING
2026-08-29T20:05:47.185553+00:00;G2 New York Yankees vs G2 Boston Red Sox;spread;home;-1.5;169;160;3.35;PENDING
2026-08-29T20:05:47.217016+00:00;G2 New York Yankees vs G2 Boston Red Sox;spread;home;-1.5;169;160;3.35;PENDING
2026-08-29T20:05:47.535279+00:00;Washington Nationals vs Miami Marlins;total;over;8.0;102;-106;3.79;PENDING
2026-08-29T20:05:48.762478+00:00;G2 New York Yankees vs G2 Boston Red Sox;spread;home;-1.5;169;160;3.35;PENDING
2026-08-29T20:05:51.363254+00:00;Washington Nationals vs Miami Marlins;total;over;8.0;102;-106;3.79;PENDING
2026-08-29T20:05:51.440240+00:00;Washington Nationals vs Miami Marlins;total;over;8.0;102;-106;3.79;PENDING
2026-08-29T20:05:51.501931+00:00;Washington Nationals vs Miami Marlins;total;over;8.0;102;-106;3.79;PENDING
2026-08-29T20:05:52.854877+00:00;Washington Nationals vs Miami Marlins;total;over;8.0;102;-106;3.79;PENDING
2026-08-29T20:05:54.857161+00:00;G2 New York Yankees vs G2 Boston Red Sox;spread;home;-1.5;169;160;3.35;PENDING
2026-08-29T20:05:56.436288+00:00;G2 New York Yankees vs G2 Boston Red Sox;spread;home;-1.5;169;160;3.35;PENDING
2026-08-29T20:05:58.106485+00:00;G2 New York Yankees vs G2 Boston Red Sox;spread;home;-1.5;169;160;3.35;PENDING
2026-08-29T20:05:58.678040+00:00;Washington Nationals vs Miami Marlins;total;over;8.0;102;-106;3.79;PENDING
2026-08-29T20:06:00.389021+00:00;Washington Nationals vs Miami Marlins;total;over;8.0;102;-106;3.79;PENDING
2026-08-29T20:06:01.100772+00:00;Washington Nationals vs Miami Marlins;total;over;8.0;102;-106;3.79;PENDING
2026-08-29T20:06:01.876377+00:00;G2 New York Yankees vs G2 Boston Red Sox;spread;home;-1.5;169;160;3.35;PENDING
2026-08-29T20:06:02.606453+00:00;Washington Nationals vs Miami Marlins;total;over;8.0;102;-106;3.79;PENDING
2026-08-29T20:06:05.933214+00:00;G2 New York Yankees vs G2 Boston Red Sox;spread;home;-1.5;169;160;3.35;PENDING
2026-08-29T20:06:06.523635+00:00;G2 New York Yankees vs G2 Boston Red Sox;spread;home;-1.5;169;160;3.35;PENDING
2026-08-29T20:06:06.599668+00:00;G2 New York Yankees vs G2 Boston Red Sox;spread;home;-1.5;169;160;3.35;PENDING
2026-08-29T20:06:08.031309+00:00;Washington Nationals vs Miami Marlins;total;over;8.0;102;-106;3.79;PENDING
2026-08-29T20:06:09.014290+00:00;G2 New York Yankees vs G2 Boston Red Sox;spread;home;-1.5;169;160;3.35;PENDING
2026-08-29T20:06:09.496213+00:00;G2 New York Yankees vs G2 Boston Red Sox;spread;home;-1.5;169;160;3.35;PENDING
2026-08-29T20:06:10.762457+00:00;Washington Nationals vs Miami Marlins;total;over;8.0;102;-106;3.79;PENDING
2026-08-29T20:06:11.928259+00:00;G2 New York Yankees vs G2 Boston Red Sox;spread;home;-1.5;169;160;3.35;PENDING
2026-08-29T20:06:12.346763+00:00;Washington Nationals vs Miami Marlins;total;over;8.0;102;-106;3.79;PENDING
2026-08-29T20:06:12.425044+00:00;Washington Nationals vs Miami Marlins;total;over;8.0;102;-106;3.79;PENDING
2026-08-29T20:06:12.757416+00:00;Washington Nationals vs Miami Marlins;total;over;8.0;102;-106;3.79;PENDING
2026-08-29T20:06:13.635888+00:00;G2 New York Yankees vs G2 Boston Red Sox;spread;home;-1.5;169;160;3.35;PENDING
2026-08-29T20:06:14.865271+00:00;Washington Nationals vs Miami Marlins;total;over;8.0;102;-106;3.79;PENDING
2026-08-29T20:06:16.692794+00:00;G2 New York Yankees vs G2 Boston Red Sox;spread;home;-1.5;169;160;3.35;PENDING
2026-08-29T20:06:16.730814+00:00;Washington Nationals vs Miami Marlins;total;over;8.0;102;-106;3.79;PENDING
2026-08-29T20:06:18.788208+00:00;Washington Nationals vs Miami Marlins;total;over;8.0;102;-106;3.79;PENDING
2026-08-29T20:06:18.932081+00:00;Washington Nationals vs Miami Marlins;total;over;8.0;102;-106;3.79;PENDING
2026-08-29T20:06:19.134116+00:00;Washington Nationals vs Miami Marlins;total;over;8.0;102;-106;3.79;PENDING
2026-08-29T20:06:21.391705+00:00;Washington Nationals vs Miami Marlins;total;over;8.0;102;-106;3.79;PENDING
2026-08-29T20:06:28.584254+00:00;Washington Nationals vs Miami Marlins;total;over;8.0;102;-106;3.79;PENDING
2026-08-29T20:06:29.893691+00:00;Washington Nationals vs Miami Marlins;total;over;8.0;102;-106;3.79;PENDING
2026-08-29T20:06:30.295491+00:00;Washington Nationals vs Miami Marlins;total;over;8.0;102;-106;3.79;PENDING
2026-08-29T20:09:34.783757+00:00;Atlanta Braves vs Colorado Rockies;spread;home;-1.5;-101;-108;3.22;PENDING
2026-08-29T20:09:35.963668+00:00;Atlanta Braves vs Colorado Rockies;spread;home;-1.5;-101;-108;3.22;PENDING
2026-08-29T20:09:36.410877+00:00;Atlanta Braves vs Colorado Rockies;spread;home;-1.5;-101;-108;3.22;PENDING
2026-08-29T20:09:56.779688+00:00;Atlanta Braves vs Colorado Rockies;spread;home;-1.5;-101;-108;3.22;PENDING
2026-08-29T20:09:58.837236+00:00;Atlanta Braves vs Colorado Rockies;spread;home;-1.5;-101;-108;3.22;PENDING
2026-08-29T20:09:59.411210+00:00;Atlanta Braves vs Colorado Rockies;spread;home;-1.5;-101;-108;3.22;PENDING
2026-08-29T20:10:00.493437+00:00;Atlanta Braves vs Colorado Rockies;spread;home;-1.5;-101;-108;3.22;PENDING
2026-08-29T20:10:00.979376+00:00;Atlanta Braves vs Colorado Rockies;spread;home;-1.5;-101;-108;3.22;PENDING
2026-08-29T20:10:06.877080+00:00;Atlanta Braves vs Colorado Rockies;spread;home;-1.5;-101;-108;3.22;PENDING
2026-08-29T20:10:10.078065+00:00;Atlanta Braves vs Colorado Rockies;spread;home;-1.5;-101;-108;3.22;PENDING
2026-08-29T20:10:11.018019+00:00;Atlanta Braves vs Colorado Rockies;spread;home;-1.5;-101;-108;3.22;PENDING
2026-08-29T20:10:11.480985+00:00;Atlanta Braves vs Colorado Rockies;spread;home;-1.5;-101;-108;3.22;PENDING
2026-08-29T20:10:17.644392+00:00;Atlanta Braves vs Colorado Rockies;spread;home;-1.5;-101;-108;3.22;PENDING
2026-08-29T20:10:20.427628+00:00;Atlanta Braves vs Colorado Rockies;spread;home;-1.5;-101;-108;3.22;PENDING
2026-08-29T20:10:21.683402+00:00;Atlanta Braves vs Colorado Rockies;spread;home;-1.5;-101;-108;3.22;PENDING
2026-08-29T20:10:22.696457+00:00;Atlanta Braves vs Colorado Rockies;spread;home;-1.5;-101;-108;3.22;PENDING
2026-08-29T20:10:22.759883+00:00;Atlanta Braves vs Colorado Rockies;spread;home;-1.5;-101;-108;3.22;PENDING
2026-08-29T20:10:23.217691+00:00;Cleveland Guardians vs Kansas City Royals;spread;home;-1.5;141;133;3.32;PENDING
2026-08-29T20:10:24.809979+00:00;Cleveland Guardians vs Kansas City Royals;spread;home;-1.5;141;133;3.32;PENDING
2026-08-29T20:10:26.254763+00:00;Cleveland Guardians vs Kansas City Royals;spread;home;-1.5;141;133;3.32;PENDING
2026-08-29T20:10:27.036460+00:00;Atlanta Braves vs Colorado Rockies;spread;home;-1.5;-101;-108;3.22;PENDING
2026-08-29T20:10:27.487103+00:00;Cleveland Guardians vs Kansas City Royals;spread;home;-1.5;141;133;3.32;PENDING
2026-08-29T20:10:27.914959+00:00;Cleveland Guardians vs Kansas City Royals;spread;home;-1.5;141;133;3.32;PENDING
2026-08-29T20:10:28.157965+00:00;Cleveland Guardians vs Kansas City Royals;spread;home;-1.5;141;133;3.32;PENDING
2026-08-29T20:10:28.506149+00:00;Atlanta Braves vs Colorado Rockies;spread;home;-1.5;-101;-108;3.22;PENDING
2026-08-29T20:10:30.084630+00:00;Atlanta Braves vs Colorado Rockies;spread;home;-1.5;-101;-108;3.22;PENDING
2026-08-29T20:10:31.617519+00:00;Atlanta Braves vs Colorado Rockies;spread;home;-1.5;-101;-108;3.22;PENDING
2026-08-29T20:10:32.134021+00:00;Atlanta Braves vs Colorado Rockies;spread;home;-1.5;-101;-108;3.22;PENDING
2026-08-29T20:10:33.132197+00:00;Atlanta Braves vs Colorado Rockies;spread;home;-1.5;-101;-108;3.22;PENDING
2026-08-29T20:10:39.044351+00:00;Cleveland Guardians vs Kansas City Royals;spread;home;-1.5;141;133;3.32;PENDING
2026-08-29T20:10:39.883487+00:00;Cleveland Guardians vs Kansas City Royals;spread;home;-1.5;141;133;3.32;PENDING
2026-08-29T20:10:40.788526+00:00;Cleveland Guardians vs Kansas City Royals;spread;home;-1.5;141;133;3.32;PENDING
2026-08-29T20:11:01.048118+00:00;Cleveland Guardians vs Kansas City Royals;spread;home;-1.5;141;133;3.32;PENDING
2026-08-29T20:11:02.924211+00:00;Cleveland Guardians vs Kansas City Royals;spread;home;-1.5;141;133;3.32;PENDING
2026-08-29T20:11:03.129396+00:00;Cleveland Guardians vs Kansas City Royals;spread;home;-1.5;141;133;3.32;PENDING
2026-08-29T20:11:05.334312+00:00;Cleveland Guardians vs Kansas City Royals;spread;home;-1.5;141;133;3.32;PENDING
2026-08-29T20:11:06.989013+00:00;Cleveland Guardians vs Kansas City Royals;spread;home;-1.5;141;133;3.32;PENDING
2026-08-29T20:11:10.616098+00:00;Cleveland Guardians vs Kansas City Royals;spread;home;-1.5;141;133;3.32;PENDING
2026-08-29T20:11:14.558925+00:00;Cleveland Guardians vs Kansas City Royals;spread;home;-1.5;141;133;3.32;PENDING
2026-08-29T20:11:14.814829+00:00;Cleveland Guardians vs Kansas City Royals;spread;home;-1.5;141;133;3.32;PENDING
2026-08-29T20:11:15.127330+00:00;Cleveland Guardians vs Kansas City Royals;spread;home;-1.5;141;133;3.32;PENDING
2026-08-29T20:11:21.096996+00:00;Cleveland Guardians vs Kansas City Royals;spread;home;-1.5;141;133;3.32;PENDING
2026-08-29T20:11:24.329690+00:00;Cleveland Guardians vs Kansas City Royals;spread;home;-1.5;141;133;3.32;PENDING
2026-08-29T20:11:25.331529+00:00;Cleveland Guardians vs Kansas City Royals;spread;home;-1.5;141;133;3.32;PENDING
2026-08-29T20:11:26.841487+00:00;Cleveland Guardians vs Kansas City Royals;spread;home;-1.5;141;133;3.32;PENDING
2026-08-29T20:11:26.874854+00:00;Cleveland Guardians vs Kansas City Royals;spread;home;-1.5;141;133;3.32;PENDING
2026-08-29T20:12:45.164558+00:00;G1 San Francisco Giants vs G1 Arizona Diamondbacks;total;over;8.5;103;-104;3.37;PENDING
2026-08-29T20:12:45.165120+00:00;G1 San Francisco Giants vs G1 Arizona Diamondbacks;total;over;8.5;103;-104;3.37;PENDING
2026-08-29T20:12:46.041513+00:00;G1 San Francisco Giants vs G1 Arizona Diamondbacks;total;over;8.5;103;-104;3.37;PENDING
2026-08-29T20:13:06.713790+00:00;G1 San Francisco Giants vs G1 Arizona Diamondbacks;total;over;8.5;103;-104;3.37;PENDING
2026-08-29T20:13:08.246183+00:00;G1 San Francisco Giants vs G1 Arizona Diamondbacks;total;over;8.5;103;-104;3.37;PENDING
2026-08-29T20:13:08.652596+00:00;G1 San Francisco Giants vs G1 Arizona Diamondbacks;total;over;8.5;103;-104;3.37;PENDING
2026-08-29T20:13:11.053547+00:00;G1 San Francisco Giants vs G1 Arizona Diamondbacks;total;over;8.5;103;-104;3.37;PENDING
2026-08-29T20:13:12.434389+00:00;G1 San Francisco Giants vs G1 Arizona Diamondbacks;total;over;8.5;103;-104;3.37;PENDING
2026-08-29T20:13:15.654965+00:00;G1 San Francisco Giants vs G1 Arizona Diamondbacks;total;over;8.5;103;-104;3.37;PENDING
2026-08-29T20:13:20.035477+00:00;G1 San Francisco Giants vs G1 Arizona Diamondbacks;total;over;8.5;103;-104;3.37;PENDING
2026-08-29T20:13:20.119580+00:00;G1 San Francisco Giants vs G1 Arizona Diamondbacks;total;over;8.5;103;-104;3.37;PENDING
2026-08-29T20:13:20.283621+00:00;G1 San Francisco Giants vs G1 Arizona Diamondbacks;total;over;8.5;103;-104;3.37;PENDING
2026-08-29T20:13:26.116565+00:00;G1 San Francisco Giants vs G1 Arizona Diamondbacks;total;over;8.5;103;-104;3.37;PENDING
2026-08-29T20:13:29.497005+00:00;G1 San Francisco Giants vs G1 Arizona Diamondbacks;total;over;8.5;103;-104;3.37;PENDING
2026-08-29T20:13:29.937078+00:00;G1 San Francisco Giants vs G1 Arizona Diamondbacks;total;over;8.5;103;-104;3.37;PENDING
2026-08-29T20:13:32.337534+00:00;G1 San Francisco Giants vs G1 Arizona Diamondbacks;total;over;8.5;103;-104;3.37;PENDING
2026-08-29T20:13:32.430039+00:00;G1 San Francisco Giants vs G1 Arizona Diamondbacks;total;over;8.5;103;-104;3.37;PENDING
2026-08-29T20:13:32.930108+00:00;G1 San Francisco Giants vs G1 Arizona Diamondbacks;total;over;8.5;103;-104;3.37;PENDING
2026-08-29T20:13:34.413490+00:00;G1 San Francisco Giants vs G1 Arizona Diamondbacks;total;over;8.5;103;-104;3.37;PENDING
2026-08-29T20:13:35.732434+00:00;G1 San Francisco Giants vs G1 Arizona Diamondbacks;total;over;8.5;103;-104;3.37;PENDING
2026-08-29T20:13:37.368254+00:00;G1 San Francisco Giants vs G1 Arizona Diamondbacks;total;over;8.5;103;-104;3.37;PENDING
2026-08-29T20:13:38.094439+00:00;G1 San Francisco Giants vs G1 Arizona Diamondbacks;total;over;8.5;103;-104;3.37;PENDING
2026-08-29T20:13:39.399482+00:00;G1 San Francisco Giants vs G1 Arizona Diamondbacks;total;over;8.5;103;-104;3.37;PENDING
2026-08-29T20:24:38.454915+00:00;Atlanta Braves vs Colorado Rockies;moneyline;home;;-212;-234;3.01;PENDING
2026-08-29T20:24:41.074866+00:00;Atlanta Braves vs Colorado Rockies;moneyline;home;;-212;-234;3.01;PENDING
2026-08-29T20:24:41.851444+00:00;Atlanta Braves vs Colorado Rockies;moneyline;home;;-212;-234;3.01;PENDING
2026-08-29T20:24:43.719966+00:00;Atlanta Braves vs Colorado Rockies;moneyline;home;;-212;-234;3.01;PENDING
2026-08-29T20:24:44.685349+00:00;Atlanta Braves vs Colorado Rockies;moneyline;home;;-212;-234;3.01;PENDING
2026-08-29T20:24:45.373110+00:00;Atlanta Braves vs Colorado Rockies;moneyline;home;;-212;-234;3.01;PENDING
2026-08-29T20:24:46.553158+00:00;Atlanta Braves vs Colorado Rockies;moneyline;home;;-212;-234;3.01;PENDING
2026-08-29T20:24:47.850179+00:00;Atlanta Braves vs Colorado Rockies;moneyline;home;;-212;-234;3.01;PENDING
2026-08-29T20:24:48.743183+00:00;Atlanta Braves vs Colorado Rockies;moneyline;home;;-212;-234;3.01;PENDING
2026-08-29T20:24:50.281831+00:00;Atlanta Braves vs Colorado Rockies;moneyline;home;;-212;-234;3.01;PENDING
2026-08-29T20:24:53.517203+00:00;Atlanta Braves vs Colorado Rockies;moneyline;home;;-212;-234;3.01;PENDING
2026-08-29T20:24:53.606206+00:00;Atlanta Braves vs Colorado Rockies;moneyline;home;;-212;-234;3.01;PENDING
2026-08-29T20:24:53.881462+00:00;Atlanta Braves vs Colorado Rockies;moneyline;home;;-212;-234;3.01;PENDING
2026-08-29T20:24:55.697833+00:00;Atlanta Braves vs Colorado Rockies;moneyline;home;;-212;-234;3.01;PENDING
2026-08-29T20:25:21.487041+00:00;Atlanta Braves vs Colorado Rockies;moneyline;home;;-212;-234;3.01;PENDING
2026-08-29T20:25:21.487706+00:00;Atlanta Braves vs Colorado Rockies;moneyline;home;;-212;-234;3.01;PENDING
2026-08-29T20:25:22.180438+00:00;Atlanta Braves vs Colorado Rockies;moneyline;home;;-212;-234;3.01;PENDING
2026-08-29T20:25:26.149523+00:00;Atlanta Braves vs Colorado Rockies;moneyline;home;;-212;-234;3.01;PENDING
2026-08-29T20:25:26.485027+00:00;Atlanta Braves vs Colorado Rockies;moneyline;home;;-212;-234;3.01;PENDING
2026-08-29T20:25:27.903619+00:00;Atlanta Braves vs Colorado Rockies;moneyline;home;;-212;-234;3.01;PENDING
2026-08-29T20:25:34.050470+00:00;Atlanta Braves vs Colorado Rockies;moneyline;home;;-212;-234;3.01;PENDING
2026-08-29T20:25:34.170676+00:00;Atlanta Braves vs Colorado Rockies;moneyline;home;;-212;-234;3.01;PENDING
2026-08-29T20:25:35.557432+00:00;Atlanta Braves vs Colorado Rockies;moneyline;home;;-212;-234;3.01;PENDING
2026-08-31T16:44:54.085820+00:00;Cincinnati Reds vs San Diego Padres;total;under;9.0;-106;-115;3.8;PENDING
2026-08-31T16:44:54.802707+00:00;Cincinnati Reds vs San Diego Padres;total;under;9.0;-106;-115;3.8;PENDING
2026-08-31T16:44:56.643711+00:00;Cincinnati Reds vs San Diego Padres;total;under;9.0;-106;-115;3.8;PENDING
2026-08-31T16:44:59.432112+00:00;Cincinnati Reds vs San Diego Padres;total;under;9.0;-106;-115;3.8;PENDING
2026-08-31T16:44:59.934253+00:00;Cincinnati Reds vs San Diego Padres;total;under;9.0;-106;-115;3.8;PENDING
2026-08-31T16:45:02.203362+00:00;Cincinnati Reds vs San Diego Padres;total;under;9.0;-106;-115;3.8;PENDING
2026-08-31T16:45:03.928952+00:00;Cincinnati Reds vs San Diego Padres;total;under;9.0;-106;-115;3.8;PENDING
2026-08-31T16:45:07.569757+00:00;Cincinnati Reds vs San Diego Padres;total;under;9.0;-106;-115;3.8;PENDING
2026-08-31T16:45:07.785607+00:00;Cincinnati Reds vs San Diego Padres;total;under;9.0;-106;-115;3.8;PENDING
2026-08-31T16:45:08.954436+00:00;Cincinnati Reds vs San Diego Padres;total;under;9.0;-106;-115;3.8;PENDING
2026-08-31T16:45:22.659909+00:00;Cincinnati Reds vs San Diego Padres;total;under;9.0;-106;-115;3.8;PENDING
2026-08-31T16:45:22.661991+00:00;Cincinnati Reds vs San Diego Padres;total;under;9.0;-106;-115;3.8;PENDING
2026-08-31T16:45:22.733061+00:00;Cincinnati Reds vs San Diego Padres;total;under;9.0;-106;-115;3.8;PENDING
2026-08-31T16:45:23.481837+00:00;Cincinnati Reds vs San Diego Padres;total;under;9.0;-106;-115;3.8;PENDING
2026-08-31T16:45:23.892622+00:00;Cincinnati Reds vs San Diego Padres;total;under;9.0;-106;-115;3.8;PENDING
2026-08-31T16:45:27.299462+00:00;Cincinnati Reds vs San Diego Padres;total;under;9.0;-106;-115;3.8;PENDING
2026-08-31T16:45:27.522043+00:00;Cincinnati Reds vs San Diego Padres;total;under;9.0;-106;-115;3.8;PENDING
2026-08-31T16:45:29.770968+00:00;Cincinnati Reds vs San Diego Padres;total;under;9.0;-106;-115;3.8;PENDING
2026-08-31T16:45:30.225094+00:00;Cincinnati Reds vs San Diego Padres;total;under;9.0;-106;-115;3.8;PENDING
2026-08-31T16:45:30.931145+00:00;Cincinnati Reds vs San Diego Padres;total;under;9.0;-106;-115;3.8;PENDING
2026-08-31T16:49:47.587703+00:00;Cincinnati Reds vs San Diego Padres;total;under;9.0;-106;-115;3.8;PENDING
2026-08-31T16:49:49.139998+00:00;Cincinnati Reds vs San Diego Padres;total;under;9.0;-106;-115;3.8;PENDING
2026-08-31T16:49:49.543829+00:00;Cincinnati Reds vs San Diego Padres;total;under;9.0;-106;-115;3.8;PENDING
2026-08-31T16:51:03.865942+00:00;Texas Rangers vs Athletics;total;over;7.5;103;-106;4.27;PENDING
2026-08-31T16:51:06.408273+00:00;Texas Rangers vs Athletics;total;over;7.5;103;-106;4.27;PENDING
2026-08-31T16:51:08.713635+00:00;Texas Rangers vs Athletics;total;over;7.5;103;-106;4.27;PENDING
2026-08-31T16:51:10.549326+00:00;Texas Rangers vs Athletics;total;over;7.5;103;-106;4.27;PENDING
2026-08-31T16:51:10.551027+00:00;Texas Rangers vs Athletics;total;over;7.5;103;-106;4.27;PENDING
2026-08-31T16:51:14.482691+00:00;Texas Rangers vs Athletics;total;over;7.5;103;-106;4.27;PENDING
2026-08-31T16:51:14.522780+00:00;Texas Rangers vs Athletics;total;over;7.5;103;-106;4.27;PENDING
2026-08-31T16:51:16.441653+00:00;Texas Rangers vs Athletics;total;over;7.5;103;-106;4.27;PENDING
2026-08-31T16:51:29.313169+00:00;Texas Rangers vs Athletics;total;over;7.5;103;-106;4.27;PENDING
2026-08-31T16:51:29.317284+00:00;Texas Rangers vs Athletics;total;over;7.5;103;-106;4.27;PENDING
2026-08-31T16:51:29.711463+00:00;Texas Rangers vs Athletics;total;over;7.5;103;-106;4.27;PENDING
2026-08-31T16:51:30.763527+00:00;Texas Rangers vs Athletics;total;over;7.5;103;-106;4.27;PENDING
2026-08-31T16:51:31.349784+00:00;Texas Rangers vs Athletics;total;over;7.5;103;-106;4.27;PENDING
2026-08-31T16:51:34.641706+00:00;Texas Rangers vs Athletics;total;over;7.5;103;-106;4.27;PENDING
2026-08-31T16:51:35.231160+00:00;Texas Rangers vs Athletics;total;over;7.5;103;-106;4.27;PENDING
2026-08-31T16:51:37.696994+00:00;Texas Rangers vs Athletics;total;over;7.5;103;-106;4.27;PENDING
2026-08-31T16:51:38.259487+00:00;Texas Rangers vs Athletics;total;over;7.5;103;-106;4.27;PENDING
2026-08-31T16:51:38.480926+00:00;Texas Rangers vs Athletics;total;over;7.5;103;-106;4.27;PENDING
2026-08-31T16:51:52.397870+00:00;Texas Rangers vs Athletics;total;over;7.5;103;-106;4.27;PENDING
2026-08-31T16:51:54.178183+00:00;Texas Rangers vs Athletics;total;over;7.5;103;-106;4.27;PENDING
2026-08-31T16:51:55.493556+00:00;Texas Rangers vs Athletics;total;over;7.5;103;-106;4.27;PENDING
2026-08-31T16:52:02.826517+00:00;Texas Rangers vs Athletics;total;over;7.5;103;-106;4.27;PENDING
2026-08-31T16:52:03.009267+00:00;Texas Rangers vs Athletics;total;over;7.5;103;-106;4.27;PENDING
2026-08-31T17:21:19.099933+00:00;Colorado Rockies vs Baltimore Orioles;total;over;11.0;-100;-107;3.27;PENDING
2026-08-31T17:21:25.348209+00:00;Colorado Rockies vs Baltimore Orioles;total;over;11.0;-100;-107;3.27;PENDING
2026-08-31T17:21:25.843158+00:00;Colorado Rockies vs Baltimore Orioles;total;over;11.0;-100;-107;3.27;PENDING
2026-08-31T17:21:26.510066+00:00;Colorado Rockies vs Baltimore Orioles;total;over;11.0;-100;-107;3.27;PENDING
2026-08-31T17:21:27.542573+00:00;Colorado Rockies vs Baltimore Orioles;total;over;11.0;-100;-107;3.27;PENDING
2026-08-31T17:21:28.235456+00:00;Colorado Rockies vs Baltimore Orioles;total;over;11.0;-100;-107;3.27;PENDING
2026-08-31T17:21:33.936011+00:00;Colorado Rockies vs Baltimore Orioles;total;over;11.0;-100;-107;3.27;PENDING
2026-08-31T17:21:33.955086+00:00;Colorado Rockies vs Baltimore Orioles;total;over;11.0;-100;-107;3.27;PENDING
2026-08-31T17:21:34.444926+00:00;Colorado Rockies vs Baltimore Orioles;total;over;11.0;-100;-107;3.27;PENDING
2026-08-31T17:21:35.231069+00:00;Colorado Rockies vs Baltimore Orioles;total;over;11.0;-100;-107;3.27;PENDING
2026-08-31T17:21:42.887353+00:00;Colorado Rockies vs Baltimore Orioles;total;over;11.0;-100;-107;3.27;PENDING
2026-08-31T17:21:50.029356+00:00;Colorado Rockies vs Baltimore Orioles;total;over;11.0;-100;-107;3.27;PENDING
2026-08-31T17:21:51.408697+00:00;Colorado Rockies vs Baltimore Orioles;total;over;11.0;-100;-107;3.27;PENDING
2026-08-31T17:21:52.249320+00:00;Colorado Rockies vs Baltimore Orioles;total;over;11.0;-100;-107;3.27;PENDING
2026-08-31T17:21:57.165504+00:00;Colorado Rockies vs Baltimore Orioles;total;over;11.0;-100;-107;3.27;PENDING
2026-08-31T17:21:57.814431+00:00;Colorado Rockies vs Baltimore Orioles;total;over;11.0;-100;-107;3.27;PENDING
2026-08-31T17:21:57.900930+00:00;Colorado Rockies vs Baltimore Orioles;total;over;11.0;-100;-107;3.27;PENDING
2026-08-31T17:22:02.425123+00:00;Colorado Rockies vs Baltimore Orioles;total;over;11.0;-100;-107;3.27;PENDING
2026-08-31T17:22:02.851926+00:00;Colorado Rockies vs Baltimore Orioles;total;over;11.0;-100;-107;3.27;PENDING
2026-08-31T17:22:04.752023+00:00;Colorado Rockies vs Baltimore Orioles;total;over;11.0;-100;-107;3.27;PENDING
2026-08-31T17:22:04.955857+00:00;Colorado Rockies vs Baltimore Orioles;total;over;11.0;-100;-107;3.27;PENDING
2026-08-31T17:22:15.335386+00:00;Colorado Rockies vs Baltimore Orioles;total;over;11.0;-100;-107;3.27;PENDING
2026-08-31T17:22:16.462711+00:00;Colorado Rockies vs Baltimore Orioles;total;over;11.0;-100;-107;3.27;PENDING
2026-08-31T19:02:25.528322+00:00;Boston Red Sox vs Seattle Mariners;moneyline;away;;148;140;3.23;PENDING
2026-08-31T19:02:25.583413+00:00;Boston Red Sox vs Seattle Mariners;moneyline;away;;148;140;3.23;PENDING
2026-08-31T19:02:27.681571+00:00;Boston Red Sox vs Seattle Mariners;moneyline;away;;148;140;3.23;PENDING
2026-08-31T19:02:30.134753+00:00;Boston Red Sox vs Seattle Mariners;moneyline;away;;148;140;3.23;PENDING
2026-08-31T19:02:30.158705+00:00;Boston Red Sox vs Seattle Mariners;moneyline;away;;148;140;3.23;PENDING
2026-08-31T19:02:38.287911+00:00;Boston Red Sox vs Seattle Mariners;moneyline;away;;148;140;3.23;PENDING
2026-08-31T19:02:40.915680+00:00;Boston Red Sox vs Seattle Mariners;moneyline;away;;148;140;3.23;PENDING
2026-08-31T19:02:41.264627+00:00;Boston Red Sox vs Seattle Mariners;moneyline;away;;148;140;3.23;PENDING
2026-08-31T19:02:50.575839+00:00;Boston Red Sox vs Seattle Mariners;moneyline;away;;148;140;3.23;PENDING
2026-08-31T19:02:51.155364+00:00;Boston Red Sox vs Seattle Mariners;moneyline;away;;148;140;3.23;PENDING
2026-08-31T19:02:51.898102+00:00;Boston Red Sox vs Seattle Mariners;moneyline;away;;148;140;3.23;PENDING
2026-08-31T19:02:56.622250+00:00;Boston Red Sox vs Seattle Mariners;moneyline;away;;148;140;3.23;PENDING
2026-08-31T19:02:56.624082+00:00;Boston Red Sox vs Seattle Mariners;moneyline;away;;148;140;3.23;PENDING
2026-08-31T19:02:56.748941+00:00;Boston Red Sox vs Seattle Mariners;moneyline;away;;148;140;3.23;PENDING
2026-08-31T19:02:58.857091+00:00;Boston Red Sox vs Seattle Mariners;moneyline;away;;148;140;3.23;PENDING
2026-08-31T19:03:00.615025+00:00;Boston Red Sox vs Seattle Mariners;moneyline;away;;148;140;3.23;PENDING
2026-08-31T19:03:02.336326+00:00;Boston Red Sox vs Seattle Mariners;moneyline;away;;148;140;3.23;PENDING
2026-08-31T19:03:05.068295+00:00;Boston Red Sox vs Seattle Mariners;moneyline;away;;148;140;3.23;PENDING
2026-08-31T19:03:06.775944+00:00;Boston Red Sox vs Seattle Mariners;moneyline;away;;148;140;3.23;PENDING
2026-08-31T19:03:09.026741+00:00;Boston Red Sox vs Seattle Mariners;moneyline;away;;148;140;3.23;PENDING
2026-08-31T19:03:09.954776+00:00;Boston Red Sox vs Seattle Mariners;moneyline;away;;148;140;3.23;PENDING
2026-08-31T19:03:10.693169+00:00;Boston Red Sox vs Seattle Mariners;moneyline;away;;148;140;3.23;PENDING
2026-08-31T19:03:12.445345+00:00;Boston Red Sox vs Seattle Mariners;moneyline;away;;148;140;3.23;PENDING
2026-08-31T19:20:46.021640+00:00;Tampa Bay Rays vs New York Mets;total;under;8.0;101;-112;5.83;PENDING
2026-08-31T19:20:50.288048+00:00;Tampa Bay Rays vs New York Mets;total;under;8.0;101;-112;5.83;PENDING
2026-08-31T19:20:53.415836+00:00;Tampa Bay Rays vs New York Mets;total;under;8.0;101;-112;5.83;PENDING
2026-08-31T19:20:55.366207+00:00;Tampa Bay Rays vs New York Mets;total;under;8.0;101;-112;5.83;PENDING
2026-08-31T19:21:05.954331+00:00;Tampa Bay Rays vs New York Mets;total;under;8.0;101;-112;5.83;PENDING
2026-08-31T19:21:07.480011+00:00;Tampa Bay Rays vs New York Mets;total;under;8.0;101;-112;5.83;PENDING
2026-08-31T19:21:10.720305+00:00;Tampa Bay Rays vs New York Mets;total;under;8.0;101;-112;5.83;PENDING
2026-08-31T19:21:12.274013+00:00;Tampa Bay Rays vs New York Mets;total;under;8.0;101;-112;5.83;PENDING
2026-08-31T19:21:12.655953+00:00;Tampa Bay Rays vs New York Mets;total;under;8.0;101;-112;5.83;PENDING
2026-08-31T19:21:27.008283+00:00;Tampa Bay Rays vs New York Mets;total;under;8.0;101;-112;5.83;PENDING
2026-08-31T19:21:27.065216+00:00;Tampa Bay Rays vs New York Mets;total;under;8.0;101;-112;5.83;PENDING
2026-08-31T19:21:28.764979+00:00;Tampa Bay Rays vs New York Mets;total;under;8.0;101;-112;5.83;PENDING
2026-08-31T19:21:40.013287+00:00;Tampa Bay Rays vs New York Mets;total;under;8.0;101;-112;5.83;PENDING
2026-08-31T19:21:40.373378+00:00;Tampa Bay Rays vs New York Mets;total;under;8.0;101;-112;5.83;PENDING
2026-08-31T19:21:43.600021+00:00;Tampa Bay Rays vs New York Mets;total;under;8.0;101;-112;5.83;PENDING
2026-08-31T19:21:44.511138+00:00;Tampa Bay Rays vs New York Mets;total;under;8.0;101;-112;5.83;PENDING
2026-09-03T11:24:32.310077+00:00;Los Angeles Dodgers vs St. Louis Cardinals;total;under;8.0;-104;-111;3.09;PENDING
2026-09-03T15:54:00.056996+00:00;Houston Astros vs Chicago White Sox;total;over;8.5;-101;-108;3.22;PENDING
2026-09-03T15:54:03.902408+00:00;Kansas City Royals vs Miami Marlins;moneyline;home;;101;-112;5.83;PENDING
2026-09-03T15:54:07.796646+00:00;Kansas City Royals vs Miami Marlins;spread;home;1.5;-159;-175;3.53;PENDING
2026-09-03T15:54:11.486866+00:00;Baltimore Orioles vs Boston Red Sox;moneyline;home;;123;110;5.83;PENDING
2026-09-03T15:54:15.642414+00:00;Baltimore Orioles vs Boston Red Sox;spread;home;1.5;-138;-151;3.62;PENDING
2026-09-03T16:47:41.560145+00:00;Pittsburgh Pirates vs San Francisco Giants;moneyline;home;;-169;-222;8.88;PENDING
2026-09-03T16:47:47.826656+00:00;Pittsburgh Pirates vs San Francisco Giants;spread;home;-1.5;124;-102;11.59;PENDING
2026-09-03T17:09:29.512786+00:00;Cleveland Guardians vs Toronto Blue Jays;spread;home;-1.5;198;187;3.69;PENDING
2026-09-07T17:14:22.823049+00:00;Philadelphia Phillies vs Atlanta Braves;moneyline;home;;-185;-277;11.65;PENDING
2026-09-07T17:14:27.669315+00:00;Philadelphia Phillies vs Atlanta Braves;spread;home;-1.5;120;-122;17.29;PENDING
2026-09-07T17:40:44.734572+00:00;Baltimore Orioles vs Cleveland Guardians;total;under;7.0;102;-123;10.25;PENDING
2026-09-07T17:42:50.700593+00:00;Boston Red Sox vs Los Angeles Angels;moneyline;home;;-170;-219;8.29;PENDING
2026-09-07T17:42:54.209097+00:00;Boston Red Sox vs Los Angeles Angels;spread;home;-1.5;121;100;9.5;PENDING
2026-09-07T21:14:54.374420+00:00;San Diego Padres vs Washington Nationals;moneyline;home;;-197;-234;5.32;PENDING
2026-09-07T21:14:59.544487+00:00;San Diego Padres vs Washington Nationals;spread;home;-1.5;108;-105;6.14;PENDING
2026-09-07T21:15:03.303424+00:00;San Diego Padres vs Washington Nationals;total;under;8.0;-101;-115;6.06;PENDING
2026-09-08T11:32:12.117497+00:00;Athletics vs Toronto Blue Jays;total;under;9.5;-103;-110;3.13;PENDING
2026-09-11T16:59:28.861029+00:00;San Francisco Giants vs San Diego Padres;total;under;8.0;-107;-115;3.36;PENDING
2026-09-11T17:00:35.271262+00:00;Milwaukee Brewers vs Cincinnati Reds;total;over;8.0;102;-105;3.35;PENDING
2026-09-11T21:37:30.488285+00:00;Tampa Bay Rays vs Houston Astros;moneyline;home;;-166;-185;3.86;PENDING
2026-09-11T21:37:35.361896+00:00;Tampa Bay Rays vs Houston Astros;spread;home;-1.5;128;120;3.51;PENDING
2026-09-11T21:37:39.125643+00:00;St. Louis Cardinals vs Chicago White Sox;moneyline;home;;-100;-108;3.7;PENDING
2026-09-11T21:42:48.751092+00:00;Atlanta Braves vs Philadelphia Phillies;total;under;7.0;-100;-107;3.27;PENDING
2026-09-11T21:47:59.699332+00:00;New York Yankees vs New York Mets;total;under;8.0;101;-107;3.75;PENDING
2026-09-11T21:57:13.106296+00:00;Atlanta Braves vs Philadelphia Phillies;total;over;7.0;-105;-115;4.24;PENDING
2026-09-11T22:16:32.727888+00:00;San Francisco Giants vs San Diego Padres;moneyline;away;;-139;-150;3.07;PENDING
2026-09-11T22:16:36.593878+00:00;San Francisco Giants vs San Diego Padres;spread;away;-1.5;123;116;3.14;PENDING
